CVE_ENT,CVE_MUN,nombre_entidad,NOMGEO,anio,nomcicloproductivo,temp_min_ciclo_min,temp_min_anual_anterior
01,001,Aguascalientes,Aguascalientes,2013,OI,0.2,
01,002,Aguascalientes,Asientos,2013,OI,2.6,
01,003,Aguascalientes,Calvillo,2013,OI,1.4,
01,004,Aguascalientes,Cosío,2013,OI,3.8,
01,006,Aguascalientes,Pabellón de Arteaga,2013,OI,5.3,
01,007,Aguascalientes,Rincón de Romos,2013,OI,5.7,
01,008,Aguascalientes,San José de Gracia,2013,OI,1.8,
01,009,Aguascalientes,Tepezalá,2013,OI,7.3,
01,010,Aguascalientes,El Llano,2013,OI,1.8,
02,001,Baja California,Ensenada,2013,OI,3.2,
02,002,Baja California,Mexicali,2013,OI,5.3,
02,003,Baja California,Tecate,2013,OI,-1.3,
02,004,Baja California,Tijuana,2013,OI,6.7,
02,006,Baja California,San Quintín,2013,OI,6.4,
02,007,Baja California,San Felipe,2013,OI,7.3,
03,001,Baja California Sur,Comondú,2013,OI,7.3,
03,002,Baja California Sur,Mulegé,2013,OI,3.8,
03,003,Baja California Sur,La Paz,2013,OI,8.6,
03,008,Baja California Sur,Los Cabos,2013,OI,6.2,
03,009,Baja California Sur,Loreto,2013,OI,11.7,
04,002,Campeche,Campeche,2013,OI,17.7,
04,003,Campeche,Carmen,2013,OI,18.6,
04,004,Campeche,Champotón,2013,OI,17.9,
04,005,Campeche,Hecelchakán,2013,OI,19.5,
04,006,Campeche,Hopelchén,2013,OI,16.8,
04,007,Campeche,Palizada,2013,OI,19.3,
04,009,Campeche,Escárcega,2013,OI,17.9,
04,011,Campeche,Candelaria,2013,OI,18.1,
05,002,Coahuila,Acuña,2013,OI,5.6,
05,003,Coahuila,Allende,2013,OI,5.8,
05,004,Coahuila,Arteaga,2013,OI,3.6,
05,005,Coahuila,Candela,2013,OI,8.2,
05,007,Coahuila,Cuatro Ciénegas,2013,OI,5.9,
05,014,Coahuila,Jiménez,2013,OI,4.8,
05,015,Coahuila,Juárez,2013,OI,6.5,
05,017,Coahuila,Matamoros,2013,OI,6.5,
05,018,Coahuila,Monclova,2013,OI,8.5,
05,020,Coahuila,Múzquiz,2013,OI,3.9,
05,022,Coahuila,Nava,2013,OI,13.0,
05,024,Coahuila,Parras,2013,OI,7.2,
05,025,Coahuila,Piedras Negras,2013,OI,7.5,
05,026,Coahuila,Progreso,2013,OI,4.7,
05,027,Coahuila,Ramos Arizpe,2013,OI,6.7,
05,028,Coahuila,Sabinas,2013,OI,5.6,
05,030,Coahuila,Saltillo,2013,OI,4.6,
05,032,Coahuila,San Juan de Sabinas,2013,OI,14.2,
05,033,Coahuila,San Pedro,2013,OI,5.0,
05,034,Coahuila,Sierra Mojada,2013,OI,1.4,
05,035,Coahuila,Torreón,2013,OI,3.4,
06,001,Colima,Armería,2013,OI,18.5,
06,002,Colima,Colima,2013,OI,16.1,
06,003,Colima,Comala,2013,OI,17.2,
06,004,Colima,Coquimatlán,2013,OI,16.7,
06,005,Colima,Cuauhtémoc,2013,OI,14.0,
06,006,Colima,Ixtlahuacán,2013,OI,16.2,
06,007,Colima,Manzanillo,2013,OI,18.4,
06,009,Colima,Tecomán,2013,OI,16.5,
07,001,Chiapas,Acacoyagua,2013,OI,19.7,
07,002,Chiapas,Acala,2013,OI,16.4,
07,008,Chiapas,Ángel Albino Corzo,2013,OI,14.1,
07,009,Chiapas,Arriaga,2013,OI,19.2,
07,019,Chiapas,Comitán de Domínguez,2013,OI,12.2,
07,020,Chiapas,La Concordia,2013,OI,15.2,
07,027,Chiapas,Chiapa de Corzo,2013,OI,15.8,
07,029,Chiapas,Chicoasén,2013,OI,18.5,
07,030,Chiapas,Chicomuselo,2013,OI,14.3,
07,032,Chiapas,Escuintla,2013,OI,21.0,
07,034,Chiapas,Frontera Comalapa,2013,OI,15.5,
07,040,Chiapas,Huixtla,2013,OI,17.2,
07,046,Chiapas,Jiquipilas,2013,OI,15.9,
07,049,Chiapas,Larráinzar,2013,OI,17.2,
07,051,Chiapas,Mapastepec,2013,OI,20.7,
07,060,Chiapas,Ocotepec,2013,OI,11.8,
07,062,Chiapas,Ostuacán,2013,OI,17.2,
07,063,Chiapas,Osumacinta,2013,OI,18.4,
07,065,Chiapas,Palenque,2013,OI,18.8,
07,068,Chiapas,Pichucalco,2013,OI,18.5,
07,069,Chiapas,Pijijiapan,2013,OI,21.9,
07,071,Chiapas,Villa Comaltitlán,2013,OI,21.5,
07,077,Chiapas,Salto de Agua,2013,OI,18.7,
07,078,Chiapas,San Cristóbal de las Casas,2013,OI,5.4,
07,086,Chiapas,Suchiapa,2013,OI,18.0,
07,089,Chiapas,Tapachula,2013,OI,15.9,
07,092,Chiapas,Tecpatán,2013,OI,16.8,
07,097,Chiapas,Tonalá,2013,OI,20.7,
07,099,Chiapas,La Trinitaria,2013,OI,15.7,
07,101,Chiapas,Tuxtla Gutiérrez,2013,OI,18.3,
07,106,Chiapas,Venustiano Carranza,2013,OI,14.6,
07,107,Chiapas,Villa Corzo,2013,OI,14.8,
07,108,Chiapas,Villaflores,2013,OI,14.4,
07,123,Chiapas,Emiliano Zapata,2013,OI,16.9,
07,124,Chiapas,Mezcalapa,2013,OI,19.5,
08,002,Chihuahua,Aldama,2013,OI,2.3,
08,006,Chihuahua,Bachíniva,2013,OI,-3.5,
08,008,Chihuahua,Batopilas de Manuel Gómez Morín,2013,OI,8.3,
08,009,Chihuahua,Bocoyna,2013,OI,-6.2,
08,010,Chihuahua,Buenaventura,2013,OI,-2.5,
08,011,Chihuahua,Camargo,2013,OI,2.4,
08,014,Chihuahua,Coronado,2013,OI,-0.3,
08,019,Chihuahua,Chihuahua,2013,OI,0.4,
08,020,Chihuahua,Chínipas,2013,OI,5.3,
08,021,Chihuahua,Delicias,2013,OI,2.4,
08,027,Chihuahua,Guachochi,2013,OI,9.0,
08,029,Chihuahua,Guadalupe y Calvo,2013,OI,-1.1,
08,031,Chihuahua,Guerrero,2013,OI,-4.5,
08,032,Chihuahua,Hidalgo del Parral,2013,OI,1.5,
08,036,Chihuahua,Jiménez,2013,OI,0.6,
08,037,Chihuahua,Juárez,2013,OI,0.5,
08,040,Chihuahua,Madera,2013,OI,-4.2,
08,041,Chihuahua,Maguarichi,2013,OI,-4.4,
08,050,Chihuahua,Nuevo Casas Grandes,2013,OI,-1.5,
08,051,Chihuahua,Ocampo,2013,OI,-4.6,
08,052,Chihuahua,Ojinaga,2013,OI,0.4,
08,055,Chihuahua,Rosales,2013,OI,2.7,
08,058,Chihuahua,San Francisco de Conchos,2013,OI,0.3,
08,063,Chihuahua,Temósachic,2013,OI,-4.9,
08,065,Chihuahua,Urique,2013,OI,8.5,
08,067,Chihuahua,Valle de Zaragoza,2013,OI,1.4,
09,004,Ciudad de México,Cuajimalpa de Morelos,2013,OI,6.1,
09,005,Ciudad de México,Gustavo A. Madero,2013,OI,5.4,
09,010,Ciudad de México,Álvaro Obregón,2013,OI,7.4,
09,012,Ciudad de México,Tlalpan,2013,OI,6.5,
09,015,Ciudad de México,Cuauhtémoc,2013,OI,10.4,
09,016,Ciudad de México,Miguel Hidalgo,2013,OI,9.0,
09,017,Ciudad de México,Venustiano Carranza,2013,OI,7.5,
10,001,Durango,Canatlán,2013,OI,2.1,
10,004,Durango,Cuencamé,2013,OI,6.0,
10,005,Durango,Durango,2013,OI,-8.0,
10,006,Durango,General Simón Bolívar,2013,OI,4.6,
10,008,Durango,Guadalupe Victoria,2013,OI,3.6,
10,009,Durango,Guanaceví,2013,OI,-10.2,
10,010,Durango,Hidalgo,2013,OI,-1.5,
10,011,Durango,Indé,2013,OI,6.0,
10,012,Durango,Lerdo,2013,OI,6.5,
10,013,Durango,Mapimí,2013,OI,-0.3,
10,015,Durango,Nazas,2013,OI,0.2,
10,017,Durango,Ocampo,2013,OI,-1.5,
10,018,Durango,El Oro,2013,OI,-3.0,
10,022,Durango,Poanas,2013,OI,2.4,
10,025,Durango,San Bernardo,2013,OI,-1.3,
10,026,Durango,San Dimas,2013,OI,-3.7,
10,027,Durango,San Juan de Guadalupe,2013,OI,6.0,
10,031,Zacatecas,Santa Clara,2013,OI,1.4,
10,032,Durango,Santiago Papasquiaro,2013,OI,0.4,
10,033,Durango,Súchil,2013,OI,3.3,
10,034,Durango,Tamazula,2013,OI,10.7,
10,035,Durango,Tepehuanes,2013,OI,-0.8,
10,036,Durango,Tlahualilo,2013,OI,3.9,
11,001,Guanajuato,Abasolo,2013,OI,9.5,
11,002,Guanajuato,Acámbaro,2013,OI,7.1,
11,003,Guanajuato,San Miguel de Allende,2013,OI,4.1,
11,004,Guanajuato,Apaseo el Alto,2013,OI,8.5,
11,005,Guanajuato,Apaseo el Grande,2013,OI,6.1,
11,007,Guanajuato,Celaya,2013,OI,6.0,
11,008,Guanajuato,Manuel Doblado,2013,OI,5.1,
11,010,Guanajuato,Coroneo,2013,OI,2.1,
11,011,Guanajuato,Cortazar,2013,OI,4.3,
11,012,Guanajuato,Cuerámaro,2013,OI,8.8,
11,014,Guanajuato,Dolores Hidalgo Cuna de la Independencia Nacional,2013,OI,5.3,
11,015,Guanajuato,Guanajuato,2013,OI,5.1,
11,017,Guanajuato,Irapuato,2013,OI,5.8,
11,018,Guanajuato,Jaral del Progreso,2013,OI,5.9,
11,019,Guanajuato,Jerécuaro,2013,OI,6.9,
11,020,Guanajuato,León,2013,OI,7.4,
11,022,Guanajuato,Ocampo,2013,OI,4.4,
11,023,Guanajuato,Pénjamo,2013,OI,6.1,
11,025,Guanajuato,Purísima del Rincón,2013,OI,5.4,
11,027,Guanajuato,Salamanca,2013,OI,5.6,
11,028,Guanajuato,Salvatierra,2013,OI,5.0,
11,030,Guanajuato,San Felipe,2013,OI,2.8,
11,033,Guanajuato,San Luis de la Paz,2013,OI,2.8,
11,037,Guanajuato,Silao de la Victoria,2013,OI,6.8,
11,039,Guanajuato,Tarimoro,2013,OI,8.2,
11,042,Guanajuato,Valle de Santiago,2013,OI,6.1,
11,045,Guanajuato,Xichú,2013,OI,8.1,
12,001,Guerrero,Acapulco de Juárez,2013,OI,20.9,
12,011,Guerrero,Atoyac de Álvarez,2013,OI,22.7,
12,012,Guerrero,Ayutla de los Libres,2013,OI,21.1,
12,014,Guerrero,Benito Juárez,2013,OI,20.4,
12,015,Guerrero,Buenavista de Cuéllar,2013,OI,15.5,
12,017,Guerrero,Cocula,2013,OI,13.9,
12,018,Guerrero,Copala,2013,OI,18.5,
12,021,Guerrero,Coyuca de Benítez,2013,OI,21.5,
12,023,Guerrero,Cuajinicuilapa,2013,OI,19.7,
12,027,Guerrero,Cutzamala de Pinzón,2013,OI,19.0,
12,028,Guerrero,Chilapa de Álvarez,2013,OI,10.5,
12,029,Guerrero,Chilpancingo de los Bravo,2013,OI,11.2,
12,035,Guerrero,Iguala de la Independencia,2013,OI,15.5,
12,036,Guerrero,Igualapa,2013,OI,18.7,
12,038,Guerrero,Zihuatanejo de Azueta,2013,OI,16.3,
12,039,Guerrero,Juan R. Escudero,2013,OI,20.2,
12,040,Guerrero,Leonardo Bravo,2013,OI,12.8,
12,044,Guerrero,Mochitlán,2013,OI,15.4,
12,045,Guerrero,Olinalá,2013,OI,10.7,
12,050,Guerrero,Pungarabato,2013,OI,18.6,
12,053,Guerrero,San Marcos,2013,OI,12.3,
12,055,Guerrero,Taxco de Alarcón,2013,OI,14.0,
12,056,Guerrero,Tecoanapa,2013,OI,19.1,
12,057,Guerrero,Técpan de Galeana,2013,OI,20.0,
12,061,Guerrero,Tixtla de Guerrero,2013,OI,16.5,
12,066,Guerrero,Tlapa de Comonfort,2013,OI,13.6,
12,070,Guerrero,Xochihuehuetlán,2013,OI,11.7,
12,073,Guerrero,Zirándaro,2013,OI,15.2,
12,082,Guerrero,Las Vigas,2013,OI,17.0,
13,003,Hidalgo,Actopan,2013,OI,2.9,
13,006,Hidalgo,Alfajayucan,2013,OI,8.4,
13,011,Hidalgo,Atlapexco,2013,OI,12.7,
13,013,Hidalgo,Atotonilco de Tula,2013,OI,5.0,
13,016,Hidalgo,Cuautepec de Hinojosa,2013,OI,3.9,
13,019,Hidalgo,Chilcuautla,2013,OI,6.0,
13,028,Hidalgo,Huejutla de Reyes,2013,OI,14.6,
13,028,Veracruz,Huejutla de Reyes,2013,OI,14.0,
13,029,Hidalgo,Huichapan,2013,OI,3.7,
13,030,Hidalgo,Ixmiquilpan,2013,OI,5.5,
13,037,Hidalgo,Metztitlán,2013,OI,7.8,
13,046,Hidalgo,San Felipe Orizatlán,2013,OI,14.4,
13,048,Hidalgo,Pachuca de Soto,2013,OI,4.4,
13,064,Hidalgo,Tepetitlán,2013,OI,6.4,
13,077,Hidalgo,Tulancingo de Bravo,2013,OI,7.5,
13,081,Hidalgo,Zacualtipán de Ángeles,2013,OI,2.5,
13,084,Hidalgo,Zimapán,2013,OI,10.1,
14,017,Jalisco,Ayutla,2013,OI,7.8,
14,019,Jalisco,Bolaños,2013,OI,11.1,
14,023,Jalisco,Zapotlán el Grande,2013,OI,6.2,
14,025,Jalisco,Colotlán,2013,OI,4.8,
14,030,Jalisco,Chapala,2013,OI,13.5,
14,033,Jalisco,Degollado,2013,OI,8.2,
14,039,Jalisco,Guadalajara,2013,OI,9.0,
14,041,Jalisco,Huejúcar,2013,OI,2.0,
14,047,Jalisco,Jamay,2013,OI,6.2,
14,053,Jalisco,Lagos de Moreno,2013,OI,2.7,
14,054,Jalisco,El Limón,2013,OI,14.6,
14,061,Jalisco,Mezquitic,2013,OI,3.6,
14,063,Jalisco,Ocotlán,2013,OI,6.8,
14,065,Jalisco,Pihuamo,2013,OI,13.9,
14,067,Jalisco,Puerto Vallarta,2013,OI,14.5,
14,070,Jalisco,El Salto,2013,OI,11.3,
14,071,Jalisco,San Cristóbal de la Barranca,2013,OI,9.2,
14,091,Jalisco,Teocaltiche,2013,OI,2.1,
14,095,Jalisco,Teuchitlán,2013,OI,6.8,
14,100,Jalisco,Tomatlán,2013,OI,16.8,
14,107,Jalisco,Tuxcueca,2013,OI,11.3,
14,120,Jalisco,Zapopan,2013,OI,8.3,
15,002,Estado de México,Acolman,2013,OI,5.2,
15,005,Estado de México,Almoloya de Juárez,2013,OI,-2.2,
15,011,Estado de México,Atenco,2013,OI,5.5,
15,013,Estado de México,Atizapán de Zaragoza,2013,OI,6.4,
15,020,Estado de México,Coacalco de Berriozábal,2013,OI,7.6,
15,033,Estado de México,Ecatepec de Morelos,2013,OI,4.3,
15,038,Estado de México,Isidro Fabela,2013,OI,4.2,
15,045,Estado de México,Jilotepec,2013,OI,2.2,
15,057,Estado de México,Naucalpan de Juárez,2013,OI,4.1,
15,074,Estado de México,San Felipe del Progreso,2013,OI,4.4,
15,083,Estado de México,Temamatla,2013,OI,4.0,
15,087,Estado de México,Temoaya,2013,OI,1.0,
15,091,Estado de México,Teoloyucan,2013,OI,3.1,
15,095,Estado de México,Tepotzotlán,2013,OI,2.8,
15,099,Estado de México,Texcoco,2013,OI,4.8,
15,100,Estado de México,Tezoyuca,2013,OI,8.2,
15,104,Estado de México,Tlalnepantla de Baz,2013,OI,9.0,
15,106,Estado de México,Toluca,2013,OI,0.5,
15,109,Estado de México,Tultitlán,2013,OI,7.9,
15,112,Estado de México,Villa del Carbón,2013,OI,4.1,
16,003,Michoacán,Álvaro Obregón,2013,OI,5.1,
16,006,Michoacán,Apatzingán,2013,OI,15.8,
16,010,Michoacán,Arteaga,2013,OI,19.3,
16,017,Michoacán,Contepec,2013,OI,2.3,
16,019,Michoacán,Cotija,2013,OI,7.1,
16,035,Michoacán,La Huacana,2013,OI,13.9,
16,038,Michoacán,Huetamo,2013,OI,18.7,
16,049,Michoacán,Madero,2013,OI,6.8,
16,050,Michoacán,Maravatío,2013,OI,5.4,
16,053,Michoacán,Morelia,2013,OI,7.0,
16,067,Michoacán,Penjamillo,2013,OI,7.1,
16,069,Michoacán,La Piedad,2013,OI,5.4,
16,076,Michoacán,Sahuayo,2013,OI,5.5,
16,080,Michoacán,Senguio,2013,OI,5.3,
16,085,Michoacán,Tangancícuaro,2013,OI,3.4,
16,102,Michoacán,Uruapan,2013,OI,9.8,
16,105,Michoacán,Vista Hermosa,2013,OI,6.1,
16,106,Michoacán,Yurécuaro,2013,OI,8.9,
16,107,Michoacán,Zacapu,2013,OI,3.4,
16,110,Michoacán,Zinapécuaro,2013,OI,7.1,
16,113,Michoacán,José Sixto Verduzco,2013,OI,5.8,
17,001,Morelos,Amacuzac,2013,OI,11.4,
17,002,Morelos,Atlatlahucan,2013,OI,13.2,
17,004,Morelos,Ayala,2013,OI,8.5,
17,006,Morelos,Cuautla,2013,OI,11.0,
17,007,Morelos,Cuernavaca,2013,OI,13.3,
17,008,Morelos,Emiliano Zapata,2013,OI,12.0,
17,009,Morelos,Huitzilac,2013,OI,1.9,
17,011,Morelos,Jiutepec,2013,OI,7.0,
17,012,Morelos,Jojutla,2013,OI,11.8,
17,013,Morelos,Jonacatepec de Leandro Valle,2013,OI,7.3,
17,015,Morelos,Miacatlán,2013,OI,13.4,
17,016,Morelos,Ocuituco,2013,OI,1.8,
17,017,Morelos,Puente de Ixtla,2013,OI,9.7,
17,018,Morelos,Temixco,2013,OI,15.0,
17,019,Morelos,Tepalcingo,2013,OI,14.0,
17,020,Morelos,Tepoztlán,2013,OI,13.6,
17,021,Morelos,Tetecala,2013,OI,12.8,
17,023,Morelos,Tlalnepantla,2013,OI,4.1,
17,024,Morelos,Tlaltizapán de Zapata,2013,OI,15.9,
17,025,Morelos,Tlaquiltenango,2013,OI,8.6,
17,026,Morelos,Tlayacapan,2013,OI,12.2,
17,027,Morelos,Totolapan,2013,OI,10.6,
17,028,Morelos,Xochitepec,2013,OI,12.0,
17,029,Morelos,Yautepec,2013,OI,9.6,
17,030,Morelos,Yecapixtla,2013,OI,10.6,
17,031,Morelos,Zacatepec,2013,OI,10.9,
17,032,Morelos,Zacualpan de Amilpas,2013,OI,10.6,
17,033,Morelos,Temoac,2013,OI,10.4,
18,001,Nayarit,Acaponeta,2013,OI,12.3,
18,009,Nayarit,Del Nayar,2013,OI,12.2,
18,010,Nayarit,Rosamorada,2013,OI,11.7,
18,011,Nayarit,Ruíz,2013,OI,13.3,
18,015,Nayarit,Santiago Ixcuintla,2013,OI,14.5,
18,017,Nayarit,Tepic,2013,OI,11.9,
18,020,Nayarit,Bahía de Banderas,2013,OI,14.3,
19,003,Nuevo León,Los Aldamas,2013,OI,9.7,
19,004,Nuevo León,Allende,2013,OI,6.5,
19,005,Nuevo León,Anáhuac,2013,OI,8.9,
19,006,Nuevo León,Apodaca,2013,OI,8.9,
19,007,Nuevo León,Aramberri,2013,OI,2.7,
19,011,Nuevo León,Cerralvo,2013,OI,9.9,
19,012,Nuevo León,Ciénega de Flores,2013,OI,6.6,
19,013,Nuevo León,China,2013,OI,10.4,
19,014,Nuevo León,Doctor Arroyo,2013,OI,7.0,
19,017,Nuevo León,Galeana,2013,OI,0.9,
19,024,Nuevo León,General Zaragoza,2013,OI,4.6,
19,025,Nuevo León,General Zuazua,2013,OI,10.1,
19,026,Nuevo León,Guadalupe,2013,OI,9.8,
19,028,Nuevo León,Higueras,2013,OI,7.9,
19,032,Nuevo León,Lampazos de Naranjo,2013,OI,6.4,
19,033,Nuevo León,Linares,2013,OI,6.9,
19,036,Nuevo León,Mier y Noriega,2013,OI,6.9,
19,038,Nuevo León,Montemorelos,2013,OI,7.6,
19,039,Nuevo León,Monterrey,2013,OI,5.5,
19,042,Nuevo León,Los Ramones,2013,OI,8.2,
19,046,Nuevo León,San Nicolás de los Garza,2013,OI,9.7,
19,049,Nuevo León,Santiago,2013,OI,7.0,
20,005,Oaxaca,Asunción Ixtaltepec,2013,OI,16.5,
20,014,Oaxaca,Ciudad Ixtepec,2013,OI,21.1,
20,043,Oaxaca,Heroica Ciudad de Juchitán de Zaragoza,2013,OI,21.1,
20,052,Oaxaca,Magdalena Tequisistlán,2013,OI,15.7,
20,057,Oaxaca,Matías Romero Avendaño,2013,OI,18.1,
20,067,Oaxaca,Oaxaca de Juárez,2013,OI,8.8,
20,079,Oaxaca,Salina Cruz,2013,OI,22.6,
20,083,Oaxaca,San Agustín de las Juntas,2013,OI,10.4,
20,136,Oaxaca,San Felipe Usila,2013,OI,14.9,
20,173,Oaxaca,San Juan Atepec,2013,OI,7.6,
20,177,Oaxaca,San Juan Bautista Cuicatlán,2013,OI,12.2,
20,184,Oaxaca,San Juan Bautista Tuxtepec,2013,OI,17.9,
20,228,Oaxaca,San Lorenzo Cuaunecuiltitla,2013,OI,9.3,
20,262,Oaxaca,San Miguel Amatlán,2013,OI,3.7,
20,278,Oaxaca,San Miguel Soyaltepec,2013,OI,18.3,
20,324,Oaxaca,San Pedro Pochutla,2013,OI,23.0,
20,327,Oaxaca,San Pedro Tapanatepec,2013,OI,18.3,
20,357,Oaxaca,Santa Ana Tavela,2013,OI,13.4,
20,385,Oaxaca,Santa Cruz Xoxocotlán,2013,OI,9.3,
20,413,Oaxaca,Santa María Huatulco,2013,OI,21.7,
20,417,Oaxaca,Santa María Jacatepec,2013,OI,17.7,
20,418,Oaxaca,Santa María Jalapa del Marqués,2013,OI,19.0,
20,439,Oaxaca,Santa María Tonameca,2013,OI,14.2,
20,468,Oaxaca,Santiago Jocotepec,2013,OI,17.7,
20,478,Oaxaca,Santiago Nacaltepec,2013,OI,9.0,
20,482,Oaxaca,Santiago Pinotepa Nacional,2013,OI,18.2,
20,498,Oaxaca,Santiago Yaveo,2013,OI,17.4,
20,502,Oaxaca,Santiago Zacatepec,2013,OI,13.5,
20,525,Oaxaca,Santo Domingo Zanatepec,2013,OI,16.5,
20,559,Oaxaca,San Juan Bautista Valle Nacional,2013,OI,17.8,
21,001,Puebla,Acajete,2013,OI,-0.6,
21,003,Puebla,Acatlán,2013,OI,21.3,
21,008,Puebla,Ahuazotepec,2013,OI,3.0,
21,019,Puebla,Atlixco,2013,OI,7.5,
21,023,Puebla,Atzitzintla,2013,OI,3.3,
21,025,Puebla,Ayotoxco de Guerrero,2013,OI,14.8,
21,026,Puebla,Calpan,2013,OI,-0.5,
21,031,Puebla,Coatzingo,2013,OI,11.1,
21,043,Puebla,Cuetzalan del Progreso,2013,OI,10.0,
21,045,Puebla,Chalchicomula de Sesma,2013,OI,3.5,
21,051,Puebla,Chietla,2013,OI,13.8,
21,053,Puebla,Chignahuapan,2013,OI,3.1,
21,059,Puebla,Chinantla,2013,OI,10.6,
21,069,Puebla,Huaquechula,2013,OI,9.6,
21,071,Puebla,Huauchinango,2013,OI,8.8,
21,083,Puebla,Ixtacamaxtitlán,2013,OI,0.6,
21,085,Puebla,Izúcar de Matamoros,2013,OI,13.7,
21,086,Puebla,Jalpan,2013,OI,12.8,
21,094,Puebla,Libres,2013,OI,3.3,
21,098,Puebla,Molcaxac,2013,OI,4.4,
21,106,Puebla,Ocoyucan,2013,OI,5.0,
21,108,Puebla,Oriental,2013,OI,6.9,
21,114,Puebla,Puebla,2013,OI,3.8,
21,114,Tlaxcala,Puebla,2013,OI,5.7,
21,140,Puebla,San Pedro Cholula,2013,OI,5.0,
21,145,Puebla,San Sebastián Tlacotepec,2013,OI,15.3,
21,153,Puebla,Tecali de Herrera,2013,OI,7.3,
21,154,Puebla,Tecamachalco,2013,OI,5.8,
21,156,Puebla,Tehuacán,2013,OI,6.3,
21,160,Puebla,Teotlalco,2013,OI,11.2,
21,162,Puebla,Tepango de Rodríguez,2013,OI,7.6,
21,170,Puebla,Tepeyahualco,2013,OI,1.6,
21,172,Puebla,Tetela de Ocampo,2013,OI,7.0,
21,174,Puebla,Teziutlán,2013,OI,7.1,
21,180,Puebla,Tlahuapan,2013,OI,4.9,
21,184,Puebla,Tlapacoya,2013,OI,5.2,
21,186,Puebla,Tlatlauquitepec,2013,OI,-0.2,
21,187,Puebla,Tlaxco,2013,OI,12.1,
21,193,Puebla,Tzicatlacoyan,2013,OI,4.4,
21,194,Puebla,Venustiano Carranza,2013,OI,7.4,
21,197,Puebla,Xicotepec,2013,OI,10.3,
21,198,Puebla,Xicotlán,2013,OI,11.0,
21,207,Puebla,Zacapoaxtla,2013,OI,4.4,
21,217,Puebla,Zoquitlán,2013,OI,7.2,
22,006,Querétaro,Corregidora,2013,OI,5.5,
22,008,Querétaro,Huimilpan,2013,OI,4.2,
22,009,Querétaro,Jalpan de Serra,2013,OI,11.2,
22,011,Querétaro,El Marqués,2013,OI,5.7,
22,013,Querétaro,Peñamiller,2013,OI,9.4,
22,014,Querétaro,Querétaro,2013,OI,7.8,
22,016,Querétaro,San Juan del Río,2013,OI,6.8,
23,001,Quintana Roo,Cozumel,2013,OI,18.2,
23,002,Quintana Roo,Felipe Carrillo Puerto,2013,OI,18.2,
23,004,Quintana Roo,Othón P. Blanco,2013,OI,19.9,
23,005,Quintana Roo,Benito Juárez,2013,OI,18.6,
23,008,Quintana Roo,Solidaridad,2013,OI,18.0,
24,003,San Luis Potosí,Aquismón,2013,OI,12.2,
24,008,San Luis Potosí,Cerritos,2013,OI,7.3,
24,013,San Luis Potosí,Ciudad Valles,2013,OI,12.1,
24,016,San Luis Potosí,Ebano,2013,OI,13.6,
24,020,San Luis Potosí,Matehuala,2013,OI,5.9,
24,024,San Luis Potosí,Rioverde,2013,OI,9.5,
24,027,San Luis Potosí,San Ciro de Acosta,2013,OI,9.7,
24,028,San Luis Potosí,San Luis Potosí,2013,OI,6.0,
24,032,San Luis Potosí,Santa María del Río,2013,OI,12.8,
24,034,San Luis Potosí,San Vicente Tancuayalab,2013,OI,14.0,
24,034,Veracruz,San Vicente Tancuayalab,2013,OI,14.2,
24,037,San Luis Potosí,Tamazunchale,2013,OI,13.4,
24,039,San Luis Potosí,Tampamolón Corona,2013,OI,14.5,
24,041,San Luis Potosí,Tanlajás,2013,OI,13.3,
24,043,San Luis Potosí,Tierra Nueva,2013,OI,3.5,
24,050,San Luis Potosí,Villa de Reyes,2013,OI,8.2,
24,053,San Luis Potosí,Axtla de Terrazas,2013,OI,13.1,
24,057,San Luis Potosí,Matlapa,2013,OI,13.0,
24,058,San Luis Potosí,El Naranjo,2013,OI,11.3,
25,001,Sinaloa,Ahome,2013,OI,10.6,
25,003,Sinaloa,Badiraguato,2013,OI,11.1,
25,005,Sinaloa,Cosalá,2013,OI,11.2,
25,006,Sinaloa,Culiacán,2013,OI,6.8,
25,007,Sinaloa,Choix,2013,OI,4.5,
25,008,Sinaloa,Elota,2013,OI,8.5,
25,010,Sinaloa,El Fuerte,2013,OI,5.0,
25,011,Sinaloa,Guasave,2013,OI,7.2,
25,012,Sinaloa,Mazatlán,2013,OI,9.9,
25,013,Sinaloa,Mocorito,2013,OI,7.8,
25,014,Sinaloa,Rosario,2013,OI,8.2,
25,015,Sinaloa,Salvador Alvarado,2013,OI,10.6,
25,016,Sinaloa,San Ignacio,2013,OI,8.2,
25,017,Sinaloa,Sinaloa,2013,OI,7.9,
26,001,Sonora,Aconchi,2013,OI,1.8,
26,002,Sonora,Agua Prieta,2013,OI,-1.3,
26,003,Sonora,Álamos,2013,OI,2.3,
26,006,Sonora,Arizpe,2013,OI,-2.6,
26,010,Sonora,Bacerac,2013,OI,0.3,
26,013,Sonora,Banámichi,2013,OI,4.3,
26,017,Sonora,Caborca,2013,OI,3.1,
26,018,Sonora,Cajeme,2013,OI,6.8,
26,021,Sonora,La Colorada,2013,OI,7.9,
26,025,Sonora,Empalme,2013,OI,8.8,
26,029,Sonora,Guaymas,2013,OI,2.2,
26,030,Sonora,Hermosillo,2013,OI,5.7,
26,031,Sonora,Huachinera,2013,OI,-2.1,
26,035,Sonora,Imuris,2013,OI,1.9,
26,037,Sonora,Mazatán,2013,OI,4.8,
26,040,Sonora,Nácori Chico,2013,OI,3.2,
26,041,Sonora,Nacozari de García,2013,OI,-0.4,
26,042,Sonora,Navojoa,2013,OI,7.6,
26,043,Sonora,Nogales,2013,OI,1.7,
26,045,Sonora,Opodepe,2013,OI,1.8,
26,046,Sonora,Oquitoa,2013,OI,4.0,
26,048,Sonora,Puerto Peñasco,2013,OI,7.4,
26,049,Sonora,Quiriego,2013,OI,4.4,
26,050,Sonora,Rayón,2013,OI,2.5,
26,052,Sonora,Sahuaripa,2013,OI,3.4,
26,056,Sonora,San Miguel de Horcasitas,2013,OI,1.4,
26,061,Sonora,Soyopa,2013,OI,6.4,
26,063,Sonora,Tepache,2013,OI,5.4,
26,064,Sonora,Trincheras,2013,OI,-0.2,
26,065,Sonora,Tubutama,2013,OI,-0.2,
26,069,Sonora,Yécora,2013,OI,-4.7,
26,070,Sonora,General Plutarco Elías Calles,2013,OI,1.0,
27,001,Tabasco,Balancán,2013,OI,19.3,
27,002,Tabasco,Cárdenas,2013,OI,18.1,
27,004,Tabasco,Centro,2013,OI,17.6,
27,006,Tabasco,Cunduacán,2013,OI,17.2,
27,007,Tabasco,Emiliano Zapata,2013,OI,19.9,
27,008,Tabasco,Huimanguillo,2013,OI,19.2,
27,012,Tabasco,Macuspana,2013,OI,19.0,
27,014,Tabasco,Paraíso,2013,OI,21.1,
27,015,Tabasco,Tacotalpa,2013,OI,17.0,
27,016,Tabasco,Teapa,2013,OI,17.9,
27,017,Tabasco,Tenosique,2013,OI,19.7,
29,003,Tlaxcala,Atlangatepec,2013,OI,0.7,
29,006,Tlaxcala,Calpulalpan,2013,OI,1.4,
29,007,Tlaxcala,El Carmen Tequexquitla,2013,OI,0.3,
29,008,Tlaxcala,Cuapiaxtla,2013,OI,1.6,
29,013,Tlaxcala,Huamantla,2013,OI,3.4,
29,033,Tlaxcala,Tlaxcala,2013,OI,5.2,
29,037,Tlaxcala,Ziltlaltépec de Trinidad Sánchez Santos,2013,OI,2.6,
29,044,Tlaxcala,Zacatelco,2013,OI,5.2,
30,001,Veracruz,Acajete,2013,OI,4.3,
30,002,Veracruz,Acatlán,2013,OI,7.0,
30,004,Veracruz,Actopan,2013,OI,15.6,
30,007,Veracruz,Camarón de Tejeda,2013,OI,15.0,
30,009,Veracruz,Alto Lucero de Gutiérrez Barrios,2013,OI,3.3,
30,010,Veracruz,Altotonga,2013,OI,9.3,
30,011,Veracruz,Alvarado,2013,OI,19.6,
30,015,Veracruz,Angel R. Cabada,2013,OI,17.4,
30,016,Veracruz,La Antigua,2013,OI,17.7,
30,017,Veracruz,Apazapan,2013,OI,15.8,
30,026,Veracruz,Banderilla,2013,OI,8.9,
30,028,Veracruz,Boca del Río,2013,OI,20.0,
30,032,Veracruz,Catemaco,2013,OI,16.5,
30,038,Veracruz,Coatepec,2013,OI,8.8,
30,039,Veracruz,Coatzacoalcos,2013,OI,17.6,
30,045,Oaxaca,Cosamaloapan de Carpio,2013,OI,19.2,
30,048,Veracruz,Cosoleacaque,2013,OI,19.2,
30,054,Veracruz,Chacaltianguis,2013,OI,20.2,
30,058,Veracruz,Chicontepec,2013,OI,13.6,
30,061,Veracruz,Las Choapas,2013,OI,17.4,
30,065,Veracruz,Emiliano Zapata,2013,OI,13.1,
30,071,Veracruz,Huatusco,2013,OI,8.9,
30,072,Veracruz,Huayacocotla,2013,OI,5.7,
30,073,Veracruz,Hueyapan de Ocampo,2013,OI,17.2,
30,077,Veracruz,Isla,2013,OI,17.5,
30,087,Veracruz,Xalapa,2013,OI,11.0,
30,091,Veracruz,Jesús Carranza,2013,OI,17.9,
30,093,Veracruz,Jilotepec,2013,OI,11.2,
30,097,Veracruz,Lerdo de Tejada,2013,OI,18.6,
30,100,Veracruz,Manlio Fabio Altamirano,2013,OI,18.1,
30,101,Veracruz,Mariano Escobedo,2013,OI,3.5,
30,102,Veracruz,Martínez de la Torre,2013,OI,14.3,
30,104,Veracruz,Mecayapan,2013,OI,18.0,
30,105,Veracruz,Medellín de Bravo,2013,OI,17.0,
30,109,Veracruz,Misantla,2013,OI,12.4,
30,112,Veracruz,Naolinco,2013,OI,9.6,
30,114,Veracruz,Nautla,2013,OI,16.3,
30,118,Veracruz,Orizaba,2013,OI,12.8,
30,123,Veracruz,Pánuco,2013,OI,13.4,
30,124,Veracruz,Papantla,2013,OI,14.7,
30,126,Veracruz,Paso de Ovejas,2013,OI,17.4,
30,128,Veracruz,Perote,2013,OI,-0.2,
30,130,Veracruz,Playa Vicente,2013,OI,18.6,
30,132,Veracruz,Las Vigas de Ramírez,2013,OI,4.4,
30,134,Veracruz,Puente Nacional,2013,OI,18.0,
30,141,Veracruz,San Andrés Tuxtla,2013,OI,15.4,
30,142,Veracruz,San Juan Evangelista,2013,OI,19.2,
30,143,Veracruz,Santiago Tuxtla,2013,OI,17.6,
30,155,Veracruz,Tantoyuca,2013,OI,14.5,
30,160,Veracruz,Álamo Temapache,2013,OI,14.3,
30,161,Veracruz,Tempoal,2013,OI,13.8,
30,163,Veracruz,Tenochtitlán,2013,OI,11.4,
30,164,Veracruz,Teocelo,2013,OI,7.4,
30,167,Veracruz,Tepetzintla,2013,OI,12.6,
30,169,Veracruz,José Azueta,2013,OI,16.5,
30,174,Veracruz,Tierra Blanca,2013,OI,17.8,
30,175,Veracruz,Tihuatlán,2013,OI,15.2,
30,189,Veracruz,Tuxpan,2013,OI,14.0,
30,191,Veracruz,Ursulo Galván,2013,OI,17.7,
30,208,Veracruz,Carlos A. Carrillo,2013,OI,19.7,
31,001,Yucatán,Abalá,2013,OI,13.3,
31,010,Yucatán,Cantamayec,2013,OI,18.0,
31,013,Yucatán,Conkal,2013,OI,19.6,
31,015,Yucatán,Cuzamá,2013,OI,15.7,
31,019,Yucatán,Chemax,2013,OI,16.5,
31,022,Yucatán,Chikindzonot,2013,OI,15.9,
31,023,Yucatán,Chocholá,2013,OI,16.4,
31,027,Yucatán,Dzidzantún,2013,OI,14.7,
31,040,Yucatán,Izamal,2013,OI,18.8,
31,050,Yucatán,Mérida,2013,OI,6.3,
31,051,Yucatán,Mocochá,2013,OI,16.1,
31,052,Yucatán,Motul,2013,OI,16.2,
31,053,Yucatán,Muna,2013,OI,14.8,
31,055,Yucatán,Opichén,2013,OI,14.4,
31,056,Yucatán,Oxkutzcab,2013,OI,14.0,
31,058,Yucatán,Peto,2013,OI,16.2,
31,059,Yucatán,Progreso,2013,OI,19.1,
31,061,Yucatán,Río Lagartos,2013,OI,16.5,
31,079,Yucatán,Tekax,2013,OI,11.9,
31,089,Yucatán,Ticul,2013,OI,15.4,
31,096,Yucatán,Tizimín,2013,OI,15.1,
31,098,Yucatán,Tzucacab,2013,OI,12.2,
31,102,Yucatán,Valladolid,2013,OI,17.7,
32,003,Zacatecas,Atolinga,2013,OI,-0.3,
32,005,Zacatecas,Calera,2013,OI,2.3,
32,006,Zacatecas,Cañitas de Felipe Pescador,2013,OI,2.3,
32,007,Zacatecas,Concepción del Oro,2013,OI,1.3,
32,008,Zacatecas,Cuauhtémoc,2013,OI,3.4,
32,009,Zacatecas,Chalchihuites,2013,OI,4.4,
32,010,Zacatecas,Fresnillo,2013,OI,1.6,
32,012,Zacatecas,Genaro Codina,2013,OI,0.1,
32,014,Zacatecas,General Francisco R. Murguía,2013,OI,5.4,
32,016,Zacatecas,General Pánfilo Natera,2013,OI,0.7,
32,017,Zacatecas,Guadalupe,2013,OI,5.3,
32,019,Zacatecas,Jalpa,2013,OI,8.3,
32,020,Zacatecas,Jerez,2013,OI,3.9,
32,022,Zacatecas,Juan Aldama,2013,OI,3.3,
32,023,Zacatecas,Juchipila,2013,OI,5.8,
32,024,Zacatecas,Loreto,2013,OI,3.7,
32,025,Zacatecas,Luis Moya,2013,OI,3.2,
32,028,Zacatecas,Mezquital del Oro,2013,OI,7.2,
32,029,Zacatecas,Miguel Auza,2013,OI,2.5,
32,031,Zacatecas,Monte Escobedo,2013,OI,-0.1,
32,032,Zacatecas,Morelos,2013,OI,3.5,
32,034,Zacatecas,Nochistlán de Mejía,2013,OI,4.5,
32,036,Zacatecas,Ojocaliente,2013,OI,2.9,
32,038,Zacatecas,Pinos,2013,OI,2.6,
32,039,Zacatecas,Río Grande,2013,OI,2.2,
32,040,Zacatecas,Sain Alto,2013,OI,2.0,
32,042,Zacatecas,Sombrerete,2013,OI,3.7,
32,044,Zacatecas,Tabasco,2013,OI,9.2,
32,045,Zacatecas,Tepechitlán,2013,OI,2.8,
32,047,Zacatecas,Teúl de González Ortega,2013,OI,1.6,
32,048,Zacatecas,Tlaltenango de Sánchez Román,2013,OI,1.4,
32,049,Zacatecas,Valparaíso,2013,OI,-1.2,
32,051,Zacatecas,Villa de Cos,2013,OI,3.5,
32,053,Zacatecas,Villa González Ortega,2013,OI,3.0,
32,054,Zacatecas,Villa Hidalgo,2013,OI,2.2,
32,055,Zacatecas,Villanueva,2013,OI,0.4,
32,056,Zacatecas,Zacatecas,2013,OI,6.1,
01,001,Aguascalientes,Aguascalientes,2013,PV,3.3,
01,002,Aguascalientes,Asientos,2013,PV,4.8,
01,003,Aguascalientes,Calvillo,2013,PV,5.0,
01,004,Aguascalientes,Cosío,2013,PV,8.9,
01,006,Aguascalientes,Pabellón de Arteaga,2013,PV,9.4,
01,007,Aguascalientes,Rincón de Romos,2013,PV,10.8,
01,008,Aguascalientes,San José de Gracia,2013,PV,6.8,
01,009,Aguascalientes,Tepezalá,2013,PV,11.4,
01,010,Aguascalientes,El Llano,2013,PV,4.7,
02,001,Baja California,Ensenada,2013,PV,7.6,
02,002,Baja California,Mexicali,2013,PV,12.7,
02,003,Baja California,Tecate,2013,PV,2.2,
02,004,Baja California,Tijuana,2013,PV,11.1,
02,006,Baja California,San Quintín,2013,PV,9.8,
02,007,Baja California,San Felipe,2013,PV,15.7,
03,001,Baja California Sur,Comondú,2013,PV,11.2,
03,002,Baja California Sur,Mulegé,2013,PV,9.3,
03,003,Baja California Sur,La Paz,2013,PV,11.1,
03,008,Baja California Sur,Los Cabos,2013,PV,8.4,
03,009,Baja California Sur,Loreto,2013,PV,16.5,
04,002,Campeche,Campeche,2013,PV,22.5,
04,003,Campeche,Carmen,2013,PV,21.5,
04,004,Campeche,Champotón,2013,PV,22.0,
04,005,Campeche,Hecelchakán,2013,PV,22.5,
04,006,Campeche,Hopelchén,2013,PV,21.2,
04,007,Campeche,Palizada,2013,PV,22.1,
04,009,Campeche,Escárcega,2013,PV,22.3,
04,011,Campeche,Candelaria,2013,PV,21.6,
05,002,Coahuila,Acuña,2013,PV,13.1,
05,003,Coahuila,Allende,2013,PV,14.0,
05,004,Coahuila,Arteaga,2013,PV,6.4,
05,005,Coahuila,Candela,2013,PV,15.8,
05,007,Coahuila,Cuatro Ciénegas,2013,PV,14.4,
05,014,Coahuila,Jiménez,2013,PV,11.9,
05,015,Coahuila,Juárez,2013,PV,13.4,
05,017,Coahuila,Matamoros,2013,PV,17.7,
05,018,Coahuila,Monclova,2013,PV,17.3,
05,020,Coahuila,Múzquiz,2013,PV,11.9,
05,022,Coahuila,Nava,2013,PV,17.7,
05,024,Coahuila,Parras,2013,PV,14.4,
05,025,Coahuila,Piedras Negras,2013,PV,16.5,
05,026,Coahuila,Progreso,2013,PV,13.8,
05,027,Coahuila,Ramos Arizpe,2013,PV,12.7,
05,028,Coahuila,Sabinas,2013,PV,14.8,
05,030,Coahuila,Saltillo,2013,PV,10.6,
05,032,Coahuila,San Juan de Sabinas,2013,PV,14.2,
05,033,Coahuila,San Pedro,2013,PV,12.5,
05,034,Coahuila,Sierra Mojada,2013,PV,9.7,
05,035,Coahuila,Torreón,2013,PV,10.2,
06,001,Colima,Armería,2013,PV,18.6,
06,002,Colima,Colima,2013,PV,17.3,
06,003,Colima,Comala,2013,PV,17.9,
06,004,Colima,Coquimatlán,2013,PV,17.6,
06,005,Colima,Cuauhtémoc,2013,PV,14.5,
06,006,Colima,Ixtlahuacán,2013,PV,16.8,
06,007,Colima,Manzanillo,2013,PV,18.4,
06,009,Colima,Tecomán,2013,PV,16.7,
07,001,Chiapas,Acacoyagua,2013,PV,20.7,
07,002,Chiapas,Acala,2013,PV,19.6,
07,008,Chiapas,Ángel Albino Corzo,2013,PV,16.8,
07,009,Chiapas,Arriaga,2013,PV,19.9,
07,019,Chiapas,Comitán de Domínguez,2013,PV,15.3,
07,020,Chiapas,La Concordia,2013,PV,18.7,
07,027,Chiapas,Chiapa de Corzo,2013,PV,19.4,
07,029,Chiapas,Chicoasén,2013,PV,22.4,
07,030,Chiapas,Chicomuselo,2013,PV,16.8,
07,032,Chiapas,Escuintla,2013,PV,23.2,
07,034,Chiapas,Frontera Comalapa,2013,PV,20.0,
07,040,Chiapas,Huixtla,2013,PV,19.4,
07,046,Chiapas,Jiquipilas,2013,PV,19.0,
07,049,Chiapas,Larráinzar,2013,PV,20.9,
07,051,Chiapas,Mapastepec,2013,PV,22.2,
07,060,Chiapas,Ocotepec,2013,PV,14.5,
07,062,Chiapas,Ostuacán,2013,PV,20.4,
07,063,Chiapas,Osumacinta,2013,PV,21.2,
07,065,Chiapas,Palenque,2013,PV,21.4,
07,068,Chiapas,Pichucalco,2013,PV,21.7,
07,069,Chiapas,Pijijiapan,2013,PV,23.4,
07,071,Chiapas,Villa Comaltitlán,2013,PV,23.5,
07,077,Chiapas,Salto de Agua,2013,PV,22.0,
07,078,Chiapas,San Cristóbal de las Casas,2013,PV,8.7,
07,086,Chiapas,Suchiapa,2013,PV,20.8,
07,089,Chiapas,Tapachula,2013,PV,17.7,
07,092,Chiapas,Tecpatán,2013,PV,19.4,
07,097,Chiapas,Tonalá,2013,PV,22.7,
07,099,Chiapas,La Trinitaria,2013,PV,20.2,
07,101,Chiapas,Tuxtla Gutiérrez,2013,PV,21.6,
07,106,Chiapas,Venustiano Carranza,2013,PV,18.8,
07,107,Chiapas,Villa Corzo,2013,PV,18.4,
07,108,Chiapas,Villaflores,2013,PV,18.7,
07,123,Chiapas,Emiliano Zapata,2013,PV,19.9,
07,124,Chiapas,Mezcalapa,2013,PV,23.1,
08,002,Chihuahua,Aldama,2013,PV,12.8,
08,006,Chihuahua,Bachíniva,2013,PV,3.9,
08,008,Chihuahua,Batopilas de Manuel Gómez Morín,2013,PV,15.5,
08,009,Chihuahua,Bocoyna,2013,PV,0.0,
08,010,Chihuahua,Buenaventura,2013,PV,6.2,
08,011,Chihuahua,Camargo,2013,PV,11.6,
08,014,Chihuahua,Coronado,2013,PV,6.0,
08,019,Chihuahua,Chihuahua,2013,PV,8.9,
08,020,Chihuahua,Chínipas,2013,PV,12.2,
08,021,Chihuahua,Delicias,2013,PV,11.4,
08,027,Chihuahua,Guachochi,2013,PV,18.9,
08,029,Chihuahua,Guadalupe y Calvo,2013,PV,2.1,
08,031,Chihuahua,Guerrero,2013,PV,2.4,
08,032,Chihuahua,Hidalgo del Parral,2013,PV,11.9,
08,036,Chihuahua,Jiménez,2013,PV,7.3,
08,037,Chihuahua,Juárez,2013,PV,11.3,
08,040,Chihuahua,Madera,2013,PV,2.0,
08,041,Chihuahua,Maguarichi,2013,PV,4.7,
08,050,Chihuahua,Nuevo Casas Grandes,2013,PV,7.4,
08,051,Chihuahua,Ocampo,2013,PV,-1.4,
08,052,Chihuahua,Ojinaga,2013,PV,9.2,
08,055,Chihuahua,Rosales,2013,PV,12.3,
08,058,Chihuahua,San Francisco de Conchos,2013,PV,8.0,
08,063,Chihuahua,Temósachic,2013,PV,2.2,
08,065,Chihuahua,Urique,2013,PV,14.9,
08,067,Chihuahua,Valle de Zaragoza,2013,PV,10.4,
09,004,Ciudad de México,Cuajimalpa de Morelos,2013,PV,9.6,
09,005,Ciudad de México,Gustavo A. Madero,2013,PV,10.2,
09,010,Ciudad de México,Álvaro Obregón,2013,PV,11.0,
09,012,Ciudad de México,Tlalpan,2013,PV,8.9,
09,015,Ciudad de México,Cuauhtémoc,2013,PV,14.5,
09,016,Ciudad de México,Miguel Hidalgo,2013,PV,13.3,
09,017,Ciudad de México,Venustiano Carranza,2013,PV,13.1,
10,001,Durango,Canatlán,2013,PV,6.5,
10,004,Durango,Cuencamé,2013,PV,13.6,
10,005,Durango,Durango,2013,PV,-3.1,
10,006,Durango,General Simón Bolívar,2013,PV,11.6,
10,008,Durango,Guadalupe Victoria,2013,PV,9.5,
10,009,Durango,Guanaceví,2013,PV,-8.0,
10,010,Durango,Hidalgo,2013,PV,6.7,
10,011,Durango,Indé,2013,PV,14.2,
10,012,Durango,Lerdo,2013,PV,15.1,
10,013,Durango,Mapimí,2013,PV,9.2,
10,015,Durango,Nazas,2013,PV,7.8,
10,017,Durango,Ocampo,2013,PV,6.5,
10,018,Durango,El Oro,2013,PV,3.6,
10,022,Durango,Poanas,2013,PV,6.6,
10,025,Durango,San Bernardo,2013,PV,1.4,
10,026,Durango,San Dimas,2013,PV,-2.3,
10,027,Durango,San Juan de Guadalupe,2013,PV,14.0,
10,031,Zacatecas,Santa Clara,2013,PV,6.8,
10,032,Durango,Santiago Papasquiaro,2013,PV,6.6,
10,033,Durango,Súchil,2013,PV,8.5,
10,034,Durango,Tamazula,2013,PV,14.2,
10,035,Durango,Tepehuanes,2013,PV,4.4,
10,036,Durango,Tlahualilo,2013,PV,15.6,
11,001,Guanajuato,Abasolo,2013,PV,14.6,
11,002,Guanajuato,Acámbaro,2013,PV,11.9,
11,003,Guanajuato,San Miguel de Allende,2013,PV,9.3,
11,004,Guanajuato,Apaseo el Alto,2013,PV,12.5,
11,005,Guanajuato,Apaseo el Grande,2013,PV,10.4,
11,007,Guanajuato,Celaya,2013,PV,11.2,
11,008,Guanajuato,Manuel Doblado,2013,PV,11.2,
11,010,Guanajuato,Coroneo,2013,PV,6.0,
11,011,Guanajuato,Cortazar,2013,PV,9.1,
11,012,Guanajuato,Cuerámaro,2013,PV,14.0,
11,014,Guanajuato,Dolores Hidalgo Cuna de la Independencia Nacional,2013,PV,10.2,
11,015,Guanajuato,Guanajuato,2013,PV,8.8,
11,017,Guanajuato,Irapuato,2013,PV,10.8,
11,018,Guanajuato,Jaral del Progreso,2013,PV,10.3,
11,019,Guanajuato,Jerécuaro,2013,PV,11.0,
11,020,Guanajuato,León,2013,PV,11.9,
11,022,Guanajuato,Ocampo,2013,PV,8.6,
11,023,Guanajuato,Pénjamo,2013,PV,10.6,
11,025,Guanajuato,Purísima del Rincón,2013,PV,9.2,
11,027,Guanajuato,Salamanca,2013,PV,10.3,
11,028,Guanajuato,Salvatierra,2013,PV,8.9,
11,030,Guanajuato,San Felipe,2013,PV,7.9,
11,033,Guanajuato,San Luis de la Paz,2013,PV,10.0,
11,037,Guanajuato,Silao de la Victoria,2013,PV,9.7,
11,039,Guanajuato,Tarimoro,2013,PV,12.6,
11,042,Guanajuato,Valle de Santiago,2013,PV,12.5,
11,045,Guanajuato,Xichú,2013,PV,14.7,
12,001,Guerrero,Acapulco de Juárez,2013,PV,21.6,
12,011,Guerrero,Atoyac de Álvarez,2013,PV,23.6,
12,012,Guerrero,Ayutla de los Libres,2013,PV,23.1,
12,014,Guerrero,Benito Juárez,2013,PV,21.6,
12,015,Guerrero,Buenavista de Cuéllar,2013,PV,16.4,
12,017,Guerrero,Cocula,2013,PV,19.6,
12,018,Guerrero,Copala,2013,PV,21.2,
12,021,Guerrero,Coyuca de Benítez,2013,PV,22.8,
12,023,Guerrero,Cuajinicuilapa,2013,PV,21.9,
12,027,Guerrero,Cutzamala de Pinzón,2013,PV,20.9,
12,028,Guerrero,Chilapa de Álvarez,2013,PV,14.8,
12,029,Guerrero,Chilpancingo de los Bravo,2013,PV,14.1,
12,035,Guerrero,Iguala de la Independencia,2013,PV,20.3,
12,036,Guerrero,Igualapa,2013,PV,23.0,
12,038,Guerrero,Zihuatanejo de Azueta,2013,PV,20.5,
12,039,Guerrero,Juan R. Escudero,2013,PV,20.9,
12,040,Guerrero,Leonardo Bravo,2013,PV,17.6,
12,044,Guerrero,Mochitlán,2013,PV,17.7,
12,045,Guerrero,Olinalá,2013,PV,16.4,
12,050,Guerrero,Pungarabato,2013,PV,22.6,
12,053,Guerrero,San Marcos,2013,PV,12.2,
12,055,Guerrero,Taxco de Alarcón,2013,PV,14.1,
12,056,Guerrero,Tecoanapa,2013,PV,20.1,
12,057,Guerrero,Técpan de Galeana,2013,PV,21.1,
12,061,Guerrero,Tixtla de Guerrero,2013,PV,16.5,
12,066,Guerrero,Tlapa de Comonfort,2013,PV,18.7,
12,070,Guerrero,Xochihuehuetlán,2013,PV,17.6,
12,073,Guerrero,Zirándaro,2013,PV,17.2,
12,082,Guerrero,Las Vigas,2013,PV,19.4,
13,003,Hidalgo,Actopan,2013,PV,8.0,
13,006,Hidalgo,Alfajayucan,2013,PV,13.0,
13,011,Hidalgo,Atlapexco,2013,PV,19.4,
13,013,Hidalgo,Atotonilco de Tula,2013,PV,8.4,
13,016,Hidalgo,Cuautepec de Hinojosa,2013,PV,8.4,
13,019,Hidalgo,Chilcuautla,2013,PV,9.9,
13,028,Hidalgo,Huejutla de Reyes,2013,PV,19.0,
13,028,Veracruz,Huejutla de Reyes,2013,PV,19.6,
13,029,Hidalgo,Huichapan,2013,PV,8.6,
13,030,Hidalgo,Ixmiquilpan,2013,PV,9.9,
13,037,Hidalgo,Metztitlán,2013,PV,12.6,
13,046,Hidalgo,San Felipe Orizatlán,2013,PV,20.3,
13,048,Hidalgo,Pachuca de Soto,2013,PV,10.0,
13,064,Hidalgo,Tepetitlán,2013,PV,10.7,
13,077,Hidalgo,Tulancingo de Bravo,2013,PV,11.8,
13,081,Hidalgo,Zacualtipán de Ángeles,2013,PV,6.8,
13,084,Hidalgo,Zimapán,2013,PV,14.8,
14,017,Jalisco,Ayutla,2013,PV,10.8,
14,019,Jalisco,Bolaños,2013,PV,18.4,
14,023,Jalisco,Zapotlán el Grande,2013,PV,15.0,
14,025,Jalisco,Colotlán,2013,PV,7.8,
14,030,Jalisco,Chapala,2013,PV,16.8,
14,033,Jalisco,Degollado,2013,PV,11.9,
14,039,Jalisco,Guadalajara,2013,PV,13.1,
14,041,Jalisco,Huejúcar,2013,PV,5.6,
14,047,Jalisco,Jamay,2013,PV,9.5,
14,053,Jalisco,Lagos de Moreno,2013,PV,6.0,
14,054,Jalisco,El Limón,2013,PV,16.2,
14,061,Jalisco,Mezquitic,2013,PV,6.4,
14,063,Jalisco,Ocotlán,2013,PV,9.8,
14,065,Jalisco,Pihuamo,2013,PV,15.2,
14,067,Jalisco,Puerto Vallarta,2013,PV,17.2,
14,070,Jalisco,El Salto,2013,PV,15.9,
14,071,Jalisco,San Cristóbal de la Barranca,2013,PV,13.6,
14,091,Jalisco,Teocaltiche,2013,PV,4.3,
14,095,Jalisco,Teuchitlán,2013,PV,9.4,
14,100,Jalisco,Tomatlán,2013,PV,17.5,
14,107,Jalisco,Tuxcueca,2013,PV,14.5,
14,120,Jalisco,Zapopan,2013,PV,11.7,
15,002,Estado de México,Acolman,2013,PV,10.1,
15,005,Estado de México,Almoloya de Juárez,2013,PV,2.7,
15,011,Estado de México,Atenco,2013,PV,10.4,
15,013,Estado de México,Atizapán de Zaragoza,2013,PV,10.7,
15,020,Estado de México,Coacalco de Berriozábal,2013,PV,12.6,
15,033,Estado de México,Ecatepec de Morelos,2013,PV,9.1,
15,038,Estado de México,Isidro Fabela,2013,PV,12.0,
15,045,Estado de México,Jilotepec,2013,PV,7.2,
15,057,Estado de México,Naucalpan de Juárez,2013,PV,7.1,
15,074,Estado de México,San Felipe del Progreso,2013,PV,7.9,
15,083,Estado de México,Temamatla,2013,PV,10.3,
15,087,Estado de México,Temoaya,2013,PV,4.6,
15,091,Estado de México,Teoloyucan,2013,PV,6.4,
15,095,Estado de México,Tepotzotlán,2013,PV,8.8,
15,096,Estado de México,Tequixquiac,2013,PV,8.8,
15,099,Estado de México,Texcoco,2013,PV,10.8,
15,100,Estado de México,Tezoyuca,2013,PV,10.4,
15,104,Estado de México,Tlalnepantla de Baz,2013,PV,13.6,
15,106,Estado de México,Toluca,2013,PV,4.7,
15,109,Estado de México,Tultitlán,2013,PV,12.8,
15,112,Estado de México,Villa del Carbón,2013,PV,7.0,
16,003,Michoacán,Álvaro Obregón,2013,PV,9.3,
16,006,Michoacán,Apatzingán,2013,PV,18.1,
16,010,Michoacán,Arteaga,2013,PV,21.5,
16,017,Michoacán,Contepec,2013,PV,6.4,
16,019,Michoacán,Cotija,2013,PV,12.6,
16,035,Michoacán,La Huacana,2013,PV,17.7,
16,038,Michoacán,Huetamo,2013,PV,21.6,
16,049,Michoacán,Madero,2013,PV,12.6,
16,050,Michoacán,Maravatío,2013,PV,9.4,
16,053,Michoacán,Morelia,2013,PV,12.0,
16,067,Michoacán,Penjamillo,2013,PV,11.6,
16,069,Michoacán,La Piedad,2013,PV,11.0,
16,076,Michoacán,Sahuayo,2013,PV,9.4,
16,080,Michoacán,Senguio,2013,PV,8.7,
16,085,Michoacán,Tangancícuaro,2013,PV,10.7,
16,102,Michoacán,Uruapan,2013,PV,12.1,
16,105,Michoacán,Vista Hermosa,2013,PV,11.2,
16,106,Michoacán,Yurécuaro,2013,PV,12.6,
16,107,Michoacán,Zacapu,2013,PV,7.9,
16,110,Michoacán,Zinapécuaro,2013,PV,11.5,
16,113,Michoacán,José Sixto Verduzco,2013,PV,10.4,
17,001,Morelos,Amacuzac,2013,PV,12.2,
17,002,Morelos,Atlatlahucan,2013,PV,16.0,
17,004,Morelos,Ayala,2013,PV,12.8,
17,006,Morelos,Cuautla,2013,PV,15.0,
17,007,Morelos,Cuernavaca,2013,PV,15.3,
17,008,Morelos,Emiliano Zapata,2013,PV,16.0,
17,009,Morelos,Huitzilac,2013,PV,4.6,
17,011,Morelos,Jiutepec,2013,PV,11.2,
17,012,Morelos,Jojutla,2013,PV,15.8,
17,013,Morelos,Jonacatepec de Leandro Valle,2013,PV,12.1,
17,015,Morelos,Miacatlán,2013,PV,16.1,
17,016,Morelos,Ocuituco,2013,PV,5.4,
17,017,Morelos,Puente de Ixtla,2013,PV,15.0,
17,018,Morelos,Temixco,2013,PV,18.2,
17,019,Morelos,Tepalcingo,2013,PV,13.5,
17,020,Morelos,Tepoztlán,2013,PV,16.0,
17,021,Morelos,Tetecala,2013,PV,14.2,
17,023,Morelos,Tlalnepantla,2013,PV,7.6,
17,024,Morelos,Tlaltizapán de Zapata,2013,PV,21.3,
17,025,Morelos,Tlaquiltenango,2013,PV,14.3,
17,026,Morelos,Tlayacapan,2013,PV,16.1,
17,027,Morelos,Totolapan,2013,PV,13.3,
17,028,Morelos,Xochitepec,2013,PV,15.3,
17,029,Morelos,Yautepec,2013,PV,14.2,
17,030,Morelos,Yecapixtla,2013,PV,13.8,
17,031,Morelos,Zacatepec,2013,PV,16.1,
17,032,Morelos,Zacualpan de Amilpas,2013,PV,13.7,
17,033,Morelos,Temoac,2013,PV,13.5,
18,001,Nayarit,Acaponeta,2013,PV,15.2,
18,009,Nayarit,Del Nayar,2013,PV,15.7,
18,010,Nayarit,Rosamorada,2013,PV,15.1,
18,011,Nayarit,Ruíz,2013,PV,16.8,
18,015,Nayarit,Santiago Ixcuintla,2013,PV,17.5,
18,017,Nayarit,Tepic,2013,PV,13.7,
18,020,Nayarit,Bahía de Banderas,2013,PV,17.5,
19,003,Nuevo León,Los Aldamas,2013,PV,17.5,
19,004,Nuevo León,Allende,2013,PV,14.0,
19,005,Nuevo León,Anáhuac,2013,PV,15.7,
19,006,Nuevo León,Apodaca,2013,PV,16.1,
19,007,Nuevo León,Aramberri,2013,PV,7.9,
19,011,Nuevo León,Cerralvo,2013,PV,17.2,
19,012,Nuevo León,Ciénega de Flores,2013,PV,15.6,
19,013,Nuevo León,China,2013,PV,17.7,
19,014,Nuevo León,Doctor Arroyo,2013,PV,10.5,
19,017,Nuevo León,Galeana,2013,PV,5.0,
19,024,Nuevo León,General Zaragoza,2013,PV,10.2,
19,025,Nuevo León,General Zuazua,2013,PV,17.6,
19,026,Nuevo León,Guadalupe,2013,PV,16.7,
19,028,Nuevo León,Higueras,2013,PV,14.7,
19,032,Nuevo León,Lampazos de Naranjo,2013,PV,15.5,
19,033,Nuevo León,Linares,2013,PV,13.2,
19,036,Nuevo León,Mier y Noriega,2013,PV,10.7,
19,038,Nuevo León,Montemorelos,2013,PV,15.2,
19,039,Nuevo León,Monterrey,2013,PV,13.9,
19,042,Nuevo León,Los Ramones,2013,PV,16.1,
19,046,Nuevo León,San Nicolás de los Garza,2013,PV,16.7,
19,049,Nuevo León,Santiago,2013,PV,15.6,
20,005,Oaxaca,Asunción Ixtaltepec,2013,PV,19.7,
20,014,Oaxaca,Ciudad Ixtepec,2013,PV,22.7,
20,039,Oaxaca,Heroica Ciudad de Huajuapan de León,2013,PV,14.2,
20,043,Oaxaca,Heroica Ciudad de Juchitán de Zaragoza,2013,PV,23.5,
20,052,Oaxaca,Magdalena Tequisistlán,2013,PV,19.5,
20,057,Oaxaca,Matías Romero Avendaño,2013,PV,22.2,
20,067,Oaxaca,Oaxaca de Juárez,2013,PV,13.4,
20,079,Oaxaca,Salina Cruz,2013,PV,24.1,
20,083,Oaxaca,San Agustín de las Juntas,2013,PV,15.1,
20,136,Oaxaca,San Felipe Usila,2013,PV,19.2,
20,173,Oaxaca,San Juan Atepec,2013,PV,11.6,
20,177,Oaxaca,San Juan Bautista Cuicatlán,2013,PV,14.4,
20,184,Oaxaca,San Juan Bautista Tuxtepec,2013,PV,21.4,
20,228,Oaxaca,San Lorenzo Cuaunecuiltitla,2013,PV,12.1,
20,262,Oaxaca,San Miguel Amatlán,2013,PV,6.0,
20,278,Oaxaca,San Miguel Soyaltepec,2013,PV,21.6,
20,324,Oaxaca,San Pedro Pochutla,2013,PV,23.6,
20,327,Oaxaca,San Pedro Tapanatepec,2013,PV,22.5,
20,357,Oaxaca,Santa Ana Tavela,2013,PV,17.9,
20,385,Oaxaca,Santa Cruz Xoxocotlán,2013,PV,14.0,
20,413,Oaxaca,Santa María Huatulco,2013,PV,23.0,
20,417,Oaxaca,Santa María Jacatepec,2013,PV,21.2,
20,418,Oaxaca,Santa María Jalapa del Marqués,2013,PV,22.2,
20,439,Oaxaca,Santa María Tonameca,2013,PV,16.2,
20,468,Oaxaca,Santiago Jocotepec,2013,PV,21.9,
20,478,Oaxaca,Santiago Nacaltepec,2013,PV,13.8,
20,482,Oaxaca,Santiago Pinotepa Nacional,2013,PV,21.1,
20,498,Oaxaca,Santiago Yaveo,2013,PV,20.7,
20,502,Oaxaca,Santiago Zacatepec,2013,PV,17.0,
20,525,Oaxaca,Santo Domingo Zanatepec,2013,PV,19.6,
20,559,Oaxaca,San Juan Bautista Valle Nacional,2013,PV,21.5,
21,001,Puebla,Acajete,2013,PV,4.0,
21,003,Puebla,Acatlán,2013,PV,23.3,
21,008,Puebla,Ahuazotepec,2013,PV,7.0,
21,019,Puebla,Atlixco,2013,PV,12.2,
21,023,Puebla,Atzitzintla,2013,PV,4.2,
21,025,Puebla,Ayotoxco de Guerrero,2013,PV,18.8,
21,026,Puebla,Calpan,2013,PV,4.5,
21,031,Puebla,Coatzingo,2013,PV,16.5,
21,043,Puebla,Cuetzalan del Progreso,2013,PV,14.5,
21,045,Puebla,Chalchicomula de Sesma,2013,PV,8.4,
21,051,Puebla,Chietla,2013,PV,17.7,
21,053,Puebla,Chignahuapan,2013,PV,7.0,
21,059,Puebla,Chinantla,2013,PV,16.4,
21,069,Puebla,Huaquechula,2013,PV,13.9,
21,071,Puebla,Huauchinango,2013,PV,13.9,
21,083,Puebla,Ixtacamaxtitlán,2013,PV,4.5,
21,085,Puebla,Izúcar de Matamoros,2013,PV,18.2,
21,086,Puebla,Jalpan,2013,PV,17.7,
21,094,Puebla,Libres,2013,PV,6.2,
21,098,Puebla,Molcaxac,2013,PV,7.3,
21,106,Puebla,Ocoyucan,2013,PV,10.3,
21,108,Puebla,Oriental,2013,PV,10.4,
21,114,Puebla,Puebla,2013,PV,9.9,
21,114,Tlaxcala,Puebla,2013,PV,8.0,
21,140,Puebla,San Pedro Cholula,2013,PV,8.7,
21,145,Puebla,San Sebastián Tlacotepec,2013,PV,17.8,
21,153,Puebla,Tecali de Herrera,2013,PV,9.7,
21,154,Puebla,Tecamachalco,2013,PV,10.6,
21,156,Puebla,Tehuacán,2013,PV,11.5,
21,160,Puebla,Teotlalco,2013,PV,16.0,
21,162,Puebla,Tepango de Rodríguez,2013,PV,9.5,
21,170,Puebla,Tepeyahualco,2013,PV,7.3,
21,172,Puebla,Tetela de Ocampo,2013,PV,10.7,
21,174,Puebla,Teziutlán,2013,PV,11.8,
21,180,Puebla,Tlahuapan,2013,PV,7.9,
21,184,Puebla,Tlapacoya,2013,PV,8.3,
21,186,Puebla,Tlatlauquitepec,2013,PV,5.0,
21,187,Puebla,Tlaxco,2013,PV,18.1,
21,193,Puebla,Tzicatlacoyan,2013,PV,8.8,
21,194,Puebla,Venustiano Carranza,2013,PV,11.1,
21,197,Puebla,Xicotepec,2013,PV,15.7,
21,198,Puebla,Xicotlán,2013,PV,16.4,
21,207,Puebla,Zacapoaxtla,2013,PV,8.5,
21,217,Puebla,Zoquitlán,2013,PV,9.0,
22,006,Querétaro,Corregidora,2013,PV,11.3,
22,008,Querétaro,Huimilpan,2013,PV,8.9,
22,009,Querétaro,Jalpan de Serra,2013,PV,17.0,
22,011,Querétaro,El Marqués,2013,PV,10.9,
22,013,Querétaro,Peñamiller,2013,PV,15.0,
22,014,Querétaro,Querétaro,2013,PV,11.9,
22,016,Querétaro,San Juan del Río,2013,PV,10.4,
23,001,Quintana Roo,Cozumel,2013,PV,22.0,
23,002,Quintana Roo,Felipe Carrillo Puerto,2013,PV,22.1,
23,004,Quintana Roo,Othón P. Blanco,2013,PV,24.0,
23,005,Quintana Roo,Benito Juárez,2013,PV,21.6,
23,008,Quintana Roo,Solidaridad,2013,PV,21.6,
24,003,San Luis Potosí,Aquismón,2013,PV,18.5,
24,008,San Luis Potosí,Cerritos,2013,PV,15.0,
24,013,San Luis Potosí,Ciudad Valles,2013,PV,18.7,
24,016,San Luis Potosí,Ebano,2013,PV,20.0,
24,020,San Luis Potosí,Matehuala,2013,PV,11.8,
24,024,San Luis Potosí,Rioverde,2013,PV,15.4,
24,027,San Luis Potosí,San Ciro de Acosta,2013,PV,14.3,
24,028,San Luis Potosí,San Luis Potosí,2013,PV,10.3,
24,032,San Luis Potosí,Santa María del Río,2013,PV,12.8,
24,034,San Luis Potosí,San Vicente Tancuayalab,2013,PV,20.0,
24,034,Veracruz,San Vicente Tancuayalab,2013,PV,20.1,
24,037,San Luis Potosí,Tamazunchale,2013,PV,19.3,
24,039,San Luis Potosí,Tampamolón Corona,2013,PV,21.0,
24,041,San Luis Potosí,Tanlajás,2013,PV,19.6,
24,043,San Luis Potosí,Tierra Nueva,2013,PV,9.0,
24,050,San Luis Potosí,Villa de Reyes,2013,PV,12.7,
24,053,San Luis Potosí,Axtla de Terrazas,2013,PV,19.6,
24,057,San Luis Potosí,Matlapa,2013,PV,20.0,
24,058,San Luis Potosí,El Naranjo,2013,PV,18.6,
25,001,Sinaloa,Ahome,2013,PV,15.1,
25,003,Sinaloa,Badiraguato,2013,PV,16.0,
25,005,Sinaloa,Cosalá,2013,PV,14.0,
25,006,Sinaloa,Culiacán,2013,PV,10.5,
25,007,Sinaloa,Choix,2013,PV,9.5,
25,008,Sinaloa,Elota,2013,PV,12.8,
25,010,Sinaloa,El Fuerte,2013,PV,8.9,
25,011,Sinaloa,Guasave,2013,PV,13.2,
25,012,Sinaloa,Mazatlán,2013,PV,12.5,
25,013,Sinaloa,Mocorito,2013,PV,11.0,
25,014,Sinaloa,Rosario,2013,PV,12.6,
25,015,Sinaloa,Salvador Alvarado,2013,PV,15.6,
25,016,Sinaloa,San Ignacio,2013,PV,11.4,
25,017,Sinaloa,Sinaloa,2013,PV,12.3,
26,001,Sonora,Aconchi,2013,PV,9.6,
26,002,Sonora,Agua Prieta,2013,PV,8.8,
26,003,Sonora,Álamos,2013,PV,7.7,
26,006,Sonora,Arizpe,2013,PV,3.2,
26,010,Sonora,Bacerac,2013,PV,9.6,
26,013,Sonora,Banámichi,2013,PV,11.3,
26,017,Sonora,Caborca,2013,PV,9.8,
26,018,Sonora,Cajeme,2013,PV,13.4,
26,021,Sonora,La Colorada,2013,PV,10.0,
26,025,Sonora,Empalme,2013,PV,14.6,
26,029,Sonora,Guaymas,2013,PV,7.9,
26,030,Sonora,Hermosillo,2013,PV,11.9,
26,031,Sonora,Huachinera,2013,PV,4.9,
26,035,Sonora,Imuris,2013,PV,7.4,
26,037,Sonora,Mazatán,2013,PV,10.0,
26,040,Sonora,Nácori Chico,2013,PV,13.4,
26,041,Sonora,Nacozari de García,2013,PV,8.6,
26,042,Sonora,Navojoa,2013,PV,13.8,
26,043,Sonora,Nogales,2013,PV,10.6,
26,045,Sonora,Opodepe,2013,PV,18.5,
26,046,Sonora,Oquitoa,2013,PV,12.4,
26,048,Sonora,Puerto Peñasco,2013,PV,14.8,
26,049,Sonora,Quiriego,2013,PV,9.3,
26,050,Sonora,Rayón,2013,PV,7.6,
26,052,Sonora,Sahuaripa,2013,PV,11.7,
26,056,Sonora,San Miguel de Horcasitas,2013,PV,9.0,
26,061,Sonora,Soyopa,2013,PV,13.3,
26,063,Sonora,Tepache,2013,PV,14.2,
26,064,Sonora,Trincheras,2013,PV,12.0,
26,065,Sonora,Tubutama,2013,PV,8.9,
26,069,Sonora,Yécora,2013,PV,2.0,
26,070,Sonora,General Plutarco Elías Calles,2013,PV,10.7,
27,001,Tabasco,Balancán,2013,PV,23.1,
27,002,Tabasco,Cárdenas,2013,PV,20.1,
27,004,Tabasco,Centro,2013,PV,21.1,
27,006,Tabasco,Cunduacán,2013,PV,20.3,
27,007,Tabasco,Emiliano Zapata,2013,PV,23.2,
27,008,Tabasco,Huimanguillo,2013,PV,22.4,
27,012,Tabasco,Macuspana,2013,PV,22.7,
27,014,Tabasco,Paraíso,2013,PV,24.1,
27,015,Tabasco,Tacotalpa,2013,PV,19.3,
27,016,Tabasco,Teapa,2013,PV,20.6,
27,017,Tabasco,Tenosique,2013,PV,22.6,
29,003,Tlaxcala,Atlangatepec,2013,PV,5.9,
29,006,Tlaxcala,Calpulalpan,2013,PV,6.2,
29,007,Tlaxcala,El Carmen Tequexquitla,2013,PV,5.3,
29,008,Tlaxcala,Cuapiaxtla,2013,PV,7.4,
29,013,Tlaxcala,Huamantla,2013,PV,7.9,
29,033,Tlaxcala,Tlaxcala,2013,PV,9.3,
29,037,Tlaxcala,Ziltlaltépec de Trinidad Sánchez Santos,2013,PV,7.3,
29,044,Tlaxcala,Zacatelco,2013,PV,6.1,
30,001,Veracruz,Acajete,2013,PV,8.2,
30,002,Veracruz,Acatlán,2013,PV,10.2,
30,004,Veracruz,Actopan,2013,PV,19.0,
30,007,Veracruz,Camarón de Tejeda,2013,PV,19.7,
30,009,Veracruz,Alto Lucero de Gutiérrez Barrios,2013,PV,7.4,
30,010,Veracruz,Altotonga,2013,PV,11.7,
30,011,Veracruz,Alvarado,2013,PV,22.1,
30,015,Veracruz,Angel R. Cabada,2013,PV,20.9,
30,016,Veracruz,La Antigua,2013,PV,21.0,
30,017,Veracruz,Apazapan,2013,PV,19.5,
30,026,Veracruz,Banderilla,2013,PV,11.2,
30,028,Veracruz,Boca del Río,2013,PV,23.2,
30,032,Veracruz,Catemaco,2013,PV,19.6,
30,038,Veracruz,Coatepec,2013,PV,12.6,
30,039,Veracruz,Coatzacoalcos,2013,PV,20.2,
30,045,Oaxaca,Cosamaloapan de Carpio,2013,PV,22.9,
30,048,Veracruz,Cosoleacaque,2013,PV,22.9,
30,054,Veracruz,Chacaltianguis,2013,PV,22.6,
30,058,Veracruz,Chicontepec,2013,PV,19.3,
30,061,Veracruz,Las Choapas,2013,PV,19.5,
30,065,Veracruz,Emiliano Zapata,2013,PV,16.0,
30,071,Veracruz,Huatusco,2013,PV,12.2,
30,072,Veracruz,Huayacocotla,2013,PV,8.7,
30,073,Veracruz,Hueyapan de Ocampo,2013,PV,20.4,
30,077,Veracruz,Isla,2013,PV,20.8,
30,087,Veracruz,Xalapa,2013,PV,14.5,
30,091,Veracruz,Jesús Carranza,2013,PV,21.5,
30,093,Veracruz,Jilotepec,2013,PV,14.0,
30,097,Veracruz,Lerdo de Tejada,2013,PV,21.7,
30,100,Veracruz,Manlio Fabio Altamirano,2013,PV,21.8,
30,101,Veracruz,Mariano Escobedo,2013,PV,5.4,
30,102,Veracruz,Martínez de la Torre,2013,PV,19.0,
30,104,Veracruz,Mecayapan,2013,PV,21.2,
30,105,Veracruz,Medellín de Bravo,2013,PV,20.2,
30,108,Veracruz,Minatitlán,2013,PV,18.9,
30,109,Veracruz,Misantla,2013,PV,17.7,
30,112,Veracruz,Naolinco,2013,PV,13.4,
30,114,Veracruz,Nautla,2013,PV,21.0,
30,118,Veracruz,Orizaba,2013,PV,15.6,
30,123,Veracruz,Pánuco,2013,PV,19.6,
30,124,Veracruz,Papantla,2013,PV,19.6,
30,126,Veracruz,Paso de Ovejas,2013,PV,20.5,
30,128,Veracruz,Perote,2013,PV,4.5,
30,130,Veracruz,Playa Vicente,2013,PV,22.6,
30,132,Veracruz,Las Vigas de Ramírez,2013,PV,6.9,
30,134,Veracruz,Puente Nacional,2013,PV,21.5,
30,141,Veracruz,San Andrés Tuxtla,2013,PV,19.0,
30,142,Veracruz,San Juan Evangelista,2013,PV,23.5,
30,143,Veracruz,Santiago Tuxtla,2013,PV,21.7,
30,155,Veracruz,Tantoyuca,2013,PV,20.1,
30,160,Veracruz,Álamo Temapache,2013,PV,18.8,
30,161,Veracruz,Tempoal,2013,PV,19.9,
30,163,Veracruz,Tenochtitlán,2013,PV,15.5,
30,164,Veracruz,Teocelo,2013,PV,7.9,
30,167,Veracruz,Tepetzintla,2013,PV,19.2,
30,169,Veracruz,José Azueta,2013,PV,20.1,
30,174,Veracruz,Tierra Blanca,2013,PV,20.3,
30,175,Veracruz,Tihuatlán,2013,PV,18.0,
30,189,Veracruz,Tuxpan,2013,PV,20.1,
30,191,Veracruz,Ursulo Galván,2013,PV,22.3,
30,208,Veracruz,Carlos A. Carrillo,2013,PV,23.0,
31,001,Yucatán,Abalá,2013,PV,18.3,
31,010,Yucatán,Cantamayec,2013,PV,22.1,
31,013,Yucatán,Conkal,2013,PV,21.0,
31,015,Yucatán,Cuzamá,2013,PV,20.1,
31,019,Yucatán,Chemax,2013,PV,20.4,
31,022,Yucatán,Chikindzonot,2013,PV,20.2,
31,023,Yucatán,Chocholá,2013,PV,20.8,
31,027,Yucatán,Dzidzantún,2013,PV,19.8,
31,040,Yucatán,Izamal,2013,PV,22.4,
31,050,Yucatán,Mérida,2013,PV,11.3,
31,051,Yucatán,Mocochá,2013,PV,21.4,
31,052,Yucatán,Motul,2013,PV,21.1,
31,053,Yucatán,Muna,2013,PV,20.3,
31,055,Yucatán,Opichén,2013,PV,15.5,
31,056,Yucatán,Oxkutzcab,2013,PV,18.8,
31,058,Yucatán,Peto,2013,PV,21.2,
31,059,Yucatán,Progreso,2013,PV,22.8,
31,061,Yucatán,Río Lagartos,2013,PV,20.3,
31,079,Yucatán,Tekax,2013,PV,16.2,
31,089,Yucatán,Ticul,2013,PV,20.2,
31,096,Yucatán,Tizimín,2013,PV,19.4,
31,098,Yucatán,Tzucacab,2013,PV,16.2,
31,102,Yucatán,Valladolid,2013,PV,22.1,
32,003,Zacatecas,Atolinga,2013,PV,5.7,
32,005,Zacatecas,Calera,2013,PV,5.6,
32,006,Zacatecas,Cañitas de Felipe Pescador,2013,PV,5.0,
32,007,Zacatecas,Concepción del Oro,2013,PV,8.9,
32,008,Zacatecas,Cuauhtémoc,2013,PV,7.1,
32,009,Zacatecas,Chalchihuites,2013,PV,8.9,
32,010,Zacatecas,Fresnillo,2013,PV,4.5,
32,012,Zacatecas,Genaro Codina,2013,PV,5.0,
32,014,Zacatecas,General Francisco R. Murguía,2013,PV,10.0,
32,016,Zacatecas,General Pánfilo Natera,2013,PV,4.6,
32,017,Zacatecas,Guadalupe,2013,PV,11.0,
32,019,Zacatecas,Jalpa,2013,PV,10.6,
32,020,Zacatecas,Jerez,2013,PV,6.2,
32,022,Zacatecas,Juan Aldama,2013,PV,8.3,
32,023,Zacatecas,Juchipila,2013,PV,10.2,
32,024,Zacatecas,Loreto,2013,PV,8.0,
32,025,Zacatecas,Luis Moya,2013,PV,6.2,
32,028,Zacatecas,Mezquital del Oro,2013,PV,12.4,
32,029,Zacatecas,Miguel Auza,2013,PV,8.4,
32,031,Zacatecas,Monte Escobedo,2013,PV,2.2,
32,032,Zacatecas,Morelos,2013,PV,7.3,
32,034,Zacatecas,Nochistlán de Mejía,2013,PV,8.8,
32,036,Zacatecas,Ojocaliente,2013,PV,6.0,
32,038,Zacatecas,Pinos,2013,PV,5.9,
32,039,Zacatecas,Río Grande,2013,PV,7.0,
32,040,Zacatecas,Sain Alto,2013,PV,5.6,
32,042,Zacatecas,Sombrerete,2013,PV,8.2,
32,044,Zacatecas,Tabasco,2013,PV,13.0,
32,045,Zacatecas,Tepechitlán,2013,PV,5.5,
32,047,Zacatecas,Teúl de González Ortega,2013,PV,4.7,
32,048,Zacatecas,Tlaltenango de Sánchez Román,2013,PV,4.4,
32,049,Zacatecas,Valparaíso,2013,PV,2.0,
32,051,Zacatecas,Villa de Cos,2013,PV,8.7,
32,053,Zacatecas,Villa González Ortega,2013,PV,6.6,
32,054,Zacatecas,Villa Hidalgo,2013,PV,6.1,
32,055,Zacatecas,Villanueva,2013,PV,3.6,
32,056,Zacatecas,Zacatecas,2013,PV,10.8,
01,001,Aguascalientes,Aguascalientes,2015,OI,1.3,
01,002,Aguascalientes,Asientos,2015,OI,1.4,
01,003,Aguascalientes,Calvillo,2015,OI,5.3,
01,004,Aguascalientes,Cosío,2015,OI,2.4,
01,006,Aguascalientes,Pabellón de Arteaga,2015,OI,5.8,
01,007,Aguascalientes,Rincón de Romos,2015,OI,6.4,
01,008,Aguascalientes,San José de Gracia,2015,OI,3.2,
01,009,Aguascalientes,Tepezalá,2015,OI,7.2,
01,010,Aguascalientes,El Llano,2015,OI,2.6,
02,001,Baja California,Ensenada,2015,OI,7.6,
02,002,Baja California,Mexicali,2015,OI,8.1,
02,003,Baja California,Tecate,2015,OI,5.3,
02,004,Baja California,Tijuana,2015,OI,9.8,
02,006,Baja California,San Quintín,2015,OI,10.2,
02,007,Baja California,San Felipe,2015,OI,11.3,
03,001,Baja California Sur,Comondú,2015,OI,10.7,
03,002,Baja California Sur,Mulegé,2015,OI,6.2,
03,003,Baja California Sur,La Paz,2015,OI,10.0,
03,008,Baja California Sur,Los Cabos,2015,OI,9.1,
03,009,Baja California Sur,Loreto,2015,OI,13.8,
04,002,Campeche,Campeche,2015,OI,16.5,
04,003,Campeche,Carmen,2015,OI,17.5,
04,004,Campeche,Champotón,2015,OI,17.0,
04,005,Campeche,Hecelchakán,2015,OI,17.6,
04,006,Campeche,Hopelchén,2015,OI,15.1,
04,007,Campeche,Palizada,2015,OI,17.3,
04,009,Campeche,Escárcega,2015,OI,16.8,
04,011,Campeche,Candelaria,2015,OI,17.7,
05,002,Coahuila,Acuña,2015,OI,3.8,
05,003,Coahuila,Allende,2015,OI,4.5,
05,004,Coahuila,Arteaga,2015,OI,3.9,
05,005,Coahuila,Candela,2015,OI,6.1,
05,007,Coahuila,Cuatro Ciénegas,2015,OI,4.9,
05,009,Coahuila,Francisco I. Madero,2015,OI,16.1,
05,014,Coahuila,Jiménez,2015,OI,2.5,
05,015,Coahuila,Juárez,2015,OI,5.6,
05,017,Coahuila,Matamoros,2015,OI,7.9,
05,018,Coahuila,Monclova,2015,OI,6.3,
05,022,Coahuila,Nava,2015,OI,5.9,
05,024,Coahuila,Parras,2015,OI,7.8,
05,025,Coahuila,Piedras Negras,2015,OI,5.2,
05,026,Coahuila,Progreso,2015,OI,4.6,
05,027,Coahuila,Ramos Arizpe,2015,OI,6.5,
05,028,Coahuila,Sabinas,2015,OI,4.2,
05,030,Coahuila,Saltillo,2015,OI,4.9,
05,032,Coahuila,San Juan de Sabinas,2015,OI,3.4,
05,033,Coahuila,San Pedro,2015,OI,7.5,
05,034,Coahuila,Sierra Mojada,2015,OI,5.7,
05,035,Coahuila,Torreón,2015,OI,5.8,
06,001,Colima,Armería,2015,OI,19.0,
06,002,Colima,Colima,2015,OI,16.9,
06,003,Colima,Comala,2015,OI,17.8,
06,004,Colima,Coquimatlán,2015,OI,15.5,
06,005,Colima,Cuauhtémoc,2015,OI,15.2,
06,006,Colima,Ixtlahuacán,2015,OI,18.6,
06,007,Colima,Manzanillo,2015,OI,19.3,
06,009,Colima,Tecomán,2015,OI,17.1,
07,001,Chiapas,Acacoyagua,2015,OI,19.6,
07,002,Chiapas,Acala,2015,OI,14.6,
07,008,Chiapas,Ángel Albino Corzo,2015,OI,12.1,
07,009,Chiapas,Arriaga,2015,OI,20.2,
07,019,Chiapas,Comitán de Domínguez,2015,OI,11.4,
07,020,Chiapas,La Concordia,2015,OI,14.0,
07,027,Chiapas,Chiapa de Corzo,2015,OI,14.6,
07,029,Chiapas,Chicoasén,2015,OI,16.5,
07,030,Chiapas,Chicomuselo,2015,OI,13.4,
07,032,Chiapas,Escuintla,2015,OI,18.5,
07,034,Chiapas,Frontera Comalapa,2015,OI,14.5,
07,040,Chiapas,Huixtla,2015,OI,19.7,
07,046,Chiapas,Jiquipilas,2015,OI,14.3,
07,049,Chiapas,Larráinzar,2015,OI,16.6,
07,051,Chiapas,Mapastepec,2015,OI,19.6,
07,059,Chiapas,Ocosingo,2015,OI,17.9,
07,062,Chiapas,Ostuacán,2015,OI,17.8,
07,063,Chiapas,Osumacinta,2015,OI,17.2,
07,068,Chiapas,Pichucalco,2015,OI,18.4,
07,069,Chiapas,Pijijiapan,2015,OI,21.0,
07,071,Chiapas,Villa Comaltitlán,2015,OI,19.6,
07,077,Chiapas,Salto de Agua,2015,OI,17.8,
07,078,Chiapas,San Cristóbal de las Casas,2015,OI,5.7,
07,086,Chiapas,Suchiapa,2015,OI,16.3,
07,089,Chiapas,Tapachula,2015,OI,16.4,
07,092,Chiapas,Tecpatán,2015,OI,16.3,
07,097,Chiapas,Tonalá,2015,OI,20.1,
07,099,Chiapas,La Trinitaria,2015,OI,15.1,
07,101,Chiapas,Tuxtla Gutiérrez,2015,OI,16.2,
07,106,Chiapas,Venustiano Carranza,2015,OI,13.9,
07,107,Chiapas,Villa Corzo,2015,OI,13.9,
07,108,Chiapas,Villaflores,2015,OI,12.4,
07,123,Chiapas,Emiliano Zapata,2015,OI,15.3,
07,124,Chiapas,Mezcalapa,2015,OI,19.1,
08,002,Chihuahua,Aldama,2015,OI,4.9,
08,006,Chihuahua,Bachíniva,2015,OI,-0.5,
08,007,Chihuahua,Balleza,2015,OI,-5.0,
08,008,Chihuahua,Batopilas de Manuel Gómez Morín,2015,OI,7.1,
08,009,Chihuahua,Bocoyna,2015,OI,-4.8,
08,010,Chihuahua,Buenaventura,2015,OI,-1.4,
08,011,Chihuahua,Camargo,2015,OI,4.2,
08,014,Chihuahua,Coronado,2015,OI,3.5,
08,019,Chihuahua,Chihuahua,2015,OI,1.2,
08,020,Chihuahua,Chínipas,2015,OI,7.3,
08,021,Chihuahua,Delicias,2015,OI,2.1,
08,027,Chihuahua,Guachochi,2015,OI,-0.4,
08,029,Chihuahua,Guadalupe y Calvo,2015,OI,1.3,
08,031,Chihuahua,Guerrero,2015,OI,-1.5,
08,032,Chihuahua,Hidalgo del Parral,2015,OI,3.7,
08,036,Chihuahua,Jiménez,2015,OI,3.2,
08,037,Chihuahua,Juárez,2015,OI,0.8,
08,040,Chihuahua,Madera,2015,OI,-0.3,
08,041,Chihuahua,Maguarichi,2015,OI,0.7,
08,050,Chihuahua,Nuevo Casas Grandes,2015,OI,-0.1,
08,051,Chihuahua,Ocampo,2015,OI,-2.0,
08,052,Chihuahua,Ojinaga,2015,OI,1.2,
08,055,Chihuahua,Rosales,2015,OI,3.3,
08,058,Chihuahua,San Francisco de Conchos,2015,OI,2.4,
08,063,Chihuahua,Temósachic,2015,OI,-5.3,
08,065,Chihuahua,Urique,2015,OI,13.1,
08,067,Chihuahua,Valle de Zaragoza,2015,OI,3.5,
09,005,Ciudad de México,Gustavo A. Madero,2015,OI,4.0,
09,006,Ciudad de México,Iztacalco,2015,OI,9.1,
09,012,Ciudad de México,Tlalpan,2015,OI,8.8,
09,016,Ciudad de México,Miguel Hidalgo,2015,OI,8.8,
09,017,Ciudad de México,Venustiano Carranza,2015,OI,7.7,
10,001,Durango,Canatlán,2015,OI,2.8,
10,004,Durango,Cuencamé,2015,OI,7.6,
10,005,Durango,Durango,2015,OI,-1.3,
10,008,Durango,Guadalupe Victoria,2015,OI,5.3,
10,009,Durango,Guanaceví,2015,OI,-5.9,
10,010,Durango,Hidalgo,2015,OI,0.8,
10,011,Durango,Indé,2015,OI,3.4,
10,012,Durango,Lerdo,2015,OI,8.5,
10,013,Durango,Mapimí,2015,OI,2.4,
10,015,Durango,Nazas,2015,OI,5.4,
10,017,Durango,Ocampo,2015,OI,2.6,
10,018,Durango,El Oro,2015,OI,0.1,
10,020,Durango,Pánuco de Coronado,2015,OI,8.5,
10,022,Durango,Poanas,2015,OI,4.7,
10,024,Durango,Rodeo,2015,OI,7.2,
10,025,Durango,San Bernardo,2015,OI,-2.1,
10,026,Durango,San Dimas,2015,OI,-1.0,
10,027,Durango,San Juan de Guadalupe,2015,OI,7.6,
10,030,Durango,San Pedro del Gallo,2015,OI,5.6,
10,031,Durango,Santa Clara,2015,OI,6.4,
10,031,Zacatecas,Santa Clara,2015,OI,2.7,
10,032,Durango,Santiago Papasquiaro,2015,OI,3.6,
10,033,Durango,Súchil,2015,OI,4.6,
10,034,Durango,Tamazula,2015,OI,14.3,
10,035,Durango,Tepehuanes,2015,OI,1.6,
10,036,Durango,Tlahualilo,2015,OI,6.6,
11,001,Guanajuato,Abasolo,2015,OI,9.8,
11,002,Guanajuato,Acámbaro,2015,OI,7.7,
11,003,Guanajuato,San Miguel de Allende,2015,OI,4.8,
11,004,Guanajuato,Apaseo el Alto,2015,OI,7.9,
11,005,Guanajuato,Apaseo el Grande,2015,OI,5.8,
11,007,Guanajuato,Celaya,2015,OI,5.9,
11,008,Guanajuato,Manuel Doblado,2015,OI,4.1,
11,010,Guanajuato,Coroneo,2015,OI,3.0,
11,011,Guanajuato,Cortazar,2015,OI,4.7,
11,012,Guanajuato,Cuerámaro,2015,OI,9.1,
11,014,Guanajuato,Dolores Hidalgo Cuna de la Independencia Nacional,2015,OI,5.1,
11,015,Guanajuato,Guanajuato,2015,OI,7.4,
11,017,Guanajuato,Irapuato,2015,OI,5.9,
11,018,Guanajuato,Jaral del Progreso,2015,OI,6.1,
11,019,Guanajuato,Jerécuaro,2015,OI,5.0,
11,020,Guanajuato,León,2015,OI,8.7,
11,022,Guanajuato,Ocampo,2015,OI,3.6,
11,023,Guanajuato,Pénjamo,2015,OI,5.9,
11,025,Guanajuato,Purísima del Rincón,2015,OI,6.5,
11,027,Guanajuato,Salamanca,2015,OI,7.0,
11,028,Guanajuato,Salvatierra,2015,OI,5.2,
11,030,Guanajuato,San Felipe,2015,OI,2.7,
11,033,Guanajuato,San Luis de la Paz,2015,OI,3.3,
11,037,Guanajuato,Silao de la Victoria,2015,OI,7.0,
11,039,Guanajuato,Tarimoro,2015,OI,8.1,
11,042,Guanajuato,Valle de Santiago,2015,OI,6.3,
11,045,Guanajuato,Xichú,2015,OI,8.8,
12,001,Guerrero,Acapulco de Juárez,2015,OI,21.6,
12,003,Guerrero,Ajuchitlán del Progreso,2015,OI,19.8,
12,005,Guerrero,Alpoyeca,2015,OI,13.5,
12,011,Guerrero,Atoyac de Álvarez,2015,OI,21.3,
12,014,Guerrero,Benito Juárez,2015,OI,21.5,
12,015,Guerrero,Buenavista de Cuéllar,2015,OI,13.8,
12,018,Guerrero,Copala,2015,OI,24.4,
12,021,Guerrero,Coyuca de Benítez,2015,OI,20.9,
12,023,Guerrero,Cuajinicuilapa,2015,OI,20.4,
12,028,Guerrero,Chilapa de Álvarez,2015,OI,10.7,
12,029,Guerrero,Chilpancingo de los Bravo,2015,OI,13.2,
12,034,Guerrero,Huitzuco de los Figueroa,2015,OI,13.3,
12,035,Guerrero,Iguala de la Independencia,2015,OI,15.0,
12,036,Guerrero,Igualapa,2015,OI,18.0,
12,038,Guerrero,Zihuatanejo de Azueta,2015,OI,20.1,
12,039,Guerrero,Juan R. Escudero,2015,OI,19.7,
12,040,Guerrero,Leonardo Bravo,2015,OI,11.5,
12,044,Guerrero,Mochitlán,2015,OI,16.1,
12,045,Guerrero,Olinalá,2015,OI,10.5,
12,050,Guerrero,Pungarabato,2015,OI,18.6,
12,053,Guerrero,San Marcos,2015,OI,12.6,
12,055,Guerrero,Taxco de Alarcón,2015,OI,14.8,
12,057,Guerrero,Técpan de Galeana,2015,OI,20.8,
12,061,Guerrero,Tixtla de Guerrero,2015,OI,11.0,
12,066,Guerrero,Tlapa de Comonfort,2015,OI,13.5,
12,068,Michoacán,La Unión de Isidoro Montes de Oca,2015,OI,22.6,
12,070,Guerrero,Xochihuehuetlán,2015,OI,11.3,
12,073,Guerrero,Zirándaro,2015,OI,14.6,
12,082,Guerrero,Las Vigas,2015,OI,19.2,
13,003,Hidalgo,Actopan,2015,OI,4.5,
13,006,Hidalgo,Alfajayucan,2015,OI,7.2,
13,011,Hidalgo,Atlapexco,2015,OI,13.0,
13,013,Hidalgo,Atotonilco de Tula,2015,OI,4.4,
13,016,Hidalgo,Cuautepec de Hinojosa,2015,OI,4.6,
13,019,Hidalgo,Chilcuautla,2015,OI,5.7,
13,028,Hidalgo,Huejutla de Reyes,2015,OI,10.6,
13,028,Veracruz,Huejutla de Reyes,2015,OI,13.2,
13,029,Hidalgo,Huichapan,2015,OI,4.0,
13,030,Hidalgo,Ixmiquilpan,2015,OI,4.7,
13,037,Hidalgo,Metztitlán,2015,OI,9.1,
13,046,Hidalgo,San Felipe Orizatlán,2015,OI,12.9,
13,048,Hidalgo,Pachuca de Soto,2015,OI,5.3,
13,064,Hidalgo,Tepetitlán,2015,OI,5.5,
13,077,Hidalgo,Tulancingo de Bravo,2015,OI,6.6,
13,081,Hidalgo,Zacualtipán de Ángeles,2015,OI,5.1,
13,084,Hidalgo,Zimapán,2015,OI,8.6,
14,002,Jalisco,Acatlán de Juárez,2015,OI,7.3,
14,006,Jalisco,Ameca,2015,OI,7.3,
14,015,Jalisco,Autlán de Navarro,2015,OI,11.9,
14,017,Jalisco,Ayutla,2015,OI,8.8,
14,019,Jalisco,Bolaños,2015,OI,12.2,
14,022,Jalisco,Cihuatlán,2015,OI,19.5,
14,023,Jalisco,Zapotlán el Grande,2015,OI,8.2,
14,025,Jalisco,Colotlán,2015,OI,5.8,
14,030,Jalisco,Chapala,2015,OI,13.3,
14,033,Jalisco,Degollado,2015,OI,9.1,
14,039,Jalisco,Guadalajara,2015,OI,9.9,
14,041,Jalisco,Huejúcar,2015,OI,4.1,
14,046,Jalisco,Jalostotitlán,2015,OI,2.3,
14,047,Jalisco,Jamay,2015,OI,6.8,
14,051,Jalisco,Juanacatlán,2015,OI,6.7,
14,053,Jalisco,Lagos de Moreno,2015,OI,4.4,
14,054,Jalisco,El Limón,2015,OI,13.0,
14,058,Jalisco,Mascota,2015,OI,6.3,
14,061,Jalisco,Mezquitic,2015,OI,5.4,
14,065,Jalisco,Pihuamo,2015,OI,16.6,
14,067,Jalisco,Puerto Vallarta,2015,OI,16.7,
14,070,Jalisco,El Salto,2015,OI,12.0,
14,071,Jalisco,San Cristóbal de la Barranca,2015,OI,11.3,
14,081,Jalisco,Santa María de los Ángeles,2015,OI,3.5,
14,091,Jalisco,Teocaltiche,2015,OI,4.1,
14,095,Jalisco,Teuchitlán,2015,OI,8.0,
14,096,Jalisco,Tizapán el Alto,2015,OI,11.1,
14,098,Jalisco,San Pedro Tlaquepaque,2015,OI,10.6,
14,100,Jalisco,Tomatlán,2015,OI,19.4,
14,118,Jalisco,Yahualica de González Gallo,2015,OI,5.3,
14,120,Jalisco,Zapopan,2015,OI,8.5,
15,002,Estado de México,Acolman,2015,OI,4.1,
15,003,Estado de México,Aculco,2015,OI,2.6,
15,003,Querétaro,Aculco,2015,OI,5.4,
15,005,Estado de México,Almoloya de Juárez,2015,OI,-0.8,
15,011,Estado de México,Atenco,2015,OI,6.7,
15,013,Estado de México,Atizapán de Zaragoza,2015,OI,5.9,
15,014,Estado de México,Atlacomulco,2015,OI,0.7,
15,033,Estado de México,Ecatepec de Morelos,2015,OI,4.7,
15,042,Estado de México,Ixtlahuaca,2015,OI,0.2,
15,045,Estado de México,Jilotepec,2015,OI,1.7,
15,055,Estado de México,Mexicaltzingo,2015,OI,7.1,
15,057,Estado de México,Naucalpan de Juárez,2015,OI,3.3,
15,074,Estado de México,San Felipe del Progreso,2015,OI,0.8,
15,083,Estado de México,Temamatla,2015,OI,3.7,
15,087,Estado de México,Temoaya,2015,OI,-1.1,
15,091,Estado de México,Teoloyucan,2015,OI,2.1,
15,095,Estado de México,Tepotzotlán,2015,OI,3.2,
15,096,Estado de México,Tequixquiac,2015,OI,1.2,
15,097,Estado de México,Texcaltitlán,2015,OI,4.1,
15,099,Estado de México,Texcoco,2015,OI,3.5,
15,100,Estado de México,Tezoyuca,2015,OI,10.5,
15,101,Estado de México,Tianguistenco,2015,OI,1.1,
15,106,Estado de México,Toluca,2015,OI,0.6,
15,109,Estado de México,Tultitlán,2015,OI,7.4,
15,112,Estado de México,Villa del Carbón,2015,OI,2.0,
15,113,Estado de México,Villa Guerrero,2015,OI,6.5,
15,118,Estado de México,Zinacantepec,2015,OI,1.9,
15,120,Estado de México,Zumpango,2015,OI,2.9,
16,003,Michoacán,Álvaro Obregón,2015,OI,5.5,
16,004,Michoacán,Angamacutiro,2015,OI,8.7,
16,006,Michoacán,Apatzingán,2015,OI,16.8,
16,010,Michoacán,Arteaga,2015,OI,20.7,
16,017,Michoacán,Contepec,2015,OI,8.0,
16,019,Michoacán,Cotija,2015,OI,8.2,
16,034,Michoacán,Hidalgo,2015,OI,4.5,
16,035,Michoacán,La Huacana,2015,OI,17.7,
16,050,Michoacán,Maravatío,2015,OI,5.6,
16,053,Michoacán,Morelia,2015,OI,7.7,
16,067,Michoacán,Penjamillo,2015,OI,7.9,
16,069,Michoacán,La Piedad,2015,OI,7.1,
16,076,Michoacán,Sahuayo,2015,OI,7.7,
16,080,Michoacán,Senguio,2015,OI,5.8,
16,085,Michoacán,Tangancícuaro,2015,OI,4.1,
16,102,Michoacán,Uruapan,2015,OI,11.1,
16,105,Michoacán,Vista Hermosa,2015,OI,6.8,
16,106,Michoacán,Yurécuaro,2015,OI,10.0,
16,107,Michoacán,Zacapu,2015,OI,7.2,
16,110,Michoacán,Zinapécuaro,2015,OI,5.1,
16,113,Michoacán,José Sixto Verduzco,2015,OI,6.4,
17,001,Morelos,Amacuzac,2015,OI,9.3,
17,004,Morelos,Ayala,2015,OI,12.4,
17,006,Morelos,Cuautla,2015,OI,11.3,
17,007,Morelos,Cuernavaca,2015,OI,12.0,
17,008,Morelos,Emiliano Zapata,2015,OI,12.6,
17,009,Morelos,Huitzilac,2015,OI,3.8,
17,011,Morelos,Jiutepec,2015,OI,13.0,
17,012,Morelos,Jojutla,2015,OI,11.9,
17,013,Morelos,Jonacatepec de Leandro Valle,2015,OI,10.2,
17,016,Morelos,Ocuituco,2015,OI,6.2,
17,017,Morelos,Puente de Ixtla,2015,OI,10.3,
17,018,Morelos,Temixco,2015,OI,14.5,
17,019,Morelos,Tepalcingo,2015,OI,12.6,
17,020,Morelos,Tepoztlán,2015,OI,13.0,
17,021,Morelos,Tetecala,2015,OI,11.1,
17,024,Morelos,Tlaltizapán de Zapata,2015,OI,10.8,
17,025,Morelos,Tlaquiltenango,2015,OI,10.0,
17,026,Morelos,Tlayacapan,2015,OI,11.9,
17,028,Morelos,Xochitepec,2015,OI,11.7,
17,029,Morelos,Yautepec,2015,OI,9.0,
17,030,Morelos,Yecapixtla,2015,OI,10.7,
17,031,Morelos,Zacatepec,2015,OI,10.8,
17,032,Morelos,Zacualpan de Amilpas,2015,OI,10.0,
18,001,Nayarit,Acaponeta,2015,OI,15.6,
18,009,Nayarit,Del Nayar,2015,OI,13.6,
18,010,Nayarit,Rosamorada,2015,OI,15.5,
18,011,Nayarit,Ruíz,2015,OI,16.5,
18,015,Nayarit,Santiago Ixcuintla,2015,OI,16.0,
18,017,Nayarit,Tepic,2015,OI,13.8,
18,020,Nayarit,Bahía de Banderas,2015,OI,16.9,
19,003,Nuevo León,Los Aldamas,2015,OI,7.0,
19,005,Nuevo León,Anáhuac,2015,OI,4.1,
19,006,Nuevo León,Apodaca,2015,OI,7.8,
19,007,Nuevo León,Aramberri,2015,OI,3.3,
19,011,Nuevo León,Cerralvo,2015,OI,7.1,
19,012,Nuevo León,Ciénega de Flores,2015,OI,5.7,
19,013,Nuevo León,China,2015,OI,7.6,
19,014,Nuevo León,Doctor Arroyo,2015,OI,7.5,
19,017,Nuevo León,Galeana,2015,OI,1.6,
19,021,Nuevo León,General Escobedo,2015,OI,7.3,
19,024,Nuevo León,General Zaragoza,2015,OI,7.5,
19,025,Nuevo León,General Zuazua,2015,OI,8.3,
19,026,Nuevo León,Guadalupe,2015,OI,7.5,
19,028,Nuevo León,Higueras,2015,OI,5.6,
19,033,Nuevo León,Linares,2015,OI,5.8,
19,036,Nuevo León,Mier y Noriega,2015,OI,7.3,
19,038,Nuevo León,Montemorelos,2015,OI,6.3,
19,039,Nuevo León,Monterrey,2015,OI,5.8,
19,042,Nuevo León,Los Ramones,2015,OI,6.2,
19,046,Nuevo León,San Nicolás de los Garza,2015,OI,7.5,
19,049,Nuevo León,Santiago,2015,OI,7.4,
20,005,Oaxaca,Asunción Ixtaltepec,2015,OI,20.5,
20,014,Oaxaca,Ciudad Ixtepec,2015,OI,20.7,
20,039,Oaxaca,Heroica Ciudad de Huajuapan de León,2015,OI,7.5,
20,043,Oaxaca,Heroica Ciudad de Juchitán de Zaragoza,2015,OI,20.4,
20,052,Oaxaca,Magdalena Tequisistlán,2015,OI,14.3,
20,057,Oaxaca,Matías Romero Avendaño,2015,OI,16.7,
20,067,Oaxaca,Oaxaca de Juárez,2015,OI,8.4,
20,079,Oaxaca,Salina Cruz,2015,OI,22.4,
20,083,Oaxaca,San Agustín de las Juntas,2015,OI,8.8,
20,136,Oaxaca,San Felipe Usila,2015,OI,14.5,
20,173,Oaxaca,San Juan Atepec,2015,OI,7.0,
20,177,Oaxaca,San Juan Bautista Cuicatlán,2015,OI,13.1,
20,184,Oaxaca,San Juan Bautista Tuxtepec,2015,OI,16.3,
20,228,Oaxaca,San Lorenzo Cuaunecuiltitla,2015,OI,7.9,
20,250,Oaxaca,San Mateo Etlatongo,2015,OI,4.1,
20,262,Oaxaca,San Miguel Amatlán,2015,OI,3.5,
20,278,Oaxaca,San Miguel Soyaltepec,2015,OI,16.9,
20,324,Oaxaca,San Pedro Pochutla,2015,OI,21.5,
20,327,Oaxaca,San Pedro Tapanatepec,2015,OI,17.7,
20,357,Oaxaca,Santa Ana Tavela,2015,OI,12.3,
20,363,Oaxaca,Santa Catarina Ixtepeji,2015,OI,6.7,
20,385,Oaxaca,Santa Cruz Xoxocotlán,2015,OI,8.3,
20,413,Oaxaca,Santa María Huatulco,2015,OI,21.4,
20,417,Oaxaca,Santa María Jacatepec,2015,OI,16.2,
20,418,Oaxaca,Santa María Jalapa del Marqués,2015,OI,19.1,
20,468,Oaxaca,Santiago Jocotepec,2015,OI,16.7,
20,478,Oaxaca,Santiago Nacaltepec,2015,OI,11.7,
20,482,Oaxaca,Santiago Pinotepa Nacional,2015,OI,18.9,
20,498,Oaxaca,Santiago Yaveo,2015,OI,15.7,
20,502,Oaxaca,Santiago Zacatepec,2015,OI,12.0,
20,525,Oaxaca,Santo Domingo Zanatepec,2015,OI,14.7,
20,559,Oaxaca,San Juan Bautista Valle Nacional,2015,OI,16.8,
21,001,Puebla,Acajete,2015,OI,4.0,
21,003,Puebla,Acatlán,2015,OI,11.4,
21,008,Puebla,Ahuazotepec,2015,OI,1.9,
21,015,Puebla,Amozoc,2015,OI,5.5,
21,019,Puebla,Atlixco,2015,OI,8.3,
21,023,Puebla,Atzitzintla,2015,OI,3.1,
21,025,Puebla,Ayotoxco de Guerrero,2015,OI,13.9,
21,026,Puebla,Calpan,2015,OI,1.4,
21,031,Puebla,Coatzingo,2015,OI,10.3,
21,043,Puebla,Cuetzalan del Progreso,2015,OI,9.6,
21,045,Puebla,Chalchicomula de Sesma,2015,OI,3.3,
21,051,Puebla,Chietla,2015,OI,12.2,
21,053,Puebla,Chignahuapan,2015,OI,2.0,
21,059,Puebla,Chinantla,2015,OI,11.0,
21,069,Puebla,Huaquechula,2015,OI,10.9,
21,071,Puebla,Huauchinango,2015,OI,7.6,
21,083,Puebla,Ixtacamaxtitlán,2015,OI,1.1,
21,085,Puebla,Izúcar de Matamoros,2015,OI,12.9,
21,086,Puebla,Jalpan,2015,OI,13.3,
21,094,Puebla,Libres,2015,OI,4.6,
21,098,Puebla,Molcaxac,2015,OI,5.5,
21,106,Puebla,Ocoyucan,2015,OI,5.7,
21,108,Puebla,Oriental,2015,OI,7.8,
21,114,Puebla,Puebla,2015,OI,4.2,
21,140,Puebla,San Pedro Cholula,2015,OI,4.9,
21,145,Puebla,San Sebastián Tlacotepec,2015,OI,15.0,
21,153,Puebla,Tecali de Herrera,2015,OI,5.3,
21,154,Puebla,Tecamachalco,2015,OI,5.1,
21,156,Puebla,Tehuacán,2015,OI,6.8,
21,160,Puebla,Teotlalco,2015,OI,9.5,
21,162,Puebla,Tepango de Rodríguez,2015,OI,4.6,
21,170,Puebla,Tepeyahualco,2015,OI,0.8,
21,172,Puebla,Tetela de Ocampo,2015,OI,6.3,
21,174,Puebla,Teziutlán,2015,OI,6.9,
21,180,Puebla,Tlahuapan,2015,OI,4.6,
21,184,Puebla,Tlapacoya,2015,OI,4.6,
21,186,Puebla,Tlatlauquitepec,2015,OI,1.5,
21,187,Puebla,Tlaxco,2015,OI,13.5,
21,193,Puebla,Tzicatlacoyan,2015,OI,3.8,
21,194,Puebla,Venustiano Carranza,2015,OI,3.5,
21,197,Puebla,Xicotepec,2015,OI,9.4,
21,198,Puebla,Xicotlán,2015,OI,10.4,
21,207,Puebla,Zacapoaxtla,2015,OI,4.8,
21,217,Puebla,Zoquitlán,2015,OI,9.2,
22,006,Querétaro,Corregidora,2015,OI,7.5,
22,008,Querétaro,Huimilpan,2015,OI,7.7,
22,009,Querétaro,Jalpan de Serra,2015,OI,10.9,
22,011,Querétaro,El Marqués,2015,OI,4.8,
22,013,Querétaro,Peñamiller,2015,OI,9.8,
22,014,Querétaro,Querétaro,2015,OI,7.9,
22,016,Querétaro,San Juan del Río,2015,OI,6.7,
23,001,Quintana Roo,Cozumel,2015,OI,12.2,
23,002,Quintana Roo,Felipe Carrillo Puerto,2015,OI,16.4,
23,004,Quintana Roo,Othón P. Blanco,2015,OI,17.1,
23,005,Quintana Roo,Benito Juárez,2015,OI,18.9,
23,008,Quintana Roo,Solidaridad,2015,OI,20.3,
23,009,Quintana Roo,Tulum,2015,OI,18.5,
24,003,San Luis Potosí,Aquismón,2015,OI,10.9,
24,008,San Luis Potosí,Cerritos,2015,OI,6.8,
24,013,San Luis Potosí,Ciudad Valles,2015,OI,10.1,
24,016,San Luis Potosí,Ebano,2015,OI,11.9,
24,020,San Luis Potosí,Matehuala,2015,OI,6.5,
24,024,San Luis Potosí,Rioverde,2015,OI,9.7,
24,027,San Luis Potosí,San Ciro de Acosta,2015,OI,9.2,
24,028,San Luis Potosí,San Luis Potosí,2015,OI,5.8,
24,032,San Luis Potosí,Santa María del Río,2015,OI,4.7,
24,034,San Luis Potosí,San Vicente Tancuayalab,2015,OI,12.0,
24,034,Veracruz,San Vicente Tancuayalab,2015,OI,11.5,
24,037,San Luis Potosí,Tamazunchale,2015,OI,12.9,
24,039,San Luis Potosí,Tampamolón Corona,2015,OI,12.0,
24,041,San Luis Potosí,Tanlajás,2015,OI,11.8,
24,050,San Luis Potosí,Villa de Reyes,2015,OI,4.7,
24,053,San Luis Potosí,Axtla de Terrazas,2015,OI,12.3,
24,057,San Luis Potosí,Matlapa,2015,OI,13.2,
24,058,San Luis Potosí,El Naranjo,2015,OI,11.1,
25,001,Sinaloa,Ahome,2015,OI,9.0,
25,003,Sinaloa,Badiraguato,2015,OI,9.9,
25,005,Sinaloa,Cosalá,2015,OI,14.0,
25,006,Sinaloa,Culiacán,2015,OI,10.3,
25,007,Sinaloa,Choix,2015,OI,10.5,
25,008,Sinaloa,Elota,2015,OI,9.4,
25,010,Sinaloa,El Fuerte,2015,OI,9.6,
25,011,Sinaloa,Guasave,2015,OI,11.6,
25,012,Sinaloa,Mazatlán,2015,OI,13.4,
25,013,Sinaloa,Mocorito,2015,OI,11.5,
25,014,Sinaloa,Rosario,2015,OI,13.9,
25,015,Sinaloa,Salvador Alvarado,2015,OI,13.4,
25,016,Sinaloa,San Ignacio,2015,OI,12.2,
25,017,Sinaloa,Sinaloa,2015,OI,10.9,
26,001,Sonora,Aconchi,2015,OI,5.2,
26,003,Sonora,Álamos,2015,OI,6.8,
26,006,Sonora,Arizpe,2015,OI,0.1,
26,010,Sonora,Bacerac,2015,OI,2.5,
26,013,Sonora,Banámichi,2015,OI,7.3,
26,017,Sonora,Caborca,2015,OI,4.8,
26,018,Sonora,Cajeme,2015,OI,10.1,
26,021,Sonora,La Colorada,2015,OI,5.6,
26,025,Sonora,Empalme,2015,OI,12.5,
26,029,Sonora,Guaymas,2015,OI,6.4,
26,030,Sonora,Hermosillo,2015,OI,8.4,
26,031,Sonora,Huachinera,2015,OI,-0.5,
26,035,Sonora,Imuris,2015,OI,4.0,
26,037,Sonora,Mazatán,2015,OI,7.9,
26,040,Sonora,Nácori Chico,2015,OI,7.0,
26,041,Sonora,Nacozari de García,2015,OI,3.4,
26,042,Sonora,Navojoa,2015,OI,10.5,
26,043,Sonora,Nogales,2015,OI,10.0,
26,045,Sonora,Opodepe,2015,OI,7.6,
26,046,Sonora,Oquitoa,2015,OI,7.1,
26,048,Sonora,Puerto Peñasco,2015,OI,11.7,
26,049,Sonora,Quiriego,2015,OI,7.2,
26,052,Sonora,Sahuaripa,2015,OI,7.5,
26,056,Sonora,San Miguel de Horcasitas,2015,OI,4.2,
26,061,Sonora,Soyopa,2015,OI,11.3,
26,063,Sonora,Tepache,2015,OI,9.9,
26,064,Sonora,Trincheras,2015,OI,4.0,
26,065,Sonora,Tubutama,2015,OI,3.5,
26,069,Sonora,Yécora,2015,OI,-1.4,
26,070,Sonora,General Plutarco Elías Calles,2015,OI,4.7,
27,001,Tabasco,Balancán,2015,OI,17.2,
27,002,Tabasco,Cárdenas,2015,OI,18.0,
27,004,Tabasco,Centro,2015,OI,18.1,
27,006,Tabasco,Cunduacán,2015,OI,18.2,
27,007,Tabasco,Emiliano Zapata,2015,OI,19.5,
27,012,Tabasco,Macuspana,2015,OI,18.7,
27,014,Tabasco,Paraíso,2015,OI,20.3,
27,015,Tabasco,Tacotalpa,2015,OI,17.3,
27,016,Tabasco,Teapa,2015,OI,18.3,
27,017,Tabasco,Tenosique,2015,OI,18.9,
29,003,Tlaxcala,Atlangatepec,2015,OI,0.7,
29,006,Tlaxcala,Calpulalpan,2015,OI,1.0,
29,007,Tlaxcala,El Carmen Tequexquitla,2015,OI,1.6,
29,008,Tlaxcala,Cuapiaxtla,2015,OI,3.4,
29,013,Tlaxcala,Huamantla,2015,OI,2.3,
29,025,Tlaxcala,San Pablo del Monte,2015,OI,3.1,
29,033,Tlaxcala,Tlaxcala,2015,OI,5.7,
29,037,Tlaxcala,Ziltlaltépec de Trinidad Sánchez Santos,2015,OI,3.0,
29,044,Tlaxcala,Zacatelco,2015,OI,4.8,
30,001,Veracruz,Acajete,2015,OI,4.1,
30,002,Veracruz,Acatlán,2015,OI,6.9,
30,004,Veracruz,Actopan,2015,OI,13.4,
30,007,Veracruz,Camarón de Tejeda,2015,OI,15.5,
30,010,Veracruz,Altotonga,2015,OI,5.8,
30,011,Veracruz,Alvarado,2015,OI,17.5,
30,015,Veracruz,Angel R. Cabada,2015,OI,15.9,
30,016,Veracruz,La Antigua,2015,OI,16.3,
30,017,Veracruz,Apazapan,2015,OI,15.2,
30,026,Veracruz,Banderilla,2015,OI,8.2,
30,028,Veracruz,Boca del Río,2015,OI,17.9,
30,032,Veracruz,Catemaco,2015,OI,14.1,
30,038,Veracruz,Coatepec,2015,OI,8.4,
30,039,Veracruz,Coatzacoalcos,2015,OI,17.3,
30,045,Oaxaca,Cosamaloapan de Carpio,2015,OI,16.2,
30,046,Veracruz,Cosautlán de Carvajal,2015,OI,12.0,
30,048,Veracruz,Cosoleacaque,2015,OI,17.5,
30,054,Veracruz,Chacaltianguis,2015,OI,17.3,
30,058,Veracruz,Chicontepec,2015,OI,12.1,
30,061,Veracruz,Las Choapas,2015,OI,16.1,
30,065,Veracruz,Emiliano Zapata,2015,OI,12.0,
30,071,Veracruz,Huatusco,2015,OI,7.8,
30,072,Veracruz,Huayacocotla,2015,OI,5.7,
30,073,Veracruz,Hueyapan de Ocampo,2015,OI,15.3,
30,077,Veracruz,Isla,2015,OI,16.0,
30,087,Veracruz,Xalapa,2015,OI,10.1,
30,091,Veracruz,Jesús Carranza,2015,OI,16.5,
30,093,Veracruz,Jilotepec,2015,OI,8.9,
30,097,Veracruz,Lerdo de Tejada,2015,OI,17.3,
30,100,Veracruz,Manlio Fabio Altamirano,2015,OI,17.3,
30,101,Veracruz,Mariano Escobedo,2015,OI,2.1,
30,102,Veracruz,Martínez de la Torre,2015,OI,12.1,
30,104,Veracruz,Mecayapan,2015,OI,15.7,
30,105,Veracruz,Medellín de Bravo,2015,OI,15.2,
30,108,Veracruz,Minatitlán,2015,OI,17.3,
30,109,Veracruz,Misantla,2015,OI,11.3,
30,112,Veracruz,Naolinco,2015,OI,8.2,
30,114,Veracruz,Nautla,2015,OI,14.8,
30,118,Veracruz,Orizaba,2015,OI,11.2,
30,123,Veracruz,Pánuco,2015,OI,11.6,
30,126,Veracruz,Paso de Ovejas,2015,OI,15.9,
30,128,Veracruz,Perote,2015,OI,-1.7,
30,130,Veracruz,Playa Vicente,2015,OI,17.6,
30,132,Veracruz,Las Vigas de Ramírez,2015,OI,4.2,
30,134,Veracruz,Puente Nacional,2015,OI,17.1,
30,141,Veracruz,San Andrés Tuxtla,2015,OI,13.2,
30,142,Veracruz,San Juan Evangelista,2015,OI,17.5,
30,143,Veracruz,Santiago Tuxtla,2015,OI,16.4,
30,155,Veracruz,Tantoyuca,2015,OI,12.5,
30,160,Veracruz,Álamo Temapache,2015,OI,11.8,
30,161,Veracruz,Tempoal,2015,OI,11.7,
30,163,Veracruz,Tenochtitlán,2015,OI,10.6,
30,164,Veracruz,Teocelo,2015,OI,9.1,
30,167,Veracruz,Tepetzintla,2015,OI,12.9,
30,169,Veracruz,José Azueta,2015,OI,15.6,
30,174,Veracruz,Tierra Blanca,2015,OI,16.2,
30,175,Veracruz,Tihuatlán,2015,OI,13.5,
30,182,Veracruz,Tlalnelhuayocan,2015,OI,9.1,
30,188,Veracruz,Totutla,2015,OI,10.3,
30,189,Veracruz,Tuxpan,2015,OI,13.5,
30,191,Veracruz,Ursulo Galván,2015,OI,15.5,
31,001,Yucatán,Abalá,2015,OI,11.6,
31,010,Yucatán,Cantamayec,2015,OI,16.7,
31,013,Yucatán,Conkal,2015,OI,17.9,
31,015,Yucatán,Cuzamá,2015,OI,17.2,
31,019,Yucatán,Chemax,2015,OI,16.1,
31,022,Yucatán,Chikindzonot,2015,OI,14.9,
31,023,Yucatán,Chocholá,2015,OI,15.5,
31,040,Yucatán,Izamal,2015,OI,18.1,
31,050,Yucatán,Mérida,2015,OI,16.4,
31,051,Yucatán,Mocochá,2015,OI,14.6,
31,052,Yucatán,Motul,2015,OI,14.7,
31,053,Yucatán,Muna,2015,OI,16.0,
31,055,Yucatán,Opichén,2015,OI,17.1,
31,056,Yucatán,Oxkutzcab,2015,OI,13.8,
31,058,Yucatán,Peto,2015,OI,14.8,
31,059,Yucatán,Progreso,2015,OI,18.7,
31,061,Yucatán,Río Lagartos,2015,OI,17.2,
31,079,Yucatán,Tekax,2015,OI,15.9,
31,089,Yucatán,Ticul,2015,OI,15.8,
31,096,Yucatán,Tizimín,2015,OI,15.1,
31,098,Yucatán,Tzucacab,2015,OI,11.9,
31,102,Yucatán,Valladolid,2015,OI,17.3,
32,003,Zacatecas,Atolinga,2015,OI,3.1,
32,005,Zacatecas,Calera,2015,OI,2.8,
32,006,Zacatecas,Cañitas de Felipe Pescador,2015,OI,4.0,
32,007,Zacatecas,Concepción del Oro,2015,OI,3.1,
32,008,Zacatecas,Cuauhtémoc,2015,OI,4.6,
32,009,Zacatecas,Chalchihuites,2015,OI,4.6,
32,010,Zacatecas,Fresnillo,2015,OI,3.2,
32,012,Zacatecas,Genaro Codina,2015,OI,2.4,
32,014,Zacatecas,General Francisco R. Murguía,2015,OI,5.7,
32,016,Zacatecas,General Pánfilo Natera,2015,OI,1.3,
32,017,Zacatecas,Guadalupe,2015,OI,5.9,
32,019,Zacatecas,Jalpa,2015,OI,9.9,
32,020,Zacatecas,Jerez,2015,OI,5.4,
32,022,Zacatecas,Juan Aldama,2015,OI,5.6,
32,023,Zacatecas,Juchipila,2015,OI,7.4,
32,024,Zacatecas,Loreto,2015,OI,5.4,
32,025,Zacatecas,Luis Moya,2015,OI,3.4,
32,028,Zacatecas,Mezquital del Oro,2015,OI,9.7,
32,029,Zacatecas,Miguel Auza,2015,OI,3.8,
32,031,Zacatecas,Monte Escobedo,2015,OI,2.5,
32,032,Zacatecas,Morelos,2015,OI,4.1,
32,034,Zacatecas,Nochistlán de Mejía,2015,OI,4.5,
32,036,Zacatecas,Ojocaliente,2015,OI,5.1,
32,038,Zacatecas,Pinos,2015,OI,3.1,
32,039,Zacatecas,Río Grande,2015,OI,3.9,
32,040,Zacatecas,Sain Alto,2015,OI,4.2,
32,042,Zacatecas,Sombrerete,2015,OI,5.9,
32,044,Zacatecas,Tabasco,2015,OI,10.2,
32,045,Zacatecas,Tepechitlán,2015,OI,5.2,
32,047,Zacatecas,Teúl de González Ortega,2015,OI,3.1,
32,048,Zacatecas,Tlaltenango de Sánchez Román,2015,OI,5.1,
32,049,Zacatecas,Valparaíso,2015,OI,1.9,
32,051,Zacatecas,Villa de Cos,2015,OI,4.0,
32,053,Zacatecas,Villa González Ortega,2015,OI,3.4,
32,054,Zacatecas,Villa Hidalgo,2015,OI,2.5,
32,055,Zacatecas,Villanueva,2015,OI,5.1,
32,056,Zacatecas,Zacatecas,2015,OI,7.0,
01,001,Aguascalientes,Aguascalientes,2015,PV,6.8,
01,002,Aguascalientes,Asientos,2015,PV,6.6,
01,003,Aguascalientes,Calvillo,2015,PV,10.9,
01,004,Aguascalientes,Cosío,2015,PV,7.6,
01,006,Aguascalientes,Pabellón de Arteaga,2015,PV,11.8,
01,007,Aguascalientes,Rincón de Romos,2015,PV,11.7,
01,008,Aguascalientes,San José de Gracia,2015,PV,6.5,
01,009,Aguascalientes,Tepezalá,2015,PV,11.7,
01,010,Aguascalientes,El Llano,2015,PV,4.8,
02,001,Baja California,Ensenada,2015,PV,9.4,
02,002,Baja California,Mexicali,2015,PV,12.5,
02,003,Baja California,Tecate,2015,PV,5.3,
02,004,Baja California,Tijuana,2015,PV,12.0,
02,006,Baja California,San Quintín,2015,PV,10.9,
02,007,Baja California,San Felipe,2015,PV,15.0,
03,001,Baja California Sur,Comondú,2015,PV,13.1,
03,002,Baja California Sur,Mulegé,2015,PV,8.9,
03,003,Baja California Sur,La Paz,2015,PV,12.3,
03,008,Baja California Sur,Los Cabos,2015,PV,12.7,
03,009,Baja California Sur,Loreto,2015,PV,19.0,
04,002,Campeche,Campeche,2015,PV,22.9,
04,003,Campeche,Carmen,2015,PV,21.8,
04,004,Campeche,Champotón,2015,PV,22.3,
04,005,Campeche,Hecelchakán,2015,PV,21.8,
04,006,Campeche,Hopelchén,2015,PV,21.7,
04,007,Campeche,Palizada,2015,PV,22.1,
04,009,Campeche,Escárcega,2015,PV,22.6,
04,011,Campeche,Candelaria,2015,PV,22.1,
05,002,Coahuila,Acuña,2015,PV,15.8,
05,003,Coahuila,Allende,2015,PV,15.5,
05,004,Coahuila,Arteaga,2015,PV,8.6,
05,005,Coahuila,Candela,2015,PV,18.1,
05,007,Coahuila,Cuatro Ciénegas,2015,PV,16.4,
05,009,Coahuila,Francisco I. Madero,2015,PV,16.1,
05,014,Coahuila,Jiménez,2015,PV,14.4,
05,015,Coahuila,Juárez,2015,PV,18.2,
05,017,Coahuila,Matamoros,2015,PV,18.1,
05,018,Coahuila,Monclova,2015,PV,17.9,
05,022,Coahuila,Nava,2015,PV,21.4,
05,024,Coahuila,Parras,2015,PV,14.9,
05,025,Coahuila,Piedras Negras,2015,PV,18.0,
05,026,Coahuila,Progreso,2015,PV,16.2,
05,027,Coahuila,Ramos Arizpe,2015,PV,14.1,
05,028,Coahuila,Sabinas,2015,PV,17.0,
05,030,Coahuila,Saltillo,2015,PV,10.6,
05,032,Coahuila,San Juan de Sabinas,2015,PV,16.1,
05,033,Coahuila,San Pedro,2015,PV,15.7,
05,034,Coahuila,Sierra Mojada,2015,PV,12.9,
05,035,Coahuila,Torreón,2015,PV,11.8,
06,001,Colima,Armería,2015,PV,20.7,
06,002,Colima,Colima,2015,PV,19.2,
06,003,Colima,Comala,2015,PV,20.0,
06,004,Colima,Coquimatlán,2015,PV,17.9,
06,005,Colima,Cuauhtémoc,2015,PV,18.2,
06,006,Colima,Ixtlahuacán,2015,PV,20.3,
06,007,Colima,Manzanillo,2015,PV,20.5,
06,009,Colima,Tecomán,2015,PV,18.7,
07,001,Chiapas,Acacoyagua,2015,PV,21.0,
07,002,Chiapas,Acala,2015,PV,21.6,
07,008,Chiapas,Ángel Albino Corzo,2015,PV,17.2,
07,009,Chiapas,Arriaga,2015,PV,19.0,
07,019,Chiapas,Comitán de Domínguez,2015,PV,15.3,
07,020,Chiapas,La Concordia,2015,PV,20.0,
07,027,Chiapas,Chiapa de Corzo,2015,PV,20.5,
07,029,Chiapas,Chicoasén,2015,PV,22.0,
07,030,Chiapas,Chicomuselo,2015,PV,18.4,
07,032,Chiapas,Escuintla,2015,PV,22.5,
07,034,Chiapas,Frontera Comalapa,2015,PV,19.2,
07,040,Chiapas,Huixtla,2015,PV,22.4,
07,046,Chiapas,Jiquipilas,2015,PV,20.6,
07,049,Chiapas,Larráinzar,2015,PV,22.3,
07,051,Chiapas,Mapastepec,2015,PV,22.7,
07,059,Chiapas,Ocosingo,2015,PV,21.9,
07,062,Chiapas,Ostuacán,2015,PV,22.5,
07,063,Chiapas,Osumacinta,2015,PV,21.2,
07,068,Chiapas,Pichucalco,2015,PV,23.0,
07,069,Chiapas,Pijijiapan,2015,PV,23.3,
07,071,Chiapas,Villa Comaltitlán,2015,PV,23.6,
07,077,Chiapas,Salto de Agua,2015,PV,22.0,
07,078,Chiapas,San Cristóbal de las Casas,2015,PV,9.7,
07,086,Chiapas,Suchiapa,2015,PV,20.9,
07,089,Chiapas,Tapachula,2015,PV,18.0,
07,092,Chiapas,Tecpatán,2015,PV,21.7,
07,097,Chiapas,Tonalá,2015,PV,22.9,
07,099,Chiapas,La Trinitaria,2015,PV,20.1,
07,101,Chiapas,Tuxtla Gutiérrez,2015,PV,21.3,
07,106,Chiapas,Venustiano Carranza,2015,PV,19.5,
07,107,Chiapas,Villa Corzo,2015,PV,19.6,
07,108,Chiapas,Villaflores,2015,PV,19.6,
07,123,Chiapas,Emiliano Zapata,2015,PV,20.4,
07,124,Chiapas,Mezcalapa,2015,PV,23.7,
08,002,Chihuahua,Aldama,2015,PV,15.4,
08,006,Chihuahua,Bachíniva,2015,PV,5.1,
08,007,Chihuahua,Balleza,2015,PV,1.7,
08,008,Chihuahua,Batopilas de Manuel Gómez Morín,2015,PV,15.1,
08,009,Chihuahua,Bocoyna,2015,PV,0.9,
08,010,Chihuahua,Buenaventura,2015,PV,7.2,
08,011,Chihuahua,Camargo,2015,PV,12.1,
08,014,Chihuahua,Coronado,2015,PV,8.5,
08,019,Chihuahua,Chihuahua,2015,PV,9.5,
08,020,Chihuahua,Chínipas,2015,PV,14.1,
08,021,Chihuahua,Delicias,2015,PV,9.3,
08,027,Chihuahua,Guachochi,2015,PV,5.4,
08,029,Chihuahua,Guadalupe y Calvo,2015,PV,3.6,
08,031,Chihuahua,Guerrero,2015,PV,2.5,
08,032,Chihuahua,Hidalgo del Parral,2015,PV,11.0,
08,036,Chihuahua,Jiménez,2015,PV,8.1,
08,037,Chihuahua,Juárez,2015,PV,12.4,
08,040,Chihuahua,Madera,2015,PV,2.5,
08,041,Chihuahua,Maguarichi,2015,PV,5.7,
08,050,Chihuahua,Nuevo Casas Grandes,2015,PV,7.6,
08,051,Chihuahua,Ocampo,2015,PV,2.6,
08,052,Chihuahua,Ojinaga,2015,PV,10.2,
08,055,Chihuahua,Rosales,2015,PV,8.9,
08,058,Chihuahua,San Francisco de Conchos,2015,PV,9.3,
08,063,Chihuahua,Temósachic,2015,PV,2.5,
08,065,Chihuahua,Urique,2015,PV,16.5,
08,067,Chihuahua,Valle de Zaragoza,2015,PV,10.4,
09,005,Ciudad de México,Gustavo A. Madero,2015,PV,10.3,
09,006,Ciudad de México,Iztacalco,2015,PV,13.8,
09,012,Ciudad de México,Tlalpan,2015,PV,8.8,
09,016,Ciudad de México,Miguel Hidalgo,2015,PV,13.2,
09,017,Ciudad de México,Venustiano Carranza,2015,PV,13.5,
10,001,Durango,Canatlán,2015,PV,6.8,
10,004,Durango,Cuencamé,2015,PV,12.7,
10,005,Durango,Durango,2015,PV,1.9,
10,008,Durango,Guadalupe Victoria,2015,PV,9.7,
10,009,Durango,Guanaceví,2015,PV,-2.2,
10,010,Durango,Hidalgo,2015,PV,6.1,
10,011,Durango,Indé,2015,PV,8.2,
10,012,Durango,Lerdo,2015,PV,16.3,
10,013,Durango,Mapimí,2015,PV,8.3,
10,015,Durango,Nazas,2015,PV,11.1,
10,017,Durango,Ocampo,2015,PV,9.2,
10,018,Durango,El Oro,2015,PV,7.2,
10,020,Durango,Pánuco de Coronado,2015,PV,8.5,
10,022,Durango,Poanas,2015,PV,8.6,
10,024,Durango,Rodeo,2015,PV,12.1,
10,025,Durango,San Bernardo,2015,PV,2.8,
10,026,Durango,San Dimas,2015,PV,2.4,
10,027,Durango,San Juan de Guadalupe,2015,PV,11.9,
10,030,Durango,San Pedro del Gallo,2015,PV,10.9,
10,031,Durango,Santa Clara,2015,PV,9.2,
10,031,Zacatecas,Santa Clara,2015,PV,7.5,
10,032,Durango,Santiago Papasquiaro,2015,PV,8.2,
10,033,Durango,Súchil,2015,PV,9.1,
10,034,Durango,Tamazula,2015,PV,16.5,
10,035,Durango,Tepehuanes,2015,PV,6.5,
10,036,Durango,Tlahualilo,2015,PV,15.7,
11,001,Guanajuato,Abasolo,2015,PV,14.9,
11,002,Guanajuato,Acámbaro,2015,PV,12.3,
11,003,Guanajuato,San Miguel de Allende,2015,PV,10.4,
11,004,Guanajuato,Apaseo el Alto,2015,PV,13.8,
11,005,Guanajuato,Apaseo el Grande,2015,PV,10.8,
11,007,Guanajuato,Celaya,2015,PV,11.4,
11,008,Guanajuato,Manuel Doblado,2015,PV,11.9,
11,010,Guanajuato,Coroneo,2015,PV,6.6,
11,011,Guanajuato,Cortazar,2015,PV,9.1,
11,012,Guanajuato,Cuerámaro,2015,PV,14.3,
11,014,Guanajuato,Dolores Hidalgo Cuna de la Independencia Nacional,2015,PV,11.2,
11,015,Guanajuato,Guanajuato,2015,PV,11.7,
11,017,Guanajuato,Irapuato,2015,PV,11.7,
11,018,Guanajuato,Jaral del Progreso,2015,PV,10.9,
11,019,Guanajuato,Jerécuaro,2015,PV,10.0,
11,020,Guanajuato,León,2015,PV,13.5,
11,022,Guanajuato,Ocampo,2015,PV,9.4,
11,023,Guanajuato,Pénjamo,2015,PV,10.5,
11,025,Guanajuato,Purísima del Rincón,2015,PV,13.0,
11,027,Guanajuato,Salamanca,2015,PV,10.8,
11,028,Guanajuato,Salvatierra,2015,PV,9.6,
11,030,Guanajuato,San Felipe,2015,PV,8.9,
11,033,Guanajuato,San Luis de la Paz,2015,PV,9.4,
11,037,Guanajuato,Silao de la Victoria,2015,PV,10.8,
11,039,Guanajuato,Tarimoro,2015,PV,13.5,
11,042,Guanajuato,Valle de Santiago,2015,PV,11.6,
11,045,Guanajuato,Xichú,2015,PV,15.7,
12,001,Guerrero,Acapulco de Juárez,2015,PV,22.0,
12,003,Guerrero,Ajuchitlán del Progreso,2015,PV,20.1,
12,005,Guerrero,Alpoyeca,2015,PV,17.9,
12,011,Guerrero,Atoyac de Álvarez,2015,PV,22.1,
12,014,Guerrero,Benito Juárez,2015,PV,22.7,
12,015,Guerrero,Buenavista de Cuéllar,2015,PV,15.8,
12,018,Guerrero,Copala,2015,PV,27.1,
12,021,Guerrero,Coyuca de Benítez,2015,PV,22.5,
12,023,Guerrero,Cuajinicuilapa,2015,PV,23.1,
12,028,Guerrero,Chilapa de Álvarez,2015,PV,13.7,
12,029,Guerrero,Chilpancingo de los Bravo,2015,PV,14.3,
12,034,Guerrero,Huitzuco de los Figueroa,2015,PV,19.0,
12,035,Guerrero,Iguala de la Independencia,2015,PV,19.9,
12,036,Guerrero,Igualapa,2015,PV,20.5,
12,038,Guerrero,Zihuatanejo de Azueta,2015,PV,21.3,
12,039,Guerrero,Juan R. Escudero,2015,PV,20.1,
12,040,Guerrero,Leonardo Bravo,2015,PV,16.0,
12,044,Guerrero,Mochitlán,2015,PV,20.0,
12,045,Guerrero,Olinalá,2015,PV,17.1,
12,050,Guerrero,Pungarabato,2015,PV,22.9,
12,053,Guerrero,San Marcos,2015,PV,12.7,
12,055,Guerrero,Taxco de Alarcón,2015,PV,16.0,
12,057,Guerrero,Técpan de Galeana,2015,PV,21.0,
12,061,Guerrero,Tixtla de Guerrero,2015,PV,11.3,
12,066,Guerrero,Tlapa de Comonfort,2015,PV,18.4,
12,068,Michoacán,La Unión de Isidoro Montes de Oca,2015,PV,23.4,
12,070,Guerrero,Xochihuehuetlán,2015,PV,17.9,
12,073,Guerrero,Zirándaro,2015,PV,17.7,
12,082,Guerrero,Las Vigas,2015,PV,19.5,
13,003,Hidalgo,Actopan,2015,PV,10.8,
13,006,Hidalgo,Alfajayucan,2015,PV,12.9,
13,011,Hidalgo,Atlapexco,2015,PV,21.8,
13,013,Hidalgo,Atotonilco de Tula,2015,PV,9.2,
13,016,Hidalgo,Cuautepec de Hinojosa,2015,PV,9.2,
13,019,Hidalgo,Chilcuautla,2015,PV,11.0,
13,028,Hidalgo,Huejutla de Reyes,2015,PV,17.7,
13,028,Veracruz,Huejutla de Reyes,2015,PV,22.1,
13,029,Hidalgo,Huichapan,2015,PV,10.0,
13,030,Hidalgo,Ixmiquilpan,2015,PV,12.0,
13,037,Hidalgo,Metztitlán,2015,PV,15.0,
13,046,Hidalgo,San Felipe Orizatlán,2015,PV,22.5,
13,048,Hidalgo,Pachuca de Soto,2015,PV,10.5,
13,064,Hidalgo,Tepetitlán,2015,PV,11.3,
13,077,Hidalgo,Tulancingo de Bravo,2015,PV,11.3,
13,081,Hidalgo,Zacualtipán de Ángeles,2015,PV,11.3,
13,084,Hidalgo,Zimapán,2015,PV,14.7,
14,002,Jalisco,Acatlán de Juárez,2015,PV,11.7,
14,006,Jalisco,Ameca,2015,PV,12.6,
14,015,Jalisco,Autlán de Navarro,2015,PV,16.6,
14,017,Jalisco,Ayutla,2015,PV,12.8,
14,019,Jalisco,Bolaños,2015,PV,16.4,
14,022,Jalisco,Cihuatlán,2015,PV,21.1,
14,023,Jalisco,Zapotlán el Grande,2015,PV,11.9,
14,025,Jalisco,Colotlán,2015,PV,10.8,
14,030,Jalisco,Chapala,2015,PV,17.3,
14,033,Jalisco,Degollado,2015,PV,13.6,
14,039,Jalisco,Guadalajara,2015,PV,15.2,
14,041,Jalisco,Huejúcar,2015,PV,8.8,
14,046,Jalisco,Jalostotitlán,2015,PV,9.9,
14,047,Jalisco,Jamay,2015,PV,11.3,
14,051,Jalisco,Juanacatlán,2015,PV,12.9,
14,053,Jalisco,Lagos de Moreno,2015,PV,10.2,
14,054,Jalisco,El Limón,2015,PV,13.0,
14,058,Jalisco,Mascota,2015,PV,10.3,
14,061,Jalisco,Mezquitic,2015,PV,11.1,
14,065,Jalisco,Pihuamo,2015,PV,19.3,
14,067,Jalisco,Puerto Vallarta,2015,PV,19.5,
14,070,Jalisco,El Salto,2015,PV,17.0,
14,071,Jalisco,San Cristóbal de la Barranca,2015,PV,17.7,
14,081,Jalisco,Santa María de los Ángeles,2015,PV,10.3,
14,091,Jalisco,Teocaltiche,2015,PV,9.5,
14,095,Jalisco,Teuchitlán,2015,PV,13.4,
14,096,Jalisco,Tizapán el Alto,2015,PV,16.6,
14,098,Jalisco,San Pedro Tlaquepaque,2015,PV,15.6,
14,100,Jalisco,Tomatlán,2015,PV,20.8,
14,118,Jalisco,Yahualica de González Gallo,2015,PV,11.8,
14,120,Jalisco,Zapopan,2015,PV,13.2,
15,002,Estado de México,Acolman,2015,PV,9.4,
15,003,Estado de México,Aculco,2015,PV,6.7,
15,003,Querétaro,Aculco,2015,PV,10.4,
15,005,Estado de México,Almoloya de Juárez,2015,PV,3.4,
15,011,Estado de México,Atenco,2015,PV,9.0,
15,013,Estado de México,Atizapán de Zaragoza,2015,PV,10.9,
15,014,Estado de México,Atlacomulco,2015,PV,3.8,
15,033,Estado de México,Ecatepec de Morelos,2015,PV,8.5,
15,042,Estado de México,Ixtlahuaca,2015,PV,5.9,
15,045,Estado de México,Jilotepec,2015,PV,6.6,
15,055,Estado de México,Mexicaltzingo,2015,PV,11.3,
15,057,Estado de México,Naucalpan de Juárez,2015,PV,7.0,
15,074,Estado de México,San Felipe del Progreso,2015,PV,7.9,
15,083,Estado de México,Temamatla,2015,PV,10.4,
15,087,Estado de México,Temoaya,2015,PV,4.2,
15,091,Estado de México,Teoloyucan,2015,PV,7.2,
15,095,Estado de México,Tepotzotlán,2015,PV,7.6,
15,096,Estado de México,Tequixquiac,2015,PV,7.0,
15,097,Estado de México,Texcaltitlán,2015,PV,10.1,
15,099,Estado de México,Texcoco,2015,PV,9.8,
15,100,Estado de México,Tezoyuca,2015,PV,10.6,
15,101,Estado de México,Tianguistenco,2015,PV,5.2,
15,106,Estado de México,Toluca,2015,PV,5.6,
15,109,Estado de México,Tultitlán,2015,PV,12.5,
15,112,Estado de México,Villa del Carbón,2015,PV,7.1,
15,113,Estado de México,Villa Guerrero,2015,PV,9.5,
15,118,Estado de México,Zinacantepec,2015,PV,5.2,
15,120,Estado de México,Zumpango,2015,PV,8.7,
16,003,Michoacán,Álvaro Obregón,2015,PV,10.2,
16,004,Michoacán,Angamacutiro,2015,PV,13.9,
16,006,Michoacán,Apatzingán,2015,PV,19.6,
16,010,Michoacán,Arteaga,2015,PV,21.8,
16,017,Michoacán,Contepec,2015,PV,11.8,
16,019,Michoacán,Cotija,2015,PV,11.9,
16,034,Michoacán,Hidalgo,2015,PV,7.4,
16,035,Michoacán,La Huacana,2015,PV,21.6,
16,050,Michoacán,Maravatío,2015,PV,9.8,
16,053,Michoacán,Morelia,2015,PV,12.3,
16,067,Michoacán,Penjamillo,2015,PV,11.8,
16,069,Michoacán,La Piedad,2015,PV,12.5,
16,076,Michoacán,Sahuayo,2015,PV,11.7,
16,080,Michoacán,Senguio,2015,PV,9.9,
16,085,Michoacán,Tangancícuaro,2015,PV,10.4,
16,102,Michoacán,Uruapan,2015,PV,14.1,
16,105,Michoacán,Vista Hermosa,2015,PV,10.2,
16,106,Michoacán,Yurécuaro,2015,PV,14.7,
16,107,Michoacán,Zacapu,2015,PV,12.8,
16,110,Michoacán,Zinapécuaro,2015,PV,9.6,
16,113,Michoacán,José Sixto Verduzco,2015,PV,10.7,
17,001,Morelos,Amacuzac,2015,PV,16.7,
17,004,Morelos,Ayala,2015,PV,17.1,
17,006,Morelos,Cuautla,2015,PV,14.9,
17,007,Morelos,Cuernavaca,2015,PV,15.3,
17,008,Morelos,Emiliano Zapata,2015,PV,16.8,
17,009,Morelos,Huitzilac,2015,PV,7.3,
17,011,Morelos,Jiutepec,2015,PV,16.0,
17,012,Morelos,Jojutla,2015,PV,19.1,
17,013,Morelos,Jonacatepec de Leandro Valle,2015,PV,15.1,
17,016,Morelos,Ocuituco,2015,PV,10.3,
17,017,Morelos,Puente de Ixtla,2015,PV,18.5,
17,018,Morelos,Temixco,2015,PV,17.8,
17,019,Morelos,Tepalcingo,2015,PV,18.4,
17,020,Morelos,Tepoztlán,2015,PV,16.2,
17,021,Morelos,Tetecala,2015,PV,18.4,
17,024,Morelos,Tlaltizapán de Zapata,2015,PV,18.0,
17,025,Morelos,Tlaquiltenango,2015,PV,17.7,
17,026,Morelos,Tlayacapan,2015,PV,16.5,
17,028,Morelos,Xochitepec,2015,PV,17.1,
17,029,Morelos,Yautepec,2015,PV,15.2,
17,030,Morelos,Yecapixtla,2015,PV,13.9,
17,031,Morelos,Zacatepec,2015,PV,18.6,
17,032,Morelos,Zacualpan de Amilpas,2015,PV,13.4,
18,001,Nayarit,Acaponeta,2015,PV,18.9,
18,009,Nayarit,Del Nayar,2015,PV,19.2,
18,010,Nayarit,Rosamorada,2015,PV,18.5,
18,011,Nayarit,Ruíz,2015,PV,19.8,
18,015,Nayarit,Santiago Ixcuintla,2015,PV,18.9,
18,017,Nayarit,Tepic,2015,PV,16.9,
18,020,Nayarit,Bahía de Banderas,2015,PV,20.2,
19,003,Nuevo León,Los Aldamas,2015,PV,19.6,
19,005,Nuevo León,Anáhuac,2015,PV,18.3,
19,006,Nuevo León,Apodaca,2015,PV,17.9,
19,007,Nuevo León,Aramberri,2015,PV,9.9,
19,011,Nuevo León,Cerralvo,2015,PV,18.7,
19,012,Nuevo León,Ciénega de Flores,2015,PV,18.4,
19,013,Nuevo León,China,2015,PV,18.2,
19,014,Nuevo León,Doctor Arroyo,2015,PV,13.0,
19,017,Nuevo León,Galeana,2015,PV,7.2,
19,021,Nuevo León,General Escobedo,2015,PV,18.4,
19,024,Nuevo León,General Zaragoza,2015,PV,13.8,
19,025,Nuevo León,General Zuazua,2015,PV,18.3,
19,026,Nuevo León,Guadalupe,2015,PV,18.5,
19,028,Nuevo León,Higueras,2015,PV,16.8,
19,033,Nuevo León,Linares,2015,PV,17.5,
19,036,Nuevo León,Mier y Noriega,2015,PV,13.4,
19,038,Nuevo León,Montemorelos,2015,PV,17.6,
19,039,Nuevo León,Monterrey,2015,PV,16.3,
19,042,Nuevo León,Los Ramones,2015,PV,17.8,
19,046,Nuevo León,San Nicolás de los Garza,2015,PV,18.5,
19,049,Nuevo León,Santiago,2015,PV,18.1,
20,005,Oaxaca,Asunción Ixtaltepec,2015,PV,25.1,
20,014,Oaxaca,Ciudad Ixtepec,2015,PV,24.6,
20,039,Oaxaca,Heroica Ciudad de Huajuapan de León,2015,PV,13.8,
20,043,Oaxaca,Heroica Ciudad de Juchitán de Zaragoza,2015,PV,25.6,
20,052,Oaxaca,Magdalena Tequisistlán,2015,PV,21.9,
20,057,Oaxaca,Matías Romero Avendaño,2015,PV,23.1,
20,067,Oaxaca,Oaxaca de Juárez,2015,PV,14.7,
20,079,Oaxaca,Salina Cruz,2015,PV,25.9,
20,083,Oaxaca,San Agustín de las Juntas,2015,PV,15.0,
20,136,Oaxaca,San Felipe Usila,2015,PV,20.4,
20,173,Oaxaca,San Juan Atepec,2015,PV,11.6,
20,177,Oaxaca,San Juan Bautista Cuicatlán,2015,PV,17.2,
20,184,Oaxaca,San Juan Bautista Tuxtepec,2015,PV,21.8,
20,228,Oaxaca,San Lorenzo Cuaunecuiltitla,2015,PV,12.3,
20,250,Oaxaca,San Mateo Etlatongo,2015,PV,10.8,
20,262,Oaxaca,San Miguel Amatlán,2015,PV,5.9,
20,278,Oaxaca,San Miguel Soyaltepec,2015,PV,22.7,
20,324,Oaxaca,San Pedro Pochutla,2015,PV,22.7,
20,327,Oaxaca,San Pedro Tapanatepec,2015,PV,23.1,
20,357,Oaxaca,Santa Ana Tavela,2015,PV,19.9,
20,363,Oaxaca,Santa Catarina Ixtepeji,2015,PV,11.7,
20,385,Oaxaca,Santa Cruz Xoxocotlán,2015,PV,14.7,
20,413,Oaxaca,Santa María Huatulco,2015,PV,23.1,
20,417,Oaxaca,Santa María Jacatepec,2015,PV,21.6,
20,418,Oaxaca,Santa María Jalapa del Marqués,2015,PV,24.1,
20,468,Oaxaca,Santiago Jocotepec,2015,PV,22.3,
20,478,Oaxaca,Santiago Nacaltepec,2015,PV,14.1,
20,482,Oaxaca,Santiago Pinotepa Nacional,2015,PV,22.6,
20,498,Oaxaca,Santiago Yaveo,2015,PV,21.9,
20,502,Oaxaca,Santiago Zacatepec,2015,PV,16.7,
20,525,Oaxaca,Santo Domingo Zanatepec,2015,PV,21.5,
20,559,Oaxaca,San Juan Bautista Valle Nacional,2015,PV,22.3,
21,001,Puebla,Acajete,2015,PV,9.5,
21,003,Puebla,Acatlán,2015,PV,16.7,
21,008,Puebla,Ahuazotepec,2015,PV,6.7,
21,015,Puebla,Amozoc,2015,PV,8.9,
21,019,Puebla,Atlixco,2015,PV,12.5,
21,023,Puebla,Atzitzintla,2015,PV,3.8,
21,025,Puebla,Ayotoxco de Guerrero,2015,PV,20.6,
21,026,Puebla,Calpan,2015,PV,8.3,
21,031,Puebla,Coatzingo,2015,PV,15.8,
21,043,Puebla,Cuetzalan del Progreso,2015,PV,16.5,
21,045,Puebla,Chalchicomula de Sesma,2015,PV,7.7,
21,051,Puebla,Chietla,2015,PV,16.1,
21,053,Puebla,Chignahuapan,2015,PV,6.8,
21,059,Puebla,Chinantla,2015,PV,17.2,
21,069,Puebla,Huaquechula,2015,PV,14.5,
21,071,Puebla,Huauchinango,2015,PV,13.5,
21,083,Puebla,Ixtacamaxtitlán,2015,PV,7.1,
21,085,Puebla,Izúcar de Matamoros,2015,PV,16.3,
21,086,Puebla,Jalpan,2015,PV,18.9,
21,094,Puebla,Libres,2015,PV,9.8,
21,098,Puebla,Molcaxac,2015,PV,6.6,
21,106,Puebla,Ocoyucan,2015,PV,8.3,
21,108,Puebla,Oriental,2015,PV,11.4,
21,114,Puebla,Puebla,2015,PV,8.3,
21,140,Puebla,San Pedro Cholula,2015,PV,10.1,
21,145,Puebla,San Sebastián Tlacotepec,2015,PV,19.0,
21,153,Puebla,Tecali de Herrera,2015,PV,9.4,
21,154,Puebla,Tecamachalco,2015,PV,11.3,
21,156,Puebla,Tehuacán,2015,PV,12.3,
21,160,Puebla,Teotlalco,2015,PV,10.6,
21,162,Puebla,Tepango de Rodríguez,2015,PV,10.1,
21,170,Puebla,Tepeyahualco,2015,PV,7.0,
21,172,Puebla,Tetela de Ocampo,2015,PV,11.4,
21,174,Puebla,Teziutlán,2015,PV,12.2,
21,180,Puebla,Tlahuapan,2015,PV,8.5,
21,184,Puebla,Tlapacoya,2015,PV,7.5,
21,186,Puebla,Tlatlauquitepec,2015,PV,4.1,
21,187,Puebla,Tlaxco,2015,PV,16.7,
21,193,Puebla,Tzicatlacoyan,2015,PV,8.3,
21,194,Puebla,Venustiano Carranza,2015,PV,5.9,
21,197,Puebla,Xicotepec,2015,PV,16.9,
21,198,Puebla,Xicotlán,2015,PV,15.0,
21,207,Puebla,Zacapoaxtla,2015,PV,10.5,
21,217,Puebla,Zoquitlán,2015,PV,11.6,
22,006,Querétaro,Corregidora,2015,PV,12.9,
22,008,Querétaro,Huimilpan,2015,PV,10.4,
22,009,Querétaro,Jalpan de Serra,2015,PV,19.2,
22,011,Querétaro,El Marqués,2015,PV,11.0,
22,013,Querétaro,Peñamiller,2015,PV,17.1,
22,014,Querétaro,Querétaro,2015,PV,13.4,
22,016,Querétaro,San Juan del Río,2015,PV,12.2,
23,001,Quintana Roo,Cozumel,2015,PV,12.2,
23,002,Quintana Roo,Felipe Carrillo Puerto,2015,PV,21.8,
23,004,Quintana Roo,Othón P. Blanco,2015,PV,23.2,
23,005,Quintana Roo,Benito Juárez,2015,PV,24.8,
23,008,Quintana Roo,Solidaridad,2015,PV,25.6,
23,009,Quintana Roo,Tulum,2015,PV,20.0,
24,003,San Luis Potosí,Aquismón,2015,PV,20.8,
24,008,San Luis Potosí,Cerritos,2015,PV,14.8,
24,013,San Luis Potosí,Ciudad Valles,2015,PV,20.3,
24,016,San Luis Potosí,Ebano,2015,PV,22.3,
24,020,San Luis Potosí,Matehuala,2015,PV,13.0,
24,024,San Luis Potosí,Rioverde,2015,PV,17.8,
24,027,San Luis Potosí,San Ciro de Acosta,2015,PV,18.0,
24,028,San Luis Potosí,San Luis Potosí,2015,PV,12.3,
24,032,San Luis Potosí,Santa María del Río,2015,PV,10.5,
24,034,San Luis Potosí,San Vicente Tancuayalab,2015,PV,23.0,
24,034,Veracruz,San Vicente Tancuayalab,2015,PV,22.2,
24,037,San Luis Potosí,Tamazunchale,2015,PV,21.4,
24,039,San Luis Potosí,Tampamolón Corona,2015,PV,22.9,
24,041,San Luis Potosí,Tanlajás,2015,PV,22.2,
24,050,San Luis Potosí,Villa de Reyes,2015,PV,10.5,
24,053,San Luis Potosí,Axtla de Terrazas,2015,PV,22.2,
24,057,San Luis Potosí,Matlapa,2015,PV,22.4,
24,058,San Luis Potosí,El Naranjo,2015,PV,20.7,
25,001,Sinaloa,Ahome,2015,PV,13.1,
25,003,Sinaloa,Badiraguato,2015,PV,14.4,
25,005,Sinaloa,Cosalá,2015,PV,16.4,
25,006,Sinaloa,Culiacán,2015,PV,13.9,
25,007,Sinaloa,Choix,2015,PV,13.9,
25,008,Sinaloa,Elota,2015,PV,15.7,
25,010,Sinaloa,El Fuerte,2015,PV,15.0,
25,011,Sinaloa,Guasave,2015,PV,15.5,
25,012,Sinaloa,Mazatlán,2015,PV,15.5,
25,013,Sinaloa,Mocorito,2015,PV,14.1,
25,014,Sinaloa,Rosario,2015,PV,17.6,
25,015,Sinaloa,Salvador Alvarado,2015,PV,17.6,
25,016,Sinaloa,San Ignacio,2015,PV,16.5,
25,017,Sinaloa,Sinaloa,2015,PV,15.5,
26,001,Sonora,Aconchi,2015,PV,9.8,
26,003,Sonora,Álamos,2015,PV,11.3,
26,006,Sonora,Arizpe,2015,PV,4.1,
26,010,Sonora,Bacerac,2015,PV,9.2,
26,013,Sonora,Banámichi,2015,PV,11.0,
26,017,Sonora,Caborca,2015,PV,7.8,
26,018,Sonora,Cajeme,2015,PV,15.7,
26,021,Sonora,La Colorada,2015,PV,12.4,
26,025,Sonora,Empalme,2015,PV,16.2,
26,029,Sonora,Guaymas,2015,PV,10.5,
26,030,Sonora,Hermosillo,2015,PV,12.7,
26,031,Sonora,Huachinera,2015,PV,4.3,
26,035,Sonora,Imuris,2015,PV,5.4,
26,037,Sonora,Mazatán,2015,PV,10.3,
26,040,Sonora,Nácori Chico,2015,PV,14.4,
26,041,Sonora,Nacozari de García,2015,PV,10.7,
26,042,Sonora,Navojoa,2015,PV,16.3,
26,043,Sonora,Nogales,2015,PV,11.2,
26,045,Sonora,Opodepe,2015,PV,7.6,
26,046,Sonora,Oquitoa,2015,PV,11.5,
26,048,Sonora,Puerto Peñasco,2015,PV,16.3,
26,049,Sonora,Quiriego,2015,PV,12.1,
26,052,Sonora,Sahuaripa,2015,PV,13.4,
26,056,Sonora,San Miguel de Horcasitas,2015,PV,9.9,
26,061,Sonora,Soyopa,2015,PV,14.4,
26,063,Sonora,Tepache,2015,PV,15.0,
26,064,Sonora,Trincheras,2015,PV,10.4,
26,065,Sonora,Tubutama,2015,PV,9.1,
26,069,Sonora,Yécora,2015,PV,4.5,
26,070,Sonora,General Plutarco Elías Calles,2015,PV,10.2,
27,001,Tabasco,Balancán,2015,PV,22.5,
27,002,Tabasco,Cárdenas,2015,PV,23.1,
27,004,Tabasco,Centro,2015,PV,23.0,
27,006,Tabasco,Cunduacán,2015,PV,23.7,
27,007,Tabasco,Emiliano Zapata,2015,PV,23.4,
27,012,Tabasco,Macuspana,2015,PV,23.5,
27,014,Tabasco,Paraíso,2015,PV,24.7,
27,015,Tabasco,Tacotalpa,2015,PV,22.0,
27,016,Tabasco,Teapa,2015,PV,22.7,
27,017,Tabasco,Tenosique,2015,PV,23.0,
29,003,Tlaxcala,Atlangatepec,2015,PV,4.7,
29,006,Tlaxcala,Calpulalpan,2015,PV,6.8,
29,007,Tlaxcala,El Carmen Tequexquitla,2015,PV,7.5,
29,008,Tlaxcala,Cuapiaxtla,2015,PV,8.2,
29,013,Tlaxcala,Huamantla,2015,PV,8.0,
29,025,Tlaxcala,San Pablo del Monte,2015,PV,9.5,
29,033,Tlaxcala,Tlaxcala,2015,PV,10.8,
29,037,Tlaxcala,Ziltlaltépec de Trinidad Sánchez Santos,2015,PV,8.4,
29,044,Tlaxcala,Zacatelco,2015,PV,8.9,
30,001,Veracruz,Acajete,2015,PV,7.9,
30,002,Veracruz,Acatlán,2015,PV,10.6,
30,004,Veracruz,Actopan,2015,PV,19.3,
30,007,Veracruz,Camarón de Tejeda,2015,PV,19.4,
30,010,Veracruz,Altotonga,2015,PV,9.7,
30,011,Veracruz,Alvarado,2015,PV,23.7,
30,015,Veracruz,Angel R. Cabada,2015,PV,22.4,
30,016,Veracruz,La Antigua,2015,PV,22.7,
30,017,Veracruz,Apazapan,2015,PV,19.3,
30,026,Veracruz,Banderilla,2015,PV,10.0,
30,028,Veracruz,Boca del Río,2015,PV,24.8,
30,032,Veracruz,Catemaco,2015,PV,20.3,
30,038,Veracruz,Coatepec,2015,PV,13.2,
30,039,Veracruz,Coatzacoalcos,2015,PV,23.5,
30,045,Oaxaca,Cosamaloapan de Carpio,2015,PV,23.0,
30,046,Veracruz,Cosautlán de Carvajal,2015,PV,17.0,
30,048,Veracruz,Cosoleacaque,2015,PV,23.7,
30,054,Veracruz,Chacaltianguis,2015,PV,22.0,
30,058,Veracruz,Chicontepec,2015,PV,21.6,
30,061,Veracruz,Las Choapas,2015,PV,20.1,
30,065,Veracruz,Emiliano Zapata,2015,PV,14.3,
30,071,Veracruz,Huatusco,2015,PV,11.6,
30,072,Veracruz,Huayacocotla,2015,PV,9.6,
30,073,Veracruz,Hueyapan de Ocampo,2015,PV,22.2,
30,077,Veracruz,Isla,2015,PV,22.3,
30,087,Veracruz,Xalapa,2015,PV,15.0,
30,091,Veracruz,Jesús Carranza,2015,PV,22.5,
30,093,Veracruz,Jilotepec,2015,PV,13.6,
30,097,Veracruz,Lerdo de Tejada,2015,PV,23.0,
30,100,Veracruz,Manlio Fabio Altamirano,2015,PV,23.6,
30,101,Veracruz,Mariano Escobedo,2015,PV,2.1,
30,102,Veracruz,Martínez de la Torre,2015,PV,22.4,
30,104,Veracruz,Mecayapan,2015,PV,22.6,
30,105,Veracruz,Medellín de Bravo,2015,PV,18.1,
30,108,Veracruz,Minatitlán,2015,PV,23.3,
30,109,Veracruz,Misantla,2015,PV,19.5,
30,112,Veracruz,Naolinco,2015,PV,13.7,
30,114,Veracruz,Nautla,2015,PV,22.8,
30,118,Veracruz,Orizaba,2015,PV,16.2,
30,123,Veracruz,Pánuco,2015,PV,22.1,
30,126,Veracruz,Paso de Ovejas,2015,PV,21.9,
30,128,Veracruz,Perote,2015,PV,5.4,
30,130,Veracruz,Playa Vicente,2015,PV,18.7,
30,132,Veracruz,Las Vigas de Ramírez,2015,PV,4.5,
30,134,Veracruz,Puente Nacional,2015,PV,23.2,
30,141,Veracruz,San Andrés Tuxtla,2015,PV,20.6,
30,142,Veracruz,San Juan Evangelista,2015,PV,24.4,
30,143,Veracruz,Santiago Tuxtla,2015,PV,23.5,
30,155,Veracruz,Tantoyuca,2015,PV,22.5,
30,160,Veracruz,Álamo Temapache,2015,PV,21.7,
30,161,Veracruz,Tempoal,2015,PV,22.2,
30,163,Veracruz,Tenochtitlán,2015,PV,16.9,
30,164,Veracruz,Teocelo,2015,PV,9.4,
30,167,Veracruz,Tepetzintla,2015,PV,21.7,
30,169,Veracruz,José Azueta,2015,PV,21.5,
30,174,Veracruz,Tierra Blanca,2015,PV,21.3,
30,175,Veracruz,Tihuatlán,2015,PV,21.5,
30,182,Veracruz,Tlalnelhuayocan,2015,PV,14.1,
30,188,Veracruz,Totutla,2015,PV,15.3,
30,189,Veracruz,Tuxpan,2015,PV,22.6,
30,191,Veracruz,Ursulo Galván,2015,PV,22.7,
31,001,Yucatán,Abalá,2015,PV,18.7,
31,010,Yucatán,Cantamayec,2015,PV,22.9,
31,013,Yucatán,Conkal,2015,PV,21.0,
31,015,Yucatán,Cuzamá,2015,PV,17.8,
31,019,Yucatán,Chemax,2015,PV,20.9,
31,022,Yucatán,Chikindzonot,2015,PV,20.3,
31,023,Yucatán,Chocholá,2015,PV,22.5,
31,040,Yucatán,Izamal,2015,PV,27.8,
31,050,Yucatán,Mérida,2015,PV,21.7,
31,051,Yucatán,Mocochá,2015,PV,21.2,
31,052,Yucatán,Motul,2015,PV,21.1,
31,053,Yucatán,Muna,2015,PV,22.7,
31,055,Yucatán,Opichén,2015,PV,18.1,
31,056,Yucatán,Oxkutzcab,2015,PV,19.5,
31,058,Yucatán,Peto,2015,PV,21.4,
31,059,Yucatán,Progreso,2015,PV,23.1,
31,061,Yucatán,Río Lagartos,2015,PV,21.8,
31,079,Yucatán,Tekax,2015,PV,22.0,
31,089,Yucatán,Ticul,2015,PV,21.4,
31,096,Yucatán,Tizimín,2015,PV,21.3,
31,098,Yucatán,Tzucacab,2015,PV,17.6,
31,102,Yucatán,Valladolid,2015,PV,22.2,
32,003,Zacatecas,Atolinga,2015,PV,6.8,
32,005,Zacatecas,Calera,2015,PV,7.9,
32,006,Zacatecas,Cañitas de Felipe Pescador,2015,PV,9.6,
32,007,Zacatecas,Concepción del Oro,2015,PV,9.5,
32,008,Zacatecas,Cuauhtémoc,2015,PV,9.6,
32,009,Zacatecas,Chalchihuites,2015,PV,10.0,
32,010,Zacatecas,Fresnillo,2015,PV,7.2,
32,012,Zacatecas,Genaro Codina,2015,PV,8.0,
32,014,Zacatecas,General Francisco R. Murguía,2015,PV,11.0,
32,016,Zacatecas,General Pánfilo Natera,2015,PV,8.0,
32,017,Zacatecas,Guadalupe,2015,PV,11.4,
32,019,Zacatecas,Jalpa,2015,PV,14.4,
32,020,Zacatecas,Jerez,2015,PV,10.2,
32,022,Zacatecas,Juan Aldama,2015,PV,9.7,
32,023,Zacatecas,Juchipila,2015,PV,13.3,
32,024,Zacatecas,Loreto,2015,PV,11.2,
32,025,Zacatecas,Luis Moya,2015,PV,9.9,
32,028,Zacatecas,Mezquital del Oro,2015,PV,15.7,
32,029,Zacatecas,Miguel Auza,2015,PV,10.0,
32,031,Zacatecas,Monte Escobedo,2015,PV,7.6,
32,032,Zacatecas,Morelos,2015,PV,9.1,
32,034,Zacatecas,Nochistlán de Mejía,2015,PV,10.0,
32,036,Zacatecas,Ojocaliente,2015,PV,10.8,
32,038,Zacatecas,Pinos,2015,PV,9.2,
32,039,Zacatecas,Río Grande,2015,PV,9.3,
32,040,Zacatecas,Sain Alto,2015,PV,9.3,
32,042,Zacatecas,Sombrerete,2015,PV,9.6,
32,044,Zacatecas,Tabasco,2015,PV,14.5,
32,045,Zacatecas,Tepechitlán,2015,PV,10.6,
32,047,Zacatecas,Teúl de González Ortega,2015,PV,6.5,
32,048,Zacatecas,Tlaltenango de Sánchez Román,2015,PV,10.5,
32,049,Zacatecas,Valparaíso,2015,PV,6.6,
32,051,Zacatecas,Villa de Cos,2015,PV,10.1,
32,053,Zacatecas,Villa González Ortega,2015,PV,9.3,
32,054,Zacatecas,Villa Hidalgo,2015,PV,7.9,
32,055,Zacatecas,Villanueva,2015,PV,10.0,
32,056,Zacatecas,Zacatecas,2015,PV,10.9,
01,001,Aguascalientes,Aguascalientes,2016,OI,-1.9,1.3
01,002,Aguascalientes,Asientos,2016,OI,-1.3,1.4
01,003,Aguascalientes,Calvillo,2016,OI,-0.2,5.3
01,004,Aguascalientes,Cosío,2016,OI,-0.5,2.4
01,005,Aguascalientes,Jesús María,2016,OI,3.5,
01,006,Aguascalientes,Pabellón de Arteaga,2016,OI,2.6,5.8
01,007,Aguascalientes,Rincón de Romos,2016,OI,2.2,6.4
01,008,Aguascalientes,San José de Gracia,2016,OI,-0.8,3.2
01,009,Aguascalientes,Tepezalá,2016,OI,4.6,7.2
01,010,Aguascalientes,El Llano,2016,OI,-0.5,2.6
02,001,Baja California,Ensenada,2016,OI,5.9,6.5
02,002,Baja California,Mexicali,2016,OI,6.5,8.1
02,003,Baja California,Tecate,2016,OI,2.3,3.3
02,004,Baja California,Tijuana,2016,OI,8.5,9.8
02,006,Baja California,San Quintín,2016,OI,10.1,10.1
02,007,Baja California,San Felipe,2016,OI,7.8,11.3
03,001,Baja California Sur,Comondú,2016,OI,7.5,10.7
03,002,Baja California Sur,Mulegé,2016,OI,3.7,6.2
03,003,Baja California Sur,La Paz,2016,OI,7.7,10.0
03,008,Baja California Sur,Los Cabos,2016,OI,5.2,9.1
03,009,Baja California Sur,Loreto,2016,OI,11.9,13.8
04,002,Campeche,Campeche,2016,OI,17.7,16.5
04,003,Campeche,Carmen,2016,OI,17.3,17.5
04,004,Campeche,Champotón,2016,OI,17.0,17.0
04,005,Campeche,Hecelchakán,2016,OI,16.7,17.6
04,006,Campeche,Hopelchén,2016,OI,15.7,15.1
04,007,Campeche,Palizada,2016,OI,18.1,17.3
04,009,Campeche,Escárcega,2016,OI,18.2,16.8
04,011,Campeche,Candelaria,2016,OI,17.2,17.7
05,002,Coahuila,Acuña,2016,OI,3.6,3.8
05,003,Coahuila,Allende,2016,OI,4.4,4.5
05,004,Coahuila,Arteaga,2016,OI,-0.6,3.9
05,005,Coahuila,Candela,2016,OI,7.1,6.1
05,007,Coahuila,Cuatro Ciénegas,2016,OI,4.2,4.9
05,009,Coahuila,Francisco I. Madero,2016,OI,4.7,13.0
05,014,Coahuila,Jiménez,2016,OI,1.2,2.5
05,015,Coahuila,Juárez,2016,OI,6.3,5.6
05,017,Coahuila,Matamoros,2016,OI,5.6,7.9
05,018,Coahuila,Monclova,2016,OI,7.3,6.3
05,022,Coahuila,Nava,2016,OI,22.0,5.9
05,024,Coahuila,Parras,2016,OI,11.4,7.8
05,025,Coahuila,Piedras Negras,2016,OI,6.0,5.2
05,026,Coahuila,Progreso,2016,OI,4.3,4.6
05,027,Coahuila,Ramos Arizpe,2016,OI,4.3,6.5
05,028,Coahuila,Sabinas,2016,OI,3.5,4.2
05,030,Coahuila,Saltillo,2016,OI,2.0,4.9
05,032,Coahuila,San Juan de Sabinas,2016,OI,11.1,3.4
05,033,Coahuila,San Pedro,2016,OI,3.0,7.5
05,034,Coahuila,Sierra Mojada,2016,OI,4.6,5.7
05,035,Coahuila,Torreón,2016,OI,0.6,5.8
06,001,Colima,Armería,2016,OI,17.7,19.0
06,002,Colima,Colima,2016,OI,16.2,16.9
06,003,Colima,Comala,2016,OI,16.5,17.8
06,004,Colima,Coquimatlán,2016,OI,14.2,15.5
06,005,Colima,Cuauhtémoc,2016,OI,14.1,15.2
06,006,Colima,Ixtlahuacán,2016,OI,17.9,18.6
06,007,Colima,Manzanillo,2016,OI,18.7,19.3
06,009,Colima,Tecomán,2016,OI,16.2,17.1
07,001,Chiapas,Acacoyagua,2016,OI,19.6,19.6
07,002,Chiapas,Acala,2016,OI,15.2,14.6
07,008,Chiapas,Ángel Albino Corzo,2016,OI,13.4,12.1
07,009,Chiapas,Arriaga,2016,OI,19.0,19.0
07,019,Chiapas,Comitán de Domínguez,2016,OI,11.0,11.4
07,020,Chiapas,La Concordia,2016,OI,14.0,14.0
07,027,Chiapas,Chiapa de Corzo,2016,OI,14.5,14.6
07,029,Chiapas,Chicoasén,2016,OI,17.5,16.5
07,030,Chiapas,Chicomuselo,2016,OI,13.6,13.4
07,032,Chiapas,Escuintla,2016,OI,19.2,18.5
07,034,Chiapas,Frontera Comalapa,2016,OI,13.6,14.5
07,037,Chiapas,Huehuetán,2016,OI,21.7,
07,040,Chiapas,Huixtla,2016,OI,20.4,19.7
07,046,Chiapas,Jiquipilas,2016,OI,14.5,14.3
07,049,Chiapas,Larráinzar,2016,OI,17.2,16.6
07,051,Chiapas,Mapastepec,2016,OI,20.4,19.6
07,059,Chiapas,Ocosingo,2016,OI,17.9,17.9
07,062,Chiapas,Ostuacán,2016,OI,17.9,17.8
07,063,Chiapas,Osumacinta,2016,OI,17.6,17.2
07,068,Chiapas,Pichucalco,2016,OI,17.9,18.4
07,069,Chiapas,Pijijiapan,2016,OI,22.5,21.0
07,071,Chiapas,Villa Comaltitlán,2016,OI,20.4,19.6
07,077,Chiapas,Salto de Agua,2016,OI,17.6,17.8
07,078,Chiapas,San Cristóbal de las Casas,2016,OI,6.5,5.7
07,086,Chiapas,Suchiapa,2016,OI,16.1,16.3
07,089,Chiapas,Tapachula,2016,OI,19.6,16.4
07,092,Chiapas,Tecpatán,2016,OI,16.4,16.3
07,097,Chiapas,Tonalá,2016,OI,20.5,20.1
07,099,Chiapas,La Trinitaria,2016,OI,14.4,15.1
07,101,Chiapas,Tuxtla Gutiérrez,2016,OI,16.9,16.2
07,106,Chiapas,Venustiano Carranza,2016,OI,13.2,13.9
07,107,Chiapas,Villa Corzo,2016,OI,13.2,13.9
07,108,Chiapas,Villaflores,2016,OI,12.8,12.4
07,123,Chiapas,Emiliano Zapata,2016,OI,15.7,15.3
07,124,Chiapas,Mezcalapa,2016,OI,18.9,19.1
08,002,Chihuahua,Aldama,2016,OI,8.6,4.9
08,006,Chihuahua,Bachíniva,2016,OI,-3.3,-0.5
08,007,Chihuahua,Balleza,2016,OI,-8.2,-5.0
08,008,Chihuahua,Batopilas de Manuel Gómez Morín,2016,OI,6.2,7.1
08,009,Chihuahua,Bocoyna,2016,OI,-6.4,-4.8
08,010,Chihuahua,Buenaventura,2016,OI,-2.6,-1.4
08,011,Chihuahua,Camargo,2016,OI,1.8,4.2
08,014,Chihuahua,Coronado,2016,OI,-2.8,3.5
08,017,Chihuahua,Cuauhtémoc,2016,OI,-3.3,
08,019,Chihuahua,Chihuahua,2016,OI,-0.6,1.2
08,020,Chihuahua,Chínipas,2016,OI,4.6,7.3
08,021,Chihuahua,Delicias,2016,OI,1.1,2.1
08,027,Chihuahua,Guachochi,2016,OI,-1.1,-1.1
08,029,Chihuahua,Guadalupe y Calvo,2016,OI,-1.8,1.3
08,031,Chihuahua,Guerrero,2016,OI,-4.4,-1.5
08,032,Chihuahua,Hidalgo del Parral,2016,OI,1.3,3.7
08,036,Chihuahua,Jiménez,2016,OI,-2.3,3.2
08,037,Chihuahua,Juárez,2016,OI,1.9,0.8
08,040,Chihuahua,Madera,2016,OI,-3.5,-0.3
08,041,Chihuahua,Maguarichi,2016,OI,-3.9,0.7
08,050,Chihuahua,Nuevo Casas Grandes,2016,OI,0.1,-0.1
08,051,Chihuahua,Ocampo,2016,OI,-5.9,-2.0
08,052,Chihuahua,Ojinaga,2016,OI,0.4,1.2
08,055,Chihuahua,Rosales,2016,OI,1.0,3.3
08,058,Chihuahua,San Francisco de Conchos,2016,OI,-2.3,2.4
08,063,Chihuahua,Temósachic,2016,OI,-6.8,-5.3
08,065,Chihuahua,Urique,2016,OI,4.9,13.0
08,067,Chihuahua,Valle de Zaragoza,2016,OI,0.3,3.5
09,002,Ciudad de México,Azcapotzalco,2016,OI,10.2,
09,004,Ciudad de México,Cuajimalpa de Morelos,2016,OI,7.4,
09,005,Ciudad de México,Gustavo A. Madero,2016,OI,3.8,4.0
09,006,Ciudad de México,Iztacalco,2016,OI,12.6,9.1
09,007,Ciudad de México,Iztapalapa,2016,OI,9.0,
09,009,Ciudad de México,Milpa Alta,2016,OI,6.0,
09,010,Ciudad de México,Álvaro Obregón,2016,OI,8.0,
09,012,Ciudad de México,Tlalpan,2016,OI,-0.2,8.8
09,013,Ciudad de México,Xochimilco,2016,OI,8.0,
09,014,Ciudad de México,Benito Juárez,2016,OI,9.0,
09,015,Ciudad de México,Cuauhtémoc,2016,OI,9.7,
09,016,Ciudad de México,Miguel Hidalgo,2016,OI,8.5,8.8
09,017,Ciudad de México,Venustiano Carranza,2016,OI,7.3,7.7
10,001,Durango,Canatlán,2016,OI,-1.7,2.8
10,004,Durango,Cuencamé,2016,OI,4.5,7.6
10,005,Durango,Durango,2016,OI,-8.0,-1.3
10,008,Durango,Guadalupe Victoria,2016,OI,1.0,5.3
10,009,Durango,Guanaceví,2016,OI,-13.3,-6.0
10,010,Durango,Hidalgo,2016,OI,-1.5,0.8
10,011,Durango,Indé,2016,OI,0.6,3.4
10,012,Durango,Lerdo,2016,OI,4.7,8.5
10,013,Durango,Mapimí,2016,OI,-1.9,2.4
10,015,Durango,Nazas,2016,OI,0.9,5.4
10,017,Durango,Ocampo,2016,OI,-1.2,2.6
10,018,Durango,El Oro,2016,OI,-3.7,0.1
10,020,Durango,Pánuco de Coronado,2016,OI,-2.2,5.7
10,022,Durango,Poanas,2016,OI,0.1,4.7
10,024,Durango,Rodeo,2016,OI,1.9,7.2
10,025,Durango,San Bernardo,2016,OI,-2.7,-2.1
10,026,Durango,San Dimas,2016,OI,1.0,-1.0
10,027,Durango,San Juan de Guadalupe,2016,OI,8.0,7.6
10,030,Durango,San Pedro del Gallo,2016,OI,1.2,5.6
10,031,Durango,Santa Clara,2016,OI,-2.8,6.4
10,031,Zacatecas,Santa Clara,2016,OI,5.9,2.7
10,032,Durango,Santiago Papasquiaro,2016,OI,-1.2,3.6
10,033,Durango,Súchil,2016,OI,0.4,4.6
10,034,Durango,Tamazula,2016,OI,9.4,14.3
10,035,Durango,Tepehuanes,2016,OI,6.2,1.6
10,036,Durango,Tlahualilo,2016,OI,2.7,6.6
11,001,Guanajuato,Abasolo,2016,OI,8.1,9.8
11,002,Guanajuato,Acámbaro,2016,OI,5.6,7.7
11,003,Guanajuato,San Miguel de Allende,2016,OI,1.3,4.8
11,004,Guanajuato,Apaseo el Alto,2016,OI,6.9,7.9
11,005,Guanajuato,Apaseo el Grande,2016,OI,4.2,5.8
11,007,Guanajuato,Celaya,2016,OI,4.0,5.9
11,008,Guanajuato,Manuel Doblado,2016,OI,3.8,4.1
11,010,Guanajuato,Coroneo,2016,OI,1.6,3.0
11,011,Guanajuato,Cortazar,2016,OI,2.7,4.7
11,012,Guanajuato,Cuerámaro,2016,OI,7.2,9.1
11,014,Guanajuato,Dolores Hidalgo Cuna de la Independencia Nacional,2016,OI,1.8,5.1
11,015,Guanajuato,Guanajuato,2016,OI,4.4,7.4
11,017,Guanajuato,Irapuato,2016,OI,4.1,5.9
11,018,Guanajuato,Jaral del Progreso,2016,OI,4.5,6.1
11,019,Guanajuato,Jerécuaro,2016,OI,3.2,5.0
11,020,Guanajuato,León,2016,OI,6.2,8.7
11,022,Guanajuato,Ocampo,2016,OI,0.8,3.6
11,023,Guanajuato,Pénjamo,2016,OI,3.6,5.9
11,025,Guanajuato,Purísima del Rincón,2016,OI,4.0,6.5
11,027,Guanajuato,Salamanca,2016,OI,5.0,7.0
11,028,Guanajuato,Salvatierra,2016,OI,3.6,5.2
11,030,Guanajuato,San Felipe,2016,OI,-1.1,2.7
11,033,Guanajuato,San Luis de la Paz,2016,OI,1.4,3.3
11,037,Guanajuato,Silao de la Victoria,2016,OI,4.4,7.0
11,039,Guanajuato,Tarimoro,2016,OI,6.7,8.1
11,042,Guanajuato,Valle de Santiago,2016,OI,5.3,6.3
11,045,Guanajuato,Xichú,2016,OI,7.2,8.8
12,001,Guerrero,Acapulco de Juárez,2016,OI,22.2,21.6
12,003,Guerrero,Ajuchitlán del Progreso,2016,OI,17.7,17.9
12,005,Guerrero,Alpoyeca,2016,OI,13.4,13.5
12,011,Guerrero,Atoyac de Álvarez,2016,OI,20.3,21.3
12,014,Guerrero,Benito Juárez,2016,OI,21.4,21.5
12,015,Guerrero,Buenavista de Cuéllar,2016,OI,12.4,13.8
12,018,Guerrero,Copala,2016,OI,24.8,24.4
12,021,Guerrero,Coyuca de Benítez,2016,OI,20.8,20.9
12,023,Guerrero,Cuajinicuilapa,2016,OI,20.6,20.4
12,028,Guerrero,Chilapa de Álvarez,2016,OI,10.6,10.7
12,029,Guerrero,Chilpancingo de los Bravo,2016,OI,9.1,13.2
12,034,Guerrero,Huitzuco de los Figueroa,2016,OI,12.6,13.3
12,035,Guerrero,Iguala de la Independencia,2016,OI,14.6,15.0
12,036,Guerrero,Igualapa,2016,OI,18.5,18.0
12,038,Guerrero,Zihuatanejo de Azueta,2016,OI,20.1,20.1
12,039,Guerrero,Juan R. Escudero,2016,OI,18.5,19.7
12,040,Guerrero,Leonardo Bravo,2016,OI,11.0,11.5
12,044,Guerrero,Mochitlán,2016,OI,16.3,16.1
12,045,Guerrero,Olinalá,2016,OI,10.8,10.5
12,050,Guerrero,Pungarabato,2016,OI,18.1,18.6
12,053,Guerrero,San Marcos,2016,OI,12.3,12.6
12,055,Guerrero,Taxco de Alarcón,2016,OI,14.2,14.8
12,057,Guerrero,Técpan de Galeana,2016,OI,20.6,20.8
12,061,Guerrero,Tixtla de Guerrero,2016,OI,14.0,11.0
12,066,Guerrero,Tlapa de Comonfort,2016,OI,13.7,13.5
12,068,Michoacán,La Unión de Isidoro Montes de Oca,2016,OI,22.1,22.6
12,070,Guerrero,Xochihuehuetlán,2016,OI,11.7,11.3
12,073,Guerrero,Zirándaro,2016,OI,15.6,14.6
12,082,Guerrero,Las Vigas,2016,OI,16.2,19.2
13,003,Hidalgo,Actopan,2016,OI,4.0,4.5
13,006,Hidalgo,Alfajayucan,2016,OI,5.2,7.2
13,011,Hidalgo,Atlapexco,2016,OI,12.2,13.0
13,013,Hidalgo,Atotonilco de Tula,2016,OI,3.3,4.4
13,016,Hidalgo,Cuautepec de Hinojosa,2016,OI,2.2,4.6
13,019,Hidalgo,Chilcuautla,2016,OI,4.5,5.7
13,028,Hidalgo,Huejutla de Reyes,2016,OI,12.3,10.6
13,028,Veracruz,Huejutla de Reyes,2016,OI,11.5,13.2
13,029,Hidalgo,Huichapan,2016,OI,3.5,4.0
13,030,Hidalgo,Ixmiquilpan,2016,OI,4.4,4.7
13,037,Hidalgo,Metztitlán,2016,OI,9.6,9.1
13,046,Hidalgo,San Felipe Orizatlán,2016,OI,12.4,12.9
13,048,Hidalgo,Pachuca de Soto,2016,OI,4.5,4.5
13,064,Hidalgo,Tepetitlán,2016,OI,4.8,5.5
13,077,Hidalgo,Tulancingo de Bravo,2016,OI,5.0,6.6
13,081,Hidalgo,Zacualtipán de Ángeles,2016,OI,3.3,5.1
13,084,Hidalgo,Zimapán,2016,OI,8.1,8.6
14,002,Jalisco,Acatlán de Juárez,2016,OI,13.0,7.3
14,006,Jalisco,Ameca,2016,OI,4.6,7.3
14,015,Jalisco,Autlán de Navarro,2016,OI,19.2,11.9
14,017,Jalisco,Ayutla,2016,OI,6.5,8.8
14,019,Jalisco,Bolaños,2016,OI,10.9,12.2
14,022,Jalisco,Cihuatlán,2016,OI,18.5,19.5
14,023,Jalisco,Zapotlán el Grande,2016,OI,6.3,8.2
14,025,Jalisco,Colotlán,2016,OI,10.9,5.8
14,030,Jalisco,Chapala,2016,OI,11.6,13.3
14,033,Jalisco,Degollado,2016,OI,6.8,9.1
14,039,Jalisco,Guadalajara,2016,OI,7.4,9.9
14,041,Jalisco,Huejúcar,2016,OI,-0.2,4.1
14,046,Jalisco,Jalostotitlán,2016,OI,-2.4,2.3
14,047,Jalisco,Jamay,2016,OI,4.1,6.8
14,049,Jalisco,Jilotlán de los Dolores,2016,OI,18.5,
14,051,Jalisco,Juanacatlán,2016,OI,3.5,6.7
14,053,Jalisco,Lagos de Moreno,2016,OI,0.1,4.4
14,054,Jalisco,El Limón,2016,OI,10.6,12.8
14,058,Jalisco,Mascota,2016,OI,4.3,6.3
14,061,Jalisco,Mezquitic,2016,OI,-0.8,5.4
14,065,Jalisco,Pihuamo,2016,OI,14.8,16.6
14,067,Jalisco,Puerto Vallarta,2016,OI,14.9,16.7
14,070,Jalisco,El Salto,2016,OI,9.4,12.0
14,071,Jalisco,San Cristóbal de la Barranca,2016,OI,7.7,11.3
14,081,Jalisco,Santa María de los Ángeles,2016,OI,1.2,3.5
14,091,Jalisco,Teocaltiche,2016,OI,-0.6,4.1
14,095,Jalisco,Teuchitlán,2016,OI,4.8,8.0
14,096,Jalisco,Tizapán el Alto,2016,OI,15.5,11.1
14,098,Jalisco,San Pedro Tlaquepaque,2016,OI,8.3,10.6
14,100,Jalisco,Tomatlán,2016,OI,18.4,19.4
14,118,Jalisco,Yahualica de González Gallo,2016,OI,2.0,5.3
14,120,Jalisco,Zapopan,2016,OI,5.6,8.5
15,002,Estado de México,Acolman,2016,OI,2.9,4.1
15,003,Estado de México,Aculco,2016,OI,-0.3,2.6
15,003,Querétaro,Aculco,2016,OI,3.6,5.4
15,005,Estado de México,Almoloya de Juárez,2016,OI,-3.0,-0.8
15,011,Estado de México,Atenco,2016,OI,3.2,6.7
15,013,Estado de México,Atizapán de Zaragoza,2016,OI,5.1,5.9
15,014,Estado de México,Atlacomulco,2016,OI,-0.3,0.7
15,020,Estado de México,Coacalco de Berriozábal,2016,OI,7.0,
15,025,Estado de México,Chalco,2016,OI,5.9,
15,033,Estado de México,Ecatepec de Morelos,2016,OI,3.3,4.7
15,042,Estado de México,Ixtlahuaca,2016,OI,-0.3,0.2
15,045,Estado de México,Jilotepec,2016,OI,1.2,1.7
15,055,Estado de México,Mexicaltzingo,2016,OI,7.6,7.1
15,057,Estado de México,Naucalpan de Juárez,2016,OI,2.1,3.3
15,058,Estado de México,Nezahualcóyotl,2016,OI,9.7,
15,074,Estado de México,San Felipe del Progreso,2016,OI,0.4,0.8
15,083,Estado de México,Temamatla,2016,OI,3.1,3.7
15,087,Estado de México,Temoaya,2016,OI,-3.1,-1.1
15,091,Estado de México,Teoloyucan,2016,OI,1.0,2.1
15,095,Estado de México,Tepotzotlán,2016,OI,2.3,3.2
15,096,Estado de México,Tequixquiac,2016,OI,0.6,1.2
15,097,Estado de México,Texcaltitlán,2016,OI,3.5,4.1
15,099,Estado de México,Texcoco,2016,OI,3.9,3.5
15,100,Estado de México,Tezoyuca,2016,OI,9.7,10.4
15,101,Estado de México,Tianguistenco,2016,OI,-0.4,1.1
15,104,Estado de México,Tlalnepantla de Baz,2016,OI,8.3,
15,106,Estado de México,Toluca,2016,OI,-0.9,0.6
15,109,Estado de México,Tultitlán,2016,OI,6.5,7.4
15,112,Estado de México,Villa del Carbón,2016,OI,0.7,2.0
15,113,Estado de México,Villa Guerrero,2016,OI,6.1,6.5
15,118,Estado de México,Zinacantepec,2016,OI,1.3,1.9
15,120,Estado de México,Zumpango,2016,OI,23.6,2.9
16,003,Michoacán,Álvaro Obregón,2016,OI,4.5,5.5
16,004,Michoacán,Angamacutiro,2016,OI,11.8,8.7
16,006,Michoacán,Apatzingán,2016,OI,15.1,16.8
16,010,Michoacán,Arteaga,2016,OI,19.3,20.7
16,011,Michoacán,Briseñas,2016,OI,7.9,
16,017,Michoacán,Contepec,2016,OI,6.8,8.0
16,019,Michoacán,Cotija,2016,OI,6.4,8.2
16,034,Michoacán,Hidalgo,2016,OI,2.8,4.5
16,035,Michoacán,La Huacana,2016,OI,16.6,17.7
16,042,Michoacán,Ixtlán,2016,OI,8.3,
16,049,Michoacán,Madero,2016,OI,6.0,
16,050,Michoacán,Maravatío,2016,OI,4.3,5.6
16,053,Michoacán,Morelia,2016,OI,7.6,7.7
16,067,Michoacán,Penjamillo,2016,OI,5.4,7.9
16,069,Michoacán,La Piedad,2016,OI,11.0,7.1
16,076,Michoacán,Sahuayo,2016,OI,4.5,7.7
16,080,Michoacán,Senguio,2016,OI,5.1,5.8
16,085,Michoacán,Tangancícuaro,2016,OI,1.7,4.1
16,102,Michoacán,Uruapan,2016,OI,9.5,11.1
16,103,Michoacán,Venustiano Carranza,2016,OI,14.9,
16,104,Michoacán,Villamar,2016,OI,5.7,
16,105,Michoacán,Vista Hermosa,2016,OI,7.7,6.8
16,106,Michoacán,Yurécuaro,2016,OI,6.9,10.0
16,107,Michoacán,Zacapu,2016,OI,10.7,7.2
16,110,Michoacán,Zinapécuaro,2016,OI,8.7,5.1
16,113,Michoacán,José Sixto Verduzco,2016,OI,4.1,6.4
17,001,Morelos,Amacuzac,2016,OI,9.5,9.3
17,002,Morelos,Atlatlahucan,2016,OI,11.4,
17,004,Morelos,Ayala,2016,OI,11.4,12.4
17,006,Morelos,Cuautla,2016,OI,10.1,11.3
17,007,Morelos,Cuernavaca,2016,OI,11.3,12.0
17,008,Morelos,Emiliano Zapata,2016,OI,11.7,12.6
17,009,Morelos,Huitzilac,2016,OI,2.2,3.8
17,011,Morelos,Jiutepec,2016,OI,12.0,13.0
17,012,Morelos,Jojutla,2016,OI,11.6,11.9
17,013,Morelos,Jonacatepec de Leandro Valle,2016,OI,10.1,10.2
17,015,Morelos,Miacatlán,2016,OI,14.1,
17,016,Morelos,Ocuituco,2016,OI,5.8,6.2
17,017,Morelos,Puente de Ixtla,2016,OI,10.2,10.3
17,018,Morelos,Temixco,2016,OI,14.1,14.5
17,019,Morelos,Tepalcingo,2016,OI,12.3,12.6
17,020,Morelos,Tepoztlán,2016,OI,15.9,13.0
17,021,Morelos,Tetecala,2016,OI,11.7,11.1
17,024,Morelos,Tlaltizapán de Zapata,2016,OI,10.6,10.8
17,025,Morelos,Tlaquiltenango,2016,OI,10.1,10.0
17,026,Morelos,Tlayacapan,2016,OI,10.7,11.9
17,027,Morelos,Totolapan,2016,OI,9.8,
17,028,Morelos,Xochitepec,2016,OI,11.5,11.7
17,029,Morelos,Yautepec,2016,OI,8.6,9.0
17,030,Morelos,Yecapixtla,2016,OI,9.2,10.7
17,031,Morelos,Zacatepec,2016,OI,12.3,10.8
17,032,Morelos,Zacualpan de Amilpas,2016,OI,9.5,10.0
17,033,Morelos,Temoac,2016,OI,10.8,
18,001,Nayarit,Acaponeta,2016,OI,16.5,15.6
18,009,Nayarit,Del Nayar,2016,OI,9.0,13.6
18,010,Nayarit,Rosamorada,2016,OI,14.9,15.5
18,011,Nayarit,Ruíz,2016,OI,16.3,16.5
18,015,Nayarit,Santiago Ixcuintla,2016,OI,17.1,16.0
18,017,Nayarit,Tepic,2016,OI,11.0,13.8
18,020,Nayarit,Bahía de Banderas,2016,OI,14.4,16.9
19,003,Nuevo León,Los Aldamas,2016,OI,7.1,7.0
19,004,Nuevo León,Allende,2016,OI,4.3,
19,005,Nuevo León,Anáhuac,2016,OI,6.1,4.1
19,006,Nuevo León,Apodaca,2016,OI,7.0,7.8
19,007,Nuevo León,Aramberri,2016,OI,-0.9,3.3
19,011,Nuevo León,Cerralvo,2016,OI,8.1,7.1
19,012,Nuevo León,Ciénega de Flores,2016,OI,3.7,5.7
19,013,Nuevo León,China,2016,OI,7.0,7.6
19,014,Nuevo León,Doctor Arroyo,2016,OI,4.3,7.5
19,017,Nuevo León,Galeana,2016,OI,-3.3,1.6
19,021,Nuevo León,General Escobedo,2016,OI,7.8,7.3
19,024,Nuevo León,General Zaragoza,2016,OI,3.9,7.5
19,025,Nuevo León,General Zuazua,2016,OI,8.0,8.3
19,026,Nuevo León,Guadalupe,2016,OI,8.3,7.5
19,028,Nuevo León,Higueras,2016,OI,5.7,5.6
19,033,Nuevo León,Linares,2016,OI,5.2,5.8
19,036,Nuevo León,Mier y Noriega,2016,OI,5.5,7.3
19,038,Nuevo León,Montemorelos,2016,OI,4.5,6.3
19,039,Nuevo León,Monterrey,2016,OI,2.9,5.8
19,042,Nuevo León,Los Ramones,2016,OI,5.3,6.2
19,046,Nuevo León,San Nicolás de los Garza,2016,OI,8.2,7.5
19,049,Nuevo León,Santiago,2016,OI,5.8,7.4
20,005,Oaxaca,Asunción Ixtaltepec,2016,OI,31.1,20.5
20,014,Oaxaca,Ciudad Ixtepec,2016,OI,20.9,20.7
20,039,Oaxaca,Heroica Ciudad de Huajuapan de León,2016,OI,7.1,7.5
20,043,Oaxaca,Heroica Ciudad de Juchitán de Zaragoza,2016,OI,20.6,20.4
20,052,Oaxaca,Magdalena Tequisistlán,2016,OI,14.5,14.3
20,057,Oaxaca,Matías Romero Avendaño,2016,OI,22.1,16.7
20,067,Oaxaca,Oaxaca de Juárez,2016,OI,9.9,8.4
20,079,Oaxaca,Salina Cruz,2016,OI,22.9,22.4
20,083,Oaxaca,San Agustín de las Juntas,2016,OI,9.9,8.8
20,136,Oaxaca,San Felipe Usila,2016,OI,14.2,14.5
20,173,Oaxaca,San Juan Atepec,2016,OI,7.3,7.0
20,177,Oaxaca,San Juan Bautista Cuicatlán,2016,OI,12.7,13.1
20,184,Oaxaca,San Juan Bautista Tuxtepec,2016,OI,15.7,16.3
20,228,Oaxaca,San Lorenzo Cuaunecuiltitla,2016,OI,7.7,7.9
20,250,Oaxaca,San Mateo Etlatongo,2016,OI,10.3,4.1
20,262,Oaxaca,San Miguel Amatlán,2016,OI,3.5,3.5
20,278,Oaxaca,San Miguel Soyaltepec,2016,OI,17.2,16.9
20,324,Oaxaca,San Pedro Pochutla,2016,OI,22.4,21.5
20,327,Oaxaca,San Pedro Tapanatepec,2016,OI,17.8,17.7
20,357,Oaxaca,Santa Ana Tavela,2016,OI,13.0,12.3
20,363,Oaxaca,Santa Catarina Ixtepeji,2016,OI,7.2,6.7
20,385,Oaxaca,Santa Cruz Xoxocotlán,2016,OI,8.8,8.3
20,413,Oaxaca,Santa María Huatulco,2016,OI,22.3,21.4
20,417,Oaxaca,Santa María Jacatepec,2016,OI,17.2,16.2
20,418,Oaxaca,Santa María Jalapa del Marqués,2016,OI,16.9,19.1
20,439,Oaxaca,Santa María Tonameca,2016,OI,16.6,
20,468,Oaxaca,Santiago Jocotepec,2016,OI,17.1,16.7
20,478,Oaxaca,Santiago Nacaltepec,2016,OI,8.2,11.7
20,482,Oaxaca,Santiago Pinotepa Nacional,2016,OI,22.6,18.9
20,498,Oaxaca,Santiago Yaveo,2016,OI,15.9,15.7
20,502,Oaxaca,Santiago Zacatepec,2016,OI,12.0,12.0
20,525,Oaxaca,Santo Domingo Zanatepec,2016,OI,15.4,14.7
20,559,Oaxaca,San Juan Bautista Valle Nacional,2016,OI,16.4,16.8
21,001,Puebla,Acajete,2016,OI,4.5,4.0
21,003,Puebla,Acatlán,2016,OI,11.2,11.4
21,008,Puebla,Ahuazotepec,2016,OI,-0.2,1.9
21,015,Puebla,Amozoc,2016,OI,5.8,5.5
21,019,Puebla,Atlixco,2016,OI,8.1,8.3
21,023,Puebla,Atzitzintla,2016,OI,2.7,3.1
21,025,Puebla,Ayotoxco de Guerrero,2016,OI,14.0,13.9
21,026,Puebla,Calpan,2016,OI,5.1,1.4
21,031,Puebla,Coatzingo,2016,OI,10.2,10.3
21,043,Puebla,Cuetzalan del Progreso,2016,OI,9.2,9.6
21,045,Puebla,Chalchicomula de Sesma,2016,OI,2.4,3.3
21,051,Puebla,Chietla,2016,OI,11.5,12.2
21,053,Puebla,Chignahuapan,2016,OI,0.4,2.0
21,059,Puebla,Chinantla,2016,OI,10.9,11.0
21,069,Puebla,Huaquechula,2016,OI,10.6,10.9
21,071,Puebla,Huauchinango,2016,OI,7.3,7.6
21,083,Puebla,Ixtacamaxtitlán,2016,OI,2.3,1.1
21,085,Puebla,Izúcar de Matamoros,2016,OI,14.7,12.9
21,086,Puebla,Jalpan,2016,OI,12.6,13.3
21,094,Puebla,Libres,2016,OI,4.2,4.6
21,098,Puebla,Molcaxac,2016,OI,4.5,5.5
21,106,Puebla,Ocoyucan,2016,OI,6.0,5.7
21,108,Puebla,Oriental,2016,OI,7.0,7.8
21,114,Puebla,Puebla,2016,OI,3.3,4.2
21,140,Puebla,San Pedro Cholula,2016,OI,4.9,4.9
21,145,Puebla,San Sebastián Tlacotepec,2016,OI,15.0,15.0
21,153,Puebla,Tecali de Herrera,2016,OI,4.1,5.3
21,154,Puebla,Tecamachalco,2016,OI,5.9,5.1
21,156,Puebla,Tehuacán,2016,OI,5.6,6.8
21,160,Puebla,Teotlalco,2016,OI,11.4,9.5
21,162,Puebla,Tepango de Rodríguez,2016,OI,4.4,4.6
21,170,Puebla,Tepeyahualco,2016,OI,0.4,0.8
21,172,Puebla,Tetela de Ocampo,2016,OI,5.0,6.3
21,174,Puebla,Teziutlán,2016,OI,6.1,6.9
21,180,Puebla,Tlahuapan,2016,OI,4.4,4.6
21,184,Puebla,Tlapacoya,2016,OI,2.9,4.6
21,186,Puebla,Tlatlauquitepec,2016,OI,0.1,1.5
21,187,Puebla,Tlaxco,2016,OI,13.5,13.5
21,193,Puebla,Tzicatlacoyan,2016,OI,3.0,3.8
21,194,Puebla,Venustiano Carranza,2016,OI,6.3,3.5
21,197,Puebla,Xicotepec,2016,OI,9.8,9.4
21,198,Puebla,Xicotlán,2016,OI,10.4,10.4
21,207,Puebla,Zacapoaxtla,2016,OI,5.1,4.8
21,217,Puebla,Zoquitlán,2016,OI,8.9,9.2
22,006,Querétaro,Corregidora,2016,OI,5.7,7.5
22,008,Querétaro,Huimilpan,2016,OI,9.2,7.7
22,009,Querétaro,Jalpan de Serra,2016,OI,8.5,10.9
22,011,Querétaro,El Marqués,2016,OI,3.9,4.8
22,013,Querétaro,Peñamiller,2016,OI,8.7,9.8
22,014,Querétaro,Querétaro,2016,OI,5.7,7.9
22,016,Querétaro,San Juan del Río,2016,OI,5.7,6.7
23,001,Quintana Roo,Cozumel,2016,OI,12.3,11.0
23,002,Quintana Roo,Felipe Carrillo Puerto,2016,OI,16.7,16.4
23,004,Quintana Roo,Othón P. Blanco,2016,OI,18.6,17.1
23,005,Quintana Roo,Benito Juárez,2016,OI,21.1,18.9
23,008,Quintana Roo,Solidaridad,2016,OI,24.8,20.3
23,009,Quintana Roo,Tulum,2016,OI,22.2,18.5
24,003,San Luis Potosí,Aquismón,2016,OI,10.1,10.9
24,008,San Luis Potosí,Cerritos,2016,OI,14.0,6.8
24,013,San Luis Potosí,Ciudad Valles,2016,OI,10.6,10.1
24,016,San Luis Potosí,Ebano,2016,OI,12.0,11.9
24,020,San Luis Potosí,Matehuala,2016,OI,3.7,6.5
24,024,San Luis Potosí,Rioverde,2016,OI,8.2,9.7
24,025,San Luis Potosí,Salinas,2016,OI,2.9,
24,027,San Luis Potosí,San Ciro de Acosta,2016,OI,7.3,9.2
24,028,San Luis Potosí,San Luis Potosí,2016,OI,2.8,5.8
24,032,San Luis Potosí,Santa María del Río,2016,OI,-0.2,4.7
24,034,San Luis Potosí,San Vicente Tancuayalab,2016,OI,11.7,12.0
24,034,Veracruz,San Vicente Tancuayalab,2016,OI,12.2,11.5
24,037,San Luis Potosí,Tamazunchale,2016,OI,11.8,12.9
24,039,San Luis Potosí,Tampamolón Corona,2016,OI,20.5,12.0
24,041,San Luis Potosí,Tanlajás,2016,OI,11.4,11.8
24,043,San Luis Potosí,Tierra Nueva,2016,OI,7.3,
24,050,San Luis Potosí,Villa de Reyes,2016,OI,-0.1,4.7
24,053,San Luis Potosí,Axtla de Terrazas,2016,OI,11.4,12.3
24,057,San Luis Potosí,Matlapa,2016,OI,11.9,13.2
24,058,San Luis Potosí,El Naranjo,2016,OI,10.0,11.1
25,001,Sinaloa,Ahome,2016,OI,6.0,9.0
25,003,Sinaloa,Badiraguato,2016,OI,5.1,9.9
25,005,Sinaloa,Cosalá,2016,OI,9.5,14.0
25,006,Sinaloa,Culiacán,2016,OI,5.5,10.3
25,007,Sinaloa,Choix,2016,OI,5.5,10.5
25,008,Sinaloa,Elota,2016,OI,9.0,9.4
25,010,Sinaloa,El Fuerte,2016,OI,6.4,9.6
25,011,Sinaloa,Guasave,2016,OI,8.8,11.6
25,012,Sinaloa,Mazatlán,2016,OI,9.7,13.4
25,013,Sinaloa,Mocorito,2016,OI,7.0,11.5
25,014,Sinaloa,Rosario,2016,OI,10.0,13.9
25,015,Sinaloa,Salvador Alvarado,2016,OI,10.9,13.4
25,016,Sinaloa,San Ignacio,2016,OI,6.8,12.2
25,017,Sinaloa,Sinaloa,2016,OI,7.2,10.9
26,001,Sonora,Aconchi,2016,OI,2.3,5.2
26,002,Sonora,Agua Prieta,2016,OI,0.0,
26,003,Sonora,Álamos,2016,OI,3.4,6.8
26,006,Sonora,Arizpe,2016,OI,-2.6,0.1
26,010,Sonora,Bacerac,2016,OI,0.5,2.5
26,013,Sonora,Banámichi,2016,OI,4.1,7.3
26,017,Sonora,Caborca,2016,OI,2.6,4.8
26,018,Sonora,Cajeme,2016,OI,6.5,10.1
26,019,Sonora,Cananea,2016,OI,2.1,
26,021,Sonora,La Colorada,2016,OI,3.6,5.6
26,025,Sonora,Empalme,2016,OI,8.8,12.5
26,029,Sonora,Guaymas,2016,OI,1.9,6.4
26,030,Sonora,Hermosillo,2016,OI,5.8,8.4
26,031,Sonora,Huachinera,2016,OI,-2.1,-0.5
26,035,Sonora,Imuris,2016,OI,1.2,3.5
26,037,Sonora,Mazatán,2016,OI,25.9,7.9
26,040,Sonora,Nácori Chico,2016,OI,3.0,7.0
26,041,Sonora,Nacozari de García,2016,OI,0.6,3.4
26,042,Sonora,Navojoa,2016,OI,6.9,10.5
26,043,Sonora,Nogales,2016,OI,3.6,7.4
26,045,Sonora,Opodepe,2016,OI,6.5,7.6
26,046,Sonora,Oquitoa,2016,OI,4.3,7.1
26,048,Sonora,Puerto Peñasco,2016,OI,9.5,11.7
26,049,Sonora,Quiriego,2016,OI,3.4,7.2
26,052,Sonora,Sahuaripa,2016,OI,3.4,7.5
26,056,Sonora,San Miguel de Horcasitas,2016,OI,1.0,4.2
26,061,Sonora,Soyopa,2016,OI,7.8,11.3
26,063,Sonora,Tepache,2016,OI,5.4,9.9
26,064,Sonora,Trincheras,2016,OI,2.1,4.0
26,065,Sonora,Tubutama,2016,OI,4.0,3.5
26,069,Sonora,Yécora,2016,OI,-5.2,-1.4
26,070,Sonora,General Plutarco Elías Calles,2016,OI,2.8,4.7
27,001,Tabasco,Balancán,2016,OI,18.0,17.2
27,002,Tabasco,Cárdenas,2016,OI,19.6,18.0
27,004,Tabasco,Centro,2016,OI,18.0,18.1
27,006,Tabasco,Cunduacán,2016,OI,18.4,18.2
27,007,Tabasco,Emiliano Zapata,2016,OI,19.2,19.5
27,012,Tabasco,Macuspana,2016,OI,18.7,18.7
27,014,Tabasco,Paraíso,2016,OI,24.1,20.3
27,015,Tabasco,Tacotalpa,2016,OI,16.6,17.3
27,016,Tabasco,Teapa,2016,OI,18.2,18.3
27,017,Tabasco,Tenosique,2016,OI,18.3,18.9
29,003,Tlaxcala,Atlangatepec,2016,OI,0.7,0.7
29,006,Tlaxcala,Calpulalpan,2016,OI,-0.4,1.0
29,007,Tlaxcala,El Carmen Tequexquitla,2016,OI,0.0,1.6
29,008,Tlaxcala,Cuapiaxtla,2016,OI,2.1,3.4
29,013,Tlaxcala,Huamantla,2016,OI,2.6,2.3
29,025,Tlaxcala,San Pablo del Monte,2016,OI,4.8,3.1
29,033,Tlaxcala,Tlaxcala,2016,OI,5.2,5.7
29,037,Tlaxcala,Ziltlaltépec de Trinidad Sánchez Santos,2016,OI,3.3,3.0
29,044,Tlaxcala,Zacatelco,2016,OI,3.3,4.8
30,001,Veracruz,Acajete,2016,OI,1.9,4.1
30,002,Veracruz,Acatlán,2016,OI,5.3,6.9
30,004,Veracruz,Actopan,2016,OI,14.4,13.4
30,007,Veracruz,Camarón de Tejeda,2016,OI,15.0,15.5
30,010,Veracruz,Altotonga,2016,OI,3.9,5.8
30,011,Veracruz,Alvarado,2016,OI,18.5,17.5
30,015,Veracruz,Angel R. Cabada,2016,OI,16.1,15.9
30,016,Veracruz,La Antigua,2016,OI,16.4,16.3
30,017,Veracruz,Apazapan,2016,OI,15.1,15.2
30,026,Veracruz,Banderilla,2016,OI,8.1,8.2
30,028,Veracruz,Boca del Río,2016,OI,18.7,17.9
30,032,Veracruz,Catemaco,2016,OI,14.5,14.1
30,038,Veracruz,Coatepec,2016,OI,7.5,8.4
30,039,Veracruz,Coatzacoalcos,2016,OI,18.2,17.3
30,045,Oaxaca,Cosamaloapan de Carpio,2016,OI,18.7,16.2
30,046,Veracruz,Cosautlán de Carvajal,2016,OI,14.2,12.0
30,048,Veracruz,Cosoleacaque,2016,OI,17.4,17.5
30,054,Veracruz,Chacaltianguis,2016,OI,22.8,17.3
30,058,Veracruz,Chicontepec,2016,OI,11.5,12.1
30,061,Veracruz,Las Choapas,2016,OI,15.8,16.1
30,065,Veracruz,Emiliano Zapata,2016,OI,11.4,12.0
30,071,Veracruz,Huatusco,2016,OI,6.2,7.8
30,072,Veracruz,Huayacocotla,2016,OI,3.9,5.7
30,073,Veracruz,Hueyapan de Ocampo,2016,OI,15.6,15.3
30,077,Veracruz,Isla,2016,OI,16.2,16.0
30,087,Veracruz,Xalapa,2016,OI,9.7,10.1
30,091,Veracruz,Jesús Carranza,2016,OI,16.6,16.5
30,093,Veracruz,Jilotepec,2016,OI,8.9,8.9
30,097,Veracruz,Lerdo de Tejada,2016,OI,17.6,17.3
30,100,Veracruz,Manlio Fabio Altamirano,2016,OI,17.2,17.3
30,101,Veracruz,Mariano Escobedo,2016,OI,2.2,2.1
30,102,Veracruz,Martínez de la Torre,2016,OI,13.8,12.1
30,104,Veracruz,Mecayapan,2016,OI,16.7,15.7
30,105,Veracruz,Medellín de Bravo,2016,OI,14.2,15.2
30,108,Veracruz,Minatitlán,2016,OI,17.1,17.3
30,109,Veracruz,Misantla,2016,OI,11.9,11.3
30,112,Veracruz,Naolinco,2016,OI,8.1,8.2
30,114,Veracruz,Nautla,2016,OI,14.6,14.8
30,118,Veracruz,Orizaba,2016,OI,11.4,11.2
30,123,Veracruz,Pánuco,2016,OI,11.9,11.6
30,126,Veracruz,Paso de Ovejas,2016,OI,15.4,15.9
30,128,Veracruz,Perote,2016,OI,-1.8,-1.7
30,132,Veracruz,Las Vigas de Ramírez,2016,OI,2.1,2.6
30,134,Veracruz,Puente Nacional,2016,OI,18.9,17.1
30,141,Veracruz,San Andrés Tuxtla,2016,OI,14.5,13.2
30,142,Veracruz,San Juan Evangelista,2016,OI,22.7,17.5
30,143,Veracruz,Santiago Tuxtla,2016,OI,16.7,16.4
30,155,Veracruz,Tantoyuca,2016,OI,11.9,12.5
30,160,Veracruz,Álamo Temapache,2016,OI,12.1,11.8
30,161,Veracruz,Tempoal,2016,OI,11.5,11.7
30,163,Veracruz,Tenochtitlán,2016,OI,10.8,10.6
30,164,Veracruz,Teocelo,2016,OI,9.3,9.1
30,167,Veracruz,Tepetzintla,2016,OI,13.6,12.9
30,169,Veracruz,José Azueta,2016,OI,16.0,15.6
30,174,Veracruz,Tierra Blanca,2016,OI,16.8,16.2
30,175,Veracruz,Tihuatlán,2016,OI,14.5,13.5
30,182,Veracruz,Tlalnelhuayocan,2016,OI,8.6,9.1
30,188,Veracruz,Totutla,2016,OI,9.7,10.3
30,189,Veracruz,Tuxpan,2016,OI,13.0,13.5
30,191,Veracruz,Ursulo Galván,2016,OI,17.2,15.5
31,001,Yucatán,Abalá,2016,OI,11.6,11.6
31,010,Yucatán,Cantamayec,2016,OI,17.1,16.7
31,013,Yucatán,Conkal,2016,OI,13.7,17.9
31,015,Yucatán,Cuzamá,2016,OI,12.2,17.2
31,019,Yucatán,Chemax,2016,OI,15.8,16.1
31,022,Yucatán,Chikindzonot,2016,OI,14.7,14.9
31,023,Yucatán,Chocholá,2016,OI,16.4,15.5
31,027,Yucatán,Dzidzantún,2016,OI,15.6,
31,040,Yucatán,Izamal,2016,OI,26.4,18.1
31,050,Yucatán,Mérida,2016,OI,16.3,16.4
31,051,Yucatán,Mocochá,2016,OI,14.6,14.6
31,052,Yucatán,Motul,2016,OI,15.0,14.7
31,053,Yucatán,Muna,2016,OI,15.9,16.0
31,055,Yucatán,Opichén,2016,OI,17.2,17.1
31,056,Yucatán,Oxkutzcab,2016,OI,12.3,13.8
31,058,Yucatán,Peto,2016,OI,14.2,14.8
31,059,Yucatán,Progreso,2016,OI,19.3,18.7
31,061,Yucatán,Río Lagartos,2016,OI,17.1,17.2
31,079,Yucatán,Tekax,2016,OI,15.2,15.9
31,089,Yucatán,Ticul,2016,OI,15.3,15.8
31,096,Yucatán,Tizimín,2016,OI,15.0,15.1
31,098,Yucatán,Tzucacab,2016,OI,12.6,11.9
31,102,Yucatán,Valladolid,2016,OI,16.9,17.3
32,003,Zacatecas,Atolinga,2016,OI,1.0,3.1
32,005,Zacatecas,Calera,2016,OI,-2.1,2.8
32,006,Zacatecas,Cañitas de Felipe Pescador,2016,OI,0.2,4.0
32,007,Zacatecas,Concepción del Oro,2016,OI,-0.4,3.1
32,008,Zacatecas,Cuauhtémoc,2016,OI,0.6,4.6
32,009,Zacatecas,Chalchihuites,2016,OI,10.0,4.6
32,010,Zacatecas,Fresnillo,2016,OI,-1.9,3.2
32,012,Zacatecas,Genaro Codina,2016,OI,-1.9,2.4
32,014,Zacatecas,General Francisco R. Murguía,2016,OI,2.4,5.7
32,016,Zacatecas,General Pánfilo Natera,2016,OI,-3.2,1.3
32,017,Zacatecas,Guadalupe,2016,OI,3.2,5.9
32,019,Zacatecas,Jalpa,2016,OI,5.3,9.9
32,020,Zacatecas,Jerez,2016,OI,0.7,5.4
32,022,Zacatecas,Juan Aldama,2016,OI,1.7,5.6
32,023,Zacatecas,Juchipila,2016,OI,3.9,7.4
32,024,Zacatecas,Loreto,2016,OI,1.4,5.4
32,025,Zacatecas,Luis Moya,2016,OI,0.8,3.4
32,026,Zacatecas,Mazapil,2016,OI,-1.4,
32,028,Zacatecas,Mezquital del Oro,2016,OI,4.9,9.7
32,029,Zacatecas,Miguel Auza,2016,OI,0.1,3.8
32,031,Zacatecas,Monte Escobedo,2016,OI,-2.4,2.5
32,032,Zacatecas,Morelos,2016,OI,-0.6,4.1
32,034,Zacatecas,Nochistlán de Mejía,2016,OI,1.2,4.5
32,036,Zacatecas,Ojocaliente,2016,OI,0.3,5.1
32,038,Zacatecas,Pinos,2016,OI,-0.9,3.1
32,039,Zacatecas,Río Grande,2016,OI,-1.9,3.9
32,040,Zacatecas,Sain Alto,2016,OI,-1.5,4.2
32,042,Zacatecas,Sombrerete,2016,OI,3.1,5.9
32,044,Zacatecas,Tabasco,2016,OI,5.8,10.2
32,045,Zacatecas,Tepechitlán,2016,OI,0.5,5.2
32,047,Zacatecas,Teúl de González Ortega,2016,OI,-1.6,3.1
32,048,Zacatecas,Tlaltenango de Sánchez Román,2016,OI,-0.2,5.1
32,049,Zacatecas,Valparaíso,2016,OI,-4.5,1.9
32,051,Zacatecas,Villa de Cos,2016,OI,-0.3,4.0
32,053,Zacatecas,Villa González Ortega,2016,OI,0.1,3.4
32,054,Zacatecas,Villa Hidalgo,2016,OI,-0.7,2.5
32,055,Zacatecas,Villanueva,2016,OI,-0.9,5.1
32,056,Zacatecas,Zacatecas,2016,OI,4.4,7.0
01,001,Aguascalientes,Aguascalientes,2016,PV,4.7,1.3
01,002,Aguascalientes,Asientos,2016,PV,5.6,1.4
01,003,Aguascalientes,Calvillo,2016,PV,7.8,5.3
01,004,Aguascalientes,Cosío,2016,PV,7.4,2.4
01,005,Aguascalientes,Jesús María,2016,PV,7.4,
01,006,Aguascalientes,Pabellón de Arteaga,2016,PV,10.9,5.8
01,007,Aguascalientes,Rincón de Romos,2016,PV,11.3,6.4
01,008,Aguascalientes,San José de Gracia,2016,PV,6.1,3.2
01,009,Aguascalientes,Tepezalá,2016,PV,11.7,7.2
01,010,Aguascalientes,El Llano,2016,PV,3.7,2.6
02,001,Baja California,Ensenada,2016,PV,8.6,6.5
02,002,Baja California,Mexicali,2016,PV,13.5,8.1
02,003,Baja California,Tecate,2016,PV,6.4,3.3
02,004,Baja California,Tijuana,2016,PV,11.8,9.8
02,007,Baja California,San Felipe,2016,PV,16.2,11.3
03,001,Baja California Sur,Comondú,2016,PV,12.0,10.7
03,002,Baja California Sur,Mulegé,2016,PV,9.7,6.2
03,003,Baja California Sur,La Paz,2016,PV,12.3,10.0
03,008,Baja California Sur,Los Cabos,2016,PV,11.6,9.1
03,009,Baja California Sur,Loreto,2016,PV,17.2,13.8
04,002,Campeche,Campeche,2016,PV,22.7,16.5
04,003,Campeche,Carmen,2016,PV,22.1,17.5
04,004,Campeche,Champotón,2016,PV,22.6,17.0
04,005,Campeche,Hecelchakán,2016,PV,22.5,17.6
04,006,Campeche,Hopelchén,2016,PV,22.3,15.1
04,007,Campeche,Palizada,2016,PV,22.1,17.3
04,009,Campeche,Escárcega,2016,PV,23.5,16.8
04,011,Campeche,Candelaria,2016,PV,22.5,17.7
05,002,Coahuila,Acuña,2016,PV,15.1,3.8
05,003,Coahuila,Allende,2016,PV,15.5,4.5
05,004,Coahuila,Arteaga,2016,PV,7.7,3.9
05,005,Coahuila,Candela,2016,PV,18.6,6.1
05,007,Coahuila,Cuatro Ciénegas,2016,PV,16.6,4.9
05,009,Coahuila,Francisco I. Madero,2016,PV,16.0,13.0
05,014,Coahuila,Jiménez,2016,PV,13.2,2.5
05,015,Coahuila,Juárez,2016,PV,17.3,5.6
05,017,Coahuila,Matamoros,2016,PV,14.2,7.9
05,018,Coahuila,Monclova,2016,PV,18.4,6.3
05,025,Coahuila,Piedras Negras,2016,PV,17.7,5.2
05,026,Coahuila,Progreso,2016,PV,15.6,4.6
05,027,Coahuila,Ramos Arizpe,2016,PV,14.4,6.5
05,028,Coahuila,Sabinas,2016,PV,16.8,4.2
05,030,Coahuila,Saltillo,2016,PV,10.6,4.9
05,033,Coahuila,San Pedro,2016,PV,15.0,7.5
05,034,Coahuila,Sierra Mojada,2016,PV,12.1,5.7
05,035,Coahuila,Torreón,2016,PV,10.3,5.8
06,001,Colima,Armería,2016,PV,19.2,19.0
06,002,Colima,Colima,2016,PV,18.3,16.9
06,003,Colima,Comala,2016,PV,19.3,17.8
06,004,Colima,Coquimatlán,2016,PV,15.9,15.5
06,005,Colima,Cuauhtémoc,2016,PV,16.9,15.2
06,006,Colima,Ixtlahuacán,2016,PV,19.1,18.6
06,007,Colima,Manzanillo,2016,PV,19.1,19.3
06,009,Colima,Tecomán,2016,PV,16.9,17.1
07,001,Chiapas,Acacoyagua,2016,PV,21.4,19.6
07,002,Chiapas,Acala,2016,PV,22.2,14.6
07,008,Chiapas,Ángel Albino Corzo,2016,PV,18.7,12.1
07,009,Chiapas,Arriaga,2016,PV,17.8,19.0
07,019,Chiapas,Comitán de Domínguez,2016,PV,15.6,11.4
07,020,Chiapas,La Concordia,2016,PV,20.2,14.0
07,027,Chiapas,Chiapa de Corzo,2016,PV,20.9,14.6
07,029,Chiapas,Chicoasén,2016,PV,23.1,16.5
07,030,Chiapas,Chicomuselo,2016,PV,18.6,13.4
07,032,Chiapas,Escuintla,2016,PV,22.6,18.5
07,034,Chiapas,Frontera Comalapa,2016,PV,19.3,14.5
07,037,Chiapas,Huehuetán,2016,PV,23.1,
07,040,Chiapas,Huixtla,2016,PV,22.7,19.7
07,046,Chiapas,Jiquipilas,2016,PV,19.8,14.3
07,049,Chiapas,Larráinzar,2016,PV,21.8,16.6
07,051,Chiapas,Mapastepec,2016,PV,22.5,19.6
07,059,Chiapas,Ocosingo,2016,PV,22.0,17.9
07,062,Chiapas,Ostuacán,2016,PV,22.5,17.8
07,063,Chiapas,Osumacinta,2016,PV,22.3,17.2
07,068,Chiapas,Pichucalco,2016,PV,22.8,18.4
07,069,Chiapas,Pijijiapan,2016,PV,24.0,21.0
07,071,Chiapas,Villa Comaltitlán,2016,PV,23.4,19.6
07,077,Chiapas,Salto de Agua,2016,PV,22.0,17.8
07,078,Chiapas,San Cristóbal de las Casas,2016,PV,10.9,5.7
07,086,Chiapas,Suchiapa,2016,PV,21.4,16.3
07,089,Chiapas,Tapachula,2016,PV,20.7,16.4
07,092,Chiapas,Tecpatán,2016,PV,20.1,16.3
07,097,Chiapas,Tonalá,2016,PV,23.0,20.1
07,099,Chiapas,La Trinitaria,2016,PV,19.8,15.1
07,101,Chiapas,Tuxtla Gutiérrez,2016,PV,21.6,16.2
07,106,Chiapas,Venustiano Carranza,2016,PV,20.1,13.9
07,107,Chiapas,Villa Corzo,2016,PV,19.8,13.9
07,108,Chiapas,Villaflores,2016,PV,17.8,12.4
07,123,Chiapas,Emiliano Zapata,2016,PV,20.6,15.3
07,124,Chiapas,Mezcalapa,2016,PV,24.0,19.1
08,002,Chihuahua,Aldama,2016,PV,16.0,4.9
08,006,Chihuahua,Bachíniva,2016,PV,5.1,-0.5
08,007,Chihuahua,Balleza,2016,PV,0.3,-5.0
08,008,Chihuahua,Batopilas de Manuel Gómez Morín,2016,PV,16.3,7.1
08,009,Chihuahua,Bocoyna,2016,PV,-0.5,-4.8
08,010,Chihuahua,Buenaventura,2016,PV,5.8,-1.4
08,011,Chihuahua,Camargo,2016,PV,12.0,4.2
08,014,Chihuahua,Coronado,2016,PV,8.1,3.5
08,017,Chihuahua,Cuauhtémoc,2016,PV,7.5,
08,019,Chihuahua,Chihuahua,2016,PV,10.7,1.2
08,020,Chihuahua,Chínipas,2016,PV,14.5,7.3
08,021,Chihuahua,Delicias,2016,PV,10.3,2.1
08,027,Chihuahua,Guachochi,2016,PV,16.8,-1.1
08,029,Chihuahua,Guadalupe y Calvo,2016,PV,3.4,1.3
08,031,Chihuahua,Guerrero,2016,PV,2.4,-1.5
08,032,Chihuahua,Hidalgo del Parral,2016,PV,11.4,3.7
08,036,Chihuahua,Jiménez,2016,PV,11.6,3.2
08,037,Chihuahua,Juárez,2016,PV,12.5,0.8
08,040,Chihuahua,Madera,2016,PV,2.3,-0.3
08,041,Chihuahua,Maguarichi,2016,PV,6.1,0.7
08,050,Chihuahua,Nuevo Casas Grandes,2016,PV,7.2,-0.1
08,051,Chihuahua,Ocampo,2016,PV,1.2,-2.0
08,052,Chihuahua,Ojinaga,2016,PV,11.8,1.2
08,055,Chihuahua,Rosales,2016,PV,11.9,3.3
08,058,Chihuahua,San Francisco de Conchos,2016,PV,9.8,2.4
08,063,Chihuahua,Temósachic,2016,PV,3.1,-5.3
08,065,Chihuahua,Urique,2016,PV,16.1,13.0
08,067,Chihuahua,Valle de Zaragoza,2016,PV,10.4,3.5
09,002,Ciudad de México,Azcapotzalco,2016,PV,14.9,
09,004,Ciudad de México,Cuajimalpa de Morelos,2016,PV,11.0,
09,005,Ciudad de México,Gustavo A. Madero,2016,PV,9.6,4.0
09,007,Ciudad de México,Iztapalapa,2016,PV,14.6,
09,009,Ciudad de México,Milpa Alta,2016,PV,9.4,
09,010,Ciudad de México,Álvaro Obregón,2016,PV,12.0,
09,012,Ciudad de México,Tlalpan,2016,PV,4.3,8.8
09,013,Ciudad de México,Xochimilco,2016,PV,13.0,
09,014,Ciudad de México,Benito Juárez,2016,PV,14.3,
09,015,Ciudad de México,Cuauhtémoc,2016,PV,14.6,
09,016,Ciudad de México,Miguel Hidalgo,2016,PV,13.2,8.8
09,017,Ciudad de México,Venustiano Carranza,2016,PV,13.2,7.7
10,001,Durango,Canatlán,2016,PV,7.0,2.8
10,004,Durango,Cuencamé,2016,PV,14.0,7.6
10,005,Durango,Durango,2016,PV,-0.2,-1.3
10,008,Durango,Guadalupe Victoria,2016,PV,8.7,5.3
10,009,Durango,Guanaceví,2016,PV,-4.5,-6.0
10,010,Durango,Hidalgo,2016,PV,6.4,0.8
10,011,Durango,Indé,2016,PV,8.4,3.4
10,012,Durango,Lerdo,2016,PV,15.9,8.5
10,013,Durango,Mapimí,2016,PV,10.2,2.4
10,015,Durango,Nazas,2016,PV,10.6,5.4
10,017,Durango,Ocampo,2016,PV,11.9,2.6
10,018,Durango,El Oro,2016,PV,6.0,0.1
10,020,Durango,Pánuco de Coronado,2016,PV,6.8,5.7
10,022,Durango,Poanas,2016,PV,7.3,4.7
10,024,Durango,Rodeo,2016,PV,11.8,7.2
10,025,Durango,San Bernardo,2016,PV,-0.5,-2.1
10,027,Durango,San Juan de Guadalupe,2016,PV,15.1,7.6
10,030,Durango,San Pedro del Gallo,2016,PV,9.2,5.6
10,031,Durango,Santa Clara,2016,PV,7.8,6.4
10,032,Durango,Santiago Papasquiaro,2016,PV,7.7,3.6
10,033,Durango,Súchil,2016,PV,8.6,4.6
10,034,Durango,Tamazula,2016,PV,15.4,14.3
10,036,Durango,Tlahualilo,2016,PV,13.8,6.6
11,001,Guanajuato,Abasolo,2016,PV,15.3,9.8
11,002,Guanajuato,Acámbaro,2016,PV,12.6,7.7
11,003,Guanajuato,San Miguel de Allende,2016,PV,9.2,4.8
11,004,Guanajuato,Apaseo el Alto,2016,PV,13.4,7.9
11,005,Guanajuato,Apaseo el Grande,2016,PV,10.1,5.8
11,007,Guanajuato,Celaya,2016,PV,11.2,5.9
11,008,Guanajuato,Manuel Doblado,2016,PV,12.5,4.1
11,010,Guanajuato,Coroneo,2016,PV,5.8,3.0
11,011,Guanajuato,Cortazar,2016,PV,9.8,4.7
11,012,Guanajuato,Cuerámaro,2016,PV,14.3,9.1
11,014,Guanajuato,Dolores Hidalgo Cuna de la Independencia Nacional,2016,PV,10.5,5.1
11,015,Guanajuato,Guanajuato,2016,PV,10.9,7.4
11,017,Guanajuato,Irapuato,2016,PV,11.1,5.9
11,018,Guanajuato,Jaral del Progreso,2016,PV,9.6,6.1
11,019,Guanajuato,Jerécuaro,2016,PV,10.2,5.0
11,020,Guanajuato,León,2016,PV,13.1,8.7
11,022,Guanajuato,Ocampo,2016,PV,8.6,3.6
11,023,Guanajuato,Pénjamo,2016,PV,11.2,5.9
11,025,Guanajuato,Purísima del Rincón,2016,PV,11.7,6.5
11,027,Guanajuato,Salamanca,2016,PV,9.8,7.0
11,028,Guanajuato,Salvatierra,2016,PV,8.9,5.2
11,030,Guanajuato,San Felipe,2016,PV,7.4,2.7
11,033,Guanajuato,San Luis de la Paz,2016,PV,8.5,3.3
11,037,Guanajuato,Silao de la Victoria,2016,PV,10.1,7.0
11,039,Guanajuato,Tarimoro,2016,PV,12.6,8.1
11,042,Guanajuato,Valle de Santiago,2016,PV,11.5,6.3
11,045,Guanajuato,Xichú,2016,PV,14.4,8.8
12,001,Guerrero,Acapulco de Juárez,2016,PV,23.5,21.6
12,003,Guerrero,Ajuchitlán del Progreso,2016,PV,17.4,17.9
12,005,Guerrero,Alpoyeca,2016,PV,17.2,13.5
12,011,Guerrero,Atoyac de Álvarez,2016,PV,20.3,21.3
12,012,Guerrero,Ayutla de los Libres,2016,PV,20.0,
12,014,Guerrero,Benito Juárez,2016,PV,22.2,21.5
12,015,Guerrero,Buenavista de Cuéllar,2016,PV,15.4,13.8
12,018,Guerrero,Copala,2016,PV,26.5,24.4
12,021,Guerrero,Coyuca de Benítez,2016,PV,21.3,20.9
12,023,Guerrero,Cuajinicuilapa,2016,PV,22.1,20.4
12,028,Guerrero,Chilapa de Álvarez,2016,PV,14.2,10.7
12,029,Guerrero,Chilpancingo de los Bravo,2016,PV,12.5,13.2
12,034,Guerrero,Huitzuco de los Figueroa,2016,PV,18.7,13.3
12,035,Guerrero,Iguala de la Independencia,2016,PV,20.0,15.0
12,036,Guerrero,Igualapa,2016,PV,19.7,18.0
12,038,Guerrero,Zihuatanejo de Azueta,2016,PV,20.6,20.1
12,039,Guerrero,Juan R. Escudero,2016,PV,21.2,19.7
12,040,Guerrero,Leonardo Bravo,2016,PV,15.2,11.5
12,044,Guerrero,Mochitlán,2016,PV,19.1,16.1
12,045,Guerrero,Olinalá,2016,PV,17.6,10.5
12,050,Guerrero,Pungarabato,2016,PV,22.6,18.6
12,053,Guerrero,San Marcos,2016,PV,12.1,12.6
12,055,Guerrero,Taxco de Alarcón,2016,PV,15.9,14.8
12,057,Guerrero,Técpan de Galeana,2016,PV,20.6,20.8
12,061,Guerrero,Tixtla de Guerrero,2016,PV,11.8,11.0
12,066,Guerrero,Tlapa de Comonfort,2016,PV,18.2,13.5
12,068,Michoacán,La Unión de Isidoro Montes de Oca,2016,PV,22.6,22.6
12,070,Guerrero,Xochihuehuetlán,2016,PV,18.1,11.3
12,073,Guerrero,Zirándaro,2016,PV,17.0,14.6
12,082,Guerrero,Las Vigas,2016,PV,16.3,19.2
13,003,Hidalgo,Actopan,2016,PV,10.5,4.5
13,006,Hidalgo,Alfajayucan,2016,PV,12.2,7.2
13,011,Hidalgo,Atlapexco,2016,PV,20.4,13.0
13,013,Hidalgo,Atotonilco de Tula,2016,PV,8.8,4.4
13,016,Hidalgo,Cuautepec de Hinojosa,2016,PV,9.0,4.6
13,019,Hidalgo,Chilcuautla,2016,PV,11.2,5.7
13,028,Hidalgo,Huejutla de Reyes,2016,PV,18.8,10.6
13,028,Veracruz,Huejutla de Reyes,2016,PV,21.0,13.2
13,029,Hidalgo,Huichapan,2016,PV,9.5,4.0
13,030,Hidalgo,Ixmiquilpan,2016,PV,9.5,4.7
13,037,Hidalgo,Metztitlán,2016,PV,15.6,9.1
13,046,Hidalgo,San Felipe Orizatlán,2016,PV,20.7,12.9
13,048,Hidalgo,Pachuca de Soto,2016,PV,10.0,4.5
13,064,Hidalgo,Tepetitlán,2016,PV,10.9,5.5
13,077,Hidalgo,Tulancingo de Bravo,2016,PV,11.8,6.6
13,081,Hidalgo,Zacualtipán de Ángeles,2016,PV,11.1,5.1
13,084,Hidalgo,Zimapán,2016,PV,14.4,8.6
14,006,Jalisco,Ameca,2016,PV,10.7,7.3
14,017,Jalisco,Ayutla,2016,PV,11.0,8.8
14,019,Jalisco,Bolaños,2016,PV,18.9,12.2
14,022,Jalisco,Cihuatlán,2016,PV,19.3,19.5
14,023,Jalisco,Zapotlán el Grande,2016,PV,10.3,8.2
14,030,Jalisco,Chapala,2016,PV,16.7,13.3
14,033,Jalisco,Degollado,2016,PV,12.5,9.1
14,039,Jalisco,Guadalajara,2016,PV,13.9,9.9
14,041,Jalisco,Huejúcar,2016,PV,7.3,4.1
14,046,Jalisco,Jalostotitlán,2016,PV,6.9,2.3
14,047,Jalisco,Jamay,2016,PV,9.8,6.8
14,049,Jalisco,Jilotlán de los Dolores,2016,PV,21.5,
14,051,Jalisco,Juanacatlán,2016,PV,10.4,6.7
14,053,Jalisco,Lagos de Moreno,2016,PV,7.8,4.4
14,054,Jalisco,El Limón,2016,PV,12.8,12.8
14,058,Jalisco,Mascota,2016,PV,7.1,6.3
14,061,Jalisco,Mezquitic,2016,PV,8.1,5.4
14,065,Jalisco,Pihuamo,2016,PV,17.1,16.6
14,067,Jalisco,Puerto Vallarta,2016,PV,21.0,16.7
14,070,Jalisco,El Salto,2016,PV,16.4,12.0
14,071,Jalisco,San Cristóbal de la Barranca,2016,PV,16.0,11.3
14,081,Jalisco,Santa María de los Ángeles,2016,PV,9.7,3.5
14,091,Jalisco,Teocaltiche,2016,PV,6.4,4.1
14,095,Jalisco,Teuchitlán,2016,PV,11.1,8.0
14,098,Jalisco,San Pedro Tlaquepaque,2016,PV,14.7,10.6
14,100,Jalisco,Tomatlán,2016,PV,19.6,19.4
14,118,Jalisco,Yahualica de González Gallo,2016,PV,10.3,5.3
14,120,Jalisco,Zapopan,2016,PV,12.7,8.5
15,002,Estado de México,Acolman,2016,PV,8.5,4.1
15,003,Estado de México,Aculco,2016,PV,7.1,2.6
15,003,Querétaro,Aculco,2016,PV,10.7,5.4
15,005,Estado de México,Almoloya de Juárez,2016,PV,3.0,-0.8
15,011,Estado de México,Atenco,2016,PV,9.4,6.7
15,013,Estado de México,Atizapán de Zaragoza,2016,PV,10.8,5.9
15,014,Estado de México,Atlacomulco,2016,PV,3.9,0.7
15,020,Estado de México,Coacalco de Berriozábal,2016,PV,13.0,
15,025,Estado de México,Chalco,2016,PV,11.1,
15,033,Estado de México,Ecatepec de Morelos,2016,PV,8.5,4.7
15,042,Estado de México,Ixtlahuaca,2016,PV,5.8,0.2
15,045,Estado de México,Jilotepec,2016,PV,6.9,1.7
15,055,Estado de México,Mexicaltzingo,2016,PV,11.7,7.1
15,057,Estado de México,Naucalpan de Juárez,2016,PV,5.8,3.3
15,058,Estado de México,Nezahualcóyotl,2016,PV,14.2,
15,074,Estado de México,San Felipe del Progreso,2016,PV,6.8,0.8
15,083,Estado de México,Temamatla,2016,PV,9.9,3.7
15,087,Estado de México,Temoaya,2016,PV,3.4,-1.1
15,091,Estado de México,Teoloyucan,2016,PV,7.0,2.1
15,095,Estado de México,Tepotzotlán,2016,PV,7.2,3.2
15,096,Estado de México,Tequixquiac,2016,PV,6.0,1.2
15,097,Estado de México,Texcaltitlán,2016,PV,7.6,4.1
15,099,Estado de México,Texcoco,2016,PV,9.2,3.5
15,100,Estado de México,Tezoyuca,2016,PV,10.0,10.4
15,101,Estado de México,Tianguistenco,2016,PV,4.8,1.1
15,104,Estado de México,Tlalnepantla de Baz,2016,PV,13.6,
15,106,Estado de México,Toluca,2016,PV,5.1,0.6
15,109,Estado de México,Tultitlán,2016,PV,12.8,7.4
15,112,Estado de México,Villa del Carbón,2016,PV,7.1,2.0
15,113,Estado de México,Villa Guerrero,2016,PV,9.8,6.5
15,118,Estado de México,Zinacantepec,2016,PV,6.8,1.9
16,003,Michoacán,Álvaro Obregón,2016,PV,9.5,5.5
16,004,Michoacán,Angamacutiro,2016,PV,14.4,8.7
16,006,Michoacán,Apatzingán,2016,PV,19.0,16.8
16,010,Michoacán,Arteaga,2016,PV,24.0,20.7
16,011,Michoacán,Briseñas,2016,PV,14.1,
16,017,Michoacán,Contepec,2016,PV,11.0,8.0
16,019,Michoacán,Cotija,2016,PV,13.8,8.2
16,034,Michoacán,Hidalgo,2016,PV,5.8,4.5
16,035,Michoacán,La Huacana,2016,PV,20.0,17.7
16,039,Michoacán,Huiramba,2016,PV,11.2,
16,042,Michoacán,Ixtlán,2016,PV,11.7,
16,049,Michoacán,Madero,2016,PV,13.3,
16,050,Michoacán,Maravatío,2016,PV,9.5,5.6
16,053,Michoacán,Morelia,2016,PV,12.5,7.7
16,067,Michoacán,Penjamillo,2016,PV,11.6,7.9
16,069,Michoacán,La Piedad,2016,PV,15.1,7.1
16,076,Michoacán,Sahuayo,2016,PV,10.5,7.7
16,080,Michoacán,Senguio,2016,PV,8.5,5.8
16,085,Michoacán,Tangancícuaro,2016,PV,11.1,4.1
16,089,Michoacán,Tepalcatepec,2016,PV,20.9,
16,102,Michoacán,Uruapan,2016,PV,13.6,11.1
16,103,Michoacán,Venustiano Carranza,2016,PV,14.9,
16,104,Michoacán,Villamar,2016,PV,9.6,
16,105,Michoacán,Vista Hermosa,2016,PV,10.0,6.8
16,106,Michoacán,Yurécuaro,2016,PV,13.9,10.0
16,108,Michoacán,Zamora,2016,PV,13.3,
16,109,Michoacán,Zináparo,2016,PV,11.5,
16,113,Michoacán,José Sixto Verduzco,2016,PV,9.5,6.4
17,001,Morelos,Amacuzac,2016,PV,15.8,9.3
17,002,Morelos,Atlatlahucan,2016,PV,16.2,
17,004,Morelos,Ayala,2016,PV,17.2,12.4
17,006,Morelos,Cuautla,2016,PV,14.5,11.3
17,007,Morelos,Cuernavaca,2016,PV,14.7,12.0
17,008,Morelos,Emiliano Zapata,2016,PV,16.1,12.6
17,009,Morelos,Huitzilac,2016,PV,3.6,3.8
17,011,Morelos,Jiutepec,2016,PV,15.9,13.0
17,012,Morelos,Jojutla,2016,PV,17.2,11.9
17,013,Morelos,Jonacatepec de Leandro Valle,2016,PV,15.9,10.2
17,015,Morelos,Miacatlán,2016,PV,17.5,
17,016,Morelos,Ocuituco,2016,PV,9.7,6.2
17,017,Morelos,Puente de Ixtla,2016,PV,16.7,10.3
17,018,Morelos,Temixco,2016,PV,17.8,14.5
17,019,Morelos,Tepalcingo,2016,PV,18.2,12.6
17,021,Morelos,Tetecala,2016,PV,17.5,11.1
17,024,Morelos,Tlaltizapán de Zapata,2016,PV,17.3,10.8
17,025,Morelos,Tlaquiltenango,2016,PV,17.3,10.0
17,026,Morelos,Tlayacapan,2016,PV,14.4,11.9
17,027,Morelos,Totolapan,2016,PV,13.5,
17,028,Morelos,Xochitepec,2016,PV,16.8,11.7
17,029,Morelos,Yautepec,2016,PV,14.5,9.0
17,030,Morelos,Yecapixtla,2016,PV,13.3,10.7
17,031,Morelos,Zacatepec,2016,PV,17.4,10.8
17,032,Morelos,Zacualpan de Amilpas,2016,PV,12.5,10.0
17,033,Morelos,Temoac,2016,PV,16.1,
18,001,Nayarit,Acaponeta,2016,PV,17.8,15.6
18,009,Nayarit,Del Nayar,2016,PV,18.2,13.6
18,010,Nayarit,Rosamorada,2016,PV,16.5,15.5
18,011,Nayarit,Ruíz,2016,PV,18.1,16.5
18,015,Nayarit,Santiago Ixcuintla,2016,PV,22.6,16.0
18,017,Nayarit,Tepic,2016,PV,15.7,13.8
18,020,Nayarit,Bahía de Banderas,2016,PV,18.7,16.9
19,003,Nuevo León,Los Aldamas,2016,PV,19.6,7.0
19,004,Nuevo León,Allende,2016,PV,16.5,
19,005,Nuevo León,Anáhuac,2016,PV,18.5,4.1
19,006,Nuevo León,Apodaca,2016,PV,18.5,7.8
19,007,Nuevo León,Aramberri,2016,PV,8.7,3.3
19,011,Nuevo León,Cerralvo,2016,PV,17.7,7.1
19,012,Nuevo León,Ciénega de Flores,2016,PV,18.3,5.7
19,013,Nuevo León,China,2016,PV,18.6,7.6
19,014,Nuevo León,Doctor Arroyo,2016,PV,12.1,7.5
19,017,Nuevo León,Galeana,2016,PV,6.1,1.6
19,021,Nuevo León,General Escobedo,2016,PV,19.2,7.3
19,024,Nuevo León,General Zaragoza,2016,PV,12.3,7.5
19,025,Nuevo León,General Zuazua,2016,PV,18.7,8.3
19,026,Nuevo León,Guadalupe,2016,PV,19.2,7.5
19,028,Nuevo León,Higueras,2016,PV,17.7,5.6
19,033,Nuevo León,Linares,2016,PV,15.0,5.8
19,036,Nuevo León,Mier y Noriega,2016,PV,12.7,7.3
19,038,Nuevo León,Montemorelos,2016,PV,17.2,6.3
19,039,Nuevo León,Monterrey,2016,PV,16.0,5.8
19,042,Nuevo León,Los Ramones,2016,PV,18.5,6.2
19,046,Nuevo León,San Nicolás de los Garza,2016,PV,19.1,7.5
19,049,Nuevo León,Santiago,2016,PV,18.0,7.4
20,014,Oaxaca,Ciudad Ixtepec,2016,PV,23.4,20.7
20,039,Oaxaca,Heroica Ciudad de Huajuapan de León,2016,PV,13.4,7.5
20,043,Oaxaca,Heroica Ciudad de Juchitán de Zaragoza,2016,PV,25.0,20.4
20,052,Oaxaca,Magdalena Tequisistlán,2016,PV,20.3,14.3
20,067,Oaxaca,Oaxaca de Juárez,2016,PV,15.5,8.4
20,079,Oaxaca,Salina Cruz,2016,PV,25.8,22.4
20,083,Oaxaca,San Agustín de las Juntas,2016,PV,14.8,8.8
20,136,Oaxaca,San Felipe Usila,2016,PV,20.6,14.5
20,173,Oaxaca,San Juan Atepec,2016,PV,11.8,7.0
20,177,Oaxaca,San Juan Bautista Cuicatlán,2016,PV,16.2,13.1
20,184,Oaxaca,San Juan Bautista Tuxtepec,2016,PV,21.4,16.3
20,228,Oaxaca,San Lorenzo Cuaunecuiltitla,2016,PV,12.4,7.9
20,262,Oaxaca,San Miguel Amatlán,2016,PV,5.9,3.5
20,278,Oaxaca,San Miguel Soyaltepec,2016,PV,22.3,16.9
20,324,Oaxaca,San Pedro Pochutla,2016,PV,23.8,21.5
20,327,Oaxaca,San Pedro Tapanatepec,2016,PV,23.4,17.7
20,357,Oaxaca,Santa Ana Tavela,2016,PV,19.1,12.3
20,363,Oaxaca,Santa Catarina Ixtepeji,2016,PV,11.8,6.7
20,385,Oaxaca,Santa Cruz Xoxocotlán,2016,PV,14.4,8.3
20,413,Oaxaca,Santa María Huatulco,2016,PV,23.4,21.4
20,417,Oaxaca,Santa María Jacatepec,2016,PV,20.3,16.2
20,418,Oaxaca,Santa María Jalapa del Marqués,2016,PV,21.6,19.1
20,439,Oaxaca,Santa María Tonameca,2016,PV,20.0,
20,468,Oaxaca,Santiago Jocotepec,2016,PV,22.3,16.7
20,478,Oaxaca,Santiago Nacaltepec,2016,PV,14.2,11.7
20,498,Oaxaca,Santiago Yaveo,2016,PV,21.8,15.7
20,502,Oaxaca,Santiago Zacatepec,2016,PV,17.5,12.0
20,525,Oaxaca,Santo Domingo Zanatepec,2016,PV,21.3,14.7
20,559,Oaxaca,San Juan Bautista Valle Nacional,2016,PV,22.2,16.8
21,001,Puebla,Acajete,2016,PV,9.0,4.0
21,003,Puebla,Acatlán,2016,PV,16.3,11.4
21,008,Puebla,Ahuazotepec,2016,PV,6.8,1.9
21,015,Puebla,Amozoc,2016,PV,9.5,5.5
21,019,Puebla,Atlixco,2016,PV,12.4,8.3
21,023,Puebla,Atzitzintla,2016,PV,4.2,3.1
21,025,Puebla,Ayotoxco de Guerrero,2016,PV,19.9,13.9
21,026,Puebla,Calpan,2016,PV,9.2,1.4
21,031,Puebla,Coatzingo,2016,PV,15.7,10.3
21,043,Puebla,Cuetzalan del Progreso,2016,PV,15.1,9.6
21,045,Puebla,Chalchicomula de Sesma,2016,PV,8.3,3.3
21,051,Puebla,Chietla,2016,PV,15.6,12.2
21,053,Puebla,Chignahuapan,2016,PV,6.4,2.0
21,059,Puebla,Chinantla,2016,PV,17.0,11.0
21,069,Puebla,Huaquechula,2016,PV,13.9,10.9
21,071,Puebla,Huauchinango,2016,PV,13.5,7.6
21,083,Puebla,Ixtacamaxtitlán,2016,PV,7.1,1.1
21,085,Puebla,Izúcar de Matamoros,2016,PV,17.2,12.9
21,086,Puebla,Jalpan,2016,PV,18.8,13.3
21,094,Puebla,Libres,2016,PV,9.8,4.6
21,098,Puebla,Molcaxac,2016,PV,6.4,5.5
21,106,Puebla,Ocoyucan,2016,PV,6.0,5.7
21,108,Puebla,Oriental,2016,PV,11.4,7.8
21,114,Puebla,Puebla,2016,PV,9.2,4.2
21,140,Puebla,San Pedro Cholula,2016,PV,9.3,4.9
21,145,Puebla,San Sebastián Tlacotepec,2016,PV,19.9,15.0
21,153,Puebla,Tecali de Herrera,2016,PV,8.7,5.3
21,154,Puebla,Tecamachalco,2016,PV,10.7,5.1
21,156,Puebla,Tehuacán,2016,PV,11.6,6.8
21,160,Puebla,Teotlalco,2016,PV,12.3,9.5
21,162,Puebla,Tepango de Rodríguez,2016,PV,10.2,4.6
21,170,Puebla,Tepeyahualco,2016,PV,6.5,0.8
21,172,Puebla,Tetela de Ocampo,2016,PV,11.1,6.3
21,174,Puebla,Teziutlán,2016,PV,12.2,6.9
21,180,Puebla,Tlahuapan,2016,PV,8.7,4.6
21,184,Puebla,Tlapacoya,2016,PV,8.5,4.6
21,186,Puebla,Tlatlauquitepec,2016,PV,5.5,1.5
21,187,Puebla,Tlaxco,2016,PV,15.1,13.5
21,193,Puebla,Tzicatlacoyan,2016,PV,8.2,3.8
21,194,Puebla,Venustiano Carranza,2016,PV,16.6,3.5
21,197,Puebla,Xicotepec,2016,PV,16.0,9.4
21,198,Puebla,Xicotlán,2016,PV,15.8,10.4
21,207,Puebla,Zacapoaxtla,2016,PV,11.2,4.8
21,217,Puebla,Zoquitlán,2016,PV,11.7,9.2
22,006,Querétaro,Corregidora,2016,PV,12.1,7.5
22,009,Querétaro,Jalpan de Serra,2016,PV,17.2,10.9
22,011,Querétaro,El Marqués,2016,PV,10.3,4.8
22,013,Querétaro,Peñamiller,2016,PV,15.8,9.8
22,014,Querétaro,Querétaro,2016,PV,12.7,7.9
22,016,Querétaro,San Juan del Río,2016,PV,12.5,6.7
23,001,Quintana Roo,Cozumel,2016,PV,24.8,11.0
23,002,Quintana Roo,Felipe Carrillo Puerto,2016,PV,21.9,16.4
23,004,Quintana Roo,Othón P. Blanco,2016,PV,24.5,17.1
23,005,Quintana Roo,Benito Juárez,2016,PV,24.9,18.9
24,003,San Luis Potosí,Aquismón,2016,PV,19.4,10.9
24,013,San Luis Potosí,Ciudad Valles,2016,PV,19.2,10.1
24,016,San Luis Potosí,Ebano,2016,PV,21.3,11.9
24,020,San Luis Potosí,Matehuala,2016,PV,11.9,6.5
24,024,San Luis Potosí,Rioverde,2016,PV,16.9,9.7
24,025,San Luis Potosí,Salinas,2016,PV,9.7,
24,027,San Luis Potosí,San Ciro de Acosta,2016,PV,16.6,9.2
24,028,San Luis Potosí,San Luis Potosí,2016,PV,11.1,5.8
24,032,San Luis Potosí,Santa María del Río,2016,PV,8.8,4.7
24,034,San Luis Potosí,San Vicente Tancuayalab,2016,PV,21.4,12.0
24,034,Veracruz,San Vicente Tancuayalab,2016,PV,21.2,11.5
24,037,San Luis Potosí,Tamazunchale,2016,PV,19.6,12.9
24,041,San Luis Potosí,Tanlajás,2016,PV,20.9,11.8
24,043,San Luis Potosí,Tierra Nueva,2016,PV,9.2,
24,050,San Luis Potosí,Villa de Reyes,2016,PV,9.0,4.7
24,053,San Luis Potosí,Axtla de Terrazas,2016,PV,20.4,12.3
24,057,San Luis Potosí,Matlapa,2016,PV,20.9,13.2
24,058,San Luis Potosí,El Naranjo,2016,PV,19.8,11.1
25,001,Sinaloa,Ahome,2016,PV,11.7,9.0
25,003,Sinaloa,Badiraguato,2016,PV,12.2,9.9
25,005,Sinaloa,Cosalá,2016,PV,14.7,14.0
25,006,Sinaloa,Culiacán,2016,PV,12.4,10.3
25,007,Sinaloa,Choix,2016,PV,11.8,10.5
25,008,Sinaloa,Elota,2016,PV,14.5,9.4
25,010,Sinaloa,El Fuerte,2016,PV,13.6,9.6
25,011,Sinaloa,Guasave,2016,PV,13.6,11.6
25,012,Sinaloa,Mazatlán,2016,PV,13.9,13.4
25,013,Sinaloa,Mocorito,2016,PV,12.4,11.5
25,014,Sinaloa,Rosario,2016,PV,14.7,13.9
25,015,Sinaloa,Salvador Alvarado,2016,PV,16.8,13.4
25,016,Sinaloa,San Ignacio,2016,PV,12.7,12.2
25,017,Sinaloa,Sinaloa,2016,PV,14.1,10.9
26,001,Sonora,Aconchi,2016,PV,9.9,5.2
26,002,Sonora,Agua Prieta,2016,PV,8.3,
26,003,Sonora,Álamos,2016,PV,14.0,6.8
26,006,Sonora,Arizpe,2016,PV,3.7,0.1
26,010,Sonora,Bacerac,2016,PV,8.4,2.5
26,013,Sonora,Banámichi,2016,PV,11.0,7.3
26,017,Sonora,Caborca,2016,PV,7.8,4.8
26,018,Sonora,Cajeme,2016,PV,14.6,10.1
26,019,Sonora,Cananea,2016,PV,7.8,
26,021,Sonora,La Colorada,2016,PV,10.7,5.6
26,025,Sonora,Empalme,2016,PV,15.7,12.5
26,029,Sonora,Guaymas,2016,PV,8.6,6.4
26,030,Sonora,Hermosillo,2016,PV,12.9,8.4
26,031,Sonora,Huachinera,2016,PV,4.8,-0.5
26,035,Sonora,Imuris,2016,PV,6.0,3.5
26,040,Sonora,Nácori Chico,2016,PV,13.4,7.0
26,041,Sonora,Nacozari de García,2016,PV,8.6,3.4
26,042,Sonora,Navojoa,2016,PV,15.1,10.5
26,043,Sonora,Nogales,2016,PV,10.6,7.4
26,045,Sonora,Opodepe,2016,PV,8.2,7.6
26,046,Sonora,Oquitoa,2016,PV,12.3,7.1
26,048,Sonora,Puerto Peñasco,2016,PV,16.9,11.7
26,049,Sonora,Quiriego,2016,PV,10.1,7.2
26,052,Sonora,Sahuaripa,2016,PV,12.0,7.5
26,056,Sonora,San Miguel de Horcasitas,2016,PV,8.8,4.2
26,061,Sonora,Soyopa,2016,PV,13.6,11.3
26,063,Sonora,Tepache,2016,PV,14.2,9.9
26,064,Sonora,Trincheras,2016,PV,9.8,4.0
26,065,Sonora,Tubutama,2016,PV,9.5,3.5
26,069,Sonora,Yécora,2016,PV,2.6,-1.4
26,070,Sonora,General Plutarco Elías Calles,2016,PV,10.1,4.7
27,001,Tabasco,Balancán,2016,PV,23.4,17.2
27,002,Tabasco,Cárdenas,2016,PV,23.5,18.0
27,004,Tabasco,Centro,2016,PV,22.3,18.1
27,006,Tabasco,Cunduacán,2016,PV,23.7,18.2
27,007,Tabasco,Emiliano Zapata,2016,PV,23.6,19.5
27,012,Tabasco,Macuspana,2016,PV,23.6,18.7
27,015,Tabasco,Tacotalpa,2016,PV,22.5,17.3
27,016,Tabasco,Teapa,2016,PV,23.2,18.3
27,017,Tabasco,Tenosique,2016,PV,23.0,18.9
29,003,Tlaxcala,Atlangatepec,2016,PV,7.8,0.7
29,006,Tlaxcala,Calpulalpan,2016,PV,5.7,1.0
29,007,Tlaxcala,El Carmen Tequexquitla,2016,PV,7.5,1.6
29,008,Tlaxcala,Cuapiaxtla,2016,PV,8.6,3.4
29,013,Tlaxcala,Huamantla,2016,PV,7.7,2.3
29,025,Tlaxcala,San Pablo del Monte,2016,PV,8.9,3.1
29,033,Tlaxcala,Tlaxcala,2016,PV,9.6,5.7
29,037,Tlaxcala,Ziltlaltépec de Trinidad Sánchez Santos,2016,PV,8.5,3.0
29,044,Tlaxcala,Zacatelco,2016,PV,8.1,4.8
30,001,Veracruz,Acajete,2016,PV,8.0,4.1
30,002,Veracruz,Acatlán,2016,PV,10.9,6.9
30,004,Veracruz,Actopan,2016,PV,19.4,13.4
30,007,Veracruz,Camarón de Tejeda,2016,PV,19.2,15.5
30,010,Veracruz,Altotonga,2016,PV,9.7,5.8
30,011,Veracruz,Alvarado,2016,PV,23.7,17.5
30,015,Veracruz,Angel R. Cabada,2016,PV,22.5,15.9
30,016,Veracruz,La Antigua,2016,PV,22.3,16.3
30,017,Veracruz,Apazapan,2016,PV,20.3,15.2
30,026,Veracruz,Banderilla,2016,PV,10.2,8.2
30,028,Veracruz,Boca del Río,2016,PV,24.4,17.9
30,032,Veracruz,Catemaco,2016,PV,19.9,14.1
30,038,Veracruz,Coatepec,2016,PV,12.9,8.4
30,039,Veracruz,Coatzacoalcos,2016,PV,23.0,17.3
30,045,Oaxaca,Cosamaloapan de Carpio,2016,PV,24.7,16.2
30,046,Veracruz,Cosautlán de Carvajal,2016,PV,17.9,12.0
30,048,Veracruz,Cosoleacaque,2016,PV,23.7,17.5
30,058,Veracruz,Chicontepec,2016,PV,20.5,12.1
30,061,Veracruz,Las Choapas,2016,PV,21.1,16.1
30,065,Veracruz,Emiliano Zapata,2016,PV,13.7,12.0
30,071,Veracruz,Huatusco,2016,PV,10.8,7.8
30,072,Veracruz,Huayacocotla,2016,PV,9.5,5.7
30,073,Veracruz,Hueyapan de Ocampo,2016,PV,22.1,15.3
30,077,Veracruz,Isla,2016,PV,22.5,16.0
30,087,Veracruz,Xalapa,2016,PV,15.2,10.1
30,091,Veracruz,Jesús Carranza,2016,PV,21.0,16.5
30,093,Veracruz,Jilotepec,2016,PV,14.5,8.9
30,097,Veracruz,Lerdo de Tejada,2016,PV,23.2,17.3
30,100,Veracruz,Manlio Fabio Altamirano,2016,PV,22.7,17.3
30,101,Veracruz,Mariano Escobedo,2016,PV,5.5,2.1
30,102,Veracruz,Martínez de la Torre,2016,PV,20.6,12.1
30,104,Veracruz,Mecayapan,2016,PV,22.5,15.7
30,105,Veracruz,Medellín de Bravo,2016,PV,20.2,15.2
30,108,Veracruz,Minatitlán,2016,PV,22.9,17.3
30,109,Veracruz,Misantla,2016,PV,18.1,11.3
30,112,Veracruz,Naolinco,2016,PV,13.5,8.2
30,114,Veracruz,Nautla,2016,PV,21.8,14.8
30,118,Veracruz,Orizaba,2016,PV,16.6,11.2
30,123,Veracruz,Pánuco,2016,PV,21.1,11.6
30,126,Veracruz,Paso de Ovejas,2016,PV,21.3,15.9
30,128,Veracruz,Perote,2016,PV,4.9,-1.7
30,132,Veracruz,Las Vigas de Ramírez,2016,PV,3.8,2.6
30,134,Veracruz,Puente Nacional,2016,PV,22.8,17.1
30,141,Veracruz,San Andrés Tuxtla,2016,PV,19.2,13.2
30,143,Veracruz,Santiago Tuxtla,2016,PV,23.1,16.4
30,155,Veracruz,Tantoyuca,2016,PV,21.1,12.5
30,160,Veracruz,Álamo Temapache,2016,PV,20.2,11.8
30,161,Veracruz,Tempoal,2016,PV,21.0,11.7
30,163,Veracruz,Tenochtitlán,2016,PV,15.7,10.6
30,164,Veracruz,Teocelo,2016,PV,10.8,9.1
30,167,Veracruz,Tepetzintla,2016,PV,21.0,12.9
30,169,Veracruz,José Azueta,2016,PV,21.9,15.6
30,174,Veracruz,Tierra Blanca,2016,PV,22.0,16.2
30,175,Veracruz,Tihuatlán,2016,PV,21.1,13.5
30,182,Veracruz,Tlalnelhuayocan,2016,PV,13.8,9.1
30,188,Veracruz,Totutla,2016,PV,14.5,10.3
30,189,Veracruz,Tuxpan,2016,PV,21.0,13.5
30,191,Veracruz,Ursulo Galván,2016,PV,22.2,15.5
31,001,Yucatán,Abalá,2016,PV,18.1,11.6
31,010,Yucatán,Cantamayec,2016,PV,22.3,16.7
31,013,Yucatán,Conkal,2016,PV,20.6,17.9
31,015,Yucatán,Cuzamá,2016,PV,19.9,17.2
31,019,Yucatán,Chemax,2016,PV,19.8,16.1
31,022,Yucatán,Chikindzonot,2016,PV,19.7,14.9
31,023,Yucatán,Chocholá,2016,PV,22.5,15.5
31,027,Yucatán,Dzidzantún,2016,PV,20.5,
31,050,Yucatán,Mérida,2016,PV,21.2,16.4
31,051,Yucatán,Mocochá,2016,PV,20.8,14.6
31,052,Yucatán,Motul,2016,PV,20.5,14.7
31,053,Yucatán,Muna,2016,PV,22.2,16.0
31,055,Yucatán,Opichén,2016,PV,17.6,17.1
31,056,Yucatán,Oxkutzcab,2016,PV,18.5,13.8
31,058,Yucatán,Peto,2016,PV,21.4,14.8
31,059,Yucatán,Progreso,2016,PV,23.0,18.7
31,061,Yucatán,Río Lagartos,2016,PV,20.8,17.2
31,079,Yucatán,Tekax,2016,PV,21.6,15.9
31,089,Yucatán,Ticul,2016,PV,20.9,15.8
31,096,Yucatán,Tizimín,2016,PV,20.6,15.1
31,098,Yucatán,Tzucacab,2016,PV,18.1,11.9
31,102,Yucatán,Valladolid,2016,PV,22.2,17.3
32,003,Zacatecas,Atolinga,2016,PV,7.1,3.1
32,005,Zacatecas,Calera,2016,PV,6.9,2.8
32,006,Zacatecas,Cañitas de Felipe Pescador,2016,PV,10.2,4.0
32,007,Zacatecas,Concepción del Oro,2016,PV,9.7,3.1
32,008,Zacatecas,Cuauhtémoc,2016,PV,9.3,4.6
32,009,Zacatecas,Chalchihuites,2016,PV,10.0,4.6
32,010,Zacatecas,Fresnillo,2016,PV,5.5,3.2
32,012,Zacatecas,Genaro Codina,2016,PV,6.5,2.4
32,014,Zacatecas,General Francisco R. Murguía,2016,PV,9.2,5.7
32,016,Zacatecas,General Pánfilo Natera,2016,PV,6.7,1.3
32,017,Zacatecas,Guadalupe,2016,PV,10.7,5.9
32,019,Zacatecas,Jalpa,2016,PV,13.0,9.9
32,020,Zacatecas,Jerez,2016,PV,7.8,5.4
32,022,Zacatecas,Juan Aldama,2016,PV,10.0,5.6
32,023,Zacatecas,Juchipila,2016,PV,12.9,7.4
32,024,Zacatecas,Loreto,2016,PV,10.1,5.4
32,025,Zacatecas,Luis Moya,2016,PV,8.7,3.4
32,026,Zacatecas,Mazapil,2016,PV,10.3,
32,028,Zacatecas,Mezquital del Oro,2016,PV,13.7,9.7
32,029,Zacatecas,Miguel Auza,2016,PV,8.8,3.8
32,031,Zacatecas,Monte Escobedo,2016,PV,4.5,2.5
32,032,Zacatecas,Morelos,2016,PV,7.7,4.1
32,034,Zacatecas,Nochistlán de Mejía,2016,PV,9.4,4.5
32,036,Zacatecas,Ojocaliente,2016,PV,9.5,5.1
32,038,Zacatecas,Pinos,2016,PV,7.0,3.1
32,039,Zacatecas,Río Grande,2016,PV,7.6,3.9
32,040,Zacatecas,Sain Alto,2016,PV,7.3,4.2
32,042,Zacatecas,Sombrerete,2016,PV,9.4,5.9
32,044,Zacatecas,Tabasco,2016,PV,13.4,10.2
32,045,Zacatecas,Tepechitlán,2016,PV,8.2,5.2
32,047,Zacatecas,Teúl de González Ortega,2016,PV,5.5,3.1
32,048,Zacatecas,Tlaltenango de Sánchez Román,2016,PV,7.7,5.1
32,049,Zacatecas,Valparaíso,2016,PV,2.9,1.9
32,051,Zacatecas,Villa de Cos,2016,PV,9.1,4.0
32,053,Zacatecas,Villa González Ortega,2016,PV,8.6,3.4
32,054,Zacatecas,Villa Hidalgo,2016,PV,6.5,2.5
32,055,Zacatecas,Villanueva,2016,PV,7.2,5.1
32,056,Zacatecas,Zacatecas,2016,PV,11.2,7.0
01,001,Aguascalientes,Aguascalientes,2017,OI,-2.4,-1.9
01,002,Aguascalientes,Asientos,2017,OI,1.7,-1.3
01,003,Aguascalientes,Calvillo,2017,OI,0.9,-0.2
01,004,Aguascalientes,Cosío,2017,OI,0.5,-0.5
01,005,Aguascalientes,Jesús María,2017,OI,5.7,3.5
01,006,Aguascalientes,Pabellón de Arteaga,2017,OI,4.4,2.6
01,007,Aguascalientes,Rincón de Romos,2017,OI,5.5,2.2
01,008,Aguascalientes,San José de Gracia,2017,OI,0.7,-0.8
01,009,Aguascalientes,Tepezalá,2017,OI,7.0,4.6
01,010,Aguascalientes,El Llano,2017,OI,0.7,-0.5
02,001,Baja California,Ensenada,2017,OI,7.1,5.9
02,002,Baja California,Mexicali,2017,OI,7.4,6.5
02,003,Baja California,Tecate,2017,OI,1.1,2.3
02,004,Baja California,Tijuana,2017,OI,8.6,8.5
02,006,Baja California,San Quintín,2017,OI,12.7,
02,007,Baja California,San Felipe,2017,OI,9.9,7.8
03,001,Baja California Sur,Comondú,2017,OI,7.7,7.5
03,002,Baja California Sur,Mulegé,2017,OI,5.2,3.7
03,003,Baja California Sur,La Paz,2017,OI,9.2,7.7
03,008,Baja California Sur,Los Cabos,2017,OI,6.6,5.2
03,009,Baja California Sur,Loreto,2017,OI,12.6,11.9
04,002,Campeche,Campeche,2017,OI,18.6,17.7
04,003,Campeche,Carmen,2017,OI,17.7,17.3
04,004,Campeche,Champotón,2017,OI,17.4,17.0
04,005,Campeche,Hecelchakán,2017,OI,19.4,16.7
04,006,Campeche,Hopelchén,2017,OI,17.5,15.7
04,007,Campeche,Palizada,2017,OI,19.5,18.1
04,009,Campeche,Escárcega,2017,OI,19.2,18.2
04,011,Campeche,Candelaria,2017,OI,17.9,17.2
05,002,Coahuila,Acuña,2017,OI,6.9,3.6
05,003,Coahuila,Allende,2017,OI,7.4,4.4
05,004,Coahuila,Arteaga,2017,OI,2.7,-0.6
05,005,Coahuila,Candela,2017,OI,8.6,7.1
05,007,Coahuila,Cuatro Ciénegas,2017,OI,7.2,4.2
05,009,Coahuila,Francisco I. Madero,2017,OI,7.4,4.7
05,014,Coahuila,Jiménez,2017,OI,5.5,1.2
05,015,Coahuila,Juárez,2017,OI,7.6,6.3
05,017,Coahuila,Matamoros,2017,OI,7.5,5.6
05,018,Coahuila,Monclova,2017,OI,10.3,7.3
05,024,Coahuila,Parras,2017,OI,8.7,
05,025,Coahuila,Piedras Negras,2017,OI,8.9,6.0
05,026,Coahuila,Progreso,2017,OI,5.8,4.3
05,027,Coahuila,Ramos Arizpe,2017,OI,8.4,4.3
05,028,Coahuila,Sabinas,2017,OI,6.1,3.5
05,030,Coahuila,Saltillo,2017,OI,7.4,2.0
05,033,Coahuila,San Pedro,2017,OI,6.7,3.0
05,034,Coahuila,Sierra Mojada,2017,OI,7.0,4.6
05,035,Coahuila,Torreón,2017,OI,4.9,0.6
06,001,Colima,Armería,2017,OI,17.3,17.7
06,002,Colima,Colima,2017,OI,16.5,16.2
06,003,Colima,Comala,2017,OI,17.9,16.5
06,004,Colima,Coquimatlán,2017,OI,13.6,14.2
06,005,Colima,Cuauhtémoc,2017,OI,14.4,14.1
06,006,Colima,Ixtlahuacán,2017,OI,18.0,17.9
06,007,Colima,Manzanillo,2017,OI,18.4,18.7
06,009,Colima,Tecomán,2017,OI,14.9,16.2
07,001,Chiapas,Acacoyagua,2017,OI,20.0,19.6
07,002,Chiapas,Acala,2017,OI,15.8,15.2
07,008,Chiapas,Ángel Albino Corzo,2017,OI,12.9,13.4
07,009,Chiapas,Arriaga,2017,OI,20.3,17.8
07,019,Chiapas,Comitán de Domínguez,2017,OI,10.9,11.0
07,020,Chiapas,La Concordia,2017,OI,13.6,14.0
07,027,Chiapas,Chiapa de Corzo,2017,OI,15.0,14.5
07,029,Chiapas,Chicoasén,2017,OI,17.0,17.5
07,030,Chiapas,Chicomuselo,2017,OI,12.6,13.6
07,032,Chiapas,Escuintla,2017,OI,19.3,19.2
07,034,Chiapas,Frontera Comalapa,2017,OI,13.7,13.6
07,037,Chiapas,Huehuetán,2017,OI,20.6,21.7
07,040,Chiapas,Huixtla,2017,OI,20.1,20.4
07,046,Chiapas,Jiquipilas,2017,OI,13.1,14.5
07,049,Chiapas,Larráinzar,2017,OI,16.4,17.2
07,051,Chiapas,Mapastepec,2017,OI,19.5,20.4
07,059,Chiapas,Ocosingo,2017,OI,17.5,17.9
07,062,Chiapas,Ostuacán,2017,OI,18.2,17.9
07,063,Chiapas,Osumacinta,2017,OI,17.7,17.6
07,068,Chiapas,Pichucalco,2017,OI,18.0,17.9
07,069,Chiapas,Pijijiapan,2017,OI,21.9,22.5
07,071,Chiapas,Villa Comaltitlán,2017,OI,20.7,20.4
07,077,Chiapas,Salto de Agua,2017,OI,17.7,17.6
07,078,Chiapas,San Cristóbal de las Casas,2017,OI,6.0,6.5
07,086,Chiapas,Suchiapa,2017,OI,16.9,16.1
07,089,Chiapas,Tapachula,2017,OI,19.3,19.6
07,092,Chiapas,Tecpatán,2017,OI,15.2,16.4
07,097,Chiapas,Tonalá,2017,OI,19.7,20.5
07,099,Chiapas,La Trinitaria,2017,OI,14.1,14.4
07,101,Chiapas,Tuxtla Gutiérrez,2017,OI,17.4,16.9
07,106,Chiapas,Venustiano Carranza,2017,OI,13.9,13.2
07,107,Chiapas,Villa Corzo,2017,OI,13.5,13.2
07,123,Chiapas,Emiliano Zapata,2017,OI,16.3,15.7
07,124,Chiapas,Mezcalapa,2017,OI,20.4,18.9
08,002,Chihuahua,Aldama,2017,OI,5.8,8.6
08,006,Chihuahua,Bachíniva,2017,OI,-0.5,-3.3
08,007,Chihuahua,Balleza,2017,OI,-4.5,-8.2
08,008,Chihuahua,Batopilas de Manuel Gómez Morín,2017,OI,9.3,6.2
08,009,Chihuahua,Bocoyna,2017,OI,-1.1,-6.4
08,010,Chihuahua,Buenaventura,2017,OI,0.4,-2.6
08,011,Chihuahua,Camargo,2017,OI,3.7,1.8
08,014,Chihuahua,Coronado,2017,OI,-0.3,-2.8
08,017,Chihuahua,Cuauhtémoc,2017,OI,-0.6,-3.3
08,019,Chihuahua,Chihuahua,2017,OI,1.3,-0.6
08,020,Chihuahua,Chínipas,2017,OI,7.8,4.6
08,021,Chihuahua,Delicias,2017,OI,3.6,1.1
08,027,Chihuahua,Guachochi,2017,OI,-4.3,12.9
08,029,Chihuahua,Guadalupe y Calvo,2017,OI,0.7,-1.8
08,031,Chihuahua,Guerrero,2017,OI,-3.0,-4.4
08,032,Chihuahua,Hidalgo del Parral,2017,OI,4.6,1.3
08,036,Chihuahua,Jiménez,2017,OI,1.6,-2.3
08,037,Chihuahua,Juárez,2017,OI,3.6,1.9
08,040,Chihuahua,Madera,2017,OI,-0.4,-3.5
08,041,Chihuahua,Maguarichi,2017,OI,1.6,-3.9
08,050,Chihuahua,Nuevo Casas Grandes,2017,OI,1.4,0.1
08,051,Chihuahua,Ocampo,2017,OI,-2.7,-5.9
08,052,Chihuahua,Ojinaga,2017,OI,1.5,0.4
08,055,Chihuahua,Rosales,2017,OI,4.0,1.0
08,058,Chihuahua,San Francisco de Conchos,2017,OI,0.3,-2.3
08,063,Chihuahua,Temósachic,2017,OI,-3.6,-6.8
08,065,Chihuahua,Urique,2017,OI,9.7,4.9
08,067,Chihuahua,Valle de Zaragoza,2017,OI,1.7,0.3
09,002,Ciudad de México,Azcapotzalco,2017,OI,9.4,10.2
09,004,Ciudad de México,Cuajimalpa de Morelos,2017,OI,8.0,7.4
09,005,Ciudad de México,Gustavo A. Madero,2017,OI,3.9,3.8
09,007,Ciudad de México,Iztapalapa,2017,OI,9.7,9.0
09,009,Ciudad de México,Milpa Alta,2017,OI,6.7,6.0
09,010,Ciudad de México,Álvaro Obregón,2017,OI,8.4,8.0
09,012,Ciudad de México,Tlalpan,2017,OI,-1.0,-0.2
09,013,Ciudad de México,Xochimilco,2017,OI,6.5,8.0
09,014,Ciudad de México,Benito Juárez,2017,OI,9.5,9.0
09,015,Ciudad de México,Cuauhtémoc,2017,OI,10.2,9.7
09,016,Ciudad de México,Miguel Hidalgo,2017,OI,8.3,8.5
09,017,Ciudad de México,Venustiano Carranza,2017,OI,7.1,7.3
10,001,Durango,Canatlán,2017,OI,1.7,-1.7
10,004,Durango,Cuencamé,2017,OI,8.8,4.5
10,005,Durango,Durango,2017,OI,-5.1,-8.0
10,008,Durango,Guadalupe Victoria,2017,OI,3.2,1.0
10,009,Durango,Guanaceví,2017,OI,-9.7,-13.3
10,010,Durango,Hidalgo,2017,OI,0.8,-1.5
10,011,Durango,Indé,2017,OI,3.7,0.6
10,012,Durango,Lerdo,2017,OI,8.6,4.7
10,013,Durango,Mapimí,2017,OI,1.3,-1.9
10,015,Durango,Nazas,2017,OI,1.4,0.9
10,017,Durango,Ocampo,2017,OI,-0.3,-1.2
10,018,Durango,El Oro,2017,OI,-0.5,-3.7
10,020,Durango,Pánuco de Coronado,2017,OI,1.1,-2.2
10,022,Durango,Poanas,2017,OI,2.7,0.1
10,024,Durango,Rodeo,2017,OI,4.8,1.9
10,025,Durango,San Bernardo,2017,OI,-2.6,-2.7
10,027,Durango,San Juan de Guadalupe,2017,OI,5.9,8.0
10,030,Durango,San Pedro del Gallo,2017,OI,3.4,1.2
10,031,Durango,Santa Clara,2017,OI,0.9,-2.8
10,032,Durango,Santiago Papasquiaro,2017,OI,0.9,-1.2
10,033,Durango,Súchil,2017,OI,3.9,0.4
10,034,Durango,Tamazula,2017,OI,12.0,9.4
10,036,Durango,Tlahualilo,2017,OI,5.0,2.7
11,001,Guanajuato,Abasolo,2017,OI,8.4,8.1
11,002,Guanajuato,Acámbaro,2017,OI,5.6,5.6
11,003,Guanajuato,San Miguel de Allende,2017,OI,2.4,1.3
11,004,Guanajuato,Apaseo el Alto,2017,OI,7.2,6.9
11,005,Guanajuato,Apaseo el Grande,2017,OI,4.5,4.2
11,007,Guanajuato,Celaya,2017,OI,5.4,4.0
11,008,Guanajuato,Manuel Doblado,2017,OI,2.8,3.8
11,010,Guanajuato,Coroneo,2017,OI,0.2,1.6
11,011,Guanajuato,Cortazar,2017,OI,3.5,2.7
11,012,Guanajuato,Cuerámaro,2017,OI,6.9,7.2
11,014,Guanajuato,Dolores Hidalgo Cuna de la Independencia Nacional,2017,OI,3.0,1.8
11,015,Guanajuato,Guanajuato,2017,OI,4.4,4.4
11,017,Guanajuato,Irapuato,2017,OI,3.8,4.1
11,018,Guanajuato,Jaral del Progreso,2017,OI,4.2,4.5
11,019,Guanajuato,Jerécuaro,2017,OI,4.2,3.2
11,020,Guanajuato,León,2017,OI,6.5,6.2
11,022,Guanajuato,Ocampo,2017,OI,2.9,0.8
11,023,Guanajuato,Pénjamo,2017,OI,4.1,3.6
11,025,Guanajuato,Purísima del Rincón,2017,OI,4.8,4.0
11,027,Guanajuato,Salamanca,2017,OI,4.8,5.0
11,028,Guanajuato,Salvatierra,2017,OI,3.5,3.6
11,030,Guanajuato,San Felipe,2017,OI,0.3,-1.1
11,033,Guanajuato,San Luis de la Paz,2017,OI,1.9,1.4
11,037,Guanajuato,Silao de la Victoria,2017,OI,4.4,4.4
11,039,Guanajuato,Tarimoro,2017,OI,6.5,6.7
11,042,Guanajuato,Valle de Santiago,2017,OI,6.2,5.3
11,045,Guanajuato,Xichú,2017,OI,8.0,7.2
12,001,Guerrero,Acapulco de Juárez,2017,OI,20.4,22.2
12,003,Guerrero,Ajuchitlán del Progreso,2017,OI,17.1,17.4
12,005,Guerrero,Alpoyeca,2017,OI,12.6,13.3
12,011,Guerrero,Atoyac de Álvarez,2017,OI,19.6,20.3
12,012,Guerrero,Ayutla de los Libres,2017,OI,16.7,19.3
12,014,Guerrero,Benito Juárez,2017,OI,19.8,21.4
12,015,Guerrero,Buenavista de Cuéllar,2017,OI,12.0,12.4
12,018,Guerrero,Copala,2017,OI,26.6,24.8
12,021,Guerrero,Coyuca de Benítez,2017,OI,18.6,20.8
12,023,Guerrero,Cuajinicuilapa,2017,OI,20.0,20.6
12,028,Guerrero,Chilapa de Álvarez,2017,OI,10.7,10.6
12,029,Guerrero,Chilpancingo de los Bravo,2017,OI,9.6,9.1
12,034,Guerrero,Huitzuco de los Figueroa,2017,OI,11.7,12.6
12,035,Guerrero,Iguala de la Independencia,2017,OI,14.5,14.6
12,036,Guerrero,Igualapa,2017,OI,17.4,18.5
12,038,Guerrero,Zihuatanejo de Azueta,2017,OI,18.3,20.1
12,039,Guerrero,Juan R. Escudero,2017,OI,19.1,18.5
12,040,Guerrero,Leonardo Bravo,2017,OI,10.0,11.0
12,044,Guerrero,Mochitlán,2017,OI,14.9,16.3
12,045,Guerrero,Olinalá,2017,OI,10.1,10.8
12,050,Guerrero,Pungarabato,2017,OI,17.4,18.1
12,053,Guerrero,San Marcos,2017,OI,11.7,12.1
12,055,Guerrero,Taxco de Alarcón,2017,OI,14.7,14.2
12,057,Guerrero,Técpan de Galeana,2017,OI,20.4,20.6
12,061,Guerrero,Tixtla de Guerrero,2017,OI,11.4,11.4
12,066,Guerrero,Tlapa de Comonfort,2017,OI,11.9,13.7
12,068,Michoacán,La Unión de Isidoro Montes de Oca,2017,OI,21.2,22.1
12,070,Guerrero,Xochihuehuetlán,2017,OI,10.2,11.7
12,073,Guerrero,Zirándaro,2017,OI,13.6,15.6
12,082,Guerrero,Las Vigas,2017,OI,15.0,16.2
13,003,Hidalgo,Actopan,2017,OI,3.6,4.0
13,006,Hidalgo,Alfajayucan,2017,OI,6.2,5.2
13,011,Hidalgo,Atlapexco,2017,OI,15.4,12.2
13,013,Hidalgo,Atotonilco de Tula,2017,OI,4.3,3.3
13,016,Hidalgo,Cuautepec de Hinojosa,2017,OI,3.4,2.2
13,019,Hidalgo,Chilcuautla,2017,OI,5.3,4.5
13,028,Hidalgo,Huejutla de Reyes,2017,OI,15.0,12.3
13,028,Veracruz,Huejutla de Reyes,2017,OI,14.6,11.5
13,029,Hidalgo,Huichapan,2017,OI,5.4,3.5
13,030,Hidalgo,Ixmiquilpan,2017,OI,5.5,4.4
13,037,Hidalgo,Metztitlán,2017,OI,10.1,9.6
13,046,Hidalgo,San Felipe Orizatlán,2017,OI,15.2,12.4
13,048,Hidalgo,Pachuca de Soto,2017,OI,4.1,4.5
13,064,Hidalgo,Tepetitlán,2017,OI,4.9,4.8
13,077,Hidalgo,Tulancingo de Bravo,2017,OI,6.7,5.0
13,081,Hidalgo,Zacualtipán de Ángeles,2017,OI,5.9,3.3
13,084,Hidalgo,Zimapán,2017,OI,7.7,8.1
14,006,Jalisco,Ameca,2017,OI,11.0,4.6
14,017,Jalisco,Ayutla,2017,OI,7.3,6.5
14,019,Jalisco,Bolaños,2017,OI,9.3,10.9
14,022,Jalisco,Cihuatlán,2017,OI,18.1,18.5
14,023,Jalisco,Zapotlán el Grande,2017,OI,6.3,6.3
14,025,Jalisco,Colotlán,2017,OI,3.1,
14,030,Jalisco,Chapala,2017,OI,12.6,11.6
14,033,Jalisco,Degollado,2017,OI,8.4,6.8
14,039,Jalisco,Guadalajara,2017,OI,7.7,7.4
14,041,Jalisco,Huejúcar,2017,OI,2.0,-0.2
14,046,Jalisco,Jalostotitlán,2017,OI,-2.4,-2.4
14,047,Jalisco,Jamay,2017,OI,3.6,4.1
14,049,Jalisco,Jilotlán de los Dolores,2017,OI,17.3,18.5
14,051,Jalisco,Juanacatlán,2017,OI,6.2,3.5
14,053,Jalisco,Lagos de Moreno,2017,OI,1.3,0.1
14,054,Jalisco,El Limón,2017,OI,12.4,10.6
14,061,Jalisco,Mezquitic,2017,OI,1.8,-0.8
14,065,Jalisco,Pihuamo,2017,OI,14.0,14.8
14,067,Jalisco,Puerto Vallarta,2017,OI,14.6,14.9
14,070,Jalisco,El Salto,2017,OI,10.4,9.4
14,071,Jalisco,San Cristóbal de la Barranca,2017,OI,8.5,7.7
14,081,Jalisco,Santa María de los Ángeles,2017,OI,2.0,1.2
14,091,Jalisco,Teocaltiche,2017,OI,0.1,-0.6
14,095,Jalisco,Teuchitlán,2017,OI,5.4,4.8
14,098,Jalisco,San Pedro Tlaquepaque,2017,OI,9.1,8.3
14,100,Jalisco,Tomatlán,2017,OI,18.2,18.4
14,118,Jalisco,Yahualica de González Gallo,2017,OI,9.6,2.0
14,120,Jalisco,Zapopan,2017,OI,7.1,5.6
15,002,Estado de México,Acolman,2017,OI,1.9,2.9
15,003,Estado de México,Aculco,2017,OI,0.0,-0.3
15,003,Querétaro,Aculco,2017,OI,5.0,3.6
15,005,Estado de México,Almoloya de Juárez,2017,OI,-4.1,-3.0
15,011,Estado de México,Atenco,2017,OI,4.7,3.2
15,013,Estado de México,Atizapán de Zaragoza,2017,OI,4.6,5.1
15,014,Estado de México,Atlacomulco,2017,OI,-1.1,-0.3
15,020,Estado de México,Coacalco de Berriozábal,2017,OI,7.0,7.0
15,025,Estado de México,Chalco,2017,OI,4.7,5.9
15,033,Estado de México,Ecatepec de Morelos,2017,OI,5.0,3.3
15,042,Estado de México,Ixtlahuaca,2017,OI,-1.8,-0.3
15,045,Estado de México,Jilotepec,2017,OI,0.8,1.2
15,055,Estado de México,Mexicaltzingo,2017,OI,6.2,7.6
15,057,Estado de México,Naucalpan de Juárez,2017,OI,2.2,2.1
15,058,Estado de México,Nezahualcóyotl,2017,OI,9.0,9.7
15,074,Estado de México,San Felipe del Progreso,2017,OI,0.0,0.4
15,083,Estado de México,Temamatla,2017,OI,2.3,3.1
15,087,Estado de México,Temoaya,2017,OI,-3.8,-3.1
15,091,Estado de México,Teoloyucan,2017,OI,1.0,1.0
15,095,Estado de México,Tepotzotlán,2017,OI,2.0,2.3
15,096,Estado de México,Tequixquiac,2017,OI,0.9,0.6
15,097,Estado de México,Texcaltitlán,2017,OI,3.0,3.5
15,099,Estado de México,Texcoco,2017,OI,3.3,3.9
15,100,Estado de México,Tezoyuca,2017,OI,7.0,9.1
15,101,Estado de México,Tianguistenco,2017,OI,-1.2,-0.4
15,104,Estado de México,Tlalnepantla de Baz,2017,OI,8.4,8.3
15,106,Estado de México,Toluca,2017,OI,-1.4,-0.9
15,109,Estado de México,Tultitlán,2017,OI,6.9,6.5
15,112,Estado de México,Villa del Carbón,2017,OI,0.9,0.7
15,113,Estado de México,Villa Guerrero,2017,OI,5.6,6.1
15,118,Estado de México,Zinacantepec,2017,OI,1.4,1.3
16,003,Michoacán,Álvaro Obregón,2017,OI,2.8,4.5
16,004,Michoacán,Angamacutiro,2017,OI,4.2,7.7
16,006,Michoacán,Apatzingán,2017,OI,15.3,15.1
16,010,Michoacán,Arteaga,2017,OI,18.9,19.3
16,011,Michoacán,Briseñas,2017,OI,11.0,7.9
16,017,Michoacán,Contepec,2017,OI,5.6,6.8
16,019,Michoacán,Cotija,2017,OI,6.0,6.4
16,034,Michoacán,Hidalgo,2017,OI,2.7,2.8
16,035,Michoacán,La Huacana,2017,OI,14.2,16.6
16,038,Michoacán,Huetamo,2017,OI,13.1,
16,039,Michoacán,Huiramba,2017,OI,1.5,5.8
16,042,Michoacán,Ixtlán,2017,OI,6.7,8.3
16,043,Michoacán,Jacona,2017,OI,6.5,
16,049,Michoacán,Madero,2017,OI,4.1,6.0
16,050,Michoacán,Maravatío,2017,OI,2.7,4.3
16,053,Michoacán,Morelia,2017,OI,4.5,7.6
16,067,Michoacán,Penjamillo,2017,OI,5.3,5.4
16,069,Michoacán,La Piedad,2017,OI,4.3,9.5
16,072,Michoacán,Queréndaro,2017,OI,3.1,
16,076,Michoacán,Sahuayo,2017,OI,5.1,4.5
16,080,Michoacán,Senguio,2017,OI,3.5,5.1
16,085,Michoacán,Tangancícuaro,2017,OI,1.6,1.7
16,089,Michoacán,Tepalcatepec,2017,OI,14.2,18.3
16,102,Michoacán,Uruapan,2017,OI,8.9,9.5
16,103,Michoacán,Venustiano Carranza,2017,OI,8.6,12.1
16,104,Michoacán,Villamar,2017,OI,6.0,5.7
16,105,Michoacán,Vista Hermosa,2017,OI,5.8,7.7
16,106,Michoacán,Yurécuaro,2017,OI,4.3,6.9
16,107,Michoacán,Zacapu,2017,OI,5.4,
16,108,Michoacán,Zamora,2017,OI,5.2,8.3
16,109,Michoacán,Zináparo,2017,OI,2.6,6.3
16,113,Michoacán,José Sixto Verduzco,2017,OI,3.8,4.1
17,001,Morelos,Amacuzac,2017,OI,7.7,9.5
17,002,Morelos,Atlatlahucan,2017,OI,12.5,11.4
17,004,Morelos,Ayala,2017,OI,10.5,11.4
17,005,Morelos,Coatlán del Río,2017,OI,11.2,
17,006,Morelos,Cuautla,2017,OI,10.3,10.1
17,007,Morelos,Cuernavaca,2017,OI,12.1,11.3
17,008,Morelos,Emiliano Zapata,2017,OI,11.4,11.7
17,009,Morelos,Huitzilac,2017,OI,1.3,2.2
17,011,Morelos,Jiutepec,2017,OI,12.8,12.0
17,012,Morelos,Jojutla,2017,OI,10.5,11.6
17,013,Morelos,Jonacatepec de Leandro Valle,2017,OI,9.1,10.1
17,015,Morelos,Miacatlán,2017,OI,14.1,14.1
17,016,Morelos,Ocuituco,2017,OI,4.6,5.8
17,017,Morelos,Puente de Ixtla,2017,OI,9.0,10.2
17,018,Morelos,Temixco,2017,OI,13.7,14.1
17,019,Morelos,Tepalcingo,2017,OI,11.5,12.3
17,021,Morelos,Tetecala,2017,OI,9.3,11.7
17,023,Morelos,Tlalnepantla,2017,OI,3.1,
17,024,Morelos,Tlaltizapán de Zapata,2017,OI,9.8,10.6
17,025,Morelos,Tlaquiltenango,2017,OI,8.3,10.1
17,026,Morelos,Tlayacapan,2017,OI,11.8,10.7
17,027,Morelos,Totolapan,2017,OI,10.3,9.8
17,028,Morelos,Xochitepec,2017,OI,11.7,11.5
17,029,Morelos,Yautepec,2017,OI,9.8,8.6
17,030,Morelos,Yecapixtla,2017,OI,9.3,9.2
17,031,Morelos,Zacatepec,2017,OI,9.8,12.3
17,032,Morelos,Zacualpan de Amilpas,2017,OI,9.1,9.5
17,033,Morelos,Temoac,2017,OI,14.3,10.8
18,001,Nayarit,Acaponeta,2017,OI,13.0,16.5
18,009,Nayarit,Del Nayar,2017,OI,12.0,9.0
18,010,Nayarit,Rosamorada,2017,OI,12.9,14.9
18,011,Nayarit,Ruíz,2017,OI,14.2,16.3
18,015,Nayarit,Santiago Ixcuintla,2017,OI,15.9,17.1
18,017,Nayarit,Tepic,2017,OI,12.4,11.0
18,020,Nayarit,Bahía de Banderas,2017,OI,14.6,14.4
19,003,Nuevo León,Los Aldamas,2017,OI,9.7,7.1
19,004,Nuevo León,Allende,2017,OI,7.2,4.3
19,005,Nuevo León,Anáhuac,2017,OI,9.3,6.1
19,006,Nuevo León,Apodaca,2017,OI,9.9,7.0
19,007,Nuevo León,Aramberri,2017,OI,2.7,-0.9
19,011,Nuevo León,Cerralvo,2017,OI,9.5,8.1
19,012,Nuevo León,Ciénega de Flores,2017,OI,7.2,3.7
19,013,Nuevo León,China,2017,OI,15.5,7.0
19,014,Nuevo León,Doctor Arroyo,2017,OI,6.4,4.3
19,017,Nuevo León,Galeana,2017,OI,-0.5,-3.3
19,021,Nuevo León,General Escobedo,2017,OI,10.3,7.8
19,024,Nuevo León,General Zaragoza,2017,OI,7.0,3.9
19,025,Nuevo León,General Zuazua,2017,OI,10.4,8.0
19,026,Nuevo León,Guadalupe,2017,OI,11.0,8.3
19,028,Nuevo León,Higueras,2017,OI,8.7,5.7
19,033,Nuevo León,Linares,2017,OI,7.8,5.2
19,036,Nuevo León,Mier y Noriega,2017,OI,7.4,5.5
19,038,Nuevo León,Montemorelos,2017,OI,8.5,4.5
19,039,Nuevo León,Monterrey,2017,OI,6.5,2.9
19,042,Nuevo León,Los Ramones,2017,OI,8.1,5.3
19,046,Nuevo León,San Nicolás de los Garza,2017,OI,11.0,8.2
19,049,Nuevo León,Santiago,2017,OI,8.5,5.8
20,011,Oaxaca,Calihualá,2017,OI,7.7,
20,014,Oaxaca,Ciudad Ixtepec,2017,OI,21.2,20.9
20,039,Oaxaca,Heroica Ciudad de Huajuapan de León,2017,OI,5.1,7.1
20,043,Oaxaca,Heroica Ciudad de Juchitán de Zaragoza,2017,OI,21.4,20.6
20,052,Oaxaca,Magdalena Tequisistlán,2017,OI,15.0,14.5
20,067,Oaxaca,Oaxaca de Juárez,2017,OI,9.0,9.9
20,073,Oaxaca,Putla Villa de Guerrero,2017,OI,8.0,
20,079,Oaxaca,Salina Cruz,2017,OI,23.7,22.9
20,083,Oaxaca,San Agustín de las Juntas,2017,OI,9.2,9.9
20,136,Oaxaca,San Felipe Usila,2017,OI,14.7,14.2
20,173,Oaxaca,San Juan Atepec,2017,OI,7.3,7.3
20,177,Oaxaca,San Juan Bautista Cuicatlán,2017,OI,15.4,12.7
20,184,Oaxaca,San Juan Bautista Tuxtepec,2017,OI,17.6,15.7
20,228,Oaxaca,San Lorenzo Cuaunecuiltitla,2017,OI,9.2,7.7
20,237,Oaxaca,San Marcos Arteaga,2017,OI,7.8,
20,262,Oaxaca,San Miguel Amatlán,2017,OI,3.6,3.5
20,278,Oaxaca,San Miguel Soyaltepec,2017,OI,18.8,17.2
20,324,Oaxaca,San Pedro Pochutla,2017,OI,21.8,22.4
20,327,Oaxaca,San Pedro Tapanatepec,2017,OI,18.5,17.8
20,357,Oaxaca,Santa Ana Tavela,2017,OI,12.2,13.0
20,363,Oaxaca,Santa Catarina Ixtepeji,2017,OI,6.5,7.2
20,385,Oaxaca,Santa Cruz Xoxocotlán,2017,OI,8.1,8.8
20,413,Oaxaca,Santa María Huatulco,2017,OI,21.6,22.3
20,417,Oaxaca,Santa María Jacatepec,2017,OI,18.5,17.2
20,418,Oaxaca,Santa María Jalapa del Marqués,2017,OI,16.3,16.9
20,439,Oaxaca,Santa María Tonameca,2017,OI,16.0,16.6
20,459,Oaxaca,Villa de Santiago Chazumba,2017,OI,7.0,
20,468,Oaxaca,Santiago Jocotepec,2017,OI,17.7,17.1
20,478,Oaxaca,Santiago Nacaltepec,2017,OI,7.9,8.2
20,498,Oaxaca,Santiago Yaveo,2017,OI,17.0,15.9
20,502,Oaxaca,Santiago Zacatepec,2017,OI,14.0,12.0
20,525,Oaxaca,Santo Domingo Zanatepec,2017,OI,14.9,15.4
20,547,Oaxaca,Teotongo,2017,OI,3.7,
20,559,Oaxaca,San Juan Bautista Valle Nacional,2017,OI,16.2,16.4
20,567,Oaxaca,Zapotitlán Lagunas,2017,OI,11.0,
20,568,Oaxaca,Zapotitlán Palmas,2017,OI,10.2,
21,001,Puebla,Acajete,2017,OI,3.0,4.5
21,003,Puebla,Acatlán,2017,OI,10.6,11.2
21,008,Puebla,Ahuazotepec,2017,OI,1.5,-0.2
21,015,Puebla,Amozoc,2017,OI,5.1,5.8
21,019,Puebla,Atlixco,2017,OI,8.1,8.1
21,023,Puebla,Atzitzintla,2017,OI,3.2,2.7
21,025,Puebla,Ayotoxco de Guerrero,2017,OI,16.3,14.0
21,026,Puebla,Calpan,2017,OI,3.6,5.1
21,031,Puebla,Coatzingo,2017,OI,9.1,10.2
21,043,Puebla,Cuetzalan del Progreso,2017,OI,10.2,9.2
21,045,Puebla,Chalchicomula de Sesma,2017,OI,2.7,2.4
21,051,Puebla,Chietla,2017,OI,11.5,11.5
21,053,Puebla,Chignahuapan,2017,OI,1.3,0.4
21,059,Puebla,Chinantla,2017,OI,9.9,10.9
21,069,Puebla,Huaquechula,2017,OI,10.0,10.6
21,071,Puebla,Huauchinango,2017,OI,9.2,7.3
21,083,Puebla,Ixtacamaxtitlán,2017,OI,1.4,2.3
21,085,Puebla,Izúcar de Matamoros,2017,OI,13.2,14.7
21,086,Puebla,Jalpan,2017,OI,14.8,12.6
21,094,Puebla,Libres,2017,OI,3.7,4.2
21,098,Puebla,Molcaxac,2017,OI,3.8,4.5
21,106,Puebla,Ocoyucan,2017,OI,5.5,5.7
21,108,Puebla,Oriental,2017,OI,7.9,7.0
21,114,Puebla,Puebla,2017,OI,3.8,3.3
21,140,Puebla,San Pedro Cholula,2017,OI,5.4,4.9
21,145,Puebla,San Sebastián Tlacotepec,2017,OI,15.0,15.0
21,153,Puebla,Tecali de Herrera,2017,OI,4.0,4.1
21,154,Puebla,Tecamachalco,2017,OI,4.1,5.9
21,156,Puebla,Tehuacán,2017,OI,5.6,5.6
21,160,Puebla,Teotlalco,2017,OI,8.6,10.6
21,162,Puebla,Tepango de Rodríguez,2017,OI,5.6,4.4
21,170,Puebla,Tepeyahualco,2017,OI,-1.0,0.4
21,172,Puebla,Tetela de Ocampo,2017,OI,5.9,5.0
21,174,Puebla,Teziutlán,2017,OI,8.1,6.1
21,180,Puebla,Tlahuapan,2017,OI,4.6,4.4
21,184,Puebla,Tlapacoya,2017,OI,5.1,2.9
21,186,Puebla,Tlatlauquitepec,2017,OI,1.5,0.1
21,187,Puebla,Tlaxco,2017,OI,14.8,13.5
21,193,Puebla,Tzicatlacoyan,2017,OI,3.0,3.0
21,194,Puebla,Venustiano Carranza,2017,OI,12.6,6.3
21,197,Puebla,Xicotepec,2017,OI,11.8,9.8
21,198,Puebla,Xicotlán,2017,OI,9.7,10.4
21,207,Puebla,Zacapoaxtla,2017,OI,7.6,5.1
21,217,Puebla,Zoquitlán,2017,OI,10.5,8.9
22,006,Querétaro,Corregidora,2017,OI,4.8,5.7
22,009,Querétaro,Jalpan de Serra,2017,OI,11.0,8.5
22,011,Querétaro,El Marqués,2017,OI,3.6,3.9
22,013,Querétaro,Peñamiller,2017,OI,9.5,8.7
22,014,Querétaro,Querétaro,2017,OI,6.4,5.7
22,016,Querétaro,San Juan del Río,2017,OI,6.3,5.7
23,001,Quintana Roo,Cozumel,2017,OI,22.7,20.8
23,002,Quintana Roo,Felipe Carrillo Puerto,2017,OI,17.6,16.7
23,004,Quintana Roo,Othón P. Blanco,2017,OI,19.2,18.6
23,005,Quintana Roo,Benito Juárez,2017,OI,22.4,21.1
23,008,Quintana Roo,Solidaridad,2017,OI,20.7,
24,003,San Luis Potosí,Aquismón,2017,OI,12.9,10.1
24,013,San Luis Potosí,Ciudad Valles,2017,OI,14.1,10.6
24,016,San Luis Potosí,Ebano,2017,OI,13.9,12.0
24,020,San Luis Potosí,Matehuala,2017,OI,6.1,3.7
24,024,San Luis Potosí,Rioverde,2017,OI,10.4,8.2
24,025,San Luis Potosí,Salinas,2017,OI,8.2,2.9
24,027,San Luis Potosí,San Ciro de Acosta,2017,OI,10.4,7.3
24,028,San Luis Potosí,San Luis Potosí,2017,OI,4.7,2.8
24,032,San Luis Potosí,Santa María del Río,2017,OI,7.3,-0.2
24,034,San Luis Potosí,San Vicente Tancuayalab,2017,OI,14.9,11.7
24,034,Veracruz,San Vicente Tancuayalab,2017,OI,14.7,12.2
24,037,San Luis Potosí,Tamazunchale,2017,OI,14.6,11.8
24,041,San Luis Potosí,Tanlajás,2017,OI,14.4,11.4
24,043,San Luis Potosí,Tierra Nueva,2017,OI,7.3,7.3
24,050,San Luis Potosí,Villa de Reyes,2017,OI,7.2,-0.1
24,053,San Luis Potosí,Axtla de Terrazas,2017,OI,14.6,11.4
24,057,San Luis Potosí,Matlapa,2017,OI,16.1,11.9
24,058,San Luis Potosí,El Naranjo,2017,OI,12.6,10.0
25,001,Sinaloa,Ahome,2017,OI,7.3,6.0
25,003,Sinaloa,Badiraguato,2017,OI,7.4,5.1
25,005,Sinaloa,Cosalá,2017,OI,10.9,9.5
25,006,Sinaloa,Culiacán,2017,OI,7.8,5.5
25,007,Sinaloa,Choix,2017,OI,8.1,5.5
25,008,Sinaloa,Elota,2017,OI,11.3,9.0
25,010,Sinaloa,El Fuerte,2017,OI,8.8,6.4
25,011,Sinaloa,Guasave,2017,OI,10.3,8.8
25,012,Sinaloa,Mazatlán,2017,OI,10.5,9.7
25,013,Sinaloa,Mocorito,2017,OI,9.1,7.0
25,014,Sinaloa,Rosario,2017,OI,11.0,10.0
25,015,Sinaloa,Salvador Alvarado,2017,OI,11.9,10.9
25,016,Sinaloa,San Ignacio,2017,OI,9.0,6.8
25,017,Sinaloa,Sinaloa,2017,OI,9.3,7.2
26,001,Sonora,Aconchi,2017,OI,4.1,2.3
26,002,Sonora,Agua Prieta,2017,OI,6.5,0.0
26,003,Sonora,Álamos,2017,OI,5.7,3.4
26,006,Sonora,Arizpe,2017,OI,-0.7,-2.6
26,010,Sonora,Bacerac,2017,OI,1.6,0.5
26,013,Sonora,Banámichi,2017,OI,5.4,4.1
26,017,Sonora,Caborca,2017,OI,2.9,2.6
26,018,Sonora,Cajeme,2017,OI,9.1,6.5
26,019,Sonora,Cananea,2017,OI,2.7,2.1
26,021,Sonora,La Colorada,2017,OI,5.5,3.6
26,025,Sonora,Empalme,2017,OI,10.7,8.8
26,029,Sonora,Guaymas,2017,OI,4.0,1.9
26,030,Sonora,Hermosillo,2017,OI,7.4,5.8
26,031,Sonora,Huachinera,2017,OI,1.2,-2.1
26,035,Sonora,Imuris,2017,OI,1.6,1.2
26,037,Sonora,Mazatán,2017,OI,5.5,
26,040,Sonora,Nácori Chico,2017,OI,5.5,3.0
26,041,Sonora,Nacozari de García,2017,OI,2.3,0.6
26,042,Sonora,Navojoa,2017,OI,9.4,6.9
26,043,Sonora,Nogales,2017,OI,4.6,3.6
26,045,Sonora,Opodepe,2017,OI,3.8,6.5
26,046,Sonora,Oquitoa,2017,OI,6.5,4.3
26,048,Sonora,Puerto Peñasco,2017,OI,10.2,9.5
26,049,Sonora,Quiriego,2017,OI,6.0,3.4
26,052,Sonora,Sahuaripa,2017,OI,6.1,3.4
26,055,Sonora,San Luis Río Colorado,2017,OI,7.7,
26,056,Sonora,San Miguel de Horcasitas,2017,OI,3.7,1.0
26,061,Sonora,Soyopa,2017,OI,8.6,7.8
26,063,Sonora,Tepache,2017,OI,7.7,5.4
26,064,Sonora,Trincheras,2017,OI,2.3,2.1
26,065,Sonora,Tubutama,2017,OI,4.7,4.0
26,069,Sonora,Yécora,2017,OI,-2.1,-5.2
26,070,Sonora,General Plutarco Elías Calles,2017,OI,4.7,2.8
27,001,Tabasco,Balancán,2017,OI,18.7,18.0
27,002,Tabasco,Cárdenas,2017,OI,18.8,19.6
27,004,Tabasco,Centro,2017,OI,17.2,18.0
27,006,Tabasco,Cunduacán,2017,OI,19.2,18.4
27,007,Tabasco,Emiliano Zapata,2017,OI,20.0,19.2
27,012,Tabasco,Macuspana,2017,OI,18.7,18.7
27,015,Tabasco,Tacotalpa,2017,OI,17.8,16.6
27,016,Tabasco,Teapa,2017,OI,18.4,18.2
27,017,Tabasco,Tenosique,2017,OI,19.2,18.3
29,003,Tlaxcala,Atlangatepec,2017,OI,-1.3,0.7
29,006,Tlaxcala,Calpulalpan,2017,OI,-1.2,-0.4
29,007,Tlaxcala,El Carmen Tequexquitla,2017,OI,-0.7,0.0
29,008,Tlaxcala,Cuapiaxtla,2017,OI,1.7,2.1
29,013,Tlaxcala,Huamantla,2017,OI,5.0,2.6
29,025,Tlaxcala,San Pablo del Monte,2017,OI,7.6,4.8
29,033,Tlaxcala,Tlaxcala,2017,OI,8.5,5.2
29,037,Tlaxcala,Ziltlaltépec de Trinidad Sánchez Santos,2017,OI,2.5,3.3
29,044,Tlaxcala,Zacatelco,2017,OI,6.7,3.3
30,001,Veracruz,Acajete,2017,OI,3.5,1.9
30,002,Veracruz,Acatlán,2017,OI,9.5,5.3
30,004,Veracruz,Actopan,2017,OI,15.4,14.4
30,007,Veracruz,Camarón de Tejeda,2017,OI,17.8,15.0
30,010,Veracruz,Altotonga,2017,OI,5.1,3.9
30,011,Veracruz,Alvarado,2017,OI,19.6,18.5
30,015,Veracruz,Angel R. Cabada,2017,OI,17.8,16.1
30,016,Veracruz,La Antigua,2017,OI,17.2,16.4
30,017,Veracruz,Apazapan,2017,OI,16.3,15.1
30,026,Veracruz,Banderilla,2017,OI,8.3,8.1
30,028,Veracruz,Boca del Río,2017,OI,20.0,18.7
30,032,Veracruz,Catemaco,2017,OI,15.4,14.5
30,038,Veracruz,Coatepec,2017,OI,7.8,7.5
30,039,Veracruz,Coatzacoalcos,2017,OI,19.1,18.2
30,045,Oaxaca,Cosamaloapan de Carpio,2017,OI,20.4,18.7
30,046,Veracruz,Cosautlán de Carvajal,2017,OI,17.3,14.2
30,048,Veracruz,Cosoleacaque,2017,OI,19.3,17.4
30,058,Veracruz,Chicontepec,2017,OI,14.3,11.5
30,061,Veracruz,Las Choapas,2017,OI,17.2,15.8
30,065,Veracruz,Emiliano Zapata,2017,OI,13.3,11.4
30,071,Veracruz,Huatusco,2017,OI,6.2,6.2
30,072,Veracruz,Huayacocotla,2017,OI,5.7,3.9
30,073,Veracruz,Hueyapan de Ocampo,2017,OI,16.9,15.6
30,077,Veracruz,Isla,2017,OI,18.3,16.2
30,087,Veracruz,Xalapa,2017,OI,10.4,9.7
30,091,Veracruz,Jesús Carranza,2017,OI,19.2,16.6
30,093,Veracruz,Jilotepec,2017,OI,10.2,8.9
30,097,Veracruz,Lerdo de Tejada,2017,OI,18.9,17.6
30,100,Veracruz,Manlio Fabio Altamirano,2017,OI,18.1,17.2
30,101,Veracruz,Mariano Escobedo,2017,OI,2.0,2.2
30,102,Veracruz,Martínez de la Torre,2017,OI,14.7,13.8
30,104,Veracruz,Mecayapan,2017,OI,17.4,16.7
30,105,Veracruz,Medellín de Bravo,2017,OI,14.6,14.2
30,108,Veracruz,Minatitlán,2017,OI,20.6,17.1
30,109,Veracruz,Misantla,2017,OI,13.1,11.9
30,112,Veracruz,Naolinco,2017,OI,9.1,8.1
30,114,Veracruz,Nautla,2017,OI,19.8,14.6
30,118,Veracruz,Orizaba,2017,OI,12.6,11.4
30,123,Veracruz,Pánuco,2017,OI,14.4,11.9
30,124,Veracruz,Papantla,2017,OI,14.8,
30,126,Veracruz,Paso de Ovejas,2017,OI,17.2,15.4
30,128,Veracruz,Perote,2017,OI,-3.6,-1.8
30,132,Veracruz,Las Vigas de Ramírez,2017,OI,2.2,2.1
30,134,Veracruz,Puente Nacional,2017,OI,21.3,18.9
30,141,Veracruz,San Andrés Tuxtla,2017,OI,16.0,14.5
30,155,Veracruz,Tantoyuca,2017,OI,15.1,11.9
30,160,Veracruz,Álamo Temapache,2017,OI,15.0,12.1
30,161,Veracruz,Tempoal,2017,OI,14.8,11.5
30,163,Veracruz,Tenochtitlán,2017,OI,11.8,10.8
30,164,Veracruz,Teocelo,2017,OI,10.9,9.3
30,167,Veracruz,Tepetzintla,2017,OI,17.1,13.6
30,169,Veracruz,José Azueta,2017,OI,19.9,16.0
30,174,Veracruz,Tierra Blanca,2017,OI,16.8,16.8
30,175,Veracruz,Tihuatlán,2017,OI,16.0,14.5
30,182,Veracruz,Tlalnelhuayocan,2017,OI,9.8,8.6
30,188,Veracruz,Totutla,2017,OI,11.2,9.7
30,189,Veracruz,Tuxpan,2017,OI,16.1,13.0
30,191,Veracruz,Ursulo Galván,2017,OI,18.6,17.2
30,208,Veracruz,Carlos A. Carrillo,2017,OI,18.9,
31,001,Yucatán,Abalá,2017,OI,12.9,11.6
31,010,Yucatán,Cantamayec,2017,OI,17.6,17.1
31,013,Yucatán,Conkal,2017,OI,14.5,13.7
31,015,Yucatán,Cuzamá,2017,OI,19.6,12.2
31,019,Yucatán,Chemax,2017,OI,17.0,15.8
31,022,Yucatán,Chikindzonot,2017,OI,15.7,14.7
31,023,Yucatán,Chocholá,2017,OI,17.7,16.4
31,027,Yucatán,Dzidzantún,2017,OI,17.5,15.6
31,040,Yucatán,Izamal,2017,OI,17.1,
31,050,Yucatán,Mérida,2017,OI,17.5,16.3
31,051,Yucatán,Mocochá,2017,OI,16.1,14.6
31,052,Yucatán,Motul,2017,OI,16.4,15.0
31,053,Yucatán,Muna,2017,OI,17.1,15.9
31,055,Yucatán,Opichén,2017,OI,16.2,16.2
31,056,Yucatán,Oxkutzcab,2017,OI,12.9,12.3
31,058,Yucatán,Peto,2017,OI,15.9,14.2
31,059,Yucatán,Progreso,2017,OI,19.7,19.3
31,061,Yucatán,Río Lagartos,2017,OI,18.1,17.1
31,079,Yucatán,Tekax,2017,OI,17.0,15.2
31,089,Yucatán,Ticul,2017,OI,16.2,15.3
31,096,Yucatán,Tizimín,2017,OI,16.8,15.0
31,098,Yucatán,Tzucacab,2017,OI,13.6,12.6
31,102,Yucatán,Valladolid,2017,OI,18.3,16.9
32,003,Zacatecas,Atolinga,2017,OI,1.6,1.0
32,005,Zacatecas,Calera,2017,OI,1.3,-2.1
32,006,Zacatecas,Cañitas de Felipe Pescador,2017,OI,6.7,0.2
32,007,Zacatecas,Concepción del Oro,2017,OI,6.5,-0.4
32,008,Zacatecas,Cuauhtémoc,2017,OI,2.5,0.6
32,009,Zacatecas,Chalchihuites,2017,OI,4.9,7.6
32,010,Zacatecas,Fresnillo,2017,OI,1.5,-1.9
32,012,Zacatecas,Genaro Codina,2017,OI,0.5,-1.9
32,014,Zacatecas,General Francisco R. Murguía,2017,OI,2.1,2.4
32,016,Zacatecas,General Pánfilo Natera,2017,OI,-1.3,-3.2
32,017,Zacatecas,Guadalupe,2017,OI,5.8,3.2
32,019,Zacatecas,Jalpa,2017,OI,7.1,5.3
32,020,Zacatecas,Jerez,2017,OI,3.4,0.7
32,022,Zacatecas,Juan Aldama,2017,OI,4.4,1.7
32,023,Zacatecas,Juchipila,2017,OI,4.9,3.9
32,024,Zacatecas,Loreto,2017,OI,2.8,1.4
32,025,Zacatecas,Luis Moya,2017,OI,2.7,0.8
32,026,Zacatecas,Mazapil,2017,OI,3.9,-1.4
32,028,Zacatecas,Mezquital del Oro,2017,OI,6.9,4.9
32,029,Zacatecas,Miguel Auza,2017,OI,3.0,0.1
32,031,Zacatecas,Monte Escobedo,2017,OI,-0.2,-2.4
32,032,Zacatecas,Morelos,2017,OI,2.8,-0.6
32,034,Zacatecas,Nochistlán de Mejía,2017,OI,1.8,1.2
32,036,Zacatecas,Ojocaliente,2017,OI,3.9,0.3
32,038,Zacatecas,Pinos,2017,OI,0.9,-0.9
32,039,Zacatecas,Río Grande,2017,OI,1.0,-1.9
32,040,Zacatecas,Sain Alto,2017,OI,1.9,-1.5
32,042,Zacatecas,Sombrerete,2017,OI,5.3,3.1
32,044,Zacatecas,Tabasco,2017,OI,8.5,5.8
32,045,Zacatecas,Tepechitlán,2017,OI,2.1,0.5
32,047,Zacatecas,Teúl de González Ortega,2017,OI,-0.2,-1.6
32,048,Zacatecas,Tlaltenango de Sánchez Román,2017,OI,1.8,-0.2
32,049,Zacatecas,Valparaíso,2017,OI,-2.1,-4.5
32,051,Zacatecas,Villa de Cos,2017,OI,2.2,-0.3
32,053,Zacatecas,Villa González Ortega,2017,OI,2.4,0.1
32,054,Zacatecas,Villa Hidalgo,2017,OI,1.7,-0.7
32,055,Zacatecas,Villanueva,2017,OI,1.5,-0.9
32,056,Zacatecas,Zacatecas,2017,OI,7.1,4.4
01,001,Aguascalientes,Aguascalientes,2017,PV,2.4,-1.9
01,002,Aguascalientes,Asientos,2017,PV,4.8,-1.3
01,003,Aguascalientes,Calvillo,2017,PV,7.5,-0.2
01,004,Aguascalientes,Cosío,2017,PV,5.8,-0.5
01,006,Aguascalientes,Pabellón de Arteaga,2017,PV,9.6,2.6
01,007,Aguascalientes,Rincón de Romos,2017,PV,9.7,2.2
01,008,Aguascalientes,San José de Gracia,2017,PV,4.6,-0.8
01,009,Aguascalientes,Tepezalá,2017,PV,10.8,4.6
01,010,Aguascalientes,El Llano,2017,PV,4.2,-0.5
02,001,Baja California,Ensenada,2017,PV,8.5,5.9
02,002,Baja California,Mexicali,2017,PV,13.6,6.5
02,003,Baja California,Tecate,2017,PV,10.9,2.3
02,004,Baja California,Tijuana,2017,PV,11.1,8.5
02,006,Baja California,San Quintín,2017,PV,15.9,
02,007,Baja California,San Felipe,2017,PV,18.8,7.8
03,001,Baja California Sur,Comondú,2017,PV,12.5,7.5
03,002,Baja California Sur,Mulegé,2017,PV,8.4,3.7
03,003,Baja California Sur,La Paz,2017,PV,10.6,7.7
03,008,Baja California Sur,Los Cabos,2017,PV,10.6,5.2
03,009,Baja California Sur,Loreto,2017,PV,17.6,11.9
04,002,Campeche,Campeche,2017,PV,22.4,17.7
04,003,Campeche,Carmen,2017,PV,21.9,17.3
04,004,Campeche,Champotón,2017,PV,22.0,17.0
04,005,Campeche,Hecelchakán,2017,PV,22.4,16.7
04,006,Campeche,Hopelchén,2017,PV,21.5,15.7
04,007,Campeche,Palizada,2017,PV,22.4,18.1
04,009,Campeche,Escárcega,2017,PV,23.2,18.2
04,011,Campeche,Candelaria,2017,PV,21.0,17.2
05,002,Coahuila,Acuña,2017,PV,14.7,3.6
05,003,Coahuila,Allende,2017,PV,15.3,4.4
05,004,Coahuila,Arteaga,2017,PV,7.0,-0.6
05,005,Coahuila,Candela,2017,PV,18.3,7.1
05,007,Coahuila,Cuatro Ciénegas,2017,PV,16.6,4.2
05,009,Coahuila,Francisco I. Madero,2017,PV,15.8,4.7
05,014,Coahuila,Jiménez,2017,PV,14.2,1.2
05,015,Coahuila,Juárez,2017,PV,16.2,6.3
05,017,Coahuila,Matamoros,2017,PV,13.8,5.6
05,018,Coahuila,Monclova,2017,PV,19.0,7.3
05,024,Coahuila,Parras,2017,PV,12.7,
05,025,Coahuila,Piedras Negras,2017,PV,18.0,6.0
05,026,Coahuila,Progreso,2017,PV,15.3,4.3
05,027,Coahuila,Ramos Arizpe,2017,PV,13.8,4.3
05,028,Coahuila,Sabinas,2017,PV,16.7,3.5
05,030,Coahuila,Saltillo,2017,PV,11.9,2.0
05,033,Coahuila,San Pedro,2017,PV,14.3,3.0
05,034,Coahuila,Sierra Mojada,2017,PV,13.6,4.6
05,035,Coahuila,Torreón,2017,PV,10.9,0.6
06,001,Colima,Armería,2017,PV,17.3,17.7
06,002,Colima,Colima,2017,PV,16.9,16.2
06,003,Colima,Comala,2017,PV,17.9,16.5
06,004,Colima,Coquimatlán,2017,PV,13.6,14.2
06,005,Colima,Cuauhtémoc,2017,PV,15.3,14.1
06,006,Colima,Ixtlahuacán,2017,PV,18.1,17.9
06,007,Colima,Manzanillo,2017,PV,18.4,18.7
06,009,Colima,Tecomán,2017,PV,14.9,16.2
07,001,Chiapas,Acacoyagua,2017,PV,20.9,19.6
07,002,Chiapas,Acala,2017,PV,20.7,15.2
07,008,Chiapas,Ángel Albino Corzo,2017,PV,16.6,13.4
07,009,Chiapas,Arriaga,2017,PV,22.4,17.8
07,019,Chiapas,Comitán de Domínguez,2017,PV,14.5,11.0
07,020,Chiapas,La Concordia,2017,PV,18.0,14.0
07,027,Chiapas,Chiapa de Corzo,2017,PV,20.6,14.5
07,029,Chiapas,Chicoasén,2017,PV,22.6,17.5
07,030,Chiapas,Chicomuselo,2017,PV,16.8,13.6
07,032,Chiapas,Escuintla,2017,PV,22.6,19.2
07,034,Chiapas,Frontera Comalapa,2017,PV,18.1,13.6
07,037,Chiapas,Huehuetán,2017,PV,20.9,21.7
07,040,Chiapas,Huixtla,2017,PV,21.8,20.4
07,046,Chiapas,Jiquipilas,2017,PV,18.4,14.5
07,049,Chiapas,Larráinzar,2017,PV,21.7,17.2
07,051,Chiapas,Mapastepec,2017,PV,22.3,20.4
07,059,Chiapas,Ocosingo,2017,PV,20.8,17.9
07,062,Chiapas,Ostuacán,2017,PV,21.3,17.9
07,063,Chiapas,Osumacinta,2017,PV,21.8,17.6
07,068,Chiapas,Pichucalco,2017,PV,21.1,17.9
07,069,Chiapas,Pijijiapan,2017,PV,23.7,22.5
07,071,Chiapas,Villa Comaltitlán,2017,PV,22.7,20.4
07,077,Chiapas,Salto de Agua,2017,PV,21.3,17.6
07,078,Chiapas,San Cristóbal de las Casas,2017,PV,9.1,6.5
07,086,Chiapas,Suchiapa,2017,PV,20.9,16.1
07,089,Chiapas,Tapachula,2017,PV,19.2,19.6
07,092,Chiapas,Tecpatán,2017,PV,19.0,16.4
07,097,Chiapas,Tonalá,2017,PV,22.6,20.5
07,099,Chiapas,La Trinitaria,2017,PV,19.3,14.4
07,101,Chiapas,Tuxtla Gutiérrez,2017,PV,21.3,16.9
07,106,Chiapas,Venustiano Carranza,2017,PV,17.8,13.2
07,107,Chiapas,Villa Corzo,2017,PV,18.1,13.2
07,123,Chiapas,Emiliano Zapata,2017,PV,20.6,15.7
07,124,Chiapas,Mezcalapa,2017,PV,23.6,18.9
08,002,Chihuahua,Aldama,2017,PV,17.6,8.6
08,006,Chihuahua,Bachíniva,2017,PV,6.4,-3.3
08,007,Chihuahua,Balleza,2017,PV,1.7,-8.2
08,008,Chihuahua,Batopilas de Manuel Gómez Morín,2017,PV,16.4,6.2
08,010,Chihuahua,Buenaventura,2017,PV,7.6,-2.6
08,011,Chihuahua,Camargo,2017,PV,13.3,1.8
08,014,Chihuahua,Coronado,2017,PV,7.7,-2.8
08,017,Chihuahua,Cuauhtémoc,2017,PV,4.5,-3.3
08,019,Chihuahua,Chihuahua,2017,PV,11.5,-0.6
08,020,Chihuahua,Chínipas,2017,PV,15.1,4.6
08,021,Chihuahua,Delicias,2017,PV,13.0,1.1
08,027,Chihuahua,Guachochi,2017,PV,2.5,12.9
08,029,Chihuahua,Guadalupe y Calvo,2017,PV,4.7,-1.8
08,031,Chihuahua,Guerrero,2017,PV,4.2,-4.4
08,032,Chihuahua,Hidalgo del Parral,2017,PV,13.0,1.3
08,036,Chihuahua,Jiménez,2017,PV,10.3,-2.3
08,037,Chihuahua,Juárez,2017,PV,13.9,1.9
08,040,Chihuahua,Madera,2017,PV,2.4,-3.5
08,041,Chihuahua,Maguarichi,2017,PV,6.3,-3.9
08,050,Chihuahua,Nuevo Casas Grandes,2017,PV,8.4,0.1
08,051,Chihuahua,Ocampo,2017,PV,0.7,-5.9
08,052,Chihuahua,Ojinaga,2017,PV,12.9,0.4
08,055,Chihuahua,Rosales,2017,PV,13.5,1.0
08,058,Chihuahua,San Francisco de Conchos,2017,PV,9.1,-2.3
08,063,Chihuahua,Temósachic,2017,PV,3.7,-6.8
08,065,Chihuahua,Urique,2017,PV,16.5,4.9
08,067,Chihuahua,Valle de Zaragoza,2017,PV,11.0,0.3
09,002,Ciudad de México,Azcapotzalco,2017,PV,12.2,10.2
09,004,Ciudad de México,Cuajimalpa de Morelos,2017,PV,11.0,7.4
09,005,Ciudad de México,Gustavo A. Madero,2017,PV,9.1,3.8
09,007,Ciudad de México,Iztapalapa,2017,PV,14.5,9.0
09,009,Ciudad de México,Milpa Alta,2017,PV,12.4,6.0
09,010,Ciudad de México,Álvaro Obregón,2017,PV,11.6,8.0
09,012,Ciudad de México,Tlalpan,2017,PV,3.3,-0.2
09,013,Ciudad de México,Xochimilco,2017,PV,11.4,8.0
09,014,Ciudad de México,Benito Juárez,2017,PV,13.6,9.0
09,015,Ciudad de México,Cuauhtémoc,2017,PV,14.3,9.7
09,016,Ciudad de México,Miguel Hidalgo,2017,PV,12.6,8.5
09,017,Ciudad de México,Venustiano Carranza,2017,PV,13.0,7.3
10,001,Durango,Canatlán,2017,PV,7.6,-1.7
10,004,Durango,Cuencamé,2017,PV,13.6,4.5
10,005,Durango,Durango,2017,PV,-0.6,-8.0
10,008,Durango,Guadalupe Victoria,2017,PV,8.4,1.0
10,009,Durango,Guanaceví,2017,PV,-6.5,-13.3
10,010,Durango,Hidalgo,2017,PV,6.9,-1.5
10,011,Durango,Indé,2017,PV,8.2,0.6
10,012,Durango,Lerdo,2017,PV,16.0,4.7
10,013,Durango,Mapimí,2017,PV,11.0,-1.9
10,015,Durango,Nazas,2017,PV,10.5,0.9
10,017,Durango,Ocampo,2017,PV,7.0,-1.2
10,018,Durango,El Oro,2017,PV,6.8,-3.7
10,020,Durango,Pánuco de Coronado,2017,PV,6.5,-2.2
10,022,Durango,Poanas,2017,PV,6.7,0.1
10,024,Durango,Rodeo,2017,PV,11.2,1.9
10,025,Durango,San Bernardo,2017,PV,-0.1,-2.7
10,027,Durango,San Juan de Guadalupe,2017,PV,11.4,8.0
10,030,Durango,San Pedro del Gallo,2017,PV,9.4,1.2
10,031,Durango,Santa Clara,2017,PV,7.7,-2.8
10,032,Durango,Santiago Papasquiaro,2017,PV,6.2,-1.2
10,033,Durango,Súchil,2017,PV,8.0,0.4
10,034,Durango,Tamazula,2017,PV,18.8,9.4
10,036,Durango,Tlahualilo,2017,PV,13.0,2.7
11,001,Guanajuato,Abasolo,2017,PV,14.3,8.1
11,002,Guanajuato,Acámbaro,2017,PV,11.9,5.6
11,003,Guanajuato,San Miguel de Allende,2017,PV,8.0,1.3
11,004,Guanajuato,Apaseo el Alto,2017,PV,12.5,6.9
11,005,Guanajuato,Apaseo el Grande,2017,PV,9.5,4.2
11,007,Guanajuato,Celaya,2017,PV,10.3,4.0
11,008,Guanajuato,Manuel Doblado,2017,PV,11.1,3.8
11,010,Guanajuato,Coroneo,2017,PV,5.5,1.6
11,011,Guanajuato,Cortazar,2017,PV,8.8,2.7
11,012,Guanajuato,Cuerámaro,2017,PV,12.9,7.2
11,014,Guanajuato,Dolores Hidalgo Cuna de la Independencia Nacional,2017,PV,8.9,1.8
11,015,Guanajuato,Guanajuato,2017,PV,10.5,4.4
11,017,Guanajuato,Irapuato,2017,PV,10.7,4.1
11,018,Guanajuato,Jaral del Progreso,2017,PV,9.6,4.5
11,019,Guanajuato,Jerécuaro,2017,PV,8.7,3.2
11,020,Guanajuato,León,2017,PV,11.7,6.2
11,022,Guanajuato,Ocampo,2017,PV,8.4,0.8
11,023,Guanajuato,Pénjamo,2017,PV,8.5,3.6
11,025,Guanajuato,Purísima del Rincón,2017,PV,10.8,4.0
11,027,Guanajuato,Salamanca,2017,PV,9.3,5.0
11,028,Guanajuato,Salvatierra,2017,PV,9.1,3.6
11,030,Guanajuato,San Felipe,2017,PV,5.5,-1.1
11,033,Guanajuato,San Luis de la Paz,2017,PV,6.6,1.4
11,037,Guanajuato,Silao de la Victoria,2017,PV,9.2,4.4
11,039,Guanajuato,Tarimoro,2017,PV,12.0,6.7
11,042,Guanajuato,Valle de Santiago,2017,PV,10.8,5.3
11,045,Guanajuato,Xichú,2017,PV,13.6,7.2
12,001,Guerrero,Acapulco de Juárez,2017,PV,20.4,22.2
12,003,Guerrero,Ajuchitlán del Progreso,2017,PV,16.7,17.4
12,005,Guerrero,Alpoyeca,2017,PV,17.4,13.3
12,011,Guerrero,Atoyac de Álvarez,2017,PV,19.7,20.3
12,012,Guerrero,Ayutla de los Libres,2017,PV,18.3,19.3
12,014,Guerrero,Benito Juárez,2017,PV,20.3,21.4
12,015,Guerrero,Buenavista de Cuéllar,2017,PV,14.9,12.4
12,021,Guerrero,Coyuca de Benítez,2017,PV,19.4,20.8
12,023,Guerrero,Cuajinicuilapa,2017,PV,21.2,20.6
12,028,Guerrero,Chilapa de Álvarez,2017,PV,13.7,10.6
12,029,Guerrero,Chilpancingo de los Bravo,2017,PV,13.1,9.1
12,034,Guerrero,Huitzuco de los Figueroa,2017,PV,18.4,12.6
12,035,Guerrero,Iguala de la Independencia,2017,PV,20.1,14.6
12,036,Guerrero,Igualapa,2017,PV,18.8,18.5
12,038,Guerrero,Zihuatanejo de Azueta,2017,PV,19.5,20.1
12,039,Guerrero,Juan R. Escudero,2017,PV,21.1,18.5
12,040,Guerrero,Leonardo Bravo,2017,PV,14.5,11.0
12,044,Guerrero,Mochitlán,2017,PV,16.6,16.3
12,045,Guerrero,Olinalá,2017,PV,16.8,10.8
12,050,Guerrero,Pungarabato,2017,PV,22.7,18.1
12,053,Guerrero,San Marcos,2017,PV,12.6,12.1
12,055,Guerrero,Taxco de Alarcón,2017,PV,12.7,14.2
12,057,Guerrero,Técpan de Galeana,2017,PV,20.6,20.6
12,061,Guerrero,Tixtla de Guerrero,2017,PV,11.1,11.4
12,066,Guerrero,Tlapa de Comonfort,2017,PV,17.9,13.7
12,068,Michoacán,La Unión de Isidoro Montes de Oca,2017,PV,21.3,22.1
12,070,Guerrero,Xochihuehuetlán,2017,PV,16.8,11.7
12,073,Guerrero,Zirándaro,2017,PV,16.3,15.6
12,082,Guerrero,Las Vigas,2017,PV,15.0,16.2
13,003,Hidalgo,Actopan,2017,PV,9.3,4.0
13,006,Hidalgo,Alfajayucan,2017,PV,12.0,5.2
13,011,Hidalgo,Atlapexco,2017,PV,20.9,12.2
13,013,Hidalgo,Atotonilco de Tula,2017,PV,8.3,3.3
13,016,Hidalgo,Cuautepec de Hinojosa,2017,PV,6.8,2.2
13,019,Hidalgo,Chilcuautla,2017,PV,10.1,4.5
13,028,Hidalgo,Huejutla de Reyes,2017,PV,18.8,12.3
13,028,Veracruz,Huejutla de Reyes,2017,PV,20.6,11.5
13,029,Hidalgo,Huichapan,2017,PV,9.8,3.5
13,030,Hidalgo,Ixmiquilpan,2017,PV,12.3,4.4
13,037,Hidalgo,Metztitlán,2017,PV,14.5,9.6
13,046,Hidalgo,San Felipe Orizatlán,2017,PV,21.1,12.4
13,048,Hidalgo,Pachuca de Soto,2017,PV,8.9,4.5
13,064,Hidalgo,Tepetitlán,2017,PV,9.9,4.8
13,077,Hidalgo,Tulancingo de Bravo,2017,PV,11.1,5.0
13,081,Hidalgo,Zacualtipán de Ángeles,2017,PV,9.9,3.3
13,084,Hidalgo,Zimapán,2017,PV,12.6,8.1
14,017,Jalisco,Ayutla,2017,PV,9.5,6.5
14,019,Jalisco,Bolaños,2017,PV,17.4,10.9
14,022,Jalisco,Cihuatlán,2017,PV,19.0,18.5
14,023,Jalisco,Zapotlán el Grande,2017,PV,9.3,6.3
14,025,Jalisco,Colotlán,2017,PV,8.2,
14,030,Jalisco,Chapala,2017,PV,16.2,11.6
14,033,Jalisco,Degollado,2017,PV,11.6,6.8
14,039,Jalisco,Guadalajara,2017,PV,12.7,7.4
14,041,Jalisco,Huejúcar,2017,PV,6.1,-0.2
14,046,Jalisco,Jalostotitlán,2017,PV,13.7,-2.4
14,047,Jalisco,Jamay,2017,PV,11.7,4.1
14,049,Jalisco,Jilotlán de los Dolores,2017,PV,19.7,18.5
14,051,Jalisco,Juanacatlán,2017,PV,9.6,3.5
14,053,Jalisco,Lagos de Moreno,2017,PV,6.3,0.1
14,054,Jalisco,El Limón,2017,PV,12.8,10.6
14,061,Jalisco,Mezquitic,2017,PV,7.4,-0.8
14,065,Jalisco,Pihuamo,2017,PV,14.6,14.8
14,067,Jalisco,Puerto Vallarta,2017,PV,22.9,14.9
14,070,Jalisco,El Salto,2017,PV,15.0,9.4
14,071,Jalisco,San Cristóbal de la Barranca,2017,PV,18.9,7.7
14,081,Jalisco,Santa María de los Ángeles,2017,PV,8.6,1.2
14,091,Jalisco,Teocaltiche,2017,PV,4.6,-0.6
14,095,Jalisco,Teuchitlán,2017,PV,17.1,4.8
14,098,Jalisco,San Pedro Tlaquepaque,2017,PV,13.6,8.3
14,100,Jalisco,Tomatlán,2017,PV,18.5,18.4
14,120,Jalisco,Zapopan,2017,PV,11.2,5.6
15,002,Estado de México,Acolman,2017,PV,7.1,2.9
15,003,Estado de México,Aculco,2017,PV,5.6,-0.3
15,003,Querétaro,Aculco,2017,PV,9.6,3.6
15,005,Estado de México,Almoloya de Juárez,2017,PV,1.7,-3.0
15,011,Estado de México,Atenco,2017,PV,5.9,3.2
15,013,Estado de México,Atizapán de Zaragoza,2017,PV,9.6,5.1
15,014,Estado de México,Atlacomulco,2017,PV,2.7,-0.3
15,020,Estado de México,Coacalco de Berriozábal,2017,PV,12.1,7.0
15,025,Estado de México,Chalco,2017,PV,10.7,5.9
15,033,Estado de México,Ecatepec de Morelos,2017,PV,6.0,3.3
15,042,Estado de México,Ixtlahuaca,2017,PV,4.8,-0.3
15,045,Estado de México,Jilotepec,2017,PV,6.1,1.2
15,055,Estado de México,Mexicaltzingo,2017,PV,10.6,7.6
15,057,Estado de México,Naucalpan de Juárez,2017,PV,4.4,2.1
15,058,Estado de México,Nezahualcóyotl,2017,PV,13.7,9.7
15,074,Estado de México,San Felipe del Progreso,2017,PV,7.1,0.4
15,083,Estado de México,Temamatla,2017,PV,8.0,3.1
15,087,Estado de México,Temoaya,2017,PV,2.4,-3.1
15,091,Estado de México,Teoloyucan,2017,PV,6.0,1.0
15,095,Estado de México,Tepotzotlán,2017,PV,6.0,2.3
15,096,Estado de México,Tequixquiac,2017,PV,4.9,0.6
15,097,Estado de México,Texcaltitlán,2017,PV,6.2,3.5
15,099,Estado de México,Texcoco,2017,PV,8.4,3.9
15,100,Estado de México,Tezoyuca,2017,PV,12.4,9.1
15,101,Estado de México,Tianguistenco,2017,PV,3.9,-0.4
15,104,Estado de México,Tlalnepantla de Baz,2017,PV,12.7,8.3
15,106,Estado de México,Toluca,2017,PV,3.7,-0.9
15,109,Estado de México,Tultitlán,2017,PV,11.1,6.5
15,112,Estado de México,Villa del Carbón,2017,PV,5.5,0.7
15,113,Estado de México,Villa Guerrero,2017,PV,9.2,6.1
15,118,Estado de México,Zinacantepec,2017,PV,4.2,1.3
16,003,Michoacán,Álvaro Obregón,2017,PV,8.7,4.5
16,004,Michoacán,Angamacutiro,2017,PV,9.6,7.7
16,006,Michoacán,Apatzingán,2017,PV,17.6,15.1
16,010,Michoacán,Arteaga,2017,PV,20.5,19.3
16,017,Michoacán,Contepec,2017,PV,6.4,6.8
16,019,Michoacán,Cotija,2017,PV,9.4,6.4
16,034,Michoacán,Hidalgo,2017,PV,4.6,2.8
16,035,Michoacán,La Huacana,2017,PV,16.3,16.6
16,038,Michoacán,Huetamo,2017,PV,19.4,
16,039,Michoacán,Huiramba,2017,PV,5.6,5.8
16,042,Michoacán,Ixtlán,2017,PV,10.7,8.3
16,043,Michoacán,Jacona,2017,PV,15.0,
16,044,Michoacán,Jiménez,2017,PV,13.4,
16,049,Michoacán,Madero,2017,PV,9.6,6.0
16,050,Michoacán,Maravatío,2017,PV,8.3,4.3
16,053,Michoacán,Morelia,2017,PV,8.7,7.6
16,067,Michoacán,Penjamillo,2017,PV,11.0,5.4
16,069,Michoacán,La Piedad,2017,PV,9.6,9.5
16,072,Michoacán,Queréndaro,2017,PV,7.9,
16,076,Michoacán,Sahuayo,2017,PV,10.1,4.5
16,080,Michoacán,Senguio,2017,PV,6.7,5.1
16,085,Michoacán,Tangancícuaro,2017,PV,6.6,1.7
16,089,Michoacán,Tepalcatepec,2017,PV,16.1,18.3
16,102,Michoacán,Uruapan,2017,PV,12.1,9.5
16,103,Michoacán,Venustiano Carranza,2017,PV,16.4,12.1
16,104,Michoacán,Villamar,2017,PV,8.8,5.7
16,105,Michoacán,Vista Hermosa,2017,PV,9.9,7.7
16,106,Michoacán,Yurécuaro,2017,PV,11.2,6.9
16,107,Michoacán,Zacapu,2017,PV,13.5,
16,108,Michoacán,Zamora,2017,PV,9.4,8.3
16,109,Michoacán,Zináparo,2017,PV,6.1,6.3
16,113,Michoacán,José Sixto Verduzco,2017,PV,8.8,4.1
17,001,Morelos,Amacuzac,2017,PV,14.6,9.5
17,002,Morelos,Atlatlahucan,2017,PV,16.4,11.4
17,004,Morelos,Ayala,2017,PV,17.1,11.4
17,005,Morelos,Coatlán del Río,2017,PV,17.7,
17,006,Morelos,Cuautla,2017,PV,14.5,10.1
17,007,Morelos,Cuernavaca,2017,PV,13.8,11.3
17,008,Morelos,Emiliano Zapata,2017,PV,16.1,11.7
17,009,Morelos,Huitzilac,2017,PV,4.9,2.2
17,011,Morelos,Jiutepec,2017,PV,15.3,12.0
17,012,Morelos,Jojutla,2017,PV,16.8,11.6
17,013,Morelos,Jonacatepec de Leandro Valle,2017,PV,14.4,10.1
17,015,Morelos,Miacatlán,2017,PV,18.0,14.1
17,016,Morelos,Ocuituco,2017,PV,8.7,5.8
17,017,Morelos,Puente de Ixtla,2017,PV,16.5,10.2
17,018,Morelos,Temixco,2017,PV,17.7,14.1
17,019,Morelos,Tepalcingo,2017,PV,17.7,12.3
17,021,Morelos,Tetecala,2017,PV,11.9,11.7
17,023,Morelos,Tlalnepantla,2017,PV,6.8,
17,024,Morelos,Tlaltizapán de Zapata,2017,PV,15.8,10.6
17,025,Morelos,Tlaquiltenango,2017,PV,16.8,10.1
17,026,Morelos,Tlayacapan,2017,PV,13.9,10.7
17,027,Morelos,Totolapan,2017,PV,13.9,9.8
17,028,Morelos,Xochitepec,2017,PV,17.0,11.5
17,029,Morelos,Yautepec,2017,PV,15.1,8.6
17,030,Morelos,Yecapixtla,2017,PV,12.8,9.2
17,031,Morelos,Zacatepec,2017,PV,17.0,12.3
17,032,Morelos,Zacualpan de Amilpas,2017,PV,12.5,9.5
18,001,Nayarit,Acaponeta,2017,PV,17.1,16.5
18,009,Nayarit,Del Nayar,2017,PV,16.3,9.0
18,010,Nayarit,Rosamorada,2017,PV,15.3,14.9
18,011,Nayarit,Ruíz,2017,PV,17.3,16.3
18,015,Nayarit,Santiago Ixcuintla,2017,PV,19.9,17.1
18,017,Nayarit,Tepic,2017,PV,14.1,11.0
18,020,Nayarit,Bahía de Banderas,2017,PV,16.6,14.4
19,003,Nuevo León,Los Aldamas,2017,PV,18.5,7.1
19,004,Nuevo León,Allende,2017,PV,15.0,4.3
19,005,Nuevo León,Anáhuac,2017,PV,17.6,6.1
19,006,Nuevo León,Apodaca,2017,PV,17.7,7.0
19,007,Nuevo León,Aramberri,2017,PV,7.8,-0.9
19,011,Nuevo León,Cerralvo,2017,PV,16.2,8.1
19,012,Nuevo León,Ciénega de Flores,2017,PV,16.6,3.7
19,014,Nuevo León,Doctor Arroyo,2017,PV,11.3,4.3
19,017,Nuevo León,Galeana,2017,PV,4.4,-3.3
19,021,Nuevo León,General Escobedo,2017,PV,18.0,7.8
19,024,Nuevo León,General Zaragoza,2017,PV,11.9,3.9
19,025,Nuevo León,General Zuazua,2017,PV,18.1,8.0
19,026,Nuevo León,Guadalupe,2017,PV,18.7,8.3
19,028,Nuevo León,Higueras,2017,PV,17.0,5.7
19,033,Nuevo León,Linares,2017,PV,16.0,5.2
19,036,Nuevo León,Mier y Noriega,2017,PV,11.1,5.5
19,038,Nuevo León,Montemorelos,2017,PV,15.7,4.5
19,039,Nuevo León,Monterrey,2017,PV,14.2,2.9
19,042,Nuevo León,Los Ramones,2017,PV,16.7,5.3
19,046,Nuevo León,San Nicolás de los Garza,2017,PV,18.7,8.2
19,049,Nuevo León,Santiago,2017,PV,16.5,5.8
20,011,Oaxaca,Calihualá,2017,PV,14.3,
20,014,Oaxaca,Ciudad Ixtepec,2017,PV,22.6,20.9
20,039,Oaxaca,Heroica Ciudad de Huajuapan de León,2017,PV,12.0,7.1
20,043,Oaxaca,Heroica Ciudad de Juchitán de Zaragoza,2017,PV,24.6,20.6
20,052,Oaxaca,Magdalena Tequisistlán,2017,PV,19.4,14.5
20,067,Oaxaca,Oaxaca de Juárez,2017,PV,13.6,9.9
20,073,Oaxaca,Putla Villa de Guerrero,2017,PV,12.0,
20,079,Oaxaca,Salina Cruz,2017,PV,24.9,22.9
20,083,Oaxaca,San Agustín de las Juntas,2017,PV,13.2,9.9
20,136,Oaxaca,San Felipe Usila,2017,PV,19.0,14.2
20,173,Oaxaca,San Juan Atepec,2017,PV,11.2,7.3
20,184,Oaxaca,San Juan Bautista Tuxtepec,2017,PV,20.9,15.7
20,228,Oaxaca,San Lorenzo Cuaunecuiltitla,2017,PV,12.1,7.7
20,237,Oaxaca,San Marcos Arteaga,2017,PV,3.8,
20,262,Oaxaca,San Miguel Amatlán,2017,PV,5.4,3.5
20,278,Oaxaca,San Miguel Soyaltepec,2017,PV,22.2,17.2
20,324,Oaxaca,San Pedro Pochutla,2017,PV,22.6,22.4
20,327,Oaxaca,San Pedro Tapanatepec,2017,PV,22.3,17.8
20,357,Oaxaca,Santa Ana Tavela,2017,PV,18.4,13.0
20,363,Oaxaca,Santa Catarina Ixtepeji,2017,PV,11.1,7.2
20,385,Oaxaca,Santa Cruz Xoxocotlán,2017,PV,13.6,8.8
20,413,Oaxaca,Santa María Huatulco,2017,PV,22.9,22.3
20,417,Oaxaca,Santa María Jacatepec,2017,PV,21.2,17.2
20,418,Oaxaca,Santa María Jalapa del Marqués,2017,PV,21.0,16.9
20,439,Oaxaca,Santa María Tonameca,2017,PV,22.0,16.6
20,459,Oaxaca,Villa de Santiago Chazumba,2017,PV,13.0,
20,468,Oaxaca,Santiago Jocotepec,2017,PV,21.6,17.1
20,478,Oaxaca,Santiago Nacaltepec,2017,PV,12.5,8.2
20,498,Oaxaca,Santiago Yaveo,2017,PV,21.2,15.9
20,502,Oaxaca,Santiago Zacatepec,2017,PV,17.7,12.0
20,525,Oaxaca,Santo Domingo Zanatepec,2017,PV,20.0,15.4
20,547,Oaxaca,Teotongo,2017,PV,7.4,
20,559,Oaxaca,San Juan Bautista Valle Nacional,2017,PV,20.8,16.4
20,567,Oaxaca,Zapotitlán Lagunas,2017,PV,13.9,
20,568,Oaxaca,Zapotitlán Palmas,2017,PV,13.5,
21,001,Puebla,Acajete,2017,PV,7.5,4.5
21,003,Puebla,Acatlán,2017,PV,16.3,11.2
21,008,Puebla,Ahuazotepec,2017,PV,5.3,-0.2
21,015,Puebla,Amozoc,2017,PV,8.5,5.8
21,019,Puebla,Atlixco,2017,PV,11.6,8.1
21,023,Puebla,Atzitzintla,2017,PV,4.7,2.7
21,025,Puebla,Ayotoxco de Guerrero,2017,PV,20.6,14.0
21,026,Puebla,Calpan,2017,PV,7.9,5.1
21,031,Puebla,Coatzingo,2017,PV,15.0,10.2
21,043,Puebla,Cuetzalan del Progreso,2017,PV,14.4,9.2
21,045,Puebla,Chalchicomula de Sesma,2017,PV,6.6,2.4
21,051,Puebla,Chietla,2017,PV,16.9,11.5
21,053,Puebla,Chignahuapan,2017,PV,5.3,0.4
21,059,Puebla,Chinantla,2017,PV,16.3,10.9
21,069,Puebla,Huaquechula,2017,PV,13.2,10.6
21,071,Puebla,Huauchinango,2017,PV,12.5,7.3
21,083,Puebla,Ixtacamaxtitlán,2017,PV,5.8,2.3
21,085,Puebla,Izúcar de Matamoros,2017,PV,17.5,14.7
21,086,Puebla,Jalpan,2017,PV,19.7,12.6
21,094,Puebla,Libres,2017,PV,8.6,4.2
21,098,Puebla,Molcaxac,2017,PV,7.1,4.5
21,106,Puebla,Ocoyucan,2017,PV,5.5,5.7
21,108,Puebla,Oriental,2017,PV,11.0,7.0
21,114,Puebla,Puebla,2017,PV,7.7,3.3
21,140,Puebla,San Pedro Cholula,2017,PV,9.2,4.9
21,145,Puebla,San Sebastián Tlacotepec,2017,PV,19.2,15.0
21,153,Puebla,Tecali de Herrera,2017,PV,8.4,4.1
21,154,Puebla,Tecamachalco,2017,PV,9.9,5.9
21,156,Puebla,Tehuacán,2017,PV,11.4,5.6
21,160,Puebla,Teotlalco,2017,PV,13.7,10.6
21,162,Puebla,Tepango de Rodríguez,2017,PV,9.7,4.4
21,170,Puebla,Tepeyahualco,2017,PV,5.1,0.4
21,172,Puebla,Tetela de Ocampo,2017,PV,10.0,5.0
21,174,Puebla,Teziutlán,2017,PV,12.1,6.1
21,180,Puebla,Tlahuapan,2017,PV,7.3,4.4
21,184,Puebla,Tlapacoya,2017,PV,8.5,2.9
21,186,Puebla,Tlatlauquitepec,2017,PV,5.1,0.1
21,187,Puebla,Tlaxco,2017,PV,14.7,13.5
21,193,Puebla,Tzicatlacoyan,2017,PV,7.2,3.0
21,194,Puebla,Venustiano Carranza,2017,PV,20.8,6.3
21,197,Puebla,Xicotepec,2017,PV,15.8,9.8
21,198,Puebla,Xicotlán,2017,PV,15.3,10.4
21,207,Puebla,Zacapoaxtla,2017,PV,11.5,5.1
21,217,Puebla,Zoquitlán,2017,PV,11.7,8.9
22,006,Querétaro,Corregidora,2017,PV,11.1,5.7
22,009,Querétaro,Jalpan de Serra,2017,PV,16.9,8.5
22,011,Querétaro,El Marqués,2017,PV,9.4,3.9
22,013,Querétaro,Peñamiller,2017,PV,14.6,8.7
22,014,Querétaro,Querétaro,2017,PV,12.2,5.7
22,016,Querétaro,San Juan del Río,2017,PV,11.8,5.7
23,001,Quintana Roo,Cozumel,2017,PV,25.8,20.8
23,002,Quintana Roo,Felipe Carrillo Puerto,2017,PV,21.6,16.7
23,004,Quintana Roo,Othón P. Blanco,2017,PV,24.1,18.6
23,005,Quintana Roo,Benito Juárez,2017,PV,24.3,21.1
23,008,Quintana Roo,Solidaridad,2017,PV,23.6,
24,003,San Luis Potosí,Aquismón,2017,PV,18.7,10.1
24,013,San Luis Potosí,Ciudad Valles,2017,PV,19.2,10.6
24,016,San Luis Potosí,Ebano,2017,PV,19.9,12.0
24,020,San Luis Potosí,Matehuala,2017,PV,10.9,3.7
24,024,San Luis Potosí,Rioverde,2017,PV,16.2,8.2
24,027,San Luis Potosí,San Ciro de Acosta,2017,PV,15.9,7.3
24,028,San Luis Potosí,San Luis Potosí,2017,PV,10.9,2.8
24,034,San Luis Potosí,San Vicente Tancuayalab,2017,PV,21.0,11.7
24,034,Veracruz,San Vicente Tancuayalab,2017,PV,21.0,12.2
24,037,San Luis Potosí,Tamazunchale,2017,PV,19.4,11.8
24,041,San Luis Potosí,Tanlajás,2017,PV,20.3,11.4
24,053,San Luis Potosí,Axtla de Terrazas,2017,PV,20.0,11.4
24,057,San Luis Potosí,Matlapa,2017,PV,20.7,11.9
24,058,San Luis Potosí,El Naranjo,2017,PV,18.5,10.0
25,001,Sinaloa,Ahome,2017,PV,14.8,6.0
25,003,Sinaloa,Badiraguato,2017,PV,13.0,5.1
25,005,Sinaloa,Cosalá,2017,PV,14.2,9.5
25,006,Sinaloa,Culiacán,2017,PV,12.3,5.5
25,007,Sinaloa,Choix,2017,PV,12.3,5.5
25,008,Sinaloa,Elota,2017,PV,12.3,9.0
25,010,Sinaloa,El Fuerte,2017,PV,13.4,6.4
25,011,Sinaloa,Guasave,2017,PV,13.2,8.8
25,012,Sinaloa,Mazatlán,2017,PV,14.5,9.7
25,013,Sinaloa,Mocorito,2017,PV,13.0,7.0
25,014,Sinaloa,Rosario,2017,PV,14.6,10.0
25,015,Sinaloa,Salvador Alvarado,2017,PV,16.4,10.9
25,016,Sinaloa,San Ignacio,2017,PV,13.6,6.8
25,017,Sinaloa,Sinaloa,2017,PV,13.8,7.2
26,001,Sonora,Aconchi,2017,PV,9.7,2.3
26,003,Sonora,Álamos,2017,PV,10.5,3.4
26,006,Sonora,Arizpe,2017,PV,4.6,-2.6
26,010,Sonora,Bacerac,2017,PV,8.1,0.5
26,013,Sonora,Banámichi,2017,PV,11.6,4.1
26,017,Sonora,Caborca,2017,PV,8.9,2.6
26,018,Sonora,Cajeme,2017,PV,14.7,6.5
26,019,Sonora,Cananea,2017,PV,9.6,2.1
26,021,Sonora,La Colorada,2017,PV,12.4,3.6
26,025,Sonora,Empalme,2017,PV,16.0,8.8
26,029,Sonora,Guaymas,2017,PV,9.5,1.9
26,030,Sonora,Hermosillo,2017,PV,13.3,5.8
26,031,Sonora,Huachinera,2017,PV,5.8,-2.1
26,035,Sonora,Imuris,2017,PV,6.2,1.2
26,037,Sonora,Mazatán,2017,PV,10.4,
26,040,Sonora,Nácori Chico,2017,PV,15.0,3.0
26,041,Sonora,Nacozari de García,2017,PV,11.0,0.6
26,042,Sonora,Navojoa,2017,PV,15.1,6.9
26,043,Sonora,Nogales,2017,PV,11.6,3.6
26,045,Sonora,Opodepe,2017,PV,9.3,6.5
26,046,Sonora,Oquitoa,2017,PV,12.3,4.3
26,048,Sonora,Puerto Peñasco,2017,PV,16.8,9.5
26,049,Sonora,Quiriego,2017,PV,10.0,3.4
26,052,Sonora,Sahuaripa,2017,PV,13.7,3.4
26,055,Sonora,San Luis Río Colorado,2017,PV,15.7,
26,056,Sonora,San Miguel de Horcasitas,2017,PV,9.2,1.0
26,061,Sonora,Soyopa,2017,PV,15.9,7.8
26,063,Sonora,Tepache,2017,PV,16.0,5.4
26,064,Sonora,Trincheras,2017,PV,10.9,2.1
26,065,Sonora,Tubutama,2017,PV,10.6,4.0
26,069,Sonora,Yécora,2017,PV,3.4,-5.2
26,070,Sonora,General Plutarco Elías Calles,2017,PV,10.1,2.8
27,001,Tabasco,Balancán,2017,PV,23.4,18.0
27,002,Tabasco,Cárdenas,2017,PV,22.4,19.6
27,004,Tabasco,Centro,2017,PV,21.7,18.0
27,006,Tabasco,Cunduacán,2017,PV,23.0,18.4
27,007,Tabasco,Emiliano Zapata,2017,PV,23.1,19.2
27,012,Tabasco,Macuspana,2017,PV,23.0,18.7
27,015,Tabasco,Tacotalpa,2017,PV,21.3,16.6
27,016,Tabasco,Teapa,2017,PV,22.6,18.2
27,017,Tabasco,Tenosique,2017,PV,22.8,18.3
29,003,Tlaxcala,Atlangatepec,2017,PV,4.5,0.7
29,006,Tlaxcala,Calpulalpan,2017,PV,7.8,-0.4
29,007,Tlaxcala,El Carmen Tequexquitla,2017,PV,5.2,0.0
29,008,Tlaxcala,Cuapiaxtla,2017,PV,7.4,2.1
29,037,Tlaxcala,Ziltlaltépec de Trinidad Sánchez Santos,2017,PV,6.8,3.3
30,001,Veracruz,Acajete,2017,PV,7.2,1.9
30,002,Veracruz,Acatlán,2017,PV,10.6,5.3
30,004,Veracruz,Actopan,2017,PV,18.5,14.4
30,007,Veracruz,Camarón de Tejeda,2017,PV,20.1,15.0
30,010,Veracruz,Altotonga,2017,PV,9.8,3.9
30,011,Veracruz,Alvarado,2017,PV,23.6,18.5
30,015,Veracruz,Angel R. Cabada,2017,PV,22.0,16.1
30,016,Veracruz,La Antigua,2017,PV,21.6,16.4
30,017,Veracruz,Apazapan,2017,PV,20.1,15.1
30,026,Veracruz,Banderilla,2017,PV,10.1,8.1
30,028,Veracruz,Boca del Río,2017,PV,23.8,18.7
30,032,Veracruz,Catemaco,2017,PV,19.3,14.5
30,038,Veracruz,Coatepec,2017,PV,12.2,7.5
30,039,Veracruz,Coatzacoalcos,2017,PV,22.7,18.2
30,045,Oaxaca,Cosamaloapan de Carpio,2017,PV,24.6,18.7
30,046,Veracruz,Cosautlán de Carvajal,2017,PV,18.1,14.2
30,048,Veracruz,Cosoleacaque,2017,PV,22.8,17.4
30,058,Veracruz,Chicontepec,2017,PV,19.9,11.5
30,061,Veracruz,Las Choapas,2017,PV,19.5,15.8
30,065,Veracruz,Emiliano Zapata,2017,PV,15.8,11.4
30,071,Veracruz,Huatusco,2017,PV,10.0,6.2
30,072,Veracruz,Huayacocotla,2017,PV,8.8,3.9
30,073,Veracruz,Hueyapan de Ocampo,2017,PV,21.4,15.6
30,077,Veracruz,Isla,2017,PV,22.8,16.2
30,087,Veracruz,Xalapa,2017,PV,14.5,9.7
30,091,Veracruz,Jesús Carranza,2017,PV,20.7,16.6
30,093,Veracruz,Jilotepec,2017,PV,11.2,8.9
30,097,Veracruz,Lerdo de Tejada,2017,PV,22.7,17.6
30,100,Veracruz,Manlio Fabio Altamirano,2017,PV,22.3,17.2
30,101,Veracruz,Mariano Escobedo,2017,PV,5.5,2.2
30,102,Veracruz,Martínez de la Torre,2017,PV,19.9,13.8
30,104,Veracruz,Mecayapan,2017,PV,21.4,16.7
30,105,Veracruz,Medellín de Bravo,2017,PV,18.7,14.2
30,109,Veracruz,Misantla,2017,PV,17.9,11.9
30,112,Veracruz,Naolinco,2017,PV,13.2,8.1
30,118,Veracruz,Orizaba,2017,PV,16.4,11.4
30,123,Veracruz,Pánuco,2017,PV,20.3,11.9
30,124,Veracruz,Papantla,2017,PV,19.0,
30,126,Veracruz,Paso de Ovejas,2017,PV,21.1,15.4
30,128,Veracruz,Perote,2017,PV,3.2,-1.8
30,132,Veracruz,Las Vigas de Ramírez,2017,PV,6.6,2.1
30,141,Veracruz,San Andrés Tuxtla,2017,PV,20.4,14.5
30,155,Veracruz,Tantoyuca,2017,PV,21.6,11.9
30,160,Veracruz,Álamo Temapache,2017,PV,19.7,12.1
30,161,Veracruz,Tempoal,2017,PV,20.4,11.5
30,163,Veracruz,Tenochtitlán,2017,PV,15.6,10.8
30,164,Veracruz,Teocelo,2017,PV,10.5,9.3
30,167,Veracruz,Tepetzintla,2017,PV,20.6,13.6
30,169,Veracruz,José Azueta,2017,PV,21.7,16.0
30,174,Veracruz,Tierra Blanca,2017,PV,21.2,16.8
30,175,Veracruz,Tihuatlán,2017,PV,20.8,14.5
30,182,Veracruz,Tlalnelhuayocan,2017,PV,13.6,8.6
30,188,Veracruz,Totutla,2017,PV,13.9,9.7
30,189,Veracruz,Tuxpan,2017,PV,19.8,13.0
30,191,Veracruz,Ursulo Galván,2017,PV,21.2,17.2
30,208,Veracruz,Carlos A. Carrillo,2017,PV,23.2,
31,001,Yucatán,Abalá,2017,PV,17.9,11.6
31,010,Yucatán,Cantamayec,2017,PV,22.2,17.1
31,013,Yucatán,Conkal,2017,PV,19.6,13.7
31,015,Yucatán,Cuzamá,2017,PV,16.6,12.2
31,019,Yucatán,Chemax,2017,PV,20.4,15.8
31,022,Yucatán,Chikindzonot,2017,PV,19.7,14.7
31,023,Yucatán,Chocholá,2017,PV,22.3,16.4
31,027,Yucatán,Dzidzantún,2017,PV,20.6,15.6
31,040,Yucatán,Izamal,2017,PV,21.6,
31,050,Yucatán,Mérida,2017,PV,21.2,16.3
31,051,Yucatán,Mocochá,2017,PV,20.8,14.6
31,052,Yucatán,Motul,2017,PV,20.1,15.0
31,053,Yucatán,Muna,2017,PV,22.0,15.9
31,056,Yucatán,Oxkutzcab,2017,PV,17.8,12.3
31,058,Yucatán,Peto,2017,PV,21.2,14.2
31,059,Yucatán,Progreso,2017,PV,23.0,19.3
31,061,Yucatán,Río Lagartos,2017,PV,21.1,17.1
31,079,Yucatán,Tekax,2017,PV,21.4,15.2
31,089,Yucatán,Ticul,2017,PV,20.9,15.3
31,096,Yucatán,Tizimín,2017,PV,21.0,15.0
31,098,Yucatán,Tzucacab,2017,PV,18.3,12.6
31,102,Yucatán,Valladolid,2017,PV,21.9,16.9
32,003,Zacatecas,Atolinga,2017,PV,4.4,1.0
32,005,Zacatecas,Calera,2017,PV,5.8,-2.1
32,008,Zacatecas,Cuauhtémoc,2017,PV,6.9,0.6
32,009,Zacatecas,Chalchihuites,2017,PV,9.8,7.6
32,010,Zacatecas,Fresnillo,2017,PV,5.3,-1.9
32,012,Zacatecas,Genaro Codina,2017,PV,5.1,-1.9
32,014,Zacatecas,General Francisco R. Murguía,2017,PV,9.1,2.4
32,016,Zacatecas,General Pánfilo Natera,2017,PV,5.0,-3.2
32,017,Zacatecas,Guadalupe,2017,PV,8.9,3.2
32,019,Zacatecas,Jalpa,2017,PV,12.1,5.3
32,020,Zacatecas,Jerez,2017,PV,7.0,0.7
32,022,Zacatecas,Juan Aldama,2017,PV,12.5,1.7
32,023,Zacatecas,Juchipila,2017,PV,10.4,3.9
32,024,Zacatecas,Loreto,2017,PV,8.2,1.4
32,025,Zacatecas,Luis Moya,2017,PV,7.5,0.8
32,026,Zacatecas,Mazapil,2017,PV,9.9,-1.4
32,028,Zacatecas,Mezquital del Oro,2017,PV,12.6,4.9
32,029,Zacatecas,Miguel Auza,2017,PV,8.8,0.1
32,031,Zacatecas,Monte Escobedo,2017,PV,2.3,-2.4
32,032,Zacatecas,Morelos,2017,PV,7.3,-0.6
32,034,Zacatecas,Nochistlán de Mejía,2017,PV,7.8,1.2
32,036,Zacatecas,Ojocaliente,2017,PV,12.4,0.3
32,038,Zacatecas,Pinos,2017,PV,6.1,-0.9
32,039,Zacatecas,Río Grande,2017,PV,6.5,-1.9
32,040,Zacatecas,Sain Alto,2017,PV,7.1,-1.5
32,042,Zacatecas,Sombrerete,2017,PV,9.5,3.1
32,044,Zacatecas,Tabasco,2017,PV,13.0,5.8
32,045,Zacatecas,Tepechitlán,2017,PV,6.9,0.5
32,047,Zacatecas,Teúl de González Ortega,2017,PV,3.9,-1.6
32,048,Zacatecas,Tlaltenango de Sánchez Román,2017,PV,5.9,-0.2
32,049,Zacatecas,Valparaíso,2017,PV,2.3,-4.5
32,051,Zacatecas,Villa de Cos,2017,PV,8.6,-0.3
32,053,Zacatecas,Villa González Ortega,2017,PV,6.6,0.1
32,054,Zacatecas,Villa Hidalgo,2017,PV,6.2,-0.7
32,055,Zacatecas,Villanueva,2017,PV,6.6,-0.9
32,056,Zacatecas,Zacatecas,2017,PV,10.8,4.4
01,001,Aguascalientes,Aguascalientes,2018,OI,-3.2,-2.4
01,002,Aguascalientes,Asientos,2018,OI,-0.5,1.6
01,003,Aguascalientes,Calvillo,2018,OI,3.5,0.9
01,004,Aguascalientes,Cosío,2018,OI,-0.3,0.5
01,005,Aguascalientes,Jesús María,2018,OI,8.6,
01,006,Aguascalientes,Pabellón de Arteaga,2018,OI,3.5,4.4
01,007,Aguascalientes,Rincón de Romos,2018,OI,3.9,5.5
01,008,Aguascalientes,San José de Gracia,2018,OI,0.0,0.7
01,009,Aguascalientes,Tepezalá,2018,OI,5.4,7.0
01,010,Aguascalientes,El Llano,2018,OI,1.2,0.7
02,001,Baja California,Ensenada,2018,OI,6.8,7.1
02,002,Baja California,Mexicali,2018,OI,6.3,7.4
02,003,Baja California,Tecate,2018,OI,0.4,1.1
02,004,Baja California,Tijuana,2018,OI,9.5,8.6
02,006,Baja California,San Quintín,2018,OI,8.6,12.3
02,007,Baja California,San Felipe,2018,OI,10.4,9.9
03,001,Baja California Sur,Comondú,2018,OI,9.1,7.7
03,002,Baja California Sur,Mulegé,2018,OI,6.0,5.2
03,003,Baja California Sur,La Paz,2018,OI,8.7,9.2
03,008,Baja California Sur,Los Cabos,2018,OI,6.1,6.6
03,009,Baja California Sur,Loreto,2018,OI,13.9,12.6
04,002,Campeche,Campeche,2018,OI,16.5,18.6
04,003,Campeche,Carmen,2018,OI,16.2,17.7
04,004,Campeche,Champotón,2018,OI,14.8,17.4
04,005,Campeche,Hecelchakán,2018,OI,15.1,18.2
04,006,Campeche,Hopelchén,2018,OI,14.7,16.4
04,007,Campeche,Palizada,2018,OI,17.0,19.5
04,009,Campeche,Escárcega,2018,OI,16.7,19.2
04,010,Campeche,Calakmul,2018,OI,16.6,
04,011,Campeche,Candelaria,2018,OI,16.7,17.9
04,013,Campeche,Dzitbalché,2018,OI,20.7,
05,002,Coahuila,Acuña,2018,OI,2.2,6.9
05,003,Coahuila,Allende,2018,OI,3.0,7.4
05,004,Coahuila,Arteaga,2018,OI,2.0,2.7
05,005,Coahuila,Candela,2018,OI,5.5,8.6
05,007,Coahuila,Cuatro Ciénegas,2018,OI,3.6,7.2
05,009,Coahuila,Francisco I. Madero,2018,OI,5.3,7.4
05,014,Coahuila,Jiménez,2018,OI,2.6,5.5
05,015,Coahuila,Juárez,2018,OI,4.0,7.6
05,017,Coahuila,Matamoros,2018,OI,10.0,7.5
05,018,Coahuila,Monclova,2018,OI,5.6,10.3
05,020,Coahuila,Múzquiz,2018,OI,6.5,
05,024,Coahuila,Parras,2018,OI,3.0,8.7
05,025,Coahuila,Piedras Negras,2018,OI,4.1,8.9
05,026,Coahuila,Progreso,2018,OI,11.3,5.8
05,027,Coahuila,Ramos Arizpe,2018,OI,2.2,8.4
05,028,Coahuila,Sabinas,2018,OI,2.6,6.1
05,030,Coahuila,Saltillo,2018,OI,3.0,7.4
05,032,Coahuila,San Juan de Sabinas,2018,OI,1.3,
05,033,Coahuila,San Pedro,2018,OI,4.7,6.7
05,034,Coahuila,Sierra Mojada,2018,OI,4.4,7.0
05,035,Coahuila,Torreón,2018,OI,5.6,4.9
05,038,Coahuila,Zaragoza,2018,OI,2.2,
06,001,Colima,Armería,2018,OI,15.8,17.3
06,002,Colima,Colima,2018,OI,16.8,16.5
06,003,Colima,Comala,2018,OI,21.0,17.9
06,004,Colima,Coquimatlán,2018,OI,14.8,13.6
06,005,Colima,Cuauhtémoc,2018,OI,15.1,14.4
06,006,Colima,Ixtlahuacán,2018,OI,23.1,18.0
06,007,Colima,Manzanillo,2018,OI,20.1,18.4
06,009,Colima,Tecomán,2018,OI,15.6,14.9
06,010,Colima,Villa de Álvarez,2018,OI,18.9,
07,001,Chiapas,Acacoyagua,2018,OI,18.6,20.0
07,002,Chiapas,Acala,2018,OI,13.9,15.8
07,005,Tabasco,Amatán,2018,OI,17.1,
07,008,Chiapas,Ángel Albino Corzo,2018,OI,12.0,12.9
07,009,Chiapas,Arriaga,2018,OI,21.2,20.3
07,015,Chiapas,Cacahoatán,2018,OI,14.7,
07,019,Chiapas,Comitán de Domínguez,2018,OI,10.3,10.9
07,020,Chiapas,La Concordia,2018,OI,16.3,13.6
07,027,Chiapas,Chiapa de Corzo,2018,OI,16.8,15.0
07,029,Chiapas,Chicoasén,2018,OI,14.6,17.0
07,030,Chiapas,Chicomuselo,2018,OI,11.8,12.6
07,032,Chiapas,Escuintla,2018,OI,18.9,19.3
07,034,Chiapas,Frontera Comalapa,2018,OI,12.7,13.7
07,037,Chiapas,Huehuetán,2018,OI,20.7,20.6
07,040,Chiapas,Huixtla,2018,OI,18.8,20.1
07,046,Chiapas,Jiquipilas,2018,OI,16.6,13.1
07,049,Chiapas,Larráinzar,2018,OI,15.9,16.4
07,051,Chiapas,Mapastepec,2018,OI,18.3,19.5
07,059,Chiapas,Ocosingo,2018,OI,19.2,17.5
07,061,Chiapas,Ocozocoautla de Espinosa,2018,OI,13.2,
07,062,Chiapas,Ostuacán,2018,OI,14.3,18.2
07,063,Chiapas,Osumacinta,2018,OI,16.2,17.7
07,064,Chiapas,Oxchuc,2018,OI,10.3,
07,068,Chiapas,Pichucalco,2018,OI,21.0,18.0
07,069,Chiapas,Pijijiapan,2018,OI,22.2,21.9
07,071,Chiapas,Villa Comaltitlán,2018,OI,19.3,20.7
07,072,Chiapas,Pueblo Nuevo Solistahuacán,2018,OI,11.9,
07,077,Chiapas,Salto de Agua,2018,OI,17.1,17.7
07,078,Chiapas,San Cristóbal de las Casas,2018,OI,5.3,6.0
07,086,Chiapas,Suchiapa,2018,OI,13.2,16.9
07,089,Chiapas,Tapachula,2018,OI,20.0,19.1
07,092,Chiapas,Tecpatán,2018,OI,13.6,15.2
07,097,Chiapas,Tonalá,2018,OI,12.9,19.7
07,099,Chiapas,La Trinitaria,2018,OI,15.2,14.1
07,101,Chiapas,Tuxtla Gutiérrez,2018,OI,11.4,17.4
07,102,Chiapas,Tuxtla Chico,2018,OI,21.6,
07,106,Chiapas,Venustiano Carranza,2018,OI,13.2,13.9
07,107,Chiapas,Villa Corzo,2018,OI,16.2,13.5
07,108,Chiapas,Villaflores,2018,OI,12.3,
07,112,Chiapas,San Juan Cancuc,2018,OI,14.3,
07,123,Chiapas,Emiliano Zapata,2018,OI,17.3,16.3
07,124,Chiapas,Mezcalapa,2018,OI,12.0,20.4
08,002,Chihuahua,Aldama,2018,OI,2.3,5.8
08,006,Chihuahua,Bachíniva,2018,OI,-2.0,-0.5
08,007,Chihuahua,Balleza,2018,OI,-7.2,-4.5
08,008,Chihuahua,Batopilas de Manuel Gómez Morín,2018,OI,9.1,9.3
08,010,Chihuahua,Buenaventura,2018,OI,-0.8,0.4
08,011,Chihuahua,Camargo,2018,OI,1.3,3.7
08,012,Chihuahua,Carichí,2018,OI,2.0,
08,013,Chihuahua,Casas Grandes,2018,OI,-0.2,
08,014,Chihuahua,Coronado,2018,OI,-1.7,-0.3
08,017,Chihuahua,Cuauhtémoc,2018,OI,2.9,-0.6
08,019,Chihuahua,Chihuahua,2018,OI,2.1,1.3
08,020,Chihuahua,Chínipas,2018,OI,7.2,7.8
08,021,Chihuahua,Delicias,2018,OI,2.1,3.6
08,027,Chihuahua,Guachochi,2018,OI,-4.6,-4.3
08,029,Chihuahua,Guadalupe y Calvo,2018,OI,-3.3,0.7
08,031,Chihuahua,Guerrero,2018,OI,-3.3,-3.0
08,032,Chihuahua,Hidalgo del Parral,2018,OI,2.0,4.6
08,036,Chihuahua,Jiménez,2018,OI,-0.1,1.6
08,037,Chihuahua,Juárez,2018,OI,1.7,3.6
08,040,Chihuahua,Madera,2018,OI,-1.3,-0.4
08,041,Chihuahua,Maguarichi,2018,OI,2.1,1.6
08,042,Chihuahua,Manuel Benavides,2018,OI,-3.7,
08,050,Chihuahua,Nuevo Casas Grandes,2018,OI,-0.5,1.4
08,051,Chihuahua,Ocampo,2018,OI,-4.2,-2.7
08,052,Chihuahua,Ojinaga,2018,OI,-0.2,1.5
08,055,Chihuahua,Rosales,2018,OI,1.9,4.0
08,058,Chihuahua,San Francisco de Conchos,2018,OI,-1.0,0.3
08,061,Chihuahua,Satevó,2018,OI,0.6,
08,063,Chihuahua,Temósachic,2018,OI,-5.7,-3.6
08,065,Chihuahua,Urique,2018,OI,12.5,9.7
08,065,Sinaloa,Urique,2018,OI,8.4,
08,067,Chihuahua,Valle de Zaragoza,2018,OI,1.0,1.7
09,002,Ciudad de México,Azcapotzalco,2018,OI,5.6,8.5
09,003,Ciudad de México,Coyoacán,2018,OI,5.6,
09,004,Ciudad de México,Cuajimalpa de Morelos,2018,OI,8.2,8.0
09,005,Ciudad de México,Gustavo A. Madero,2018,OI,2.2,3.9
09,006,Ciudad de México,Iztacalco,2018,OI,7.1,
09,007,Ciudad de México,Iztapalapa,2018,OI,6.3,9.7
09,009,Ciudad de México,Milpa Alta,2018,OI,8.0,8.0
09,010,Ciudad de México,Álvaro Obregón,2018,OI,6.6,8.4
09,010,Estado de México,Álvaro Obregón,2018,OI,0.0,
09,012,Ciudad de México,Tlalpan,2018,OI,1.0,-1.0
09,013,Ciudad de México,Xochimilco,2018,OI,6.1,6.5
09,014,Ciudad de México,Benito Juárez,2018,OI,5.8,9.5
09,015,Ciudad de México,Cuauhtémoc,2018,OI,7.7,10.2
09,016,Ciudad de México,Miguel Hidalgo,2018,OI,6.9,8.3
09,017,Ciudad de México,Venustiano Carranza,2018,OI,7.6,7.1
10,001,Durango,Canatlán,2018,OI,0.3,1.7
10,004,Durango,Cuencamé,2018,OI,5.3,8.8
10,005,Durango,Durango,2018,OI,-4.1,-5.1
10,006,Durango,General Simón Bolívar,2018,OI,2.4,
10,008,Durango,Guadalupe Victoria,2018,OI,5.6,3.2
10,009,Durango,Guanaceví,2018,OI,-10.6,-9.7
10,010,Durango,Hidalgo,2018,OI,3.8,0.8
10,011,Durango,Indé,2018,OI,5.4,3.7
10,012,Durango,Lerdo,2018,OI,5.4,8.6
10,013,Durango,Mapimí,2018,OI,-1.6,1.3
10,015,Durango,Nazas,2018,OI,0.6,1.4
10,017,Durango,Ocampo,2018,OI,-2.8,-0.3
10,018,Durango,El Oro,2018,OI,0.9,-0.5
10,019,Durango,Otáez,2018,OI,15.1,
10,020,Durango,Pánuco de Coronado,2018,OI,3.4,1.1
10,022,Durango,Poanas,2018,OI,2.5,2.7
10,024,Durango,Rodeo,2018,OI,2.9,4.8
10,025,Durango,San Bernardo,2018,OI,-1.9,-2.6
10,026,Durango,San Dimas,2018,OI,-4.3,
10,027,Durango,San Juan de Guadalupe,2018,OI,11.3,5.9
10,030,Durango,San Pedro del Gallo,2018,OI,2.2,3.4
10,031,Durango,Santa Clara,2018,OI,2.6,0.9
10,032,Durango,Santiago Papasquiaro,2018,OI,-2.3,0.9
10,033,Durango,Súchil,2018,OI,3.6,3.9
10,034,Durango,Tamazula,2018,OI,11.5,12.0
10,035,Durango,Tepehuanes,2018,OI,0.1,
10,035,Sinaloa,Tepehuanes,2018,OI,11.2,
10,036,Durango,Tlahualilo,2018,OI,3.0,5.0
11,001,Guanajuato,Abasolo,2018,OI,7.5,8.4
11,002,Guanajuato,Acámbaro,2018,OI,6.1,5.6
11,003,Guanajuato,San Miguel de Allende,2018,OI,1.7,2.4
11,004,Guanajuato,Apaseo el Alto,2018,OI,5.6,7.2
11,005,Guanajuato,Apaseo el Grande,2018,OI,3.7,4.5
11,007,Guanajuato,Celaya,2018,OI,4.5,5.4
11,008,Guanajuato,Manuel Doblado,2018,OI,2.6,2.8
11,010,Guanajuato,Coroneo,2018,OI,-0.5,0.2
11,011,Guanajuato,Cortazar,2018,OI,1.7,3.5
11,012,Guanajuato,Cuerámaro,2018,OI,6.5,6.9
11,014,Guanajuato,Dolores Hidalgo Cuna de la Independencia Nacional,2018,OI,1.5,3.0
11,015,Guanajuato,Guanajuato,2018,OI,4.0,4.4
11,017,Guanajuato,Irapuato,2018,OI,3.7,3.8
11,018,Guanajuato,Jaral del Progreso,2018,OI,4.1,4.2
11,019,Guanajuato,Jerécuaro,2018,OI,3.4,4.2
11,020,Guanajuato,León,2018,OI,5.5,6.5
11,022,Guanajuato,Ocampo,2018,OI,1.8,2.9
11,023,Guanajuato,Pénjamo,2018,OI,3.9,4.1
11,025,Guanajuato,Purísima del Rincón,2018,OI,6.3,4.8
11,027,Guanajuato,Salamanca,2018,OI,4.8,4.8
11,028,Guanajuato,Salvatierra,2018,OI,4.2,3.5
11,029,Jalisco,San Diego de la Unión,2018,OI,1.1,
11,030,Guanajuato,San Felipe,2018,OI,-0.3,0.3
11,031,Guanajuato,San Francisco del Rincón,2018,OI,4.2,
11,033,Guanajuato,San Luis de la Paz,2018,OI,-0.6,1.9
11,037,Guanajuato,Silao de la Victoria,2018,OI,4.1,4.4
11,039,Guanajuato,Tarimoro,2018,OI,5.6,6.5
11,042,Guanajuato,Valle de Santiago,2018,OI,4.0,6.2
11,042,Michoacán,Valle de Santiago,2018,OI,4.4,
11,045,Guanajuato,Xichú,2018,OI,6.1,8.0
11,046,Guanajuato,Yuriria,2018,OI,4.3,
12,001,Guerrero,Acapulco de Juárez,2018,OI,19.6,20.4
12,003,Guerrero,Ajuchitlán del Progreso,2018,OI,16.6,16.6
12,005,Guerrero,Alpoyeca,2018,OI,11.8,12.6
12,007,Guerrero,Arcelia,2018,OI,17.1,
12,008,Guerrero,Atenango del Río,2018,OI,16.9,
12,011,Guerrero,Atoyac de Álvarez,2018,OI,20.0,19.6
12,012,Guerrero,Ayutla de los Libres,2018,OI,16.8,16.7
12,014,Guerrero,Benito Juárez,2018,OI,20.9,19.8
12,015,Guerrero,Buenavista de Cuéllar,2018,OI,12.8,12.0
12,021,Guerrero,Coyuca de Benítez,2018,OI,18.4,18.6
12,022,Guerrero,Coyuca de Catalán,2018,OI,14.1,
12,023,Guerrero,Cuajinicuilapa,2018,OI,18.7,20.0
12,028,Guerrero,Chilapa de Álvarez,2018,OI,10.1,10.7
12,029,Guerrero,Chilpancingo de los Bravo,2018,OI,12.0,9.6
12,032,Guerrero,General Heliodoro Castillo,2018,OI,8.1,
12,034,Guerrero,Huitzuco de los Figueroa,2018,OI,11.1,11.7
12,035,Guerrero,Iguala de la Independencia,2018,OI,14.1,14.5
12,036,Guerrero,Igualapa,2018,OI,16.9,17.4
12,038,Guerrero,Zihuatanejo de Azueta,2018,OI,20.4,18.3
12,039,Guerrero,Juan R. Escudero,2018,OI,20.0,19.1
12,040,Guerrero,Leonardo Bravo,2018,OI,8.7,10.0
12,044,Guerrero,Mochitlán,2018,OI,15.3,14.9
12,045,Guerrero,Olinalá,2018,OI,9.4,10.1
12,046,Guerrero,Ometepec,2018,OI,15.0,
12,047,Morelos,Pedro Ascencio Alquisiras,2018,OI,11.4,
12,050,Guerrero,Pungarabato,2018,OI,17.1,17.4
12,053,Guerrero,San Marcos,2018,OI,13.0,11.7
12,055,Guerrero,Taxco de Alarcón,2018,OI,9.8,12.7
12,057,Guerrero,Técpan de Galeana,2018,OI,20.4,20.4
12,059,Guerrero,Tepecoacuilco de Trujano,2018,OI,12.2,
12,061,Guerrero,Tixtla de Guerrero,2018,OI,10.7,11.1
12,066,Guerrero,Tlapa de Comonfort,2018,OI,12.4,11.9
12,068,Michoacán,La Unión de Isidoro Montes de Oca,2018,OI,24.0,21.2
12,070,Guerrero,Xochihuehuetlán,2018,OI,9.8,10.2
12,073,Guerrero,Zirándaro,2018,OI,14.1,13.6
12,082,Guerrero,Las Vigas,2018,OI,13.5,14.8
13,001,Hidalgo,Acatlán,2018,OI,6.9,
13,002,Hidalgo,Acaxochitlán,2018,OI,8.1,
13,003,Hidalgo,Actopan,2018,OI,2.2,3.6
13,006,Hidalgo,Alfajayucan,2018,OI,5.4,6.2
13,007,Hidalgo,Almoloya,2018,OI,1.8,
13,008,Hidalgo,Apan,2018,OI,1.2,
13,011,Hidalgo,Atlapexco,2018,OI,12.3,15.4
13,012,Hidalgo,Atotonilco el Grande,2018,OI,9.0,
13,013,Hidalgo,Atotonilco de Tula,2018,OI,2.9,4.3
13,016,Hidalgo,Cuautepec de Hinojosa,2018,OI,0.9,2.3
13,019,Hidalgo,Chilcuautla,2018,OI,6.4,5.3
13,028,Hidalgo,Huejutla de Reyes,2018,OI,11.4,15.0
13,028,Veracruz,Huejutla de Reyes,2018,OI,17.1,14.6
13,029,Hidalgo,Huichapan,2018,OI,2.6,5.4
13,030,Hidalgo,Ixmiquilpan,2018,OI,5.8,5.5
13,036,Hidalgo,San Agustín Metzquititlán,2018,OI,-0.7,
13,037,Hidalgo,Metztitlán,2018,OI,8.8,10.1
13,041,Hidalgo,Mixquiahuala de Juárez,2018,OI,3.6,
13,046,Hidalgo,San Felipe Orizatlán,2018,OI,12.0,15.2
13,048,Hidalgo,Pachuca de Soto,2018,OI,1.9,4.1
13,051,Hidalgo,Mineral de la Reforma,2018,OI,3.0,
13,061,Hidalgo,Tepeapulco,2018,OI,1.8,
13,063,Hidalgo,Tepeji del Río de Ocampo,2018,OI,0.4,
13,064,Hidalgo,Tepetitlán,2018,OI,4.5,4.9
13,077,Hidalgo,Tulancingo de Bravo,2018,OI,4.5,6.6
13,081,Hidalgo,Zacualtipán de Ángeles,2018,OI,4.3,5.9
13,082,Hidalgo,Zapotlán de Juárez,2018,OI,2.9,
13,084,Hidalgo,Zimapán,2018,OI,5.3,7.7
14,006,Jalisco,Ameca,2018,OI,8.0,
14,013,Jalisco,Atotonilco el Alto,2018,OI,6.9,
14,017,Jalisco,Ayutla,2018,OI,11.6,7.3
14,019,Jalisco,Bolaños,2018,OI,10.2,9.3
14,022,Jalisco,Cihuatlán,2018,OI,20.2,18.1
14,023,Jalisco,Zapotlán el Grande,2018,OI,7.2,6.3
14,025,Jalisco,Colotlán,2018,OI,4.1,3.1
14,030,Jalisco,Chapala,2018,OI,5.0,12.6
14,033,Jalisco,Degollado,2018,OI,7.4,8.4
14,039,Jalisco,Guadalajara,2018,OI,6.9,7.7
14,041,Jalisco,Huejúcar,2018,OI,4.7,2.0
14,041,Zacatecas,Huejúcar,2018,OI,2.4,
14,046,Jalisco,Jalostotitlán,2018,OI,-0.3,-2.4
14,047,Jalisco,Jamay,2018,OI,4.8,3.6
14,049,Jalisco,Jilotlán de los Dolores,2018,OI,19.9,17.3
14,051,Jalisco,Juanacatlán,2018,OI,7.4,6.2
14,053,Jalisco,Lagos de Moreno,2018,OI,0.9,1.3
14,054,Jalisco,El Limón,2018,OI,7.5,12.4
14,058,Jalisco,Mascota,2018,OI,14.6,
14,061,Jalisco,Mezquitic,2018,OI,4.8,1.8
14,065,Jalisco,Pihuamo,2018,OI,19.9,14.0
14,067,Jalisco,Puerto Vallarta,2018,OI,20.2,14.6
14,067,Nayarit,Puerto Vallarta,2018,OI,14.5,
14,070,Jalisco,El Salto,2018,OI,11.8,10.4
14,071,Jalisco,San Cristóbal de la Barranca,2018,OI,9.3,8.5
14,072,Jalisco,San Diego de Alejandría,2018,OI,4.5,
14,075,Nayarit,San Marcos,2018,OI,9.8,
14,081,Jalisco,Santa María de los Ángeles,2018,OI,3.7,2.0
14,083,Jalisco,Tala,2018,OI,5.1,
14,091,Jalisco,Teocaltiche,2018,OI,2.9,0.1
14,095,Jalisco,Teuchitlán,2018,OI,10.8,5.4
14,098,Jalisco,San Pedro Tlaquepaque,2018,OI,9.4,9.1
14,100,Jalisco,Tomatlán,2018,OI,19.0,18.2
14,118,Jalisco,Yahualica de González Gallo,2018,OI,7.8,
14,120,Jalisco,Zapopan,2018,OI,6.9,7.1
15,002,Estado de México,Acolman,2018,OI,1.1,1.9
15,003,Estado de México,Aculco,2018,OI,-0.5,0.0
15,003,Querétaro,Aculco,2018,OI,1.9,5.0
15,005,Estado de México,Almoloya de Juárez,2018,OI,-4.0,-4.1
15,009,Estado de México,Amecameca,2018,OI,0.2,
15,011,Estado de México,Atenco,2018,OI,5.0,4.7
15,013,Estado de México,Atizapán de Zaragoza,2018,OI,3.6,4.6
15,014,Estado de México,Atlacomulco,2018,OI,-1.7,-1.1
15,020,Estado de México,Coacalco de Berriozábal,2018,OI,8.1,7.0
15,025,Estado de México,Chalco,2018,OI,6.1,4.7
15,030,Estado de México,Chiconcuac,2018,OI,5.7,
15,033,Estado de México,Ecatepec de Morelos,2018,OI,4.8,5.0
15,042,Estado de México,Ixtlahuaca,2018,OI,-1.4,-1.8
15,045,Estado de México,Jilotepec,2018,OI,0.1,0.8
15,047,Estado de México,Jiquipilco,2018,OI,-2.4,
15,052,Morelos,Malinalco,2018,OI,11.1,
15,055,Estado de México,Mexicaltzingo,2018,OI,7.1,6.2
15,057,Estado de México,Naucalpan de Juárez,2018,OI,-1.7,2.0
15,058,Estado de México,Nezahualcóyotl,2018,OI,9.4,9.0
15,060,Estado de México,Nicolás Romero,2018,OI,4.8,
15,066,Estado de México,Otzoloapan,2018,OI,0.6,
15,074,Estado de México,San Felipe del Progreso,2018,OI,0.2,0.0
15,083,Estado de México,Temamatla,2018,OI,1.4,2.3
15,087,Estado de México,Temoaya,2018,OI,-1.7,-3.8
15,091,Estado de México,Teoloyucan,2018,OI,0.4,1.0
15,095,Estado de México,Tepotzotlán,2018,OI,3.2,2.0
15,096,Estado de México,Tequixquiac,2018,OI,-0.3,0.9
15,097,Estado de México,Texcaltitlán,2018,OI,2.8,3.0
15,098,Estado de México,Texcalyacac,2018,OI,-0.1,
15,099,Estado de México,Texcoco,2018,OI,-1.5,3.3
15,100,Estado de México,Tezoyuca,2018,OI,8.5,7.0
15,101,Estado de México,Tianguistenco,2018,OI,-0.8,-1.2
15,102,Estado de México,Timilpan,2018,OI,0.2,
15,104,Ciudad de México,Tlalnepantla de Baz,2018,OI,4.8,
15,104,Estado de México,Tlalnepantla de Baz,2018,OI,4.0,8.4
15,106,Estado de México,Toluca,2018,OI,-4.7,-1.4
15,109,Estado de México,Tultitlán,2018,OI,8.0,6.9
15,110,Estado de México,Valle de Bravo,2018,OI,-1.6,
15,112,Estado de México,Villa del Carbón,2018,OI,2.6,0.9
15,113,Estado de México,Villa Guerrero,2018,OI,6.5,5.6
15,118,Estado de México,Zinacantepec,2018,OI,-0.9,1.1
15,119,Estado de México,Zumpahuacán,2018,OI,4.8,
16,002,Michoacán,Aguililla,2018,OI,14.5,
16,003,Michoacán,Álvaro Obregón,2018,OI,3.7,2.8
16,004,Michoacán,Angamacutiro,2018,OI,4.3,4.2
16,006,Michoacán,Apatzingán,2018,OI,17.2,15.3
16,010,Michoacán,Arteaga,2018,OI,22.8,18.9
16,011,Michoacán,Briseñas,2018,OI,4.1,
16,012,Michoacán,Buenavista,2018,OI,17.9,
16,015,Colima,Coalcomán de Vázquez Pallares,2018,OI,14.6,
16,017,Michoacán,Contepec,2018,OI,4.5,5.6
16,019,Michoacán,Cotija,2018,OI,6.0,6.0
16,034,Michoacán,Hidalgo,2018,OI,1.4,2.7
16,035,Michoacán,La Huacana,2018,OI,16.9,14.2
16,038,Michoacán,Huetamo,2018,OI,13.3,13.1
16,039,Michoacán,Huiramba,2018,OI,0.9,1.5
16,042,Michoacán,Ixtlán,2018,OI,6.3,6.7
16,043,Michoacán,Jacona,2018,OI,7.0,6.5
16,044,Michoacán,Jiménez,2018,OI,5.0,5.4
16,045,Michoacán,Jiquilpan,2018,OI,6.3,
16,049,Michoacán,Madero,2018,OI,5.3,4.1
16,050,Michoacán,Maravatío,2018,OI,2.8,2.7
16,052,Michoacán,Lázaro Cárdenas,2018,OI,0.8,
16,053,Michoacán,Morelia,2018,OI,3.9,4.5
16,064,Michoacán,Parácuaro,2018,OI,15.8,
16,067,Michoacán,Penjamillo,2018,OI,5.9,5.3
16,069,Michoacán,La Piedad,2018,OI,4.8,4.3
16,072,Michoacán,Queréndaro,2018,OI,3.3,3.1
16,076,Michoacán,Sahuayo,2018,OI,6.1,5.1
16,080,Michoacán,Senguio,2018,OI,5.5,3.5
16,085,Michoacán,Tangancícuaro,2018,OI,4.0,1.6
16,086,Michoacán,Tanhuato,2018,OI,7.4,
16,089,Michoacán,Tepalcatepec,2018,OI,18.1,14.2
16,101,Michoacán,Tzitzio,2018,OI,2.3,
16,102,Michoacán,Uruapan,2018,OI,11.8,8.9
16,103,Michoacán,Venustiano Carranza,2018,OI,8.7,8.6
16,104,Michoacán,Villamar,2018,OI,5.4,6.0
16,105,Michoacán,Vista Hermosa,2018,OI,7.4,5.8
16,106,Michoacán,Yurécuaro,2018,OI,5.4,4.3
16,107,Michoacán,Zacapu,2018,OI,5.2,5.4
16,108,Michoacán,Zamora,2018,OI,2.3,5.2
16,109,Michoacán,Zináparo,2018,OI,3.5,2.6
16,110,Michoacán,Zinapécuaro,2018,OI,2.6,
16,113,Michoacán,José Sixto Verduzco,2018,OI,3.4,3.8
17,001,Morelos,Amacuzac,2018,OI,8.2,7.7
17,002,Morelos,Atlatlahucan,2018,OI,11.4,12.5
17,003,Morelos,Axochiapan,2018,OI,12.9,
17,004,Morelos,Ayala,2018,OI,10.4,10.5
17,005,Morelos,Coatlán del Río,2018,OI,13.0,11.2
17,006,Morelos,Cuautla,2018,OI,9.3,10.3
17,007,Morelos,Cuernavaca,2018,OI,12.6,12.1
17,008,Morelos,Emiliano Zapata,2018,OI,9.4,11.4
17,009,Morelos,Huitzilac,2018,OI,5.5,1.3
17,011,Morelos,Jiutepec,2018,OI,10.6,12.8
17,012,Morelos,Jojutla,2018,OI,9.4,10.5
17,013,Morelos,Jonacatepec de Leandro Valle,2018,OI,9.6,9.1
17,015,Morelos,Miacatlán,2018,OI,6.2,14.1
17,016,Morelos,Ocuituco,2018,OI,4.4,4.6
17,017,Morelos,Puente de Ixtla,2018,OI,9.4,9.0
17,018,Morelos,Temixco,2018,OI,10.5,13.7
17,019,Morelos,Tepalcingo,2018,OI,13.6,11.5
17,020,Morelos,Tepoztlán,2018,OI,10.8,
17,021,Morelos,Tetecala,2018,OI,10.0,9.3
17,023,Morelos,Tlalnepantla,2018,OI,2.7,3.1
17,024,Morelos,Tlaltizapán de Zapata,2018,OI,8.4,9.8
17,025,Morelos,Tlaquiltenango,2018,OI,7.1,8.3
17,026,Morelos,Tlayacapan,2018,OI,12.5,11.8
17,027,Morelos,Totolapan,2018,OI,8.6,10.3
17,028,Morelos,Xochitepec,2018,OI,11.6,11.7
17,029,Morelos,Yautepec,2018,OI,9.0,9.8
17,030,Morelos,Yecapixtla,2018,OI,8.8,9.3
17,031,Morelos,Zacatepec,2018,OI,10.2,9.8
17,032,Morelos,Zacualpan de Amilpas,2018,OI,9.7,9.1
18,001,Nayarit,Acaponeta,2018,OI,13.3,13.0
18,008,Jalisco,Xalisco,2018,OI,6.8,
18,009,Nayarit,Del Nayar,2018,OI,11.6,12.0
18,010,Nayarit,Rosamorada,2018,OI,12.7,12.9
18,011,Nayarit,Ruíz,2018,OI,14.6,14.2
18,012,Nayarit,San Blas,2018,OI,17.6,
18,015,Nayarit,Santiago Ixcuintla,2018,OI,13.1,15.9
18,017,Nayarit,Tepic,2018,OI,12.5,12.4
18,020,Nayarit,Bahía de Banderas,2018,OI,20.9,14.6
19,003,Nuevo León,Los Aldamas,2018,OI,15.1,9.7
19,004,Nuevo León,Allende,2018,OI,10.7,7.2
19,005,Nuevo León,Anáhuac,2018,OI,4.4,9.3
19,006,Nuevo León,Apodaca,2018,OI,14.1,9.9
19,007,Nuevo León,Aramberri,2018,OI,1.5,2.7
19,008,Nuevo León,Bustamante,2018,OI,11.7,
19,011,Nuevo León,Cerralvo,2018,OI,4.5,9.5
19,012,Nuevo León,Ciénega de Flores,2018,OI,3.7,7.2
19,014,Nuevo León,Doctor Arroyo,2018,OI,5.4,6.4
19,015,Nuevo León,Doctor Coss,2018,OI,6.2,
19,017,Nuevo León,Galeana,2018,OI,-0.5,-0.5
19,021,Nuevo León,General Escobedo,2018,OI,5.9,10.3
19,024,Nuevo León,General Zaragoza,2018,OI,3.4,7.0
19,025,Nuevo León,General Zuazua,2018,OI,14.7,10.4
19,026,Nuevo León,Guadalupe,2018,OI,6.6,11.0
19,028,Nuevo León,Higueras,2018,OI,4.2,8.7
19,033,Nuevo León,Linares,2018,OI,4.0,7.8
19,036,Nuevo León,Mier y Noriega,2018,OI,10.6,7.4
19,038,Nuevo León,Montemorelos,2018,OI,4.0,8.5
19,039,Nuevo León,Monterrey,2018,OI,11.1,6.5
19,042,Nuevo León,Los Ramones,2018,OI,5.3,8.1
19,046,Nuevo León,San Nicolás de los Garza,2018,OI,7.5,11.0
19,049,Nuevo León,Santiago,2018,OI,3.0,8.5
20,011,Oaxaca,Calihualá,2018,OI,9.6,7.7
20,014,Oaxaca,Ciudad Ixtepec,2018,OI,19.9,21.2
20,039,Oaxaca,Heroica Ciudad de Huajuapan de León,2018,OI,6.3,5.1
20,043,Oaxaca,Heroica Ciudad de Juchitán de Zaragoza,2018,OI,19.7,21.4
20,052,Oaxaca,Magdalena Tequisistlán,2018,OI,14.4,15.0
20,057,Oaxaca,Matías Romero Avendaño,2018,OI,17.0,
20,067,Oaxaca,Oaxaca de Juárez,2018,OI,7.4,9.0
20,073,Oaxaca,Putla Villa de Guerrero,2018,OI,9.5,8.0
20,079,Oaxaca,Salina Cruz,2018,OI,21.9,23.7
20,083,Oaxaca,San Agustín de las Juntas,2018,OI,8.5,9.2
20,136,Oaxaca,San Felipe Usila,2018,OI,14.2,14.7
20,173,Oaxaca,San Juan Atepec,2018,OI,6.4,7.3
20,184,Oaxaca,San Juan Bautista Tuxtepec,2018,OI,15.5,17.6
20,228,Oaxaca,San Lorenzo Cuaunecuiltitla,2018,OI,7.1,9.2
20,237,Oaxaca,San Marcos Arteaga,2018,OI,5.3,3.8
20,250,Oaxaca,San Mateo Etlatongo,2018,OI,7.1,
20,262,Oaxaca,San Miguel Amatlán,2018,OI,1.5,3.5
20,278,Oaxaca,San Miguel Soyaltepec,2018,OI,19.6,18.8
20,324,Oaxaca,San Pedro Pochutla,2018,OI,20.8,21.6
20,327,Oaxaca,San Pedro Tapanatepec,2018,OI,17.9,18.5
20,357,Oaxaca,Santa Ana Tavela,2018,OI,12.6,12.2
20,363,Oaxaca,Santa Catarina Ixtepeji,2018,OI,6.9,6.5
20,385,Oaxaca,Santa Cruz Xoxocotlán,2018,OI,8.8,8.1
20,390,Oaxaca,Santa Lucía del Camino,2018,OI,7.9,
20,413,Oaxaca,Santa María Huatulco,2018,OI,21.5,21.6
20,417,Oaxaca,Santa María Jacatepec,2018,OI,15.0,18.5
20,418,Oaxaca,Santa María Jalapa del Marqués,2018,OI,17.1,16.3
20,439,Oaxaca,Santa María Tonameca,2018,OI,18.6,16.0
20,457,Oaxaca,Santiago Camotlán,2018,OI,15.2,
20,459,Oaxaca,Villa de Santiago Chazumba,2018,OI,9.2,7.0
20,468,Oaxaca,Santiago Jocotepec,2018,OI,16.0,17.7
20,478,Oaxaca,Santiago Nacaltepec,2018,OI,5.8,6.8
20,498,Oaxaca,Santiago Yaveo,2018,OI,18.6,17.0
20,502,Oaxaca,Santiago Zacatepec,2018,OI,14.1,14.0
20,525,Oaxaca,Santo Domingo Zanatepec,2018,OI,14.9,14.9
20,547,Oaxaca,Teotongo,2018,OI,5.6,3.7
20,559,Oaxaca,San Juan Bautista Valle Nacional,2018,OI,18.5,16.2
20,559,Puebla,San Juan Bautista Valle Nacional,2018,OI,19.5,
20,567,Oaxaca,Zapotitlán Lagunas,2018,OI,11.7,11.0
20,568,Oaxaca,Zapotitlán Palmas,2018,OI,10.4,10.2
21,001,Puebla,Acajete,2018,OI,4.9,3.0
21,003,Puebla,Acatlán,2018,OI,12.0,10.6
21,008,Puebla,Ahuazotepec,2018,OI,-0.2,1.5
21,015,Puebla,Amozoc,2018,OI,4.0,5.1
21,019,Puebla,Atlixco,2018,OI,7.7,8.1
21,023,Puebla,Atzitzintla,2018,OI,1.7,3.0
21,025,Puebla,Ayotoxco de Guerrero,2018,OI,17.7,16.3
21,026,Puebla,Calpan,2018,OI,3.2,3.6
21,031,Puebla,Coatzingo,2018,OI,11.4,9.1
21,043,Puebla,Cuetzalan del Progreso,2018,OI,7.2,10.2
21,045,Puebla,Chalchicomula de Sesma,2018,OI,0.4,2.7
21,047,Puebla,Chiautla,2018,OI,15.3,
21,051,Puebla,Chietla,2018,OI,12.3,11.5
21,053,Puebla,Chignahuapan,2018,OI,1.1,1.1
21,059,Puebla,Chinantla,2018,OI,11.4,9.9
21,069,Puebla,Huaquechula,2018,OI,9.1,10.0
21,071,Puebla,Huauchinango,2018,OI,5.5,9.2
21,083,Puebla,Ixtacamaxtitlán,2018,OI,0.8,1.4
21,085,Puebla,Izúcar de Matamoros,2018,OI,12.3,13.2
21,086,Puebla,Jalpan,2018,OI,12.4,14.8
21,094,Puebla,Libres,2018,OI,2.6,3.7
21,098,Puebla,Molcaxac,2018,OI,3.0,3.8
21,106,Puebla,Ocoyucan,2018,OI,5.7,5.5
21,108,Puebla,Oriental,2018,OI,5.6,7.9
21,108,Tlaxcala,Oriental,2018,OI,-0.7,
21,114,Puebla,Puebla,2018,OI,2.5,3.8
21,128,Tlaxcala,San José Chiapa,2018,OI,0.4,
21,140,Puebla,San Pedro Cholula,2018,OI,6.7,5.4
21,145,Puebla,San Sebastián Tlacotepec,2018,OI,14.6,15.0
21,146,Puebla,Santa Catarina Tlaltempan,2018,OI,4.5,
21,153,Puebla,Tecali de Herrera,2018,OI,2.9,4.0
21,154,Puebla,Tecamachalco,2018,OI,3.9,4.1
21,156,Puebla,Tehuacán,2018,OI,5.5,5.6
21,157,Puebla,Tehuitzingo,2018,OI,9.4,
21,160,Puebla,Teotlalco,2018,OI,10.7,8.6
21,162,Puebla,Tepango de Rodríguez,2018,OI,3.7,5.6
21,170,Puebla,Tepeyahualco,2018,OI,-0.2,-1.0
21,170,Veracruz,Tepeyahualco,2018,OI,-2.5,
21,172,Puebla,Tetela de Ocampo,2018,OI,4.2,5.9
21,174,Puebla,Teziutlán,2018,OI,3.7,8.1
21,180,Puebla,Tlahuapan,2018,OI,5.4,4.6
21,183,Puebla,Tlaola,2018,OI,2.4,
21,184,Puebla,Tlapacoya,2018,OI,2.4,4.9
21,186,Puebla,Tlatlauquitepec,2018,OI,-1.2,1.5
21,187,Puebla,Tlaxco,2018,OI,12.4,14.7
21,193,Puebla,Tzicatlacoyan,2018,OI,3.5,3.0
21,194,Puebla,Venustiano Carranza,2018,OI,11.8,15.3
21,197,Puebla,Xicotepec,2018,OI,7.9,11.8
21,198,Puebla,Xicotlán,2018,OI,10.6,9.7
21,200,Puebla,Xochiapulco,2018,OI,9.2,
21,207,Puebla,Zacapoaxtla,2018,OI,4.3,7.6
21,208,Puebla,Zacatlán,2018,OI,-0.9,
21,217,Puebla,Zoquitlán,2018,OI,7.4,9.6
22,006,Querétaro,Corregidora,2018,OI,5.3,4.8
22,008,Querétaro,Huimilpan,2018,OI,3.9,
22,009,Querétaro,Jalpan de Serra,2018,OI,14.1,11.0
22,011,Querétaro,El Marqués,2018,OI,5.8,3.6
22,013,Querétaro,Peñamiller,2018,OI,7.2,9.5
22,014,Querétaro,Querétaro,2018,OI,5.2,6.4
22,016,Querétaro,San Juan del Río,2018,OI,4.4,6.3
23,001,Quintana Roo,Cozumel,2018,OI,21.6,22.7
23,002,Quintana Roo,Felipe Carrillo Puerto,2018,OI,16.8,17.6
23,004,Quintana Roo,Othón P. Blanco,2018,OI,16.6,18.6
23,005,Quintana Roo,Benito Juárez,2018,OI,20.6,22.4
23,006,Quintana Roo,José María Morelos,2018,OI,16.3,
23,008,Quintana Roo,Solidaridad,2018,OI,20.1,20.1
23,009,Quintana Roo,Tulum,2018,OI,18.9,
24,003,San Luis Potosí,Aquismón,2018,OI,9.2,12.9
24,008,San Luis Potosí,Cerritos,2018,OI,11.5,
24,010,Tamaulipas,Ciudad del Maíz,2018,OI,12.2,
24,013,San Luis Potosí,Ciudad Valles,2018,OI,10.1,14.1
24,016,San Luis Potosí,Ebano,2018,OI,10.3,13.9
24,020,San Luis Potosí,Matehuala,2018,OI,4.4,6.1
24,024,San Luis Potosí,Rioverde,2018,OI,4.0,10.4
24,025,San Luis Potosí,Salinas,2018,OI,2.3,
24,027,San Luis Potosí,San Ciro de Acosta,2018,OI,7.4,10.4
24,028,San Luis Potosí,San Luis Potosí,2018,OI,1.9,4.7
24,034,San Luis Potosí,San Vicente Tancuayalab,2018,OI,11.3,14.9
24,034,Veracruz,San Vicente Tancuayalab,2018,OI,16.7,14.7
24,037,San Luis Potosí,Tamazunchale,2018,OI,11.3,14.6
24,040,San Luis Potosí,Tamuín,2018,OI,11.1,
24,041,San Luis Potosí,Tanlajás,2018,OI,10.9,14.4
24,049,San Luis Potosí,Villa de Ramos,2018,OI,8.3,
24,053,San Luis Potosí,Axtla de Terrazas,2018,OI,11.0,14.6
24,057,San Luis Potosí,Matlapa,2018,OI,11.6,16.1
24,058,San Luis Potosí,El Naranjo,2018,OI,7.8,12.6
25,001,Sinaloa,Ahome,2018,OI,7.7,7.3
25,003,Sinaloa,Badiraguato,2018,OI,7.0,7.4
25,005,Sinaloa,Cosalá,2018,OI,11.8,10.9
25,006,Sinaloa,Culiacán,2018,OI,6.8,7.8
25,007,Sinaloa,Choix,2018,OI,8.4,8.1
25,008,Sinaloa,Elota,2018,OI,11.4,11.3
25,010,Sinaloa,El Fuerte,2018,OI,8.0,8.8
25,011,Sinaloa,Guasave,2018,OI,9.3,10.3
25,012,Sinaloa,Mazatlán,2018,OI,10.5,10.5
25,013,Sinaloa,Mocorito,2018,OI,8.5,9.1
25,014,Sinaloa,Rosario,2018,OI,12.6,11.0
25,015,Sinaloa,Salvador Alvarado,2018,OI,11.8,11.9
25,016,Sinaloa,San Ignacio,2018,OI,9.1,9.0
25,017,Sinaloa,Sinaloa,2018,OI,8.7,9.3
25,019,Sinaloa,Eldorado,2018,OI,14.4,
26,001,Sonora,Aconchi,2018,OI,9.5,4.1
26,003,Sonora,Álamos,2018,OI,6.0,5.7
26,004,Sonora,Altar,2018,OI,7.2,
26,006,Sonora,Arizpe,2018,OI,-0.5,-0.7
26,010,Sonora,Bacerac,2018,OI,0.8,1.6
26,013,Sonora,Banámichi,2018,OI,5.4,5.4
26,017,Sonora,Caborca,2018,OI,5.0,2.9
26,018,Sonora,Cajeme,2018,OI,10.2,9.1
26,019,Sonora,Cananea,2018,OI,4.8,2.7
26,021,Sonora,La Colorada,2018,OI,6.8,5.5
26,025,Sonora,Empalme,2018,OI,9.7,10.7
26,029,Sonora,Guaymas,2018,OI,5.2,4.0
26,030,Sonora,Hermosillo,2018,OI,7.3,7.4
26,031,Sonora,Huachinera,2018,OI,0.9,1.2
26,035,Sonora,Imuris,2018,OI,2.3,1.6
26,037,Sonora,Mazatán,2018,OI,7.3,5.5
26,040,Sonora,Nácori Chico,2018,OI,5.4,5.5
26,041,Sonora,Nacozari de García,2018,OI,5.0,2.3
26,042,Sonora,Navojoa,2018,OI,9.5,9.4
26,043,Sonora,Nogales,2018,OI,6.7,4.6
26,045,Sonora,Opodepe,2018,OI,4.7,3.8
26,046,Sonora,Oquitoa,2018,OI,7.3,6.5
26,048,Sonora,Puerto Peñasco,2018,OI,11.9,10.2
26,049,Sonora,Quiriego,2018,OI,6.8,6.0
26,052,Sonora,Sahuaripa,2018,OI,5.0,6.1
26,055,Sonora,San Luis Río Colorado,2018,OI,7.8,7.7
26,056,Sonora,San Miguel de Horcasitas,2018,OI,4.4,3.7
26,061,Sonora,Soyopa,2018,OI,9.5,8.6
26,063,Sonora,Tepache,2018,OI,9.7,7.7
26,064,Sonora,Trincheras,2018,OI,5.7,2.3
26,065,Sonora,Tubutama,2018,OI,5.8,4.7
26,066,Sonora,Ures,2018,OI,8.7,
26,069,Sonora,Yécora,2018,OI,-4.2,-2.1
26,070,Sonora,General Plutarco Elías Calles,2018,OI,5.1,4.7
27,001,Tabasco,Balancán,2018,OI,17.2,18.7
27,002,Tabasco,Cárdenas,2018,OI,16.4,18.8
27,004,Tabasco,Centro,2018,OI,16.4,17.2
27,006,Tabasco,Cunduacán,2018,OI,20.4,19.2
27,007,Tabasco,Emiliano Zapata,2018,OI,18.1,20.0
27,008,Tabasco,Huimanguillo,2018,OI,17.4,
27,008,Veracruz,Huimanguillo,2018,OI,14.9,
27,012,Tabasco,Macuspana,2018,OI,17.1,18.7
27,014,Tabasco,Paraíso,2018,OI,19.2,
27,015,Tabasco,Tacotalpa,2018,OI,16.7,17.8
27,016,Tabasco,Teapa,2018,OI,16.4,18.4
27,017,Chiapas,Tenosique,2018,OI,17.0,
27,017,Tabasco,Tenosique,2018,OI,17.8,19.2
28,001,Tamaulipas,Abasolo,2018,OI,7.9,
28,002,Tamaulipas,Aldama,2018,OI,9.4,
28,003,Tamaulipas,Altamira,2018,OI,12.0,
28,007,Tamaulipas,Camargo,2018,OI,7.0,
28,009,Tamaulipas,Ciudad Madero,2018,OI,12.1,
28,011,Tamaulipas,Gómez Farías,2018,OI,9.2,
28,012,Tamaulipas,González,2018,OI,8.8,
28,013,Tamaulipas,Güémez,2018,OI,6.0,
28,015,Tamaulipas,Gustavo Díaz Ordaz,2018,OI,7.5,
28,016,Tamaulipas,Hidalgo,2018,OI,4.2,
28,017,Tamaulipas,Jaumave,2018,OI,7.6,
28,018,Tamaulipas,Jiménez,2018,OI,8.0,
28,019,Tamaulipas,Llera,2018,OI,6.3,
28,020,Tamaulipas,Mainero,2018,OI,5.1,
28,021,Tamaulipas,El Mante,2018,OI,10.0,
28,022,Tamaulipas,Matamoros,2018,OI,6.7,
28,030,Tamaulipas,Padilla,2018,OI,6.9,
28,032,Tamaulipas,Reynosa,2018,OI,7.0,
28,035,Tamaulipas,San Fernando,2018,OI,7.2,
28,037,Tamaulipas,Soto la Marina,2018,OI,6.6,
28,038,Tamaulipas,Tampico,2018,OI,19.5,
28,040,Tamaulipas,Valle Hermoso,2018,OI,7.2,
28,041,Tamaulipas,Victoria,2018,OI,6.5,
28,043,Tamaulipas,Xicoténcatl,2018,OI,8.5,
29,003,Tlaxcala,Atlangatepec,2018,OI,-2.2,-1.3
29,006,Tlaxcala,Calpulalpan,2018,OI,-2.1,-1.2
29,007,Tlaxcala,El Carmen Tequexquitla,2018,OI,1.9,-0.7
29,008,Tlaxcala,Cuapiaxtla,2018,OI,22.7,1.7
29,013,Tlaxcala,Huamantla,2018,OI,0.6,
29,033,Tlaxcala,Tlaxcala,2018,OI,3.4,
29,037,Tlaxcala,Ziltlaltépec de Trinidad Sánchez Santos,2018,OI,1.1,2.5
29,043,Tlaxcala,Yauhquemehcan,2018,OI,4.2,
29,044,Tlaxcala,Zacatelco,2018,OI,1.6,
30,001,Veracruz,Acajete,2018,OI,2.5,3.5
30,002,Veracruz,Acatlán,2018,OI,8.0,8.9
30,003,Veracruz,Acayucan,2018,OI,15.3,
30,004,Veracruz,Actopan,2018,OI,14.3,15.4
30,007,Veracruz,Camarón de Tejeda,2018,OI,14.7,17.8
30,009,Veracruz,Alto Lucero de Gutiérrez Barrios,2018,OI,9.5,
30,010,Veracruz,Altotonga,2018,OI,3.4,5.1
30,011,Veracruz,Alvarado,2018,OI,17.6,19.6
30,015,Veracruz,Angel R. Cabada,2018,OI,18.3,17.8
30,016,Veracruz,La Antigua,2018,OI,16.0,17.2
30,017,Veracruz,Apazapan,2018,OI,17.4,16.3
30,024,Veracruz,Tlaltetela,2018,OI,15.3,
30,026,Veracruz,Banderilla,2018,OI,8.5,9.1
30,028,Veracruz,Boca del Río,2018,OI,17.8,20.0
30,032,Veracruz,Catemaco,2018,OI,13.7,15.4
30,038,Veracruz,Coatepec,2018,OI,7.3,7.8
30,039,Veracruz,Coatzacoalcos,2018,OI,17.5,19.1
30,045,Oaxaca,Cosamaloapan de Carpio,2018,OI,22.1,20.4
30,046,Veracruz,Cosautlán de Carvajal,2018,OI,20.4,17.3
30,048,Veracruz,Cosoleacaque,2018,OI,21.0,19.3
30,055,Veracruz,Chalma,2018,OI,11.3,
30,061,Veracruz,Las Choapas,2018,OI,14.9,17.2
30,065,Veracruz,Emiliano Zapata,2018,OI,12.3,13.3
30,071,Veracruz,Huatusco,2018,OI,6.3,6.2
30,072,Veracruz,Huayacocotla,2018,OI,3.4,5.7
30,073,Veracruz,Hueyapan de Ocampo,2018,OI,14.7,16.9
30,077,Veracruz,Isla,2018,OI,16.7,18.3
30,087,Veracruz,Xalapa,2018,OI,9.5,10.4
30,089,Veracruz,Jáltipan,2018,OI,17.0,
30,091,Veracruz,Jesús Carranza,2018,OI,16.0,18.6
30,093,Veracruz,Jilotepec,2018,OI,8.6,10.2
30,097,Veracruz,Lerdo de Tejada,2018,OI,16.4,18.9
30,100,Veracruz,Manlio Fabio Altamirano,2018,OI,16.3,18.1
30,101,Veracruz,Mariano Escobedo,2018,OI,0.8,2.0
30,102,Veracruz,Martínez de la Torre,2018,OI,13.4,14.7
30,104,Veracruz,Mecayapan,2018,OI,18.1,17.4
30,105,Veracruz,Medellín de Bravo,2018,OI,12.5,14.6
30,109,Veracruz,Misantla,2018,OI,10.8,13.1
30,112,Veracruz,Naolinco,2018,OI,7.9,9.1
30,118,Veracruz,Orizaba,2018,OI,10.3,12.4
30,119,Oaxaca,Otatitlán,2018,OI,18.3,
30,123,Veracruz,Pánuco,2018,OI,10.7,14.4
30,124,Veracruz,Papantla,2018,OI,11.1,14.8
30,126,Veracruz,Paso de Ovejas,2018,OI,15.5,17.2
30,128,Veracruz,Perote,2018,OI,-1.5,-3.6
30,131,Veracruz,Poza Rica de Hidalgo,2018,OI,13.1,
30,132,Veracruz,Las Vigas de Ramírez,2018,OI,1.2,2.2
30,133,Tamaulipas,Pueblo Viejo,2018,OI,12.5,
30,141,Veracruz,San Andrés Tuxtla,2018,OI,13.8,16.0
30,142,Veracruz,San Juan Evangelista,2018,OI,20.8,
30,143,Veracruz,Santiago Tuxtla,2018,OI,21.2,
30,153,San Luis Potosí,Tancoco,2018,OI,11.7,
30,155,Veracruz,Tantoyuca,2018,OI,11.3,15.1
30,160,Veracruz,Álamo Temapache,2018,OI,11.6,15.0
30,161,Veracruz,Tempoal,2018,OI,10.9,14.8
30,163,Veracruz,Tenochtitlán,2018,OI,13.1,11.8
30,164,Veracruz,Teocelo,2018,OI,9.6,9.6
30,167,Veracruz,Tepetzintla,2018,OI,12.8,17.1
30,169,Veracruz,José Azueta,2018,OI,19.3,19.6
30,174,Veracruz,Tierra Blanca,2018,OI,15.7,16.8
30,175,Veracruz,Tihuatlán,2018,OI,17.1,16.0
30,182,Veracruz,Tlalnelhuayocan,2018,OI,8.6,9.8
30,188,Veracruz,Totutla,2018,OI,8.8,11.2
30,189,Veracruz,Tuxpan,2018,OI,12.5,16.1
30,191,Veracruz,Ursulo Galván,2018,OI,21.7,18.6
30,193,Veracruz,Veracruz,2018,OI,17.7,
30,205,Veracruz,El Higo,2018,OI,11.1,
30,208,Veracruz,Carlos A. Carrillo,2018,OI,21.3,18.9
31,001,Yucatán,Abalá,2018,OI,11.5,12.9
31,010,Yucatán,Cantamayec,2018,OI,18.0,17.6
31,011,Yucatán,Celestún,2018,OI,19.0,
31,013,Yucatán,Conkal,2018,OI,14.0,14.5
31,015,Yucatán,Cuzamá,2018,OI,20.1,16.6
31,016,Yucatán,Chacsinkín,2018,OI,15.1,
31,018,Yucatán,Chapab,2018,OI,15.6,
31,019,Yucatán,Chemax,2018,OI,18.8,17.0
31,022,Yucatán,Chikindzonot,2018,OI,14.0,15.7
31,023,Yucatán,Chocholá,2018,OI,18.0,17.7
31,027,Yucatán,Dzidzantún,2018,OI,17.2,17.2
31,040,Yucatán,Izamal,2018,OI,16.8,16.8
31,044,Yucatán,Kinchil,2018,OI,18.2,
31,050,Yucatán,Mérida,2018,OI,16.1,17.4
31,051,Yucatán,Mocochá,2018,OI,16.1,16.1
31,052,Yucatán,Motul,2018,OI,13.6,16.4
31,053,Yucatán,Muna,2018,OI,15.7,17.1
31,056,Yucatán,Oxkutzcab,2018,OI,11.5,12.9
31,058,Yucatán,Peto,2018,OI,16.7,15.9
31,059,Yucatán,Progreso,2018,OI,18.9,19.7
31,061,Yucatán,Río Lagartos,2018,OI,17.1,18.1
31,079,Yucatán,Tekax,2018,OI,13.9,17.0
31,087,Yucatán,Tetiz,2018,OI,17.5,
31,089,Yucatán,Ticul,2018,OI,14.8,16.2
31,096,Yucatán,Tizimín,2018,OI,15.9,16.8
31,098,Yucatán,Tzucacab,2018,OI,13.3,13.6
31,102,Yucatán,Valladolid,2018,OI,16.4,18.3
32,001,Zacatecas,Apozol,2018,OI,11.5,
32,003,Zacatecas,Atolinga,2018,OI,1.7,1.6
32,005,Zacatecas,Calera,2018,OI,0.6,1.3
32,006,Zacatecas,Cañitas de Felipe Pescador,2018,OI,5.2,
32,008,Zacatecas,Cuauhtémoc,2018,OI,1.6,2.5
32,009,Zacatecas,Chalchihuites,2018,OI,4.1,4.9
32,010,Zacatecas,Fresnillo,2018,OI,1.0,1.5
32,012,Zacatecas,Genaro Codina,2018,OI,-0.7,0.5
32,014,Zacatecas,General Francisco R. Murguía,2018,OI,3.7,2.1
32,015,Zacatecas,El Plateado de Joaquín Amaro,2018,OI,4.8,
32,016,Zacatecas,General Pánfilo Natera,2018,OI,-0.8,-1.3
32,017,Zacatecas,Guadalupe,2018,OI,3.4,5.8
32,018,Zacatecas,Huanusco,2018,OI,7.8,
32,019,Zacatecas,Jalpa,2018,OI,9.7,7.1
32,020,Zacatecas,Jerez,2018,OI,3.3,3.4
32,022,Zacatecas,Juan Aldama,2018,OI,5.9,4.4
32,023,Zacatecas,Juchipila,2018,OI,5.7,4.9
32,024,Zacatecas,Loreto,2018,OI,4.8,2.8
32,025,Zacatecas,Luis Moya,2018,OI,1.8,2.7
32,026,Zacatecas,Mazapil,2018,OI,0.1,3.9
32,028,Zacatecas,Mezquital del Oro,2018,OI,7.4,6.9
32,029,Zacatecas,Miguel Auza,2018,OI,2.3,3.0
32,031,Zacatecas,Monte Escobedo,2018,OI,0.0,-0.2
32,032,Zacatecas,Morelos,2018,OI,2.8,2.8
32,034,Zacatecas,Nochistlán de Mejía,2018,OI,2.2,1.8
32,036,Zacatecas,Ojocaliente,2018,OI,4.7,3.9
32,038,Zacatecas,Pinos,2018,OI,-1.0,0.9
32,039,Zacatecas,Río Grande,2018,OI,0.3,1.0
32,040,Zacatecas,Sain Alto,2018,OI,3.4,1.9
32,042,Zacatecas,Sombrerete,2018,OI,3.9,5.3
32,044,Zacatecas,Tabasco,2018,OI,8.6,8.5
32,045,Zacatecas,Tepechitlán,2018,OI,2.6,2.1
32,047,Zacatecas,Teúl de González Ortega,2018,OI,4.4,-0.2
32,048,Zacatecas,Tlaltenango de Sánchez Román,2018,OI,3.0,1.8
32,049,Jalisco,Valparaíso,2018,OI,3.3,
32,049,Zacatecas,Valparaíso,2018,OI,-1.1,-2.1
32,051,Zacatecas,Villa de Cos,2018,OI,8.4,2.2
32,053,Zacatecas,Villa González Ortega,2018,OI,7.1,2.4
32,054,Zacatecas,Villa Hidalgo,2018,OI,0.1,1.7
32,055,Zacatecas,Villanueva,2018,OI,2.6,1.5
32,056,Zacatecas,Zacatecas,2018,OI,5.1,7.1
32,058,Coahuila,Santa María de la Paz,2018,OI,7.2,
01,001,Aguascalientes,Aguascalientes,2018,PV,3.3,-2.4
01,002,Aguascalientes,Asientos,2018,PV,5.7,1.6
01,003,Aguascalientes,Calvillo,2018,PV,7.6,0.9
01,004,Aguascalientes,Cosío,2018,PV,6.3,0.5
01,005,Aguascalientes,Jesús María,2018,PV,8.6,
01,006,Aguascalientes,Pabellón de Arteaga,2018,PV,10.7,4.4
01,007,Aguascalientes,Rincón de Romos,2018,PV,10.9,5.5
01,008,Aguascalientes,San José de Gracia,2018,PV,11.1,0.7
01,009,Aguascalientes,Tepezalá,2018,PV,11.7,7.0
01,010,Aguascalientes,El Llano,2018,PV,3.2,0.7
02,001,Baja California,Ensenada,2018,PV,9.3,7.1
02,002,Baja California,Mexicali,2018,PV,13.4,7.4
02,003,Baja California,Tecate,2018,PV,3.9,1.1
02,004,Baja California,Tijuana,2018,PV,11.5,8.6
02,006,Baja California,San Quintín,2018,PV,11.2,12.3
02,007,Baja California,San Felipe,2018,PV,18.4,9.9
03,001,Baja California Sur,Comondú,2018,PV,12.3,7.7
03,002,Baja California Sur,Mulegé,2018,PV,8.7,5.2
03,003,Baja California Sur,La Paz,2018,PV,12.9,9.2
03,008,Baja California Sur,Los Cabos,2018,PV,11.0,6.6
03,009,Baja California Sur,Loreto,2018,PV,17.2,12.6
04,002,Campeche,Campeche,2018,PV,21.2,18.6
04,003,Campeche,Carmen,2018,PV,19.6,17.7
04,004,Campeche,Champotón,2018,PV,21.0,17.4
04,005,Campeche,Hecelchakán,2018,PV,19.0,18.2
04,006,Campeche,Hopelchén,2018,PV,19.5,16.4
04,007,Campeche,Palizada,2018,PV,21.2,19.5
04,009,Campeche,Escárcega,2018,PV,22.0,19.2
04,010,Campeche,Calakmul,2018,PV,20.0,
04,011,Campeche,Candelaria,2018,PV,20.8,17.9
04,013,Campeche,Dzitbalché,2018,PV,21.8,
05,002,Coahuila,Acuña,2018,PV,13.0,6.9
05,003,Coahuila,Allende,2018,PV,14.4,7.4
05,004,Coahuila,Arteaga,2018,PV,8.0,2.7
05,005,Coahuila,Candela,2018,PV,16.0,8.6
05,007,Coahuila,Cuatro Ciénegas,2018,PV,15.1,7.2
05,009,Coahuila,Francisco I. Madero,2018,PV,14.8,7.4
05,014,Coahuila,Jiménez,2018,PV,13.0,5.5
05,015,Coahuila,Juárez,2018,PV,15.1,7.6
05,017,Coahuila,Matamoros,2018,PV,15.3,7.5
05,018,Coahuila,Monclova,2018,PV,16.8,10.3
05,020,Coahuila,Múzquiz,2018,PV,6.5,
05,024,Coahuila,Parras,2018,PV,16.7,8.7
05,025,Coahuila,Piedras Negras,2018,PV,15.9,8.9
05,026,Coahuila,Progreso,2018,PV,22.1,5.8
05,027,Coahuila,Ramos Arizpe,2018,PV,13.0,8.4
05,028,Coahuila,Sabinas,2018,PV,15.0,6.1
05,030,Coahuila,Saltillo,2018,PV,11.9,7.4
05,033,Coahuila,San Pedro,2018,PV,15.4,6.7
05,034,Coahuila,Sierra Mojada,2018,PV,14.2,7.0
05,035,Coahuila,Torreón,2018,PV,17.4,4.9
05,035,Durango,Torreón,2018,PV,16.7,
05,038,Coahuila,Zaragoza,2018,PV,13.6,
06,001,Colima,Armería,2018,PV,15.8,17.3
06,002,Colima,Colima,2018,PV,17.8,16.5
06,004,Colima,Coquimatlán,2018,PV,14.9,13.6
06,005,Colima,Cuauhtémoc,2018,PV,16.5,14.4
06,007,Colima,Manzanillo,2018,PV,21.3,18.4
06,009,Colima,Tecomán,2018,PV,15.6,14.9
06,010,Colima,Villa de Álvarez,2018,PV,20.2,
07,001,Chiapas,Acacoyagua,2018,PV,20.0,20.0
07,002,Chiapas,Acala,2018,PV,20.8,15.8
07,004,Chiapas,Altamirano,2018,PV,14.8,
07,005,Chiapas,Amatán,2018,PV,23.1,
07,005,Tabasco,Amatán,2018,PV,22.1,
07,008,Chiapas,Ángel Albino Corzo,2018,PV,17.8,12.9
07,009,Chiapas,Arriaga,2018,PV,22.6,20.3
07,013,Chiapas,Bochil,2018,PV,16.4,
07,015,Chiapas,Cacahoatán,2018,PV,16.1,
07,019,Chiapas,Comitán de Domínguez,2018,PV,14.5,10.9
07,020,Chiapas,La Concordia,2018,PV,16.7,13.6
07,029,Chiapas,Chicoasén,2018,PV,20.3,17.0
07,030,Chiapas,Chicomuselo,2018,PV,17.1,12.6
07,031,Chiapas,Chilón,2018,PV,24.1,
07,032,Chiapas,Escuintla,2018,PV,22.1,19.3
07,034,Chiapas,Frontera Comalapa,2018,PV,17.9,13.7
07,037,Chiapas,Huehuetán,2018,PV,21.9,20.6
07,040,Chiapas,Huixtla,2018,PV,22.1,20.1
07,046,Chiapas,Jiquipilas,2018,PV,21.4,13.1
07,048,Chiapas,Juárez,2018,PV,22.7,
07,049,Chiapas,Larráinzar,2018,PV,21.3,16.4
07,051,Chiapas,Mapastepec,2018,PV,21.8,19.5
07,052,Chiapas,Las Margaritas,2018,PV,15.7,
07,057,Chiapas,Motozintla,2018,PV,14.2,
07,059,Chiapas,Ocosingo,2018,PV,18.9,17.5
07,060,Chiapas,Ocotepec,2018,PV,15.9,
07,061,Chiapas,Ocozocoautla de Espinosa,2018,PV,18.1,
07,062,Chiapas,Ostuacán,2018,PV,19.0,18.2
07,063,Chiapas,Osumacinta,2018,PV,21.5,17.7
07,069,Chiapas,Pijijiapan,2018,PV,23.3,21.9
07,071,Chiapas,Villa Comaltitlán,2018,PV,22.6,20.7
07,072,Chiapas,Pueblo Nuevo Solistahuacán,2018,PV,14.2,
07,077,Chiapas,Salto de Agua,2018,PV,21.6,17.7
07,078,Chiapas,San Cristóbal de las Casas,2018,PV,9.7,6.0
07,080,Chiapas,Siltepec,2018,PV,18.8,
07,086,Chiapas,Suchiapa,2018,PV,20.4,16.9
07,087,Chiapas,Suchiate,2018,PV,22.8,
07,089,Chiapas,Tapachula,2018,PV,18.8,19.1
07,092,Chiapas,Tecpatán,2018,PV,19.6,15.2
07,097,Chiapas,Tonalá,2018,PV,20.2,19.7
07,099,Chiapas,La Trinitaria,2018,PV,15.2,14.1
07,101,Chiapas,Tuxtla Gutiérrez,2018,PV,19.7,17.4
07,102,Chiapas,Tuxtla Chico,2018,PV,23.4,
07,106,Chiapas,Venustiano Carranza,2018,PV,18.5,13.9
07,107,Chiapas,Villa Corzo,2018,PV,19.9,13.5
07,108,Chiapas,Villaflores,2018,PV,15.4,
07,112,Chiapas,San Juan Cancuc,2018,PV,16.8,
07,116,Chiapas,Marqués de Comillas,2018,PV,21.7,
07,123,Chiapas,Emiliano Zapata,2018,PV,20.3,16.3
07,124,Chiapas,Mezcalapa,2018,PV,23.5,20.4
08,002,Chihuahua,Aldama,2018,PV,9.5,5.8
08,006,Chihuahua,Bachíniva,2018,PV,6.5,-0.5
08,007,Chihuahua,Balleza,2018,PV,1.1,-4.5
08,008,Chihuahua,Batopilas de Manuel Gómez Morín,2018,PV,14.3,9.3
08,010,Chihuahua,Buenaventura,2018,PV,8.7,0.4
08,011,Chihuahua,Camargo,2018,PV,12.8,3.7
08,012,Chihuahua,Carichí,2018,PV,4.9,
08,013,Chihuahua,Casas Grandes,2018,PV,9.5,
08,014,Chihuahua,Coronado,2018,PV,9.0,-0.3
08,017,Chihuahua,Cuauhtémoc,2018,PV,8.0,-0.6
08,019,Chihuahua,Chihuahua,2018,PV,9.7,1.3
08,020,Chihuahua,Chínipas,2018,PV,13.8,7.8
08,021,Chihuahua,Delicias,2018,PV,13.2,3.6
08,027,Chihuahua,Guachochi,2018,PV,2.2,-4.3
08,029,Chihuahua,Guadalupe y Calvo,2018,PV,4.9,0.7
08,031,Chihuahua,Guerrero,2018,PV,3.9,-3.0
08,032,Chihuahua,Hidalgo del Parral,2018,PV,13.2,4.6
08,034,Chihuahua,Ignacio Zaragoza,2018,PV,24.9,
08,036,Chihuahua,Jiménez,2018,PV,11.8,1.6
08,037,Chihuahua,Juárez,2018,PV,14.5,3.6
08,040,Chihuahua,Madera,2018,PV,6.0,-0.4
08,041,Chihuahua,Maguarichi,2018,PV,5.7,1.6
08,043,Chihuahua,Matachí,2018,PV,11.1,
08,045,Chihuahua,Meoqui,2018,PV,15.0,
08,047,Chihuahua,Moris,2018,PV,17.3,
08,050,Chihuahua,Nuevo Casas Grandes,2018,PV,9.4,1.4
08,051,Chihuahua,Ocampo,2018,PV,1.6,-2.7
08,052,Chihuahua,Ojinaga,2018,PV,12.1,1.5
08,055,Chihuahua,Rosales,2018,PV,12.2,4.0
08,058,Chihuahua,San Francisco de Conchos,2018,PV,13.1,0.3
08,061,Chihuahua,Satevó,2018,PV,13.5,
08,063,Chihuahua,Temósachic,2018,PV,2.1,-3.6
08,065,Chihuahua,Urique,2018,PV,16.3,9.7
08,065,Sinaloa,Urique,2018,PV,15.7,
08,067,Chihuahua,Valle de Zaragoza,2018,PV,10.6,1.7
09,002,Ciudad de México,Azcapotzalco,2018,PV,11.9,8.5
09,003,Ciudad de México,Coyoacán,2018,PV,11.5,
09,004,Ciudad de México,Cuajimalpa de Morelos,2018,PV,13.4,8.0
09,005,Ciudad de México,Gustavo A. Madero,2018,PV,9.4,3.9
09,006,Ciudad de México,Iztacalco,2018,PV,15.6,
09,007,Ciudad de México,Iztapalapa,2018,PV,12.1,9.7
09,010,Ciudad de México,Álvaro Obregón,2018,PV,12.9,8.4
09,010,Estado de México,Álvaro Obregón,2018,PV,6.1,
09,012,Ciudad de México,Tlalpan,2018,PV,7.8,-1.0
09,013,Ciudad de México,Xochimilco,2018,PV,12.3,6.5
09,014,Ciudad de México,Benito Juárez,2018,PV,11.9,9.5
09,015,Ciudad de México,Cuauhtémoc,2018,PV,12.0,10.2
09,016,Ciudad de México,Miguel Hidalgo,2018,PV,8.8,8.3
09,016,Estado de México,Miguel Hidalgo,2018,PV,7.8,
10,001,Durango,Canatlán,2018,PV,7.9,1.7
10,004,Durango,Cuencamé,2018,PV,14.4,8.8
10,005,Durango,Durango,2018,PV,8.0,-5.1
10,006,Durango,General Simón Bolívar,2018,PV,12.0,
10,008,Durango,Guadalupe Victoria,2018,PV,12.8,3.2
10,009,Durango,Guanaceví,2018,PV,-6.0,-9.7
10,010,Durango,Hidalgo,2018,PV,12.6,0.8
10,011,Durango,Indé,2018,PV,9.3,3.7
10,012,Durango,Lerdo,2018,PV,15.9,8.6
10,013,Durango,Mapimí,2018,PV,5.6,1.3
10,015,Durango,Nazas,2018,PV,10.2,1.4
10,017,Durango,Ocampo,2018,PV,6.9,-0.3
10,018,Durango,El Oro,2018,PV,9.2,-0.5
10,019,Durango,Otáez,2018,PV,19.2,
10,020,Durango,Pánuco de Coronado,2018,PV,11.6,1.1
10,022,Durango,Poanas,2018,PV,8.0,2.7
10,024,Durango,Rodeo,2018,PV,13.6,4.8
10,025,Durango,San Bernardo,2018,PV,1.8,-2.6
10,026,Durango,San Dimas,2018,PV,12.9,
10,027,Durango,San Juan de Guadalupe,2018,PV,16.2,5.9
10,030,Durango,San Pedro del Gallo,2018,PV,10.6,3.4
10,031,Durango,Santa Clara,2018,PV,13.6,0.9
10,031,Zacatecas,Santa Clara,2018,PV,14.0,
10,032,Durango,Santiago Papasquiaro,2018,PV,7.3,0.9
10,033,Durango,Súchil,2018,PV,10.0,3.9
10,034,Durango,Tamazula,2018,PV,20.6,12.0
10,035,Durango,Tepehuanes,2018,PV,8.5,
10,035,Sinaloa,Tepehuanes,2018,PV,12.9,
10,036,Durango,Tlahualilo,2018,PV,13.9,5.0
11,001,Guanajuato,Abasolo,2018,PV,15.0,8.4
11,002,Guanajuato,Acámbaro,2018,PV,12.6,5.6
11,003,Guanajuato,San Miguel de Allende,2018,PV,9.3,2.4
11,004,Guanajuato,Apaseo el Alto,2018,PV,13.2,7.2
11,005,Guanajuato,Apaseo el Grande,2018,PV,11.2,4.5
11,007,Guanajuato,Celaya,2018,PV,12.5,5.4
11,008,Guanajuato,Manuel Doblado,2018,PV,11.0,2.8
11,010,Guanajuato,Coroneo,2018,PV,6.3,0.2
11,011,Guanajuato,Cortazar,2018,PV,10.3,3.5
11,012,Guanajuato,Cuerámaro,2018,PV,14.4,6.9
11,014,Guanajuato,Dolores Hidalgo Cuna de la Independencia Nacional,2018,PV,9.4,3.0
11,015,Guanajuato,Guanajuato,2018,PV,11.0,4.4
11,017,Guanajuato,Irapuato,2018,PV,11.1,3.8
11,018,Guanajuato,Jaral del Progreso,2018,PV,10.7,4.2
11,019,Guanajuato,Jerécuaro,2018,PV,10.2,4.2
11,020,Guanajuato,León,2018,PV,10.6,6.5
11,022,Guanajuato,Ocampo,2018,PV,8.9,2.9
11,023,Guanajuato,Pénjamo,2018,PV,10.7,4.1
11,027,Guanajuato,Salamanca,2018,PV,10.7,4.8
11,028,Guanajuato,Salvatierra,2018,PV,11.3,3.5
11,029,Jalisco,San Diego de la Unión,2018,PV,6.0,
11,030,Guanajuato,San Felipe,2018,PV,7.3,0.3
11,031,Guanajuato,San Francisco del Rincón,2018,PV,11.3,
11,033,Guanajuato,San Luis de la Paz,2018,PV,8.0,1.9
11,037,Guanajuato,Silao de la Victoria,2018,PV,10.4,4.4
11,039,Guanajuato,Tarimoro,2018,PV,13.0,6.5
11,042,Guanajuato,Valle de Santiago,2018,PV,12.5,6.2
11,042,Michoacán,Valle de Santiago,2018,PV,10.7,
11,043,Guanajuato,Victoria,2018,PV,9.6,
11,045,Guanajuato,Xichú,2018,PV,15.4,8.0
11,046,Guanajuato,Yuriria,2018,PV,11.3,
12,001,Guerrero,Acapulco de Juárez,2018,PV,18.4,20.4
12,003,Guerrero,Ajuchitlán del Progreso,2018,PV,17.6,16.6
12,005,Guerrero,Alpoyeca,2018,PV,17.5,12.6
12,007,Guerrero,Arcelia,2018,PV,18.5,
12,008,Guerrero,Atenango del Río,2018,PV,20.1,
12,010,Guerrero,Atlixtac,2018,PV,12.7,
12,011,Guerrero,Atoyac de Álvarez,2018,PV,20.0,19.6
12,012,Guerrero,Ayutla de los Libres,2018,PV,19.4,16.7
12,014,Guerrero,Benito Juárez,2018,PV,21.9,19.8
12,015,Guerrero,Buenavista de Cuéllar,2018,PV,15.0,12.0
12,021,Guerrero,Coyuca de Benítez,2018,PV,19.8,18.6
12,022,Guerrero,Coyuca de Catalán,2018,PV,15.7,
12,023,Guerrero,Cuajinicuilapa,2018,PV,22.9,20.0
12,027,Guerrero,Cutzamala de Pinzón,2018,PV,20.4,
12,028,Guerrero,Chilapa de Álvarez,2018,PV,14.8,10.7
12,029,Guerrero,Chilpancingo de los Bravo,2018,PV,14.5,9.6
12,032,Guerrero,General Heliodoro Castillo,2018,PV,8.4,
12,034,Guerrero,Huitzuco de los Figueroa,2018,PV,16.1,11.7
12,035,Guerrero,Iguala de la Independencia,2018,PV,20.1,14.5
12,036,Guerrero,Igualapa,2018,PV,19.8,17.4
12,038,Guerrero,Zihuatanejo de Azueta,2018,PV,21.5,18.3
12,039,Guerrero,Juan R. Escudero,2018,PV,21.3,19.1
12,040,Guerrero,Leonardo Bravo,2018,PV,13.8,10.0
12,044,Guerrero,Mochitlán,2018,PV,18.3,14.9
12,045,Guerrero,Olinalá,2018,PV,16.5,10.1
12,046,Guerrero,Ometepec,2018,PV,15.0,
12,047,Morelos,Pedro Ascencio Alquisiras,2018,PV,18.6,
12,050,Guerrero,Pungarabato,2018,PV,22.0,17.4
12,053,Guerrero,San Marcos,2018,PV,12.4,11.7
12,055,Guerrero,Taxco de Alarcón,2018,PV,14.2,12.7
12,057,Guerrero,Técpan de Galeana,2018,PV,21.2,20.4
12,059,Guerrero,Tepecoacuilco de Trujano,2018,PV,15.5,
12,061,Guerrero,Tixtla de Guerrero,2018,PV,14.0,11.1
12,066,Guerrero,Tlapa de Comonfort,2018,PV,17.9,11.9
12,068,Michoacán,La Unión de Isidoro Montes de Oca,2018,PV,24.5,21.2
12,070,Guerrero,Xochihuehuetlán,2018,PV,16.1,10.2
12,073,Guerrero,Zirándaro,2018,PV,16.7,13.6
12,082,Guerrero,Las Vigas,2018,PV,17.4,14.8
13,001,Hidalgo,Acatlán,2018,PV,9.9,
13,002,Hidalgo,Acaxochitlán,2018,PV,9.8,
13,003,Hidalgo,Actopan,2018,PV,9.9,3.6
13,006,Hidalgo,Alfajayucan,2018,PV,11.0,6.2
13,007,Hidalgo,Almoloya,2018,PV,4.7,
13,008,Hidalgo,Apan,2018,PV,5.2,
13,011,Hidalgo,Atlapexco,2018,PV,20.3,15.4
13,012,Hidalgo,Atotonilco el Grande,2018,PV,10.9,
13,013,Hidalgo,Atotonilco de Tula,2018,PV,9.0,4.3
13,016,Hidalgo,Cuautepec de Hinojosa,2018,PV,6.7,2.3
13,019,Hidalgo,Chilcuautla,2018,PV,12.0,5.3
13,028,Hidalgo,Huejutla de Reyes,2018,PV,18.9,15.0
13,029,Hidalgo,Huichapan,2018,PV,9.8,5.4
13,030,Hidalgo,Ixmiquilpan,2018,PV,12.5,5.5
13,036,Hidalgo,San Agustín Metzquititlán,2018,PV,-0.7,
13,037,Hidalgo,Metztitlán,2018,PV,20.7,10.1
13,041,Hidalgo,Mixquiahuala de Juárez,2018,PV,11.1,
13,046,Hidalgo,San Felipe Orizatlán,2018,PV,19.5,15.2
13,048,Hidalgo,Pachuca de Soto,2018,PV,10.3,4.1
13,051,Hidalgo,Mineral de la Reforma,2018,PV,10.5,
13,061,Hidalgo,Tepeapulco,2018,PV,4.8,
13,063,Hidalgo,Tepeji del Río de Ocampo,2018,PV,6.6,
13,064,Hidalgo,Tepetitlán,2018,PV,10.7,4.9
13,073,Hidalgo,Tlanchinol,2018,PV,18.2,
13,077,Hidalgo,Tulancingo de Bravo,2018,PV,10.2,6.6
13,081,Hidalgo,Zacualtipán de Ángeles,2018,PV,10.7,5.9
13,082,Hidalgo,Zapotlán de Juárez,2018,PV,5.8,
13,084,Hidalgo,Zimapán,2018,PV,12.7,7.7
14,002,Jalisco,Acatlán de Juárez,2018,PV,13.9,
14,006,Jalisco,Ameca,2018,PV,10.3,
14,013,Jalisco,Atotonilco el Alto,2018,PV,12.5,
14,017,Jalisco,Ayutla,2018,PV,15.5,7.3
14,019,Jalisco,Bolaños,2018,PV,17.2,9.3
14,022,Jalisco,Cihuatlán,2018,PV,20.2,18.1
14,023,Jalisco,Zapotlán el Grande,2018,PV,11.3,6.3
14,025,Jalisco,Colotlán,2018,PV,8.9,3.1
14,030,Jalisco,Chapala,2018,PV,10.9,12.6
14,033,Jalisco,Degollado,2018,PV,12.9,8.4
14,039,Jalisco,Guadalajara,2018,PV,11.7,7.7
14,041,Zacatecas,Huejúcar,2018,PV,7.6,
14,046,Jalisco,Jalostotitlán,2018,PV,6.1,-2.4
14,047,Jalisco,Jamay,2018,PV,10.3,3.6
14,049,Jalisco,Jilotlán de los Dolores,2018,PV,21.5,17.3
14,049,Michoacán,Jilotlán de los Dolores,2018,PV,21.8,
14,051,Jalisco,Juanacatlán,2018,PV,15.2,6.2
14,053,Jalisco,Lagos de Moreno,2018,PV,7.1,1.3
14,054,Jalisco,El Limón,2018,PV,11.6,12.4
14,058,Jalisco,Mascota,2018,PV,14.5,
14,061,Jalisco,Mezquitic,2018,PV,15.9,1.8
14,065,Jalisco,Pihuamo,2018,PV,21.0,14.0
14,067,Nayarit,Puerto Vallarta,2018,PV,14.9,
14,070,Jalisco,El Salto,2018,PV,16.9,10.4
14,071,Jalisco,San Cristóbal de la Barranca,2018,PV,15.9,8.5
14,081,Jalisco,Santa María de los Ángeles,2018,PV,9.5,2.0
14,083,Jalisco,Tala,2018,PV,6.7,
14,091,Jalisco,Teocaltiche,2018,PV,11.4,0.1
14,095,Jalisco,Teuchitlán,2018,PV,17.0,5.4
14,097,Jalisco,Tlajomulco de Zúñiga,2018,PV,16.3,
14,098,Jalisco,San Pedro Tlaquepaque,2018,PV,15.0,9.1
14,100,Jalisco,Tomatlán,2018,PV,19.0,18.2
14,111,Jalisco,Valle de Guadalupe,2018,PV,16.4,
14,118,Jalisco,Yahualica de González Gallo,2018,PV,8.7,
14,120,Jalisco,Zapopan,2018,PV,12.0,7.1
15,002,Estado de México,Acolman,2018,PV,8.5,1.9
15,003,Estado de México,Aculco,2018,PV,5.2,0.0
15,003,Querétaro,Aculco,2018,PV,10.1,5.0
15,005,Ciudad de México,Almoloya de Juárez,2018,PV,11.5,
15,005,Estado de México,Almoloya de Juárez,2018,PV,3.3,-4.1
15,009,Estado de México,Amecameca,2018,PV,2.1,
15,011,Estado de México,Atenco,2018,PV,8.9,4.7
15,013,Estado de México,Atizapán de Zaragoza,2018,PV,9.8,4.6
15,014,Estado de México,Atlacomulco,2018,PV,3.5,-1.1
15,030,Estado de México,Chiconcuac,2018,PV,11.7,
15,033,Estado de México,Ecatepec de Morelos,2018,PV,8.2,5.0
15,042,Estado de México,Ixtlahuaca,2018,PV,5.7,-1.8
15,045,Estado de México,Jilotepec,2018,PV,5.1,0.8
15,047,Estado de México,Jiquipilco,2018,PV,5.9,
15,052,Estado de México,Malinalco,2018,PV,16.1,
15,052,Morelos,Malinalco,2018,PV,15.9,
15,057,Estado de México,Naucalpan de Juárez,2018,PV,3.0,2.0
15,060,Estado de México,Nicolás Romero,2018,PV,12.0,
15,063,Estado de México,Ocuilan,2018,PV,9.6,
15,066,Estado de México,Otzoloapan,2018,PV,7.6,
15,074,Estado de México,San Felipe del Progreso,2018,PV,6.4,0.0
15,083,Estado de México,Temamatla,2018,PV,9.0,2.3
15,087,Estado de México,Temoaya,2018,PV,6.8,-3.8
15,091,Estado de México,Teoloyucan,2018,PV,6.6,1.0
15,095,Estado de México,Tepotzotlán,2018,PV,8.8,2.0
15,096,Estado de México,Tequixquiac,2018,PV,5.9,0.9
15,097,Estado de México,Texcaltitlán,2018,PV,7.5,3.0
15,099,Estado de México,Texcoco,2018,PV,6.0,3.3
15,100,Estado de México,Tezoyuca,2018,PV,12.0,7.0
15,101,Estado de México,Tianguistenco,2018,PV,5.7,-1.2
15,102,Estado de México,Timilpan,2018,PV,4.3,
15,104,Ciudad de México,Tlalnepantla de Baz,2018,PV,11.1,
15,104,Estado de México,Tlalnepantla de Baz,2018,PV,10.9,8.4
15,105,Guerrero,Tlatlaya,2018,PV,16.7,
15,106,Estado de México,Toluca,2018,PV,3.4,-1.4
15,109,Estado de México,Tultitlán,2018,PV,13.0,6.9
15,110,Estado de México,Valle de Bravo,2018,PV,3.5,
15,112,Hidalgo,Villa del Carbón,2018,PV,8.2,
15,118,Estado de México,Zinacantepec,2018,PV,4.0,1.1
15,119,Estado de México,Zumpahuacán,2018,PV,10.2,
16,002,Michoacán,Aguililla,2018,PV,17.4,
16,004,Michoacán,Angamacutiro,2018,PV,11.2,4.2
16,006,Michoacán,Apatzingán,2018,PV,20.5,15.3
16,010,Michoacán,Arteaga,2018,PV,18.7,18.9
16,011,Michoacán,Briseñas,2018,PV,10.3,
16,012,Michoacán,Buenavista,2018,PV,20.6,
16,015,Colima,Coalcomán de Vázquez Pallares,2018,PV,16.4,
16,017,Michoacán,Contepec,2018,PV,9.7,5.6
16,019,Michoacán,Cotija,2018,PV,11.1,6.0
16,034,Michoacán,Hidalgo,2018,PV,4.5,2.7
16,035,Michoacán,La Huacana,2018,PV,19.6,14.2
16,038,Michoacán,Huetamo,2018,PV,19.3,13.1
16,039,Michoacán,Huiramba,2018,PV,8.4,1.5
16,042,Michoacán,Ixtlán,2018,PV,14.0,6.7
16,043,Michoacán,Jacona,2018,PV,13.0,6.5
16,044,Michoacán,Jiménez,2018,PV,11.5,5.4
16,045,Michoacán,Jiquilpan,2018,PV,12.1,
16,049,Michoacán,Madero,2018,PV,12.1,4.1
16,050,Michoacán,Maravatío,2018,PV,8.7,2.7
16,052,Michoacán,Lázaro Cárdenas,2018,PV,8.8,
16,053,Michoacán,Morelia,2018,PV,9.8,4.5
16,064,Michoacán,Parácuaro,2018,PV,18.7,
16,067,Michoacán,Penjamillo,2018,PV,12.0,5.3
16,069,Michoacán,La Piedad,2018,PV,11.5,4.3
16,072,Michoacán,Queréndaro,2018,PV,11.8,3.1
16,076,Michoacán,Sahuayo,2018,PV,11.8,5.1
16,080,Michoacán,Senguio,2018,PV,10.7,3.5
16,085,Michoacán,Tangancícuaro,2018,PV,10.6,1.6
16,086,Michoacán,Tanhuato,2018,PV,13.8,
16,089,Michoacán,Tepalcatepec,2018,PV,19.2,14.2
16,101,Michoacán,Tzitzio,2018,PV,6.0,
16,102,Michoacán,Uruapan,2018,PV,15.3,8.9
16,103,Michoacán,Venustiano Carranza,2018,PV,15.0,8.6
16,104,Michoacán,Villamar,2018,PV,11.2,6.0
16,105,Michoacán,Vista Hermosa,2018,PV,9.4,5.8
16,106,Michoacán,Yurécuaro,2018,PV,13.4,4.3
16,107,Michoacán,Zacapu,2018,PV,12.0,5.4
16,108,Michoacán,Zamora,2018,PV,8.1,5.2
16,109,Michoacán,Zináparo,2018,PV,9.2,2.6
16,110,Michoacán,Zinapécuaro,2018,PV,9.0,
16,113,Michoacán,José Sixto Verduzco,2018,PV,10.4,3.8
17,001,Morelos,Amacuzac,2018,PV,13.5,7.7
17,002,Morelos,Atlatlahucan,2018,PV,13.9,12.5
17,003,Morelos,Axochiapan,2018,PV,17.1,
17,004,Morelos,Ayala,2018,PV,17.1,10.5
17,006,Morelos,Cuautla,2018,PV,15.0,10.3
17,007,Morelos,Cuernavaca,2018,PV,14.9,12.1
17,008,Morelos,Emiliano Zapata,2018,PV,12.6,11.4
17,009,Morelos,Huitzilac,2018,PV,8.6,1.3
17,011,Morelos,Jiutepec,2018,PV,15.5,12.8
17,012,Morelos,Jojutla,2018,PV,18.2,10.5
17,013,Morelos,Jonacatepec de Leandro Valle,2018,PV,15.4,9.1
17,015,Morelos,Miacatlán,2018,PV,6.0,14.1
17,016,Morelos,Ocuituco,2018,PV,10.3,4.6
17,017,Morelos,Puente de Ixtla,2018,PV,18.0,9.0
17,018,Morelos,Temixco,2018,PV,15.5,13.7
17,019,Morelos,Tepalcingo,2018,PV,18.0,11.5
17,021,Morelos,Tetecala,2018,PV,6.1,9.3
17,023,Morelos,Tlalnepantla,2018,PV,7.0,3.1
17,024,Morelos,Tlaltizapán de Zapata,2018,PV,12.8,9.8
17,025,Morelos,Tlaquiltenango,2018,PV,16.0,8.3
17,027,Morelos,Totolapan,2018,PV,13.5,10.3
17,028,Morelos,Xochitepec,2018,PV,16.6,11.7
17,029,Morelos,Yautepec,2018,PV,16.2,9.8
17,030,Morelos,Yecapixtla,2018,PV,13.3,9.3
17,031,Morelos,Zacatepec,2018,PV,17.4,9.8
17,032,Morelos,Zacualpan de Amilpas,2018,PV,12.2,9.1
17,033,Morelos,Temoac,2018,PV,14.9,
18,001,Nayarit,Acaponeta,2018,PV,14.6,13.0
18,009,Nayarit,Del Nayar,2018,PV,20.3,12.0
18,010,Nayarit,Rosamorada,2018,PV,14.1,12.9
18,011,Nayarit,Ruíz,2018,PV,21.5,14.2
18,015,Nayarit,Santiago Ixcuintla,2018,PV,14.8,15.9
18,017,Nayarit,Tepic,2018,PV,15.0,12.4
18,020,Nayarit,Bahía de Banderas,2018,PV,22.4,14.6
19,003,Nuevo León,Los Aldamas,2018,PV,24.2,9.7
19,004,Nuevo León,Allende,2018,PV,15.6,7.2
19,005,Nuevo León,Anáhuac,2018,PV,15.5,9.3
19,007,Nuevo León,Aramberri,2018,PV,9.0,2.7
19,008,Nuevo León,Bustamante,2018,PV,13.5,
19,011,Nuevo León,Cerralvo,2018,PV,14.5,9.5
19,012,Nuevo León,Ciénega de Flores,2018,PV,14.7,7.2
19,013,Nuevo León,China,2018,PV,22.7,
19,014,Nuevo León,Doctor Arroyo,2018,PV,12.0,6.4
19,015,Nuevo León,Doctor Coss,2018,PV,17.4,
19,017,Nuevo León,Galeana,2018,PV,5.8,-0.5
19,021,Nuevo León,General Escobedo,2018,PV,16.3,10.3
19,024,Nuevo León,General Zaragoza,2018,PV,12.1,7.0
19,026,Nuevo León,Guadalupe,2018,PV,16.3,11.0
19,028,Nuevo León,Higueras,2018,PV,15.0,8.7
19,033,Nuevo León,Linares,2018,PV,15.3,7.8
19,036,Nuevo León,Mier y Noriega,2018,PV,14.6,7.4
19,038,Nuevo León,Montemorelos,2018,PV,15.6,8.5
19,039,Nuevo León,Monterrey,2018,PV,20.1,6.5
19,042,Nuevo León,Los Ramones,2018,PV,16.0,8.1
19,046,Nuevo León,San Nicolás de los Garza,2018,PV,16.5,11.0
19,049,Nuevo León,Santiago,2018,PV,13.5,8.5
20,011,Oaxaca,Calihualá,2018,PV,14.9,7.7
20,014,Oaxaca,Ciudad Ixtepec,2018,PV,23.1,21.2
20,039,Oaxaca,Heroica Ciudad de Huajuapan de León,2018,PV,12.4,5.1
20,043,Oaxaca,Heroica Ciudad de Juchitán de Zaragoza,2018,PV,24.4,21.4
20,052,Oaxaca,Magdalena Tequisistlán,2018,PV,20.5,15.0
20,067,Oaxaca,Oaxaca de Juárez,2018,PV,14.1,9.0
20,073,Oaxaca,Putla Villa de Guerrero,2018,PV,10.8,8.0
20,079,Oaxaca,Salina Cruz,2018,PV,24.6,23.7
20,083,Oaxaca,San Agustín de las Juntas,2018,PV,14.4,9.2
20,105,Oaxaca,San Antonino Monte Verde,2018,PV,13.0,
20,136,Oaxaca,San Felipe Usila,2018,PV,18.9,14.7
20,173,Oaxaca,San Juan Atepec,2018,PV,10.9,7.3
20,184,Oaxaca,San Juan Bautista Tuxtepec,2018,PV,20.5,17.6
20,221,Oaxaca,San Juan Teposcolula,2018,PV,8.7,
20,228,Oaxaca,San Lorenzo Cuaunecuiltitla,2018,PV,11.3,9.2
20,237,Oaxaca,San Marcos Arteaga,2018,PV,11.2,3.8
20,262,Oaxaca,San Miguel Amatlán,2018,PV,5.4,3.5
20,278,Oaxaca,San Miguel Soyaltepec,2018,PV,21.5,18.8
20,307,Oaxaca,San Pedro Huamelula,2018,PV,22.0,
20,324,Oaxaca,San Pedro Pochutla,2018,PV,23.8,21.6
20,327,Oaxaca,San Pedro Tapanatepec,2018,PV,22.8,18.5
20,357,Oaxaca,Santa Ana Tavela,2018,PV,18.6,12.2
20,363,Oaxaca,Santa Catarina Ixtepeji,2018,PV,10.8,6.5
20,390,Oaxaca,Santa Lucía del Camino,2018,PV,13.8,
20,397,Oaxaca,Heroica Ciudad de Tlaxiaco,2018,PV,11.3,
20,417,Oaxaca,Santa María Jacatepec,2018,PV,21.0,18.5
20,418,Oaxaca,Santa María Jalapa del Marqués,2018,PV,23.1,16.3
20,421,Oaxaca,Santa María Mixtequilla,2018,PV,21.3,
20,439,Oaxaca,Santa María Tonameca,2018,PV,16.1,16.0
20,457,Oaxaca,Santiago Camotlán,2018,PV,20.7,
20,459,Oaxaca,Villa de Santiago Chazumba,2018,PV,13.3,7.0
20,468,Oaxaca,Santiago Jocotepec,2018,PV,21.4,17.7
20,478,Oaxaca,Santiago Nacaltepec,2018,PV,10.4,6.8
20,498,Oaxaca,Santiago Yaveo,2018,PV,20.9,17.0
20,502,Oaxaca,Santiago Zacatepec,2018,PV,18.0,14.0
20,525,Oaxaca,Santo Domingo Zanatepec,2018,PV,21.1,14.9
20,537,Oaxaca,Silacayoápam,2018,PV,14.0,
20,547,Oaxaca,Teotongo,2018,PV,9.5,3.7
20,549,Oaxaca,"Heroica Villa Tezoatlán de Segura y Luna, Cuna de la Independencia de Oaxaca",2018,PV,12.4,
20,559,Oaxaca,San Juan Bautista Valle Nacional,2018,PV,20.2,16.2
20,559,Puebla,San Juan Bautista Valle Nacional,2018,PV,20.3,
20,567,Oaxaca,Zapotitlán Lagunas,2018,PV,14.7,11.0
20,568,Oaxaca,Zapotitlán Palmas,2018,PV,5.9,10.2
21,001,Puebla,Acajete,2018,PV,8.1,3.0
21,003,Puebla,Acatlán,2018,PV,16.6,10.6
21,008,Puebla,Ahuazotepec,2018,PV,5.9,1.5
21,015,Puebla,Amozoc,2018,PV,8.8,5.1
21,016,Puebla,Aquixtla,2018,PV,11.8,
21,019,Puebla,Atlixco,2018,PV,12.1,8.1
21,023,Puebla,Atzitzintla,2018,PV,4.0,3.0
21,025,Puebla,Ayotoxco de Guerrero,2018,PV,19.3,16.3
21,026,Puebla,Calpan,2018,PV,8.9,3.6
21,031,Puebla,Coatzingo,2018,PV,15.8,9.1
21,043,Puebla,Cuetzalan del Progreso,2018,PV,11.2,10.2
21,045,Puebla,Chalchicomula de Sesma,2018,PV,7.0,2.7
21,047,Puebla,Chiautla,2018,PV,15.3,
21,051,Puebla,Chietla,2018,PV,16.6,11.5
21,053,Puebla,Chignahuapan,2018,PV,5.4,1.1
21,059,Puebla,Chinantla,2018,PV,16.2,9.9
21,069,Puebla,Huaquechula,2018,PV,14.5,10.0
21,071,Puebla,Huauchinango,2018,PV,12.5,9.2
21,083,Puebla,Ixtacamaxtitlán,2018,PV,7.0,1.4
21,085,Puebla,Izúcar de Matamoros,2018,PV,17.3,13.2
21,086,Puebla,Jalpan,2018,PV,19.6,14.8
21,091,Puebla,Juan Galindo,2018,PV,16.4,
21,094,Puebla,Libres,2018,PV,8.7,3.7
21,098,Puebla,Molcaxac,2018,PV,4.5,3.8
21,106,Puebla,Ocoyucan,2018,PV,6.0,5.5
21,108,Puebla,Oriental,2018,PV,10.7,7.9
21,108,Tlaxcala,Oriental,2018,PV,6.6,
21,114,Puebla,Puebla,2018,PV,5.6,3.8
21,128,Tlaxcala,San José Chiapa,2018,PV,6.1,
21,140,Puebla,San Pedro Cholula,2018,PV,10.8,5.4
21,145,Puebla,San Sebastián Tlacotepec,2018,PV,18.8,15.0
21,146,Puebla,Santa Catarina Tlaltempan,2018,PV,11.2,
21,153,Puebla,Tecali de Herrera,2018,PV,8.8,4.0
21,154,Puebla,Tecamachalco,2018,PV,10.7,4.1
21,156,Puebla,Tehuacán,2018,PV,11.3,5.6
21,157,Puebla,Tehuitzingo,2018,PV,17.1,
21,160,Puebla,Teotlalco,2018,PV,14.3,8.6
21,162,Puebla,Tepango de Rodríguez,2018,PV,9.8,5.6
21,170,Puebla,Tepeyahualco,2018,PV,6.7,-1.0
21,170,Veracruz,Tepeyahualco,2018,PV,4.1,
21,172,Puebla,Tetela de Ocampo,2018,PV,10.3,5.9
21,174,Puebla,Teziutlán,2018,PV,11.3,8.1
21,180,Puebla,Tlahuapan,2018,PV,8.5,4.6
21,183,Puebla,Tlaola,2018,PV,8.4,
21,184,Puebla,Tlapacoya,2018,PV,7.9,4.9
21,185,Puebla,Tlapanalá,2018,PV,16.6,
21,186,Puebla,Tlatlauquitepec,2018,PV,5.6,1.5
21,187,Puebla,Tlaxco,2018,PV,12.4,14.7
21,193,Puebla,Tzicatlacoyan,2018,PV,9.0,3.0
21,194,Puebla,Venustiano Carranza,2018,PV,12.2,15.3
21,197,Puebla,Xicotepec,2018,PV,10.9,11.8
21,198,Puebla,Xicotlán,2018,PV,13.7,9.7
21,200,Puebla,Xochiapulco,2018,PV,11.1,
21,207,Puebla,Zacapoaxtla,2018,PV,10.6,7.6
21,208,Puebla,Zacatlán,2018,PV,5.1,
21,217,Puebla,Zoquitlán,2018,PV,10.1,9.6
22,006,Querétaro,Corregidora,2018,PV,13.5,4.8
22,008,Querétaro,Huimilpan,2018,PV,12.8,
22,009,Querétaro,Jalpan de Serra,2018,PV,18.1,11.0
22,011,Querétaro,El Marqués,2018,PV,12.2,3.6
22,013,Querétaro,Peñamiller,2018,PV,16.4,9.5
22,014,Querétaro,Querétaro,2018,PV,13.0,6.4
22,016,Querétaro,San Juan del Río,2018,PV,12.6,6.3
23,001,Quintana Roo,Cozumel,2018,PV,25.5,22.7
23,002,Quintana Roo,Felipe Carrillo Puerto,2018,PV,20.3,17.6
23,004,Quintana Roo,Othón P. Blanco,2018,PV,21.1,18.6
23,005,Quintana Roo,Benito Juárez,2018,PV,23.7,22.4
23,007,Quintana Roo,Lázaro Cárdenas,2018,PV,23.3,
23,008,Quintana Roo,Solidaridad,2018,PV,22.4,20.1
23,009,Quintana Roo,Tulum,2018,PV,21.0,
24,003,San Luis Potosí,Aquismón,2018,PV,18.3,12.9
24,008,San Luis Potosí,Cerritos,2018,PV,11.5,
24,013,San Luis Potosí,Ciudad Valles,2018,PV,19.1,14.1
24,016,San Luis Potosí,Ebano,2018,PV,18.6,13.9
24,020,San Luis Potosí,Matehuala,2018,PV,11.6,6.1
24,024,San Luis Potosí,Rioverde,2018,PV,11.3,10.4
24,025,San Luis Potosí,Salinas,2018,PV,14.0,
24,027,San Luis Potosí,San Ciro de Acosta,2018,PV,16.0,10.4
24,028,San Luis Potosí,San Luis Potosí,2018,PV,11.1,4.7
24,034,San Luis Potosí,San Vicente Tancuayalab,2018,PV,19.9,14.9
24,037,San Luis Potosí,Tamazunchale,2018,PV,19.1,14.6
24,040,San Luis Potosí,Tamuín,2018,PV,20.1,
24,041,San Luis Potosí,Tanlajás,2018,PV,19.4,14.4
24,049,San Luis Potosí,Villa de Ramos,2018,PV,8.3,
24,053,San Luis Potosí,Axtla de Terrazas,2018,PV,19.5,14.6
24,057,San Luis Potosí,Matlapa,2018,PV,20.6,16.1
24,058,San Luis Potosí,El Naranjo,2018,PV,22.1,12.6
25,001,Sinaloa,Ahome,2018,PV,14.5,7.3
25,003,Sinaloa,Badiraguato,2018,PV,12.7,7.4
25,005,Sinaloa,Cosalá,2018,PV,13.6,10.9
25,006,Sinaloa,Culiacán,2018,PV,11.9,7.8
25,007,Sinaloa,Choix,2018,PV,12.8,8.1
25,008,Sinaloa,Elota,2018,PV,14.4,11.3
25,010,Sinaloa,El Fuerte,2018,PV,13.8,8.8
25,011,Sinaloa,Guasave,2018,PV,13.2,10.3
25,012,Sinaloa,Mazatlán,2018,PV,12.4,10.5
25,013,Sinaloa,Mocorito,2018,PV,12.7,9.1
25,014,Sinaloa,Rosario,2018,PV,14.2,11.0
25,015,Sinaloa,Salvador Alvarado,2018,PV,16.3,11.9
25,016,Sinaloa,San Ignacio,2018,PV,12.3,9.0
25,017,Sinaloa,Sinaloa,2018,PV,14.5,9.3
25,018,Sinaloa,Navolato,2018,PV,24.1,
25,019,Sinaloa,Eldorado,2018,PV,20.4,
26,001,Sonora,Aconchi,2018,PV,20.2,4.1
26,003,Sonora,Álamos,2018,PV,14.1,5.7
26,004,Sonora,Altar,2018,PV,13.8,
26,006,Sonora,Arizpe,2018,PV,5.3,-0.7
26,009,Sonora,Bacanora,2018,PV,24.7,
26,010,Sonora,Bacerac,2018,PV,8.8,1.6
26,013,Sonora,Banámichi,2018,PV,11.4,5.4
26,017,Sonora,Caborca,2018,PV,9.9,2.9
26,018,Sonora,Cajeme,2018,PV,12.6,9.1
26,019,Sonora,Cananea,2018,PV,10.7,2.7
26,021,Sonora,La Colorada,2018,PV,12.1,5.5
26,025,Sonora,Empalme,2018,PV,14.9,10.7
26,029,Sonora,Guaymas,2018,PV,9.8,4.0
26,030,Sonora,Hermosillo,2018,PV,13.3,7.4
26,031,Sonora,Huachinera,2018,PV,6.6,1.2
26,035,Sonora,Imuris,2018,PV,6.7,1.6
26,037,Sonora,Mazatán,2018,PV,11.3,5.5
26,040,Sonora,Nácori Chico,2018,PV,14.9,5.5
26,041,Sonora,Nacozari de García,2018,PV,12.9,2.3
26,042,Sonora,Navojoa,2018,PV,14.1,9.4
26,043,Sonora,Nogales,2018,PV,13.3,4.6
26,045,Sonora,Opodepe,2018,PV,10.0,3.8
26,046,Sonora,Oquitoa,2018,PV,13.5,6.5
26,048,Sonora,Puerto Peñasco,2018,PV,18.5,10.2
26,049,Sonora,Quiriego,2018,PV,11.2,6.0
26,052,Sonora,Sahuaripa,2018,PV,14.5,6.1
26,055,Sonora,San Luis Río Colorado,2018,PV,15.3,7.7
26,056,Sonora,San Miguel de Horcasitas,2018,PV,10.0,3.7
26,061,Sonora,Soyopa,2018,PV,15.9,8.6
26,063,Sonora,Tepache,2018,PV,24.4,7.7
26,064,Sonora,Trincheras,2018,PV,12.5,2.3
26,065,Sonora,Tubutama,2018,PV,9.9,4.7
26,066,Sonora,Ures,2018,PV,14.3,
26,069,Sonora,Yécora,2018,PV,3.2,-2.1
26,070,Sonora,General Plutarco Elías Calles,2018,PV,11.1,4.7
27,001,Tabasco,Balancán,2018,PV,21.8,18.7
27,002,Tabasco,Cárdenas,2018,PV,22.1,18.8
27,003,Tabasco,Centla,2018,PV,23.2,
27,004,Tabasco,Centro,2018,PV,21.7,17.2
27,008,Tabasco,Huimanguillo,2018,PV,22.8,
27,008,Veracruz,Huimanguillo,2018,PV,19.1,
27,012,Tabasco,Macuspana,2018,PV,22.7,18.7
27,015,Tabasco,Tacotalpa,2018,PV,22.0,17.8
27,016,Tabasco,Teapa,2018,PV,22.3,18.4
27,017,Chiapas,Tenosique,2018,PV,20.5,
27,017,Tabasco,Tenosique,2018,PV,22.0,19.2
28,001,Tamaulipas,Abasolo,2018,PV,18.3,
28,002,Tamaulipas,Aldama,2018,PV,19.0,
28,003,Tamaulipas,Altamira,2018,PV,20.8,
28,007,Tamaulipas,Camargo,2018,PV,16.7,
28,008,Tamaulipas,Casas,2018,PV,22.8,
28,009,Tamaulipas,Ciudad Madero,2018,PV,21.1,
28,011,Tamaulipas,Gómez Farías,2018,PV,19.4,
28,012,Tamaulipas,González,2018,PV,19.0,
28,013,Tamaulipas,Güémez,2018,PV,15.6,
28,015,Tamaulipas,Gustavo Díaz Ordaz,2018,PV,17.1,
28,016,Tamaulipas,Hidalgo,2018,PV,14.1,
28,018,Tamaulipas,Jiménez,2018,PV,19.0,
28,019,Tamaulipas,Llera,2018,PV,17.4,
28,020,Tamaulipas,Mainero,2018,PV,16.3,
28,021,Tamaulipas,El Mante,2018,PV,19.8,
28,022,Tamaulipas,Matamoros,2018,PV,16.4,
28,023,Tamaulipas,Méndez,2018,PV,24.6,
28,029,Tamaulipas,Ocampo,2018,PV,23.4,
28,030,Tamaulipas,Padilla,2018,PV,18.6,
28,032,Tamaulipas,Reynosa,2018,PV,16.7,
28,035,Tamaulipas,San Fernando,2018,PV,17.9,
28,037,Tamaulipas,Soto la Marina,2018,PV,18.3,
28,038,Tamaulipas,Tampico,2018,PV,21.3,
28,040,Tamaulipas,Valle Hermoso,2018,PV,17.4,
28,041,Tamaulipas,Victoria,2018,PV,16.6,
28,043,Tamaulipas,Xicoténcatl,2018,PV,18.8,
29,003,Tlaxcala,Atlangatepec,2018,PV,6.1,-1.3
29,006,Tlaxcala,Calpulalpan,2018,PV,5.3,-1.2
29,007,Tlaxcala,El Carmen Tequexquitla,2018,PV,6.3,-0.7
29,008,Tlaxcala,Cuapiaxtla,2018,PV,7.0,1.7
29,013,Tlaxcala,Huamantla,2018,PV,6.2,
29,033,Tlaxcala,Tlaxcala,2018,PV,9.2,
29,037,Tlaxcala,Ziltlaltépec de Trinidad Sánchez Santos,2018,PV,7.9,2.5
29,043,Tlaxcala,Yauhquemehcan,2018,PV,9.7,
29,044,Tlaxcala,Zacatelco,2018,PV,8.0,
30,001,Veracruz,Acajete,2018,PV,7.0,3.5
30,002,Veracruz,Acatlán,2018,PV,11.0,8.9
30,003,Veracruz,Acayucan,2018,PV,20.9,
30,004,Veracruz,Actopan,2018,PV,18.7,15.4
30,007,Veracruz,Camarón de Tejeda,2018,PV,19.6,17.8
30,009,Veracruz,Alto Lucero de Gutiérrez Barrios,2018,PV,15.6,
30,010,Veracruz,Altotonga,2018,PV,8.8,5.1
30,011,Veracruz,Alvarado,2018,PV,22.6,19.6
30,015,Veracruz,Angel R. Cabada,2018,PV,20.6,17.8
30,016,Veracruz,La Antigua,2018,PV,22.5,17.2
30,017,Veracruz,Apazapan,2018,PV,20.5,16.3
30,024,Veracruz,Tlaltetela,2018,PV,21.6,
30,026,Veracruz,Banderilla,2018,PV,10.1,9.1
30,028,Veracruz,Boca del Río,2018,PV,23.7,20.0
30,032,Veracruz,Catemaco,2018,PV,18.3,15.4
30,038,Veracruz,Coatepec,2018,PV,12.2,7.8
30,039,Veracruz,Coatzacoalcos,2018,PV,22.6,19.1
30,045,Oaxaca,Cosamaloapan de Carpio,2018,PV,25.1,20.4
30,048,Veracruz,Cosoleacaque,2018,PV,23.8,19.3
30,055,Veracruz,Chalma,2018,PV,19.6,
30,061,Veracruz,Las Choapas,2018,PV,20.6,17.2
30,065,Veracruz,Emiliano Zapata,2018,PV,17.1,13.3
30,071,Veracruz,Huatusco,2018,PV,10.8,6.2
30,072,Veracruz,Huayacocotla,2018,PV,9.0,5.7
30,073,Veracruz,Hueyapan de Ocampo,2018,PV,21.4,16.9
30,077,Veracruz,Isla,2018,PV,21.6,18.3
30,087,Veracruz,Xalapa,2018,PV,14.1,10.4
30,089,Veracruz,Jáltipan,2018,PV,22.4,
30,091,Veracruz,Jesús Carranza,2018,PV,19.8,18.6
30,093,Veracruz,Jilotepec,2018,PV,13.6,10.2
30,097,Veracruz,Lerdo de Tejada,2018,PV,21.3,18.9
30,100,Veracruz,Manlio Fabio Altamirano,2018,PV,22.9,18.1
30,101,Veracruz,Mariano Escobedo,2018,PV,4.5,2.0
30,102,Veracruz,Martínez de la Torre,2018,PV,21.8,14.7
30,104,Veracruz,Mecayapan,2018,PV,22.5,17.4
30,105,Veracruz,Medellín de Bravo,2018,PV,20.0,14.6
30,109,Veracruz,Misantla,2018,PV,17.8,13.1
30,112,Veracruz,Naolinco,2018,PV,12.7,9.1
30,118,Veracruz,Orizaba,2018,PV,15.7,12.4
30,119,Oaxaca,Otatitlán,2018,PV,24.1,
30,123,Veracruz,Pánuco,2018,PV,19.3,14.4
30,124,Veracruz,Papantla,2018,PV,18.0,14.8
30,126,Veracruz,Paso de Ovejas,2018,PV,22.1,17.2
30,128,Veracruz,Perote,2018,PV,4.3,-3.6
30,129,Veracruz,Platón Sánchez,2018,PV,23.0,
30,131,Veracruz,Poza Rica de Hidalgo,2018,PV,20.3,
30,132,Veracruz,Las Vigas de Ramírez,2018,PV,6.2,2.2
30,133,Tamaulipas,Pueblo Viejo,2018,PV,21.6,
30,134,Veracruz,Puente Nacional,2018,PV,24.1,
30,141,Veracruz,San Andrés Tuxtla,2018,PV,19.7,16.0
30,142,Veracruz,San Juan Evangelista,2018,PV,21.4,
30,143,Veracruz,Santiago Tuxtla,2018,PV,21.2,
30,153,San Luis Potosí,Tancoco,2018,PV,19.6,
30,155,Veracruz,Tantoyuca,2018,PV,20.0,15.1
30,160,Veracruz,Álamo Temapache,2018,PV,19.4,15.0
30,161,Veracruz,Tempoal,2018,PV,19.7,14.8
30,163,Veracruz,Tenochtitlán,2018,PV,16.6,11.8
30,164,Veracruz,Teocelo,2018,PV,11.1,9.6
30,167,Veracruz,Tepetzintla,2018,PV,20.5,17.1
30,169,Veracruz,José Azueta,2018,PV,21.9,19.6
30,174,Veracruz,Tierra Blanca,2018,PV,20.6,16.8
30,175,Veracruz,Tihuatlán,2018,PV,23.1,16.0
30,182,Veracruz,Tlalnelhuayocan,2018,PV,12.9,9.8
30,188,Veracruz,Totutla,2018,PV,13.6,11.2
30,189,Veracruz,Tuxpan,2018,PV,20.3,16.1
30,191,Veracruz,Ursulo Galván,2018,PV,21.7,18.6
30,193,Veracruz,Veracruz,2018,PV,23.4,
30,205,Veracruz,El Higo,2018,PV,19.6,
31,001,Yucatán,Abalá,2018,PV,16.3,12.9
31,010,Yucatán,Cantamayec,2018,PV,22.5,17.6
31,011,Yucatán,Celestún,2018,PV,22.0,
31,013,Yucatán,Conkal,2018,PV,16.7,14.5
31,016,Yucatán,Chacsinkín,2018,PV,19.8,
31,018,Yucatán,Chapab,2018,PV,20.3,
31,022,Yucatán,Chikindzonot,2018,PV,18.2,15.7
31,023,Yucatán,Chocholá,2018,PV,22.8,17.7
31,044,Yucatán,Kinchil,2018,PV,20.3,
31,050,Yucatán,Mérida,2018,PV,20.0,17.4
31,051,Yucatán,Mocochá,2018,PV,21.8,16.1
31,052,Yucatán,Motul,2018,PV,19.2,16.4
31,053,Yucatán,Muna,2018,PV,20.7,17.1
31,056,Yucatán,Oxkutzcab,2018,PV,17.0,12.9
31,058,Yucatán,Peto,2018,PV,21.5,15.9
31,059,Yucatán,Progreso,2018,PV,22.4,19.7
31,061,Yucatán,Río Lagartos,2018,PV,20.7,18.1
31,079,Yucatán,Tekax,2018,PV,20.9,17.0
31,087,Yucatán,Tetiz,2018,PV,22.0,
31,089,Yucatán,Ticul,2018,PV,19.5,16.2
31,096,Yucatán,Tizimín,2018,PV,19.4,16.8
31,098,Yucatán,Tzucacab,2018,PV,16.7,13.6
31,102,Yucatán,Valladolid,2018,PV,20.8,18.3
32,001,Zacatecas,Apozol,2018,PV,13.9,
32,003,Zacatecas,Atolinga,2018,PV,5.9,1.6
32,005,Zacatecas,Calera,2018,PV,7.0,1.3
32,006,Zacatecas,Cañitas de Felipe Pescador,2018,PV,7.2,
32,007,Zacatecas,Concepción del Oro,2018,PV,15.3,
32,008,Zacatecas,Cuauhtémoc,2018,PV,8.5,2.5
32,009,Zacatecas,Chalchihuites,2018,PV,10.5,4.9
32,010,Zacatecas,Fresnillo,2018,PV,4.6,1.5
32,012,Zacatecas,Genaro Codina,2018,PV,5.6,0.5
32,014,Zacatecas,General Francisco R. Murguía,2018,PV,11.7,2.1
32,015,Zacatecas,El Plateado de Joaquín Amaro,2018,PV,8.7,
32,016,Zacatecas,General Pánfilo Natera,2018,PV,6.1,-1.3
32,017,Zacatecas,Guadalupe,2018,PV,10.5,5.8
32,018,Zacatecas,Huanusco,2018,PV,12.6,
32,019,Zacatecas,Jalpa,2018,PV,16.3,7.1
32,020,Zacatecas,Jerez,2018,PV,8.4,3.4
32,022,Zacatecas,Juan Aldama,2018,PV,14.0,4.4
32,023,Zacatecas,Juchipila,2018,PV,10.9,4.9
32,024,Zacatecas,Loreto,2018,PV,9.1,2.8
32,025,Zacatecas,Luis Moya,2018,PV,12.4,2.7
32,026,Zacatecas,Mazapil,2018,PV,17.5,3.9
32,028,Zacatecas,Mezquital del Oro,2018,PV,13.4,6.9
32,029,Zacatecas,Miguel Auza,2018,PV,9.6,3.0
32,031,Zacatecas,Monte Escobedo,2018,PV,3.6,-0.2
32,034,Zacatecas,Nochistlán de Mejía,2018,PV,8.2,1.8
32,036,Zacatecas,Ojocaliente,2018,PV,9.8,3.9
32,038,Zacatecas,Pinos,2018,PV,6.7,0.9
32,039,Zacatecas,Río Grande,2018,PV,7.9,1.0
32,040,Zacatecas,Sain Alto,2018,PV,14.2,1.9
32,042,Zacatecas,Sombrerete,2018,PV,9.9,5.3
32,044,Zacatecas,Tabasco,2018,PV,14.4,8.5
32,045,Zacatecas,Tepechitlán,2018,PV,8.2,2.1
32,047,Zacatecas,Teúl de González Ortega,2018,PV,8.9,-0.2
32,048,Zacatecas,Tlaltenango de Sánchez Román,2018,PV,7.3,1.8
32,049,Jalisco,Valparaíso,2018,PV,10.7,
32,049,Zacatecas,Valparaíso,2018,PV,3.3,-2.1
32,051,Zacatecas,Villa de Cos,2018,PV,8.9,2.2
32,053,Zacatecas,Villa González Ortega,2018,PV,8.8,2.4
32,054,Zacatecas,Villa Hidalgo,2018,PV,6.5,1.7
32,055,Zacatecas,Villanueva,2018,PV,6.4,1.5
32,056,Zacatecas,Zacatecas,2018,PV,7.6,7.1
32,058,Coahuila,Santa María de la Paz,2018,PV,17.7,
01,001,Aguascalientes,Aguascalientes,2019,OI,2.24137931,-3.2
01,002,Aguascalientes,Asientos,2019,OI,4.022727273,-0.5
01,003,Aguascalientes,Calvillo,2019,OI,2.419354839,2.419354839
01,004,Aguascalientes,Cosío,2019,OI,-0.548387097,-0.548387097
01,006,Aguascalientes,Pabellón de Arteaga,2019,OI,3.951612903,3.5
01,007,Aguascalientes,Rincón de Romos,2019,OI,4.306451613,3.9
01,008,Aguascalientes,San José de Gracia,2019,OI,4.419354839,0.0
01,009,Aguascalientes,Tepezalá,2019,OI,5.827586207,5.4
01,010,Aguascalientes,El Llano,2019,OI,2.306451613,1.2
02,001,Baja California,Ensenada,2019,OI,6.545454545,6.8
02,002,Baja California,Mexicali,2019,OI,6.396,6.3
02,003,Baja California,Tecate,2019,OI,-1.433333333,0.4
02,004,Baja California,Tijuana,2019,OI,6.96,9.322580645
02,006,Baja California,San Quintín,2019,OI,6.448148148,8.6
02,007,Baja California,San Felipe,2019,OI,8.072727273,9.84
03,001,Baja California Sur,Comondú,2019,OI,8.54516129,9.1
03,002,Baja California Sur,Mulegé,2019,OI,4.875,5.037931034
03,003,Baja California Sur,La Paz,2019,OI,7.967741935,7.967741935
03,008,Baja California Sur,Los Cabos,2019,OI,7.910714286,6.1
03,009,Baja California Sur,Loreto,2019,OI,13.14230769,13.9
04,002,Campeche,Campeche,2019,OI,15.76666667,16.5
04,003,Campeche,Carmen,2019,OI,17.48275862,16.2
04,004,Campeche,Champotón,2019,OI,16.5483871,14.8
04,005,Campeche,Hecelchakán,2019,OI,19.03225806,15.1
04,006,Campeche,Hopelchén,2019,OI,14.77419355,14.7
04,006,Quintana Roo,Hopelchén,2019,OI,16.19333333,18.33870968
04,007,Campeche,Palizada,2019,OI,18.25806452,17.0
04,009,Campeche,Escárcega,2019,OI,18.25925926,16.7
04,010,Campeche,Calakmul,2019,OI,15.32580645,16.6
04,011,Campeche,Candelaria,2019,OI,17.22580645,16.7
05,002,Coahuila,Acuña,2019,OI,4.592592593,2.2
05,003,Coahuila,Allende,2019,OI,8.210526316,3.0
05,004,Coahuila,Arteaga,2019,OI,3.482142857,2.0
05,005,Coahuila,Candela,2019,OI,10.58333333,5.5
05,007,Coahuila,Cuatro Ciénegas,2019,OI,5.620689655,3.6
05,009,Coahuila,Francisco I. Madero,2019,OI,4.967741935,4.967741935
05,014,Coahuila,Jiménez,2019,OI,4.625,2.6
05,015,Coahuila,Juárez,2019,OI,5.964285714,4.0
05,018,Coahuila,Monclova,2019,OI,8.217857143,5.6
05,024,Coahuila,Parras,2019,OI,9.708333333,3.0
05,025,Coahuila,Piedras Negras,2019,OI,6.736666667,4.1
05,026,Coahuila,Progreso,2019,OI,3.88,3.88
05,027,Coahuila,Ramos Arizpe,2019,OI,6.703703704,2.2
05,028,Coahuila,Sabinas,2019,OI,5.222222222,2.6
05,030,Coahuila,Saltillo,2019,OI,5.941935484,3.0
05,033,Coahuila,San Pedro,2019,OI,5.366666667,4.7
05,034,Coahuila,Sierra Mojada,2019,OI,5.857142857,4.4
05,035,Coahuila,Torreón,2019,OI,7.344444444,5.6
05,035,Durango,Torreón,2019,OI,6.083333333,6.083333333
06,002,Colima,Colima,2019,OI,16.6962963,16.8
06,004,Colima,Coquimatlán,2019,OI,13.68181818,14.8
06,005,Colima,Cuauhtémoc,2019,OI,14.91935484,14.91935484
06,006,Colima,Ixtlahuacán,2019,OI,17.38333333,20.46551724
06,007,Colima,Manzanillo,2019,OI,20.20666667,20.1
06,009,Colima,Tecomán,2019,OI,14.9,15.6
06,010,Colima,Villa de Álvarez,2019,OI,18.77777778,18.77777778
07,001,Chiapas,Acacoyagua,2019,OI,19.33928571,18.6
07,002,Chiapas,Acala,2019,OI,15.58064516,13.9
07,004,Chiapas,Altamirano,2019,OI,14.29166667,14.29166667
07,005,Chiapas,Amatán,2019,OI,21.66666667,21.66666667
07,005,Tabasco,Amatán,2019,OI,18.44444444,17.1
07,008,Chiapas,Ángel Albino Corzo,2019,OI,15.07142857,12.0
07,009,Chiapas,Arriaga,2019,OI,21.03666667,21.06774194
07,013,Chiapas,Bochil,2019,OI,10.35806452,14.372
07,015,Chiapas,Cacahoatán,2019,OI,14.61290323,14.7
07,019,Chiapas,Comitán de Domínguez,2019,OI,11.71290323,10.3
07,020,Chiapas,La Concordia,2019,OI,12.93571429,12.98965517
07,027,Chiapas,Chiapa de Corzo,2019,OI,15.53225806,15.53225806
07,029,Chiapas,Chicoasén,2019,OI,15.88709677,14.6
07,030,Chiapas,Chicomuselo,2019,OI,14.11428571,11.8
07,032,Chiapas,Escuintla,2019,OI,14.57142857,18.9
07,034,Chiapas,Frontera Comalapa,2019,OI,13.83870968,12.7
07,037,Chiapas,Huehuetán,2019,OI,22.58928571,20.7
07,040,Chiapas,Huixtla,2019,OI,20.47241379,18.8
07,046,Chiapas,Jiquipilas,2019,OI,15.28064516,15.35333333
07,048,Chiapas,Juárez,2019,OI,19.09615385,19.84814815
07,049,Chiapas,Larráinzar,2019,OI,17.2962963,15.9
07,051,Chiapas,Mapastepec,2019,OI,21.01785714,18.3
07,052,Chiapas,Las Margaritas,2019,OI,11.95,14.25
07,057,Chiapas,Motozintla,2019,OI,10.9,13.708
07,059,Chiapas,Ocosingo,2019,OI,15.05666667,15.05666667
07,061,Chiapas,Ocozocoautla de Espinosa,2019,OI,15.15,13.2
07,062,Chiapas,Ostuacán,2019,OI,18.34,14.3
07,063,Chiapas,Osumacinta,2019,OI,17.96666667,16.2
07,069,Chiapas,Pijijiapan,2019,OI,22.91071429,22.2
07,071,Chiapas,Villa Comaltitlán,2019,OI,19.86923077,19.3
07,072,Chiapas,Pueblo Nuevo Solistahuacán,2019,OI,12.42117647,11.9
07,077,Chiapas,Salto de Agua,2019,OI,18.26785714,17.1
07,078,Chiapas,San Cristóbal de las Casas,2019,OI,6.3,5.3
07,080,Chiapas,Siltepec,2019,OI,15.16428571,17.7
07,086,Chiapas,Suchiapa,2019,OI,16.16666667,13.2
07,087,Chiapas,Suchiate,2019,OI,21.13870968,22.57307692
07,089,Chiapas,Tapachula,2019,OI,17.125,18.68846154
07,091,Chiapas,Tapilula,2019,OI,15.44541667,17.12846154
07,092,Chiapas,Tecpatán,2019,OI,15.92857143,13.6
07,097,Chiapas,Tonalá,2019,OI,20.42857143,12.9
07,099,Chiapas,La Trinitaria,2019,OI,11.29032258,11.55
07,101,Chiapas,Tuxtla Gutiérrez,2019,OI,17.51935484,11.4
07,106,Chiapas,Venustiano Carranza,2019,OI,14.51923077,13.2
07,107,Chiapas,Villa Corzo,2019,OI,14.74193548,15.7
07,108,Chiapas,Villaflores,2019,OI,13.80322581,12.3
07,112,Chiapas,San Juan Cancuc,2019,OI,15.346,14.3
07,116,Chiapas,Marqués de Comillas,2019,OI,20.925,20.925
07,123,Chiapas,Emiliano Zapata,2019,OI,16.11290323,16.11290323
07,124,Chiapas,Mezcalapa,2019,OI,20.75,12.0
08,002,Chihuahua,Aldama,2019,OI,1.35483871,2.3
08,006,Chihuahua,Bachíniva,2019,OI,-1.548387097,-2.0
08,007,Chihuahua,Balleza,2019,OI,-4.368421053,-7.2
08,008,Chihuahua,Batopilas de Manuel Gómez Morín,2019,OI,8.185185185,8.185185185
08,010,Chihuahua,Buenaventura,2019,OI,-1.1,-1.1
08,014,Chihuahua,Coronado,2019,OI,-0.111111111,-1.7
08,017,Chihuahua,Cuauhtémoc,2019,OI,0.157894737,0.157894737
08,019,Chihuahua,Chihuahua,2019,OI,-2.483870968,-1.038461538
08,020,Chihuahua,Chínipas,2019,OI,6.74516129,6.896428571
08,021,Chihuahua,Delicias,2019,OI,2.444444444,2.1
08,027,Chihuahua,Guachochi,2019,OI,8.510526316,-4.6
08,031,Chihuahua,Guerrero,2019,OI,-3.333333333,-3.3
08,032,Chihuahua,Hidalgo del Parral,2019,OI,1.843333333,1.843333333
08,036,Chihuahua,Jiménez,2019,OI,1.789285714,-0.1
08,037,Chihuahua,Juárez,2019,OI,4.444444444,1.7
08,040,Chihuahua,Madera,2019,OI,-7.161290323,-4.068965517
08,041,Chihuahua,Maguarichi,2019,OI,-0.434782609,-0.185185185
08,043,Chihuahua,Matachí,2019,OI,-4.548387097,-1.344827586
08,047,Chihuahua,Moris,2019,OI,2.032258065,5.586206897
08,050,Chihuahua,Nuevo Casas Grandes,2019,OI,-0.380645161,-0.5
08,051,Chihuahua,Ocampo,2019,OI,-2.346666667,-4.2
08,052,Chihuahua,Ojinaga,2019,OI,2.016129032,-0.2
08,055,Chihuahua,Rosales,2019,OI,1.652173913,1.652173913
08,058,Chihuahua,San Francisco de Conchos,2019,OI,2.714285714,-1.0
08,061,Chihuahua,Satevó,2019,OI,2.209032258,0.6
08,063,Chihuahua,Temósachic,2019,OI,-4.032258065,-5.7
08,065,Chihuahua,Urique,2019,OI,7.641935484,9.162962963
08,067,Chihuahua,Valle de Zaragoza,2019,OI,0.887096774,0.887096774
09,002,Ciudad de México,Azcapotzalco,2019,OI,7.470967742,5.6
09,003,Ciudad de México,Coyoacán,2019,OI,6.993548387,5.6
09,005,Ciudad de México,Gustavo A. Madero,2019,OI,4.806451613,2.2
09,007,Ciudad de México,Iztapalapa,2019,OI,8.196774194,6.3
09,010,Ciudad de México,Álvaro Obregón,2019,OI,8.01,6.6
09,012,Ciudad de México,Tlalpan,2019,OI,8.612903226,5.4
09,013,Ciudad de México,Xochimilco,2019,OI,7.851612903,6.1
09,014,Ciudad de México,Benito Juárez,2019,OI,9.925,5.8
09,015,Ciudad de México,Cuauhtémoc,2019,OI,9.419354839,7.7
09,016,Ciudad de México,Miguel Hidalgo,2019,OI,4.933333333,4.933333333
10,001,Durango,Canatlán,2019,OI,0.403225806,0.3
10,004,Durango,Cuencamé,2019,OI,7.903225806,5.3
10,005,Durango,Durango,2019,OI,-6.423076923,-6.423076923
10,006,Durango,General Simón Bolívar,2019,OI,2.925925926,2.4
10,008,Durango,Guadalupe Victoria,2019,OI,1.774193548,1.774193548
10,009,Durango,Guanaceví,2019,OI,-9.133333333,-10.6
10,010,Durango,Hidalgo,2019,OI,0.566666667,0.566666667
10,011,Durango,Indé,2019,OI,7.25,5.4
10,012,Durango,Lerdo,2019,OI,6.166666667,5.4
10,013,Durango,Mapimí,2019,OI,1.0,-1.6
10,015,Durango,Nazas,2019,OI,0.648387097,0.6
10,017,Durango,Ocampo,2019,OI,-1.609677419,-2.8
10,018,Durango,El Oro,2019,OI,-2.833333333,-2.833333333
10,020,Durango,Pánuco de Coronado,2019,OI,1.857142857,1.857142857
10,022,Durango,Poanas,2019,OI,1.741935484,1.741935484
10,023,Durango,Pueblo Nuevo,2019,OI,-2.807692308,-1.608695652
10,024,Durango,Rodeo,2019,OI,3.833333333,2.9
10,025,Durango,San Bernardo,2019,OI,-2.566666667,-2.566666667
10,027,Durango,San Juan de Guadalupe,2019,OI,7.16,7.16
10,030,Durango,San Pedro del Gallo,2019,OI,2.806451613,2.2
10,031,Durango,Santa Clara,2019,OI,-0.790322581,-0.790322581
10,031,Zacatecas,Santa Clara,2019,OI,3.758064516,4.379310345
10,032,Durango,Santiago Papasquiaro,2019,OI,-0.983870968,-2.3
10,034,Durango,Tamazula,2019,OI,11.5,11.5
10,036,Durango,Tlahualilo,2019,OI,4.034482759,3.0
10,038,Durango,Vicente Guerrero,2019,OI,-0.362068966,-0.362068966
10,039,Durango,Nuevo Ideal,2019,OI,-0.346153846,-0.346153846
11,001,Guanajuato,Abasolo,2019,OI,8.112903226,7.5
11,002,Guanajuato,Acámbaro,2019,OI,6.107142857,6.1
11,003,Guanajuato,San Miguel de Allende,2019,OI,2.870967742,1.7
11,004,Guanajuato,Apaseo el Alto,2019,OI,6.793103448,5.6
11,005,Guanajuato,Apaseo el Grande,2019,OI,4.451612903,3.7
11,007,Guanajuato,Celaya,2019,OI,6.269230769,4.5
11,008,Guanajuato,Manuel Doblado,2019,OI,4.516129032,2.6
11,010,Guanajuato,Coroneo,2019,OI,1.629032258,-0.5
11,011,Guanajuato,Cortazar,2019,OI,3.8,1.7
11,012,Guanajuato,Cuerámaro,2019,OI,8.566666667,6.5
11,014,Guanajuato,Dolores Hidalgo Cuna de la Independencia Nacional,2019,OI,2.274193548,1.5
11,015,Guanajuato,Guanajuato,2019,OI,6.903225806,4.0
11,017,Guanajuato,Irapuato,2019,OI,4.413793103,3.7
11,018,Guanajuato,Jaral del Progreso,2019,OI,4.724137931,4.1
11,019,Guanajuato,Jerécuaro,2019,OI,4.709677419,3.4
11,020,Guanajuato,León,2019,OI,5.206451613,5.206451613
11,022,Guanajuato,Ocampo,2019,OI,3.387096774,1.8
11,023,Guanajuato,Pénjamo,2019,OI,5.0,3.9
11,027,Guanajuato,Salamanca,2019,OI,5.129032258,4.8
11,028,Guanajuato,Salvatierra,2019,OI,4.3,4.2
11,030,Guanajuato,San Felipe,2019,OI,1.548387097,-0.3
11,031,Guanajuato,San Francisco del Rincón,2019,OI,5.465517241,4.2
11,033,Guanajuato,San Luis de la Paz,2019,OI,1.692307692,-0.6
11,037,Guanajuato,Silao de la Victoria,2019,OI,5.310344828,4.1
11,039,Guanajuato,Tarimoro,2019,OI,6.1875,5.6
11,042,Guanajuato,Valle de Santiago,2019,OI,6.52173913,4.0
11,043,Guanajuato,Victoria,2019,OI,4.5,4.5
11,045,Guanajuato,Xichú,2019,OI,7.553571429,6.1
12,001,Guerrero,Acapulco de Juárez,2019,OI,15.87083333,15.87083333
12,003,Guerrero,Ajuchitlán del Progreso,2019,OI,19.025,17.6
12,005,Guerrero,Alpoyeca,2019,OI,13.22580645,11.8
12,010,Guerrero,Atlixtac,2019,OI,11.89545455,12.3125
12,011,Guerrero,Atoyac de Álvarez,2019,OI,18.53571429,20.0
12,012,Guerrero,Ayutla de los Libres,2019,OI,16.83870968,16.8
12,014,Guerrero,Benito Juárez,2019,OI,20.13333333,20.9
12,015,Guerrero,Buenavista de Cuéllar,2019,OI,12.12903226,12.4516129
12,021,Guerrero,Coyuca de Benítez,2019,OI,19.18181818,18.4
12,023,Guerrero,Cuajinicuilapa,2019,OI,21.0,18.7
12,028,Guerrero,Chilapa de Álvarez,2019,OI,10.25806452,10.1
12,029,Guerrero,Chilpancingo de los Bravo,2019,OI,11.375,11.375
12,032,Guerrero,General Heliodoro Castillo,2019,OI,7.966666667,7.966666667
12,035,Guerrero,Iguala de la Independencia,2019,OI,15.18064516,14.1
12,036,Guerrero,Igualapa,2019,OI,17.52777778,16.9
12,038,Guerrero,Zihuatanejo de Azueta,2019,OI,21.46666667,20.4
12,039,Guerrero,Juan R. Escudero,2019,OI,18.52380952,19.15384615
12,040,Guerrero,Leonardo Bravo,2019,OI,10.19354839,8.7
12,044,Guerrero,Mochitlán,2019,OI,14.71428571,15.3
12,045,Guerrero,Olinalá,2019,OI,11.12903226,9.4
12,046,Guerrero,Ometepec,2019,OI,15.0,15.0
12,050,Guerrero,Pungarabato,2019,OI,16.59677419,17.1
12,053,Guerrero,San Marcos,2019,OI,11.75,11.75
12,055,Guerrero,Taxco de Alarcón,2019,OI,13.72580645,9.8
12,057,Guerrero,Técpan de Galeana,2019,OI,20.70588235,20.4
12,061,Guerrero,Tixtla de Guerrero,2019,OI,12.18518519,10.7
12,066,Guerrero,Tlapa de Comonfort,2019,OI,12.5483871,12.84615385
12,068,Michoacán,La Unión de Isidoro Montes de Oca,2019,OI,20.07894737,22.17647059
12,070,Guerrero,Xochihuehuetlán,2019,OI,10.48387097,9.8
12,073,Guerrero,Zirándaro,2019,OI,13.88636364,13.9
12,082,Guerrero,Las Vigas,2019,OI,17.23333333,13.5
13,002,Hidalgo,Acaxochitlán,2019,OI,5.6356,7.071666667
13,003,Hidalgo,Actopan,2019,OI,4.040740741,2.2
13,006,Hidalgo,Alfajayucan,2019,OI,6.741935484,5.4
13,011,Hidalgo,Atlapexco,2019,OI,16.67391304,12.3
13,013,Hidalgo,Atotonilco de Tula,2019,OI,4.677419355,2.9
13,016,Hidalgo,Cuautepec de Hinojosa,2019,OI,3.428571429,0.9
13,019,Hidalgo,Chilcuautla,2019,OI,5.741935484,5.806451613
13,028,Hidalgo,Huejutla de Reyes,2019,OI,13.5625,11.4
13,029,Hidalgo,Huichapan,2019,OI,4.432258065,2.6
13,030,Hidalgo,Ixmiquilpan,2019,OI,7.806451613,5.8
13,037,Hidalgo,Metztitlán,2019,OI,14.80769231,8.8
13,046,Hidalgo,San Felipe Orizatlán,2019,OI,16.60416667,12.0
13,048,Hidalgo,Pachuca de Soto,2019,OI,5.174193548,1.9
13,064,Hidalgo,Tepetitlán,2019,OI,6.0,4.5
13,073,Hidalgo,Tlanchinol,2019,OI,13.55,13.55
13,077,Hidalgo,Tulancingo de Bravo,2019,OI,6.003225806,4.5
13,081,Hidalgo,Zacualtipán de Ángeles,2019,OI,6.266666667,4.3
13,084,Hidalgo,Zimapán,2019,OI,11.20689655,5.3
14,002,Jalisco,Acatlán de Juárez,2019,OI,3.538461538,3.538461538
14,006,Jalisco,Ameca,2019,OI,4.642857143,4.642857143
14,013,Jalisco,Atotonilco el Alto,2019,OI,6.893548387,6.893548387
14,017,Jalisco,Ayutla,2019,OI,8.111111111,8.111111111
14,019,Jalisco,Bolaños,2019,OI,12.06666667,10.2
14,022,Jalisco,Cihuatlán,2019,OI,20.07142857,20.2
14,023,Jalisco,Zapotlán el Grande,2019,OI,8.223333333,7.2
14,025,Jalisco,Colotlán,2019,OI,3.628571429,3.628571429
14,030,Jalisco,Chapala,2019,OI,12.58064516,5.0
14,033,Jalisco,Degollado,2019,OI,7.192307692,7.192307692
14,039,Jalisco,Guadalajara,2019,OI,9.903225806,6.9
14,041,Jalisco,Huejúcar,2019,OI,2.741935484,
14,041,Zacatecas,Huejúcar,2019,OI,5.0,2.4
14,046,Jalisco,Jalostotitlán,2019,OI,1.173076923,-0.3
14,047,Jalisco,Jamay,2019,OI,5.138888889,4.8
14,049,Jalisco,Jilotlán de los Dolores,2019,OI,15.29032258,15.38709677
14,051,Jalisco,Juanacatlán,2019,OI,7.767857143,9.32
14,053,Jalisco,Lagos de Moreno,2019,OI,1.9,0.9
14,054,Jalisco,El Limón,2019,OI,11.30322581,7.5
14,058,Jalisco,Mascota,2019,OI,5.0,5.0
14,061,Jalisco,Mezquitic,2019,OI,2.5,4.946428571
14,065,Jalisco,Pihuamo,2019,OI,15.59677419,15.59677419
14,070,Jalisco,El Salto,2019,OI,9.806451613,9.806451613
14,071,Jalisco,San Cristóbal de la Barranca,2019,OI,8.434782609,8.434782609
14,081,Jalisco,Santa María de los Ángeles,2019,OI,3.625,3.625
14,091,Jalisco,Teocaltiche,2019,OI,1.9,1.9
14,095,Jalisco,Teuchitlán,2019,OI,7.37037037,7.37037037
14,097,Jalisco,Tlajomulco de Zúñiga,2019,OI,5.164516129,5.164516129
14,098,Jalisco,San Pedro Tlaquepaque,2019,OI,8.384615385,8.384615385
14,100,Jalisco,Tomatlán,2019,OI,19.48333333,19.0
14,118,Jalisco,Yahualica de González Gallo,2019,OI,4.296296296,4.296296296
14,120,Jalisco,Zapopan,2019,OI,7.166666667,6.9
15,002,Estado de México,Acolman,2019,OI,3.193548387,1.1
15,003,Estado de México,Aculco,2019,OI,3.464285714,-0.5
15,003,Querétaro,Aculco,2019,OI,7.631578947,1.9
15,005,Estado de México,Almoloya de Juárez,2019,OI,-1.909090909,-4.0
15,011,Estado de México,Atenco,2019,OI,1.741935484,8.9
15,013,Estado de México,Atizapán de Zaragoza,2019,OI,4.516129032,3.6
15,014,Estado de México,Atlacomulco,2019,OI,1.857142857,-1.7
15,033,Estado de México,Ecatepec de Morelos,2019,OI,7.403225806,4.8
15,042,Estado de México,Ixtlahuaca,2019,OI,-2.290322581,-1.4
15,045,Estado de México,Jilotepec,2019,OI,0.741935484,0.1
15,052,Estado de México,Malinalco,2019,OI,16.0,16.0
15,057,Estado de México,Naucalpan de Juárez,2019,OI,-1.193548387,-1.7
15,063,Estado de México,Ocuilan,2019,OI,5.660714286,6.62962963
15,066,Estado de México,Otzoloapan,2019,OI,2.5,0.6
15,074,Estado de México,San Felipe del Progreso,2019,OI,3.125,0.2
15,083,Estado de México,Temamatla,2019,OI,3.64516129,1.4
15,087,Estado de México,Temoaya,2019,OI,-1.935483871,3.6
15,091,Estado de México,Teoloyucan,2019,OI,2.258064516,0.4
15,095,Estado de México,Tepotzotlán,2019,OI,2.862068966,2.862068966
15,096,Estado de México,Tequixquiac,2019,OI,1.870967742,-0.3
15,097,Estado de México,Texcaltitlán,2019,OI,3.75,2.8
15,099,Estado de México,Texcoco,2019,OI,2.017857143,-1.5
15,100,Estado de México,Tezoyuca,2019,OI,7.258064516,7.612903226
15,101,Estado de México,Tianguistenco,2019,OI,2.285714286,-0.8
15,105,Guerrero,Tlatlaya,2019,OI,14.33870968,14.69444444
15,106,Estado de México,Toluca,2019,OI,1.178571429,-4.7
15,109,Estado de México,Tultitlán,2019,OI,7.016129032,7.016129032
15,112,Estado de México,Villa del Carbón,2019,OI,2.419354839,
15,112,Hidalgo,Villa del Carbón,2019,OI,5.066666667,5.066666667
15,113,Estado de México,Villa Guerrero,2019,OI,5.677419355,7.214285714
15,118,Estado de México,Zinacantepec,2019,OI,0.164516129,-0.9
16,002,Michoacán,Aguililla,2019,OI,18.9375,14.5
16,004,Michoacán,Angamacutiro,2019,OI,2.442307692,2.442307692
16,006,Michoacán,Apatzingán,2019,OI,15.09677419,15.88709677
16,010,Michoacán,Arteaga,2019,OI,19.77777778,18.7
16,017,Michoacán,Contepec,2019,OI,5.903225806,4.5
16,019,Michoacán,Cotija,2019,OI,7.370967742,6.0
16,034,Michoacán,Hidalgo,2019,OI,2.675,1.4
16,035,Michoacán,La Huacana,2019,OI,15.0,16.9
16,038,Michoacán,Huetamo,2019,OI,14.44117647,13.3
16,039,Michoacán,Huiramba,2019,OI,2.672413793,0.9
16,042,Michoacán,Ixtlán,2019,OI,5.5,6.177419355
16,043,Michoacán,Jacona,2019,OI,5.863636364,5.863636364
16,044,Michoacán,Jiménez,2019,OI,5.069230769,5.0
16,049,Michoacán,Madero,2019,OI,4.796296296,4.796296296
16,050,Michoacán,Maravatío,2019,OI,2.555555556,2.555555556
16,052,Michoacán,Lázaro Cárdenas,2019,OI,18.88888889,0.8
16,053,Michoacán,Morelia,2019,OI,5.419354839,3.9
16,067,Michoacán,Penjamillo,2019,OI,5.851851852,5.851851852
16,069,Michoacán,La Piedad,2019,OI,4.227272727,4.227272727
16,072,Michoacán,Queréndaro,2019,OI,4.064516129,4.074074074
16,076,Michoacán,Sahuayo,2019,OI,5.435483871,6.0
16,085,Michoacán,Tangancícuaro,2019,OI,3.14516129,3.1875
16,089,Michoacán,Tepalcatepec,2019,OI,14.29032258,14.29032258
16,103,Michoacán,Venustiano Carranza,2019,OI,9.246428571,8.7
16,104,Michoacán,Villamar,2019,OI,5.838709677,5.4
16,105,Michoacán,Vista Hermosa,2019,OI,5.0,5.0
16,106,Michoacán,Yurécuaro,2019,OI,8.696428571,5.4
16,107,Michoacán,Zacapu,2019,OI,8.9,5.2
16,108,Michoacán,Zamora,2019,OI,5.642857143,2.3
16,109,Michoacán,Zináparo,2019,OI,3.071428571,3.071428571
16,110,Michoacán,Zinapécuaro,2019,OI,3.0,2.6
16,113,Michoacán,José Sixto Verduzco,2019,OI,3.434782609,3.4
17,001,Morelos,Amacuzac,2019,OI,9.206896552,8.2
17,002,Morelos,Atlatlahucan,2019,OI,12.33333333,11.4
17,004,Morelos,Ayala,2019,OI,11.63636364,10.4
17,006,Morelos,Cuautla,2019,OI,10.33333333,9.3
17,007,Morelos,Cuernavaca,2019,OI,11.40740741,11.73333333
17,008,Morelos,Emiliano Zapata,2019,OI,13.59090909,9.4
17,009,Morelos,Huitzilac,2019,OI,2.451612903,2.861290323
17,011,Morelos,Jiutepec,2019,OI,12.4137931,10.6
17,012,Morelos,Jojutla,2019,OI,10.69354839,9.4
17,013,Morelos,Jonacatepec de Leandro Valle,2019,OI,9.69047619,9.6
17,015,Morelos,Miacatlán,2019,OI,14.2173913,6.0
17,016,Morelos,Ocuituco,2019,OI,8.677419355,4.4
17,017,Morelos,Puente de Ixtla,2019,OI,11.16,9.4
17,019,Morelos,Tepalcingo,2019,OI,11.88461538,11.88461538
17,021,Morelos,Tetecala,2019,OI,13.6875,6.1
17,023,Morelos,Tlalnepantla,2019,OI,4.0,2.7
17,024,Morelos,Tlaltizapán de Zapata,2019,OI,11.25862069,8.4
17,025,Morelos,Tlaquiltenango,2019,OI,9.724137931,7.1
17,027,Morelos,Totolapan,2019,OI,10.95454545,8.6
17,028,Morelos,Xochitepec,2019,OI,15.68181818,11.6
17,029,Morelos,Yautepec,2019,OI,11.24074074,9.0
17,030,Morelos,Yecapixtla,2019,OI,10.56451613,8.8
17,031,Morelos,Zacatepec,2019,OI,11.48275862,10.2
17,032,Morelos,Zacualpan de Amilpas,2019,OI,10.18181818,10.18181818
17,033,Morelos,Temoac,2019,OI,11.53333333,14.15
17,035,Morelos,Xoxocotla,2019,OI,11.42592593,11.42592593
17,036,Morelos,Hueyapan,2019,OI,6.36,6.36
18,001,Nayarit,Acaponeta,2019,OI,13.7483871,13.3
18,009,Nayarit,Del Nayar,2019,OI,10.43333333,10.43333333
18,010,Nayarit,Rosamorada,2019,OI,13.41935484,12.7
18,011,Nayarit,Ruíz,2019,OI,14.75806452,14.6
18,015,Nayarit,Santiago Ixcuintla,2019,OI,13.51290323,13.1
18,017,Nayarit,Tepic,2019,OI,13.24,12.5
18,020,Nayarit,Bahía de Banderas,2019,OI,15.85483871,19.125
19,003,Nuevo León,Los Aldamas,2019,OI,10.5,10.5
19,004,Nuevo León,Allende,2019,OI,6.444444444,7.36
19,005,Nuevo León,Anáhuac,2019,OI,10.08,4.4
19,007,Nuevo León,Aramberri,2019,OI,3.5,1.5
19,011,Nuevo León,Cerralvo,2019,OI,7.0,4.5
19,012,Nuevo León,Ciénega de Flores,2019,OI,7.103448276,3.7
19,013,Nuevo León,China,2019,OI,9.304347826,10.54
19,014,Nuevo León,Doctor Arroyo,2019,OI,5.516129032,5.4
19,017,Nuevo León,Galeana,2019,OI,-1.370967742,-1.370967742
19,021,Nuevo León,General Escobedo,2019,OI,8.923076923,5.9
19,024,Nuevo León,General Zaragoza,2019,OI,6.034482759,3.4
19,026,Nuevo León,Guadalupe,2019,OI,8.803571429,6.6
19,028,Nuevo León,Higueras,2019,OI,11.15384615,4.2
19,033,Nuevo León,Linares,2019,OI,7.142857143,4.0
19,036,Nuevo León,Mier y Noriega,2019,OI,6.774193548,6.774193548
19,038,Nuevo León,Montemorelos,2019,OI,6.211538462,4.0
19,039,Nuevo León,Monterrey,2019,OI,5.178571429,5.72
19,042,Nuevo León,Los Ramones,2019,OI,10.05769231,5.3
19,046,Nuevo León,San Nicolás de los Garza,2019,OI,9.296153846,7.5
19,049,Nuevo León,Santiago,2019,OI,7.314814815,3.0
20,006,Oaxaca,Asunción Nochixtlán,2019,OI,16.83333333,
20,011,Oaxaca,Calihualá,2019,OI,14.35,14.9
20,014,Oaxaca,Ciudad Ixtepec,2019,OI,21.55357143,19.9
20,039,Oaxaca,Heroica Ciudad de Huajuapan de León,2019,OI,6.687096774,6.3
20,043,Oaxaca,Heroica Ciudad de Juchitán de Zaragoza,2019,OI,21.37931034,19.7
20,052,Oaxaca,Magdalena Tequisistlán,2019,OI,17.98214286,14.4
20,067,Oaxaca,Oaxaca de Juárez,2019,OI,10.08333333,7.4
20,073,Oaxaca,Putla Villa de Guerrero,2019,OI,11.08333333,10.8
20,079,Oaxaca,Salina Cruz,2019,OI,23.01153846,21.9
20,083,Oaxaca,San Agustín de las Juntas,2019,OI,9.464516129,8.5
20,105,Oaxaca,San Antonino Monte Verde,2019,OI,11.61111111,13.0
20,136,Oaxaca,San Felipe Usila,2019,OI,15.3,14.2
20,173,Oaxaca,San Juan Atepec,2019,OI,7.387096774,6.4
20,184,Oaxaca,San Juan Bautista Tuxtepec,2019,OI,16.72413793,15.5
20,221,Oaxaca,San Juan Teposcolula,2019,OI,7.269230769,8.7
20,228,Oaxaca,San Lorenzo Cuaunecuiltitla,2019,OI,8.625,7.1
20,237,Oaxaca,San Marcos Arteaga,2019,OI,13.8,11.2
20,262,Oaxaca,San Miguel Amatlán,2019,OI,2.677419355,1.5
20,278,Oaxaca,San Miguel Soyaltepec,2019,OI,18.37037037,18.58
20,307,Oaxaca,San Pedro Huamelula,2019,OI,19.0,20.94
20,324,Oaxaca,San Pedro Pochutla,2019,OI,21.92580645,20.8
20,327,Oaxaca,San Pedro Tapanatepec,2019,OI,19.73214286,17.9
20,337,Oaxaca,San Pedro y San Pablo Ayutla,2019,OI,3.433333333,
20,357,Oaxaca,Santa Ana Tavela,2019,OI,11.19354839,12.6
20,363,Oaxaca,Santa Catarina Ixtepeji,2019,OI,6.935483871,6.9
20,390,Oaxaca,Santa Lucía del Camino,2019,OI,9.44,7.9
20,417,Oaxaca,Santa María Jacatepec,2019,OI,17.05,15.0
20,418,Oaxaca,Santa María Jalapa del Marqués,2019,OI,16.5483871,16.5483871
20,421,Oaxaca,Santa María Mixtequilla,2019,OI,18.5,18.5
20,439,Oaxaca,Santa María Tonameca,2019,OI,17.56666667,16.1
20,459,Oaxaca,Villa de Santiago Chazumba,2019,OI,13.25,13.3
20,468,Oaxaca,Santiago Jocotepec,2019,OI,17.62962963,16.0
20,478,Oaxaca,Santiago Nacaltepec,2019,OI,8.689655172,5.8
20,498,Oaxaca,Santiago Yaveo,2019,OI,16.80434783,16.80434783
20,502,Oaxaca,Santiago Zacatepec,2019,OI,13.04166667,13.5
20,525,Oaxaca,Santo Domingo Zanatepec,2019,OI,15.89285714,14.9
20,537,Oaxaca,Silacayoápam,2019,OI,12.94736842,14.0
20,547,Oaxaca,Teotongo,2019,OI,6.090909091,9.5
20,549,Oaxaca,"Heroica Villa Tezoatlán de Segura y Luna, Cuna de la Independencia de Oaxaca",2019,OI,10.78571429,12.4
20,559,Oaxaca,San Juan Bautista Valle Nacional,2019,OI,17.11538462,18.5
20,567,Oaxaca,Zapotitlán Lagunas,2019,OI,14.96875,14.7
20,568,Oaxaca,Zapotitlán Palmas,2019,OI,6.764705882,5.9
21,001,Puebla,Acajete,2019,OI,3.806451613,4.916666667
21,003,Puebla,Acatlán,2019,OI,10.58064516,11.35483871
21,008,Puebla,Ahuazotepec,2019,OI,1.403225806,-0.2
21,015,Puebla,Amozoc,2019,OI,5.741935484,4.0
21,016,Puebla,Aquixtla,2019,OI,9.75,9.75
21,019,Puebla,Atlixco,2019,OI,8.677419355,7.7
21,023,Puebla,Atzitzintla,2019,OI,3.258064516,1.7
21,025,Puebla,Ayotoxco de Guerrero,2019,OI,16.0,16.2
21,026,Puebla,Calpan,2019,OI,3.846153846,3.2
21,031,Puebla,Coatzingo,2019,OI,9.35483871,10.06451613
21,043,Puebla,Cuetzalan del Progreso,2019,OI,10.12903226,7.2
21,045,Puebla,Chalchicomula de Sesma,2019,OI,2.903225806,0.4
21,051,Puebla,Chietla,2019,OI,11.74193548,12.3
21,053,Puebla,Chignahuapan,2019,OI,1.838709677,2.483333333
21,059,Puebla,Chinantla,2019,OI,9.935483871,10.58064516
21,064,Puebla,Francisco Z. Mena,2019,OI,8.5,8.5
21,069,Puebla,Huaquechula,2019,OI,9.774193548,9.1
21,071,Puebla,Huauchinango,2019,OI,7.689655172,5.5
21,083,Puebla,Ixtacamaxtitlán,2019,OI,1.322580645,0.8
21,085,Puebla,Izúcar de Matamoros,2019,OI,15.85185185,12.3
21,086,Puebla,Jalpan,2019,OI,15.57692308,12.4
21,091,Puebla,Juan Galindo,2019,OI,9.900833333,10.17478261
21,094,Puebla,Libres,2019,OI,3.935483871,2.6
21,098,Puebla,Molcaxac,2019,OI,2.4,2.4
21,106,Puebla,Ocoyucan,2019,OI,4.769230769,4.769230769
21,108,Puebla,Oriental,2019,OI,6.85,5.6
21,114,Puebla,Puebla,2019,OI,3.129032258,2.5
21,140,Puebla,San Pedro Cholula,2019,OI,5.35483871,5.951612903
21,145,Puebla,San Sebastián Tlacotepec,2019,OI,15.14814815,14.6
21,153,Puebla,Tecali de Herrera,2019,OI,4.322580645,2.9
21,154,Puebla,Tecamachalco,2019,OI,4.64516129,3.9
21,156,Puebla,Tehuacán,2019,OI,6.322580645,5.5
21,160,Puebla,Teotlalco,2019,OI,8.129032258,12.35
21,162,Puebla,Tepango de Rodríguez,2019,OI,5.483870968,3.7
21,170,Puebla,Tepeyahualco,2019,OI,0.435483871,-0.2
21,170,Veracruz,Tepeyahualco,2019,OI,1.586956522,-2.5
21,172,Puebla,Tetela de Ocampo,2019,OI,5.454545455,4.2
21,174,Puebla,Teziutlán,2019,OI,6.538461538,3.7
21,184,Puebla,Tlapacoya,2019,OI,5.032258065,2.4
21,185,Puebla,Tlapanalá,2019,OI,13.196,13.196
21,186,Puebla,Tlatlauquitepec,2019,OI,1.483870968,-1.2
21,187,Puebla,Tlaxco,2019,OI,14.94736842,12.4
21,193,Puebla,Tzicatlacoyan,2019,OI,3.322580645,4.080645161
21,194,Puebla,Venustiano Carranza,2019,OI,6.322580645,6.903225806
21,197,Puebla,Xicotepec,2019,OI,7.047826087,7.047826087
21,198,Puebla,Xicotlán,2019,OI,6.161290323,9.225806452
21,207,Puebla,Zacapoaxtla,2019,OI,6.724137931,4.3
21,217,Puebla,Zoquitlán,2019,OI,6.838709677,7.4
22,006,Querétaro,Corregidora,2019,OI,7.895833333,5.3
22,008,Querétaro,Huimilpan,2019,OI,8.958333333,3.9
22,009,Querétaro,Jalpan de Serra,2019,OI,14.0,14.0
22,011,Querétaro,El Marqués,2019,OI,8.84,10.37037037
22,013,Querétaro,Peñamiller,2019,OI,11.97058824,7.2
22,014,Querétaro,Querétaro,2019,OI,8.593548387,5.2
22,016,Querétaro,San Juan del Río,2019,OI,8.64,4.4
23,001,Quintana Roo,Cozumel,2019,OI,20.31034483,21.6
23,002,Quintana Roo,Felipe Carrillo Puerto,2019,OI,16.34666667,16.8
23,004,Quintana Roo,Othón P. Blanco,2019,OI,18.29354839,16.6
23,005,Quintana Roo,Benito Juárez,2019,OI,21.125,20.6
23,007,Quintana Roo,Lázaro Cárdenas,2019,OI,17.93,19.22258065
23,008,Quintana Roo,Solidaridad,2019,OI,18.16666667,19.36666667
23,009,Quintana Roo,Tulum,2019,OI,18.63571429,18.63571429
24,003,San Luis Potosí,Aquismón,2019,OI,11.01481481,9.2
24,008,San Luis Potosí,Cerritos,2019,OI,10.45454545,10.45454545
24,013,San Luis Potosí,Ciudad Valles,2019,OI,12.60384615,10.1
24,016,San Luis Potosí,Ebano,2019,OI,18.13461538,10.3
24,020,San Luis Potosí,Matehuala,2019,OI,5.565217391,4.4
24,024,San Luis Potosí,Rioverde,2019,OI,9.12,4.0
24,027,San Luis Potosí,San Ciro de Acosta,2019,OI,12.2173913,7.4
24,028,San Luis Potosí,San Luis Potosí,2019,OI,4.695652174,1.9
24,034,San Luis Potosí,San Vicente Tancuayalab,2019,OI,13.88888889,11.3
24,037,San Luis Potosí,Tamazunchale,2019,OI,13.65555556,11.3
24,040,San Luis Potosí,Tamuín,2019,OI,13.75892857,11.1
24,041,San Luis Potosí,Tanlajás,2019,OI,13.04444444,10.9
24,053,San Luis Potosí,Axtla de Terrazas,2019,OI,12.96666667,11.0
24,057,San Luis Potosí,Matlapa,2019,OI,12.812,11.6
24,058,San Luis Potosí,El Naranjo,2019,OI,10.77407407,7.8
25,001,Sinaloa,Ahome,2019,OI,10.15384615,7.7
25,003,Sinaloa,Badiraguato,2019,OI,9.363636364,7.0
25,005,Sinaloa,Cosalá,2019,OI,11.45,11.8
25,006,Sinaloa,Culiacán,2019,OI,7.451612903,6.8
25,007,Sinaloa,Choix,2019,OI,8.333333333,8.4
25,008,Sinaloa,Elota,2019,OI,11.93548387,11.4
25,010,Sinaloa,El Fuerte,2019,OI,8.629032258,8.0
25,011,Sinaloa,Guasave,2019,OI,11.67741935,9.3
25,012,Sinaloa,Mazatlán,2019,OI,11.62903226,10.5
25,013,Sinaloa,Mocorito,2019,OI,10.27586207,8.5
25,014,Sinaloa,Rosario,2019,OI,12.15517241,12.20689655
25,015,Sinaloa,Salvador Alvarado,2019,OI,12.16129032,11.8
25,016,Sinaloa,San Ignacio,2019,OI,10.52083333,9.1
25,017,Sinaloa,Sinaloa,2019,OI,9.05,8.7
25,019,Sinaloa,Eldorado,2019,OI,12.57692308,14.4
26,001,Sonora,Aconchi,2019,OI,2.965517241,2.965517241
26,003,Sonora,Álamos,2019,OI,6.089285714,6.0
26,004,Sonora,Altar,2019,OI,5.816666667,6.795
26,006,Sonora,Arizpe,2019,OI,-0.806451613,-0.806451613
26,009,Sonora,Bacanora,2019,OI,11.29285714,15.02916667
26,010,Sonora,Bacerac,2019,OI,-0.580645161,-0.114615385
26,013,Sonora,Banámichi,2019,OI,5.286071429,5.286071429
26,017,Sonora,Caborca,2019,OI,3.961538462,4.089642857
26,018,Sonora,Cajeme,2019,OI,6.251612903,7.464516129
26,019,Sonora,Cananea,2019,OI,1.307692308,3.733333333
26,021,Sonora,La Colorada,2019,OI,5.285714286,5.318636364
26,025,Sonora,Empalme,2019,OI,10.36774194,9.7
26,029,Sonora,Guaymas,2019,OI,3.790322581,3.790322581
26,030,Sonora,Hermosillo,2019,OI,6.928571429,7.068965517
26,031,Sonora,Huachinera,2019,OI,-0.535714286,-0.535714286
26,035,Sonora,Imuris,2019,OI,0.671428571,2.3
26,037,Sonora,Mazatán,2019,OI,4.586956522,7.25
26,040,Sonora,Nácori Chico,2019,OI,6.234782609,5.4
26,041,Sonora,Nacozari de García,2019,OI,3.947368421,5.0
26,042,Sonora,Navojoa,2019,OI,9.017857143,9.5
26,043,Sonora,Nogales,2019,OI,3.924,5.026923077
26,045,Sonora,Opodepe,2019,OI,3.357142857,3.366666667
26,046,Sonora,Oquitoa,2019,OI,5.814814815,6.396296296
26,048,Sonora,Puerto Peñasco,2019,OI,9.47,10.07619048
26,049,Sonora,Quiriego,2019,OI,5.709677419,5.983870968
26,052,Sonora,Sahuaripa,2019,OI,5.85,5.0
26,055,Sonora,San Luis Río Colorado,2019,OI,8.181818182,7.8
26,056,Sonora,San Miguel de Horcasitas,2019,OI,3.5,3.5
26,061,Sonora,Soyopa,2019,OI,8.407142857,9.5
26,063,Sonora,Tepache,2019,OI,7.5,7.5
26,064,Sonora,Trincheras,2019,OI,3.692307692,3.838709677
26,065,Sonora,Tubutama,2019,OI,3.392857143,5.203846154
26,069,Sonora,Yécora,2019,OI,-3.431612903,-4.2
26,070,Sonora,General Plutarco Elías Calles,2019,OI,2.589285714,3.758064516
27,001,Tabasco,Balancán,2019,OI,17.58064516,17.2
27,002,Tabasco,Cárdenas,2019,OI,19.05357143,16.4
27,003,Tabasco,Centla,2019,OI,22.43913043,22.43913043
27,004,Tabasco,Centro,2019,OI,17.98148148,16.4
27,006,Tabasco,Cunduacán,2019,OI,17.82,19.28846154
27,008,Tabasco,Huimanguillo,2019,OI,20.95185185,17.4
27,012,Tabasco,Macuspana,2019,OI,18.89583333,17.1
27,015,Tabasco,Tacotalpa,2019,OI,18.25,16.7
27,016,Tabasco,Teapa,2019,OI,18.51785714,16.4
27,017,Tabasco,Tenosique,2019,OI,19.0,17.8
28,001,Tamaulipas,Abasolo,2019,OI,10.65925926,7.9
28,002,Tamaulipas,Aldama,2019,OI,12.44074074,9.4
28,003,Tamaulipas,Altamira,2019,OI,14.55666667,12.0
28,007,Tamaulipas,Camargo,2019,OI,8.576923077,7.0
28,008,Tamaulipas,Casas,2019,OI,9.778571429,9.778571429
28,009,Tamaulipas,Ciudad Madero,2019,OI,16.12272727,12.1
28,011,Tamaulipas,Gómez Farías,2019,OI,11.90344828,9.2
28,012,Tamaulipas,González,2019,OI,11.23137931,8.8
28,013,Tamaulipas,Güémez,2019,OI,9.460714286,6.0
28,015,Tamaulipas,Gustavo Díaz Ordaz,2019,OI,9.16,7.5
28,016,Tamaulipas,Hidalgo,2019,OI,6.725925926,4.2
28,019,Tamaulipas,Llera,2019,OI,9.554166667,6.3
28,020,Tamaulipas,Mainero,2019,OI,8.19,5.1
28,021,Tamaulipas,El Mante,2019,OI,11.86,10.0
28,022,Tamaulipas,Matamoros,2019,OI,10.07142857,6.7
28,023,Tamaulipas,Méndez,2019,OI,9.096428571,11.23333333
28,029,Tamaulipas,Ocampo,2019,OI,13.16,13.16
28,030,Tamaulipas,Padilla,2019,OI,9.682758621,6.9
28,032,Tamaulipas,Reynosa,2019,OI,8.5,7.0
28,035,Tamaulipas,San Fernando,2019,OI,10.53448276,7.2
28,037,Tamaulipas,Soto la Marina,2019,OI,10.63793103,6.6
28,038,Tamaulipas,Tampico,2019,OI,15.74666667,15.74666667
28,040,Tamaulipas,Valle Hermoso,2019,OI,10.07142857,7.2
28,041,Tamaulipas,Victoria,2019,OI,9.144,6.5
28,043,Tamaulipas,Xicoténcatl,2019,OI,11.03214286,8.5
29,003,Tlaxcala,Atlangatepec,2019,OI,0.827586207,-2.2
29,006,Tlaxcala,Calpulalpan,2019,OI,2.411764706,-2.1
29,007,Tlaxcala,El Carmen Tequexquitla,2019,OI,1.714285714,1.714285714
29,008,Tlaxcala,Cuapiaxtla,2019,OI,1.967741935,3.44
29,013,Tlaxcala,Huamantla,2019,OI,5.714285714,0.6
29,033,Tlaxcala,Tlaxcala,2019,OI,4.1,3.4
29,037,Tlaxcala,Ziltlaltépec de Trinidad Sánchez Santos,2019,OI,2.8,1.1
29,043,Tlaxcala,Yauhquemehcan,2019,OI,8.388461538,4.2
29,044,Tlaxcala,Zacatelco,2019,OI,3.252380952,1.6
30,001,Veracruz,Acajete,2019,OI,3.142857143,2.5
30,002,Veracruz,Acatlán,2019,OI,6.448275862,7.580645161
30,004,Veracruz,Actopan,2019,OI,19.13793103,14.3
30,007,Veracruz,Camarón de Tejeda,2019,OI,16.19354839,14.7
30,010,Veracruz,Altotonga,2019,OI,4.896551724,3.4
30,011,Veracruz,Alvarado,2019,OI,19.02,17.6
30,015,Veracruz,Angel R. Cabada,2019,OI,16.73214286,17.18
30,016,Veracruz,La Antigua,2019,OI,17.12903226,16.0
30,017,Veracruz,Apazapan,2019,OI,16.98387097,20.5
30,026,Veracruz,Banderilla,2019,OI,7.612903226,8.5
30,028,Veracruz,Boca del Río,2019,OI,19.21923077,17.8
30,032,Veracruz,Catemaco,2019,OI,14.74074074,13.7
30,038,Veracruz,Coatepec,2019,OI,7.516666667,7.3
30,039,Veracruz,Coatzacoalcos,2019,OI,19.53793103,17.5
30,045,Oaxaca,Cosamaloapan de Carpio,2019,OI,19.78,19.78
30,048,Veracruz,Cosoleacaque,2019,OI,19.22222222,20.28
30,055,Veracruz,Chalma,2019,OI,13.14857143,11.3
30,061,Veracruz,Las Choapas,2019,OI,16.05172414,14.9
30,065,Veracruz,Emiliano Zapata,2019,OI,15.3,12.3
30,071,Veracruz,Huatusco,2019,OI,6.379310345,6.3
30,072,Veracruz,Huayacocotla,2019,OI,6.185185185,3.4
30,073,Veracruz,Hueyapan de Ocampo,2019,OI,16.46666667,14.7
30,077,Veracruz,Isla,2019,OI,18.60869565,16.7
30,087,Veracruz,Xalapa,2019,OI,10.025,9.5
30,091,Veracruz,Jesús Carranza,2019,OI,16.53571429,16.0
30,097,Veracruz,Lerdo de Tejada,2019,OI,17.84615385,16.4
30,100,Veracruz,Manlio Fabio Altamirano,2019,OI,17.20689655,16.3
30,101,Veracruz,Mariano Escobedo,2019,OI,2.451612903,0.8
30,102,Veracruz,Martínez de la Torre,2019,OI,15.72916667,13.4
30,104,Veracruz,Mecayapan,2019,OI,17.42592593,17.97916667
30,105,Veracruz,Medellín de Bravo,2019,OI,15.22413793,12.5
30,109,Veracruz,Misantla,2019,OI,13.69565217,10.8
30,112,Veracruz,Naolinco,2019,OI,8.777777778,7.9
30,118,Veracruz,Orizaba,2019,OI,11.32592593,10.3
30,123,Veracruz,Pánuco,2019,OI,12.16521739,10.7
30,124,Veracruz,Papantla,2019,OI,15.0,11.1
30,126,Veracruz,Paso de Ovejas,2019,OI,17.17241379,15.5
30,128,Veracruz,Perote,2019,OI,0.2,-1.5
30,129,Veracruz,Platón Sánchez,2019,OI,13.71814815,13.71814815
30,132,Veracruz,Las Vigas de Ramírez,2019,OI,2.583333333,1.2
30,134,Veracruz,Puente Nacional,2019,OI,19.46153846,20.94444444
30,141,Veracruz,San Andrés Tuxtla,2019,OI,15.69642857,13.8
30,142,Veracruz,San Juan Evangelista,2019,OI,18.68333333,19.65384615
30,143,Veracruz,Santiago Tuxtla,2019,OI,16.68518519,20.2826087
30,160,Veracruz,Álamo Temapache,2019,OI,13.67857143,11.6
30,161,Veracruz,Tempoal,2019,OI,13.225,10.9
30,163,Veracruz,Tenochtitlán,2019,OI,11.70689655,16.6
30,169,Veracruz,José Azueta,2019,OI,20.0,19.3
30,174,Veracruz,Tierra Blanca,2019,OI,17.26666667,15.7
30,175,Veracruz,Tihuatlán,2019,OI,15.84,15.84
30,182,Veracruz,Tlalnelhuayocan,2019,OI,9.25,8.6
30,188,Veracruz,Totutla,2019,OI,9.444444444,8.8
30,189,Veracruz,Tuxpan,2019,OI,16.06666667,12.5
30,191,Veracruz,Ursulo Galván,2019,OI,17.15,18.4137931
30,193,Veracruz,Veracruz,2019,OI,18.9962963,17.7
30,205,Veracruz,El Higo,2019,OI,13.22037037,11.1
31,001,Yucatán,Abalá,2019,OI,11.62903226,11.5
31,010,Yucatán,Cantamayec,2019,OI,16.43333333,17.60714286
31,011,Yucatán,Celestún,2019,OI,18.59655172,19.0
31,013,Yucatán,Conkal,2019,OI,13.61290323,14.0
31,022,Yucatán,Chikindzonot,2019,OI,14.48333333,14.0
31,023,Yucatán,Chocholá,2019,OI,16.86666667,18.19354839
31,050,Yucatán,Mérida,2019,OI,16.43333333,16.1
31,051,Yucatán,Mocochá,2019,OI,14.12903226,18.76
31,052,Yucatán,Motul,2019,OI,19.07407407,13.6
31,053,Yucatán,Muna,2019,OI,16.12068966,15.7
31,056,Yucatán,Oxkutzcab,2019,OI,11.64516129,11.5
31,058,Yucatán,Peto,2019,OI,14.0483871,16.03225806
31,059,Yucatán,Progreso,2019,OI,18.68076923,18.9
31,061,Yucatán,Río Lagartos,2019,OI,19.24193548,17.1
31,079,Yucatán,Tekax,2019,OI,14.18333333,13.9
31,089,Yucatán,Ticul,2019,OI,15.12068966,14.8
31,096,Yucatán,Tizimín,2019,OI,15.56666667,15.9
31,098,Yucatán,Tzucacab,2019,OI,12.24193548,13.3
31,102,Yucatán,Valladolid,2019,OI,17.46428571,16.4
32,003,Zacatecas,Atolinga,2019,OI,-1.096774194,-1.096774194
32,005,Zacatecas,Calera,2019,OI,1.483870968,0.6
32,007,Zacatecas,Concepción del Oro,2019,OI,6.25,6.25
32,008,Zacatecas,Cuauhtémoc,2019,OI,1.777777778,1.6
32,009,Zacatecas,Chalchihuites,2019,OI,2.678571429,2.678571429
32,010,Zacatecas,Fresnillo,2019,OI,1.129032258,1.0
32,012,Zacatecas,Genaro Codina,2019,OI,0.326923077,-0.7
32,014,Zacatecas,General Francisco R. Murguía,2019,OI,5.0,5.0
32,016,Zacatecas,General Pánfilo Natera,2019,OI,-0.516129032,-0.8
32,017,Zacatecas,Guadalupe,2019,OI,4.525806452,3.4
32,019,Zacatecas,Jalpa,2019,OI,6.467741935,6.467741935
32,020,Zacatecas,Jerez,2019,OI,2.965517241,2.965517241
32,022,Zacatecas,Juan Aldama,2019,OI,3.711538462,3.711538462
32,023,Zacatecas,Juchipila,2019,OI,8.357142857,5.7
32,024,Zacatecas,Loreto,2019,OI,3.275862069,3.275862069
32,025,Zacatecas,Luis Moya,2019,OI,6.961538462,1.8
32,026,Zacatecas,Mazapil,2019,OI,3.322580645,0.1
32,028,Zacatecas,Mezquital del Oro,2019,OI,7.017241379,7.017241379
32,029,Zacatecas,Miguel Auza,2019,OI,5.736842105,2.3
32,031,Zacatecas,Monte Escobedo,2019,OI,0.403225806,0.0
32,034,Zacatecas,Nochistlán de Mejía,2019,OI,1.5,1.5
32,036,Zacatecas,Ojocaliente,2019,OI,1.962962963,1.962962963
32,038,Zacatecas,Pinos,2019,OI,0.741935484,-1.0
32,039,Zacatecas,Río Grande,2019,OI,0.258064516,0.258064516
32,040,Zacatecas,Sain Alto,2019,OI,2.112903226,2.322580645
32,042,Zacatecas,Sombrerete,2019,OI,3.964516129,3.9
32,044,Zacatecas,Tabasco,2019,OI,8.758064516,8.6
32,045,Zacatecas,Tepechitlán,2019,OI,2.387096774,2.387096774
32,047,Zacatecas,Teúl de González Ortega,2019,OI,5.038461538,4.4
32,048,Zacatecas,Tlaltenango de Sánchez Román,2019,OI,2.693548387,2.693548387
32,049,Zacatecas,Valparaíso,2019,OI,-0.903225806,-1.1
32,051,Zacatecas,Villa de Cos,2019,OI,5.043478261,5.043478261
32,053,Zacatecas,Villa González Ortega,2019,OI,3.791666667,3.791666667
32,054,Zacatecas,Villa Hidalgo,2019,OI,1.612903226,0.1
32,055,Zacatecas,Villanueva,2019,OI,1.483870968,1.483870968
32,056,Zacatecas,Zacatecas,2019,OI,6.392857143,5.1
01,001,Aguascalientes,Aguascalientes,2019,PV,6.883333333,-3.2
01,002,Aguascalientes,Asientos,2019,PV,10.5,-0.5
01,003,Aguascalientes,Calvillo,2019,PV,6.7,2.419354839
01,004,Aguascalientes,Cosío,2019,PV,5.916666667,-0.548387097
01,005,Aguascalientes,Jesús María,2019,PV,14.28571429,8.6
01,006,Aguascalientes,Pabellón de Arteaga,2019,PV,9.25,3.5
01,007,Aguascalientes,Rincón de Romos,2019,PV,10.35,3.9
01,008,Aguascalientes,San José de Gracia,2019,PV,9.65,0.0
01,009,Aguascalientes,Tepezalá,2019,PV,10.95,5.4
01,010,Aguascalientes,El Llano,2019,PV,5.6,1.2
02,001,Baja California,Ensenada,2019,PV,6.4,6.8
02,002,Baja California,Mexicali,2019,PV,13.76842105,6.3
02,003,Baja California,Tecate,2019,PV,4.210526316,0.4
02,004,Baja California,Tijuana,2019,PV,11.375,9.322580645
02,005,Baja California,Playas de Rosarito,2019,PV,17.4,
02,006,Baja California,San Quintín,2019,PV,10.38709677,8.6
02,007,Baja California,San Felipe,2019,PV,18.1,9.84
03,001,Baja California Sur,Comondú,2019,PV,11.88214286,9.1
03,002,Baja California Sur,Mulegé,2019,PV,9.185185185,5.037931034
03,003,Baja California Sur,La Paz,2019,PV,11.85357143,7.967741935
03,008,Baja California Sur,Los Cabos,2019,PV,10.5,6.1
03,009,Baja California Sur,Loreto,2019,PV,16.96666667,13.9
04,002,Campeche,Campeche,2019,PV,22.13793103,16.5
04,003,Campeche,Carmen,2019,PV,20.64285714,16.2
04,004,Campeche,Champotón,2019,PV,21.73333333,14.8
04,005,Campeche,Hecelchakán,2019,PV,19.5,15.1
04,006,Campeche,Hopelchén,2019,PV,20.36666667,14.7
04,006,Quintana Roo,Hopelchén,2019,PV,22.8,18.33870968
04,007,Campeche,Palizada,2019,PV,21.3,17.0
04,009,Campeche,Escárcega,2019,PV,22.60714286,16.7
04,010,Campeche,Calakmul,2019,PV,20.17,16.6
04,011,Campeche,Candelaria,2019,PV,21.06666667,16.7
05,002,Coahuila,Acuña,2019,PV,12.74074074,2.2
05,003,Coahuila,Allende,2019,PV,14.31034483,3.0
05,004,Coahuila,Arteaga,2019,PV,7.217391304,2.0
05,005,Coahuila,Candela,2019,PV,17.0,5.5
05,007,Coahuila,Cuatro Ciénegas,2019,PV,15.23333333,3.6
05,009,Coahuila,Francisco I. Madero,2019,PV,14.26666667,4.967741935
05,014,Coahuila,Jiménez,2019,PV,12.06896552,2.6
05,015,Coahuila,Juárez,2019,PV,14.6,4.0
05,017,Coahuila,Matamoros,2019,PV,17.8,11.2
05,018,Coahuila,Monclova,2019,PV,17.27,5.6
05,020,Coahuila,Múzquiz,2019,PV,21.7,6.5
05,024,Coahuila,Parras,2019,PV,16.9,3.0
05,025,Coahuila,Piedras Negras,2019,PV,15.74666667,4.1
05,026,Coahuila,Progreso,2019,PV,12.96,3.88
05,027,Coahuila,Ramos Arizpe,2019,PV,12.9,2.2
05,028,Coahuila,Sabinas,2019,PV,14.25862069,2.6
05,030,Coahuila,Saltillo,2019,PV,13.56666667,3.0
05,032,Coahuila,San Juan de Sabinas,2019,PV,22.1,1.3
05,033,Coahuila,San Pedro,2019,PV,11.46666667,4.7
05,034,Coahuila,Sierra Mojada,2019,PV,15.25,4.4
05,035,Coahuila,Torreón,2019,PV,16.77666667,5.6
05,035,Durango,Torreón,2019,PV,10.28571429,6.083333333
05,038,Coahuila,Zaragoza,2019,PV,20.9,2.2
06,002,Colima,Colima,2019,PV,16.6962963,16.8
06,004,Colima,Coquimatlán,2019,PV,13.68181818,14.8
06,005,Colima,Cuauhtémoc,2019,PV,15.7,14.91935484
06,006,Colima,Ixtlahuacán,2019,PV,17.38333333,20.46551724
06,007,Colima,Manzanillo,2019,PV,20.20666667,20.1
06,009,Colima,Tecomán,2019,PV,14.9,15.6
06,010,Colima,Villa de Álvarez,2019,PV,18.83333333,18.77777778
07,001,Chiapas,Acacoyagua,2019,PV,20.78571429,18.6
07,002,Chiapas,Acala,2019,PV,20.06666667,13.9
07,003,Chiapas,Acapetahua,2019,PV,23.9,
07,005,Tabasco,Amatán,2019,PV,20.75862069,17.1
07,008,Chiapas,Ángel Albino Corzo,2019,PV,12.43548387,12.0
07,009,Chiapas,Arriaga,2019,PV,21.03666667,21.06774194
07,013,Chiapas,Bochil,2019,PV,13.02,14.372
07,015,Chiapas,Cacahoatán,2019,PV,15.96296296,14.7
07,019,Chiapas,Comitán de Domínguez,2019,PV,14.23666667,10.3
07,020,Chiapas,La Concordia,2019,PV,16.0,12.98965517
07,027,Chiapas,Chiapa de Corzo,2019,PV,19.43333333,15.53225806
07,029,Chiapas,Chicoasén,2019,PV,20.0,14.6
07,030,Chiapas,Chicomuselo,2019,PV,16.08,11.8
07,032,Chiapas,Escuintla,2019,PV,15.5,18.9
07,034,Chiapas,Frontera Comalapa,2019,PV,16.38333333,12.7
07,037,Chiapas,Huehuetán,2019,PV,22.8,20.7
07,040,Chiapas,Huixtla,2019,PV,20.05555556,18.8
07,046,Chiapas,Jiquipilas,2019,PV,18.10333333,15.35333333
07,048,Chiapas,Juárez,2019,PV,21.96428571,19.84814815
07,049,Chiapas,Larráinzar,2019,PV,20.41071429,15.9
07,051,Chiapas,Mapastepec,2019,PV,22.5862069,18.3
07,052,Chiapas,Las Margaritas,2019,PV,14.00333333,14.25
07,057,Chiapas,Motozintla,2019,PV,14.52,13.708
07,059,Chiapas,Ocosingo,2019,PV,16.48666667,15.05666667
07,061,Chiapas,Ocozocoautla de Espinosa,2019,PV,18.68,13.2
07,062,Chiapas,Ostuacán,2019,PV,19.89655172,14.3
07,063,Chiapas,Osumacinta,2019,PV,21.85483871,16.2
07,069,Chiapas,Pijijiapan,2019,PV,23.98387097,22.2
07,071,Chiapas,Villa Comaltitlán,2019,PV,21.3,19.3
07,072,Chiapas,Pueblo Nuevo Solistahuacán,2019,PV,17.69095238,11.9
07,077,Chiapas,Salto de Agua,2019,PV,21.0,17.1
07,078,Chiapas,San Cristóbal de las Casas,2019,PV,7.910714286,5.3
07,080,Chiapas,Siltepec,2019,PV,18.38333333,17.7
07,086,Chiapas,Suchiapa,2019,PV,20.21666667,13.2
07,087,Chiapas,Suchiate,2019,PV,23.29354839,22.57307692
07,089,Chiapas,Tapachula,2019,PV,18.26470588,18.68846154
07,091,Chiapas,Tapilula,2019,PV,19.4675,17.12846154
07,092,Chiapas,Tecpatán,2019,PV,18.13793103,13.6
07,097,Chiapas,Tonalá,2019,PV,22.35,12.9
07,099,Chiapas,La Trinitaria,2019,PV,13.61333333,11.55
07,101,Chiapas,Tuxtla Gutiérrez,2019,PV,18.85185185,11.4
07,102,Chiapas,Tuxtla Chico,2019,PV,21.11258065,21.6
07,106,Chiapas,Venustiano Carranza,2019,PV,17.82142857,13.2
07,107,Chiapas,Villa Corzo,2019,PV,18.0,15.7
07,108,Chiapas,Villaflores,2019,PV,15.21428571,12.3
07,112,Chiapas,San Juan Cancuc,2019,PV,16.81172414,14.3
07,123,Chiapas,Emiliano Zapata,2019,PV,20.16666667,16.11290323
07,124,Chiapas,Mezcalapa,2019,PV,23.10714286,12.0
08,001,Chihuahua,Ahumada,2019,PV,23.7,
08,002,Chihuahua,Aldama,2019,PV,9.214285714,2.3
08,006,Chihuahua,Bachíniva,2019,PV,5.5,-2.0
08,007,Chihuahua,Balleza,2019,PV,0.361111111,-7.2
08,008,Chihuahua,Batopilas de Manuel Gómez Morín,2019,PV,14.03333333,8.185185185
08,009,Chihuahua,Bocoyna,2019,PV,11.0,
08,010,Chihuahua,Buenaventura,2019,PV,7.0,-1.1
08,014,Chihuahua,Coronado,2019,PV,6.821428571,-1.7
08,017,Chihuahua,Cuauhtémoc,2019,PV,4.5,0.157894737
08,019,Chihuahua,Chihuahua,2019,PV,2.035714286,-1.038461538
08,020,Chihuahua,Chínipas,2019,PV,12.98,6.896428571
08,021,Chihuahua,Delicias,2019,PV,11.5,2.1
08,027,Chihuahua,Guachochi,2019,PV,10.5,-4.6
08,029,Chihuahua,Guadalupe y Calvo,2019,PV,13.0,-3.3
08,031,Chihuahua,Guerrero,2019,PV,2.483333333,-3.3
08,032,Chihuahua,Hidalgo del Parral,2019,PV,10.84,1.843333333
08,035,Chihuahua,Janos,2019,PV,15.2,
08,036,Chihuahua,Jiménez,2019,PV,9.089285714,-0.1
08,037,Chihuahua,Juárez,2019,PV,14.44827586,1.7
08,040,Chihuahua,Madera,2019,PV,-0.857142857,-4.068965517
08,041,Chihuahua,Maguarichi,2019,PV,7.0,-0.185185185
08,043,Chihuahua,Matachí,2019,PV,1.107142857,-1.344827586
08,047,Chihuahua,Moris,2019,PV,9.75,5.586206897
08,050,Chihuahua,Nuevo Casas Grandes,2019,PV,7.563333333,-0.5
08,051,Chihuahua,Ocampo,2019,PV,0.089655172,-4.2
08,052,Chihuahua,Ojinaga,2019,PV,10.9,-0.2
08,055,Chihuahua,Rosales,2019,PV,11.13333333,1.652173913
08,058,Chihuahua,San Francisco de Conchos,2019,PV,7.55,-1.0
08,061,Chihuahua,Satevó,2019,PV,10.64366667,0.6
08,063,Chihuahua,Temósachic,2019,PV,2.462068966,-5.7
08,065,Chihuahua,Urique,2019,PV,14.7,9.162962963
08,067,Chihuahua,Valle de Zaragoza,2019,PV,8.733333333,0.887096774
09,002,Ciudad de México,Azcapotzalco,2019,PV,12.29333333,5.6
09,003,Ciudad de México,Coyoacán,2019,PV,11.98,5.6
09,005,Ciudad de México,Gustavo A. Madero,2019,PV,9.95,2.2
09,006,Ciudad de México,Iztacalco,2019,PV,14.49032258,7.1
09,007,Ciudad de México,Iztapalapa,2019,PV,13.10344828,6.3
09,010,Ciudad de México,Álvaro Obregón,2019,PV,13.13666667,6.6
09,012,Ciudad de México,Tlalpan,2019,PV,8.516129032,5.4
09,013,Ciudad de México,Xochimilco,2019,PV,12.93666667,6.1
09,014,Ciudad de México,Benito Juárez,2019,PV,12.06521739,5.8
09,015,Ciudad de México,Cuauhtémoc,2019,PV,14.35483871,7.7
09,016,Ciudad de México,Miguel Hidalgo,2019,PV,13.29032258,4.933333333
10,001,Durango,Canatlán,2019,PV,4.566666667,0.3
10,004,Durango,Cuencamé,2019,PV,11.46666667,5.3
10,005,Durango,Durango,2019,PV,-4.166666667,-6.423076923
10,006,Durango,General Simón Bolívar,2019,PV,8.933333333,2.4
10,008,Durango,Guadalupe Victoria,2019,PV,6.7,1.774193548
10,009,Durango,Guanaceví,2019,PV,-3.260869565,-10.6
10,010,Durango,Hidalgo,2019,PV,6.416666667,0.566666667
10,011,Durango,Indé,2019,PV,12.83333333,5.4
10,012,Durango,Lerdo,2019,PV,14.78333333,5.4
10,013,Durango,Mapimí,2019,PV,8.8,-1.6
10,015,Durango,Nazas,2019,PV,8.173333333,0.6
10,017,Durango,Ocampo,2019,PV,7.813333333,-2.8
10,018,Durango,El Oro,2019,PV,5.8,-2.833333333
10,020,Durango,Pánuco de Coronado,2019,PV,5.027777778,1.857142857
10,022,Durango,Poanas,2019,PV,6.1875,1.741935484
10,023,Durango,Pueblo Nuevo,2019,PV,-0.95,-1.608695652
10,024,Durango,Rodeo,2019,PV,11.2,2.9
10,025,Durango,San Bernardo,2019,PV,1.05,-2.566666667
10,027,Durango,San Juan de Guadalupe,2019,PV,10.67857143,7.16
10,028,Durango,San Juan del Río,2019,PV,15.4,
10,030,Durango,San Pedro del Gallo,2019,PV,8.948275862,2.2
10,031,Durango,Santa Clara,2019,PV,6.233333333,-0.790322581
10,031,Zacatecas,Santa Clara,2019,PV,14.17857143,4.379310345
10,032,Durango,Santiago Papasquiaro,2019,PV,6.0,-2.3
10,033,Durango,Súchil,2019,PV,8.4,3.6
10,034,Durango,Tamazula,2019,PV,15.03448276,11.5
10,036,Durango,Tlahualilo,2019,PV,12.64285714,3.0
10,038,Durango,Vicente Guerrero,2019,PV,4.45,-0.362068966
10,039,Durango,Nuevo Ideal,2019,PV,2.263157895,-0.346153846
11,001,Guanajuato,Abasolo,2019,PV,14.98333333,7.5
11,002,Guanajuato,Acámbaro,2019,PV,11.68965517,6.1
11,003,Guanajuato,San Miguel de Allende,2019,PV,8.465517241,1.7
11,004,Guanajuato,Apaseo el Alto,2019,PV,13.16666667,5.6
11,005,Guanajuato,Apaseo el Grande,2019,PV,10.6,3.7
11,006,Guanajuato,Atarjea,2019,PV,12.1,
11,007,Guanajuato,Celaya,2019,PV,12.75925926,4.5
11,008,Guanajuato,Manuel Doblado,2019,PV,10.0,2.6
11,010,Guanajuato,Coroneo,2019,PV,5.3,-0.5
11,011,Guanajuato,Cortazar,2019,PV,8.1,1.7
11,012,Guanajuato,Cuerámaro,2019,PV,14.8,6.5
11,014,Guanajuato,Dolores Hidalgo Cuna de la Independencia Nacional,2019,PV,6.137931034,1.5
11,015,Guanajuato,Guanajuato,2019,PV,12.23333333,4.0
11,017,Guanajuato,Irapuato,2019,PV,10.76666667,3.7
11,018,Guanajuato,Jaral del Progreso,2019,PV,10.03333333,4.1
11,019,Guanajuato,Jerécuaro,2019,PV,8.928571429,3.4
11,020,Guanajuato,León,2019,PV,9.826666667,5.206451613
11,022,Guanajuato,Ocampo,2019,PV,9.0,1.8
11,023,Guanajuato,Pénjamo,2019,PV,9.8,3.9
11,027,Guanajuato,Salamanca,2019,PV,8.879310345,4.8
11,028,Guanajuato,Salvatierra,2019,PV,9.066666667,4.2
11,030,Guanajuato,San Felipe,2019,PV,6.533333333,-0.3
11,031,Guanajuato,San Francisco del Rincón,2019,PV,10.23333333,4.2
11,033,Guanajuato,San Luis de la Paz,2019,PV,8.538461538,-0.6
11,037,Guanajuato,Silao de la Victoria,2019,PV,9.857142857,4.1
11,039,Guanajuato,Tarimoro,2019,PV,11.18333333,5.6
11,042,Guanajuato,Valle de Santiago,2019,PV,10.11538462,4.0
11,045,Guanajuato,Xichú,2019,PV,13.81481481,6.1
12,001,Guerrero,Acapulco de Juárez,2019,PV,19.25333333,15.87083333
12,003,Guerrero,Ajuchitlán del Progreso,2019,PV,18.04,17.6
12,005,Guerrero,Alpoyeca,2019,PV,18.3,11.8
12,010,Guerrero,Atlixtac,2019,PV,12.90333333,12.3125
12,011,Guerrero,Atoyac de Álvarez,2019,PV,18.53571429,20.0
12,012,Guerrero,Ayutla de los Libres,2019,PV,17.82692308,16.8
12,014,Guerrero,Benito Juárez,2019,PV,20.13333333,20.9
12,015,Guerrero,Buenavista de Cuéllar,2019,PV,14.96774194,12.4516129
12,021,Guerrero,Coyuca de Benítez,2019,PV,20.04166667,18.4
12,023,Guerrero,Cuajinicuilapa,2019,PV,22.8,18.7
12,028,Guerrero,Chilapa de Álvarez,2019,PV,15.36666667,10.1
12,029,Guerrero,Chilpancingo de los Bravo,2019,PV,13.93333333,11.375
12,032,Guerrero,General Heliodoro Castillo,2019,PV,9.3,7.966666667
12,035,Guerrero,Iguala de la Independencia,2019,PV,18.03225806,14.1
12,036,Guerrero,Igualapa,2019,PV,17.86363636,16.9
12,038,Guerrero,Zihuatanejo de Azueta,2019,PV,22.8,20.4
12,039,Guerrero,Juan R. Escudero,2019,PV,19.85,19.15384615
12,040,Guerrero,Leonardo Bravo,2019,PV,13.57142857,8.7
12,044,Guerrero,Mochitlán,2019,PV,16.16666667,15.3
12,045,Guerrero,Olinalá,2019,PV,17.3,9.4
12,046,Guerrero,Ometepec,2019,PV,15.0,15.0
12,050,Guerrero,Pungarabato,2019,PV,21.88461538,17.1
12,053,Guerrero,San Marcos,2019,PV,12.77777778,11.75
12,055,Guerrero,Taxco de Alarcón,2019,PV,15.38709677,9.8
12,056,Guerrero,Tecoanapa,2019,PV,21.1,
12,057,Guerrero,Técpan de Galeana,2019,PV,20.70588235,20.4
12,061,Guerrero,Tixtla de Guerrero,2019,PV,13.88888889,10.7
12,066,Guerrero,Tlapa de Comonfort,2019,PV,18.14285714,12.84615385
12,068,Guerrero,La Unión de Isidoro Montes de Oca,2019,PV,24.60322581,
12,068,Michoacán,La Unión de Isidoro Montes de Oca,2019,PV,20.07894737,22.17647059
12,070,Guerrero,Xochihuehuetlán,2019,PV,17.34615385,9.8
12,073,Guerrero,Zirándaro,2019,PV,17.04347826,13.9
12,082,Guerrero,Las Vigas,2019,PV,17.88461538,13.5
13,002,Hidalgo,Acaxochitlán,2019,PV,11.38214286,7.071666667
13,003,Hidalgo,Actopan,2019,PV,8.696666667,2.2
13,006,Hidalgo,Alfajayucan,2019,PV,11.73333333,5.4
13,008,Hidalgo,Apan,2019,PV,8.525806452,1.2
13,011,Hidalgo,Atlapexco,2019,PV,18.21666667,12.3
13,013,Hidalgo,Atotonilco de Tula,2019,PV,8.316666667,2.9
13,016,Hidalgo,Cuautepec de Hinojosa,2019,PV,6.9,0.9
13,019,Hidalgo,Chilcuautla,2019,PV,10.73333333,5.806451613
13,028,Hidalgo,Huejutla de Reyes,2019,PV,18.80666667,11.4
13,029,Hidalgo,Huichapan,2019,PV,8.813333333,2.6
13,030,Hidalgo,Ixmiquilpan,2019,PV,12.09666667,5.8
13,037,Hidalgo,Metztitlán,2019,PV,17.2,8.8
13,038,Hidalgo,Mineral del Chico,2019,PV,7.009677419,
13,046,Hidalgo,San Felipe Orizatlán,2019,PV,20.28333333,12.0
13,048,Hidalgo,Pachuca de Soto,2019,PV,10.26,1.9
13,064,Hidalgo,Tepetitlán,2019,PV,10.33333333,4.5
13,076,Hidalgo,Tula de Allende,2019,PV,15.61290323,
13,077,Hidalgo,Tulancingo de Bravo,2019,PV,10.59032258,4.5
13,081,Hidalgo,Zacualtipán de Ángeles,2019,PV,10.03448276,4.3
13,084,Hidalgo,Zimapán,2019,PV,10.4,5.3
14,002,Jalisco,Acatlán de Juárez,2019,PV,6.027777778,3.538461538
14,006,Jalisco,Ameca,2019,PV,9.441176471,4.642857143
14,013,Jalisco,Atotonilco el Alto,2019,PV,11.25333333,6.893548387
14,015,Jalisco,Autlán de Navarro,2019,PV,19.4,
14,017,Jalisco,Ayutla,2019,PV,10.48333333,8.111111111
14,019,Jalisco,Bolaños,2019,PV,17.13888889,10.2
14,022,Jalisco,Cihuatlán,2019,PV,23.9,20.2
14,023,Jalisco,Zapotlán el Grande,2019,PV,9.910344828,7.2
14,025,Jalisco,Colotlán,2019,PV,7.396666667,3.628571429
14,030,Jalisco,Chapala,2019,PV,16.83333333,5.0
14,033,Jalisco,Degollado,2019,PV,11.725,7.192307692
14,039,Jalisco,Guadalajara,2019,PV,13.86206897,6.9
14,041,Jalisco,Huejúcar,2019,PV,6.283333333,
14,043,Jalisco,La Huerta,2019,PV,23.5,
14,046,Aguascalientes,Jalostotitlán,2019,PV,8.3,
14,046,Jalisco,Jalostotitlán,2019,PV,4.625,-0.3
14,047,Jalisco,Jamay,2019,PV,9.7,4.8
14,049,Jalisco,Jilotlán de los Dolores,2019,PV,16.3,15.38709677
14,050,Jalisco,Jocotepec,2019,PV,17.6,
14,051,Jalisco,Juanacatlán,2019,PV,10.72222222,9.32
14,053,Jalisco,Lagos de Moreno,2019,PV,5.9375,0.9
14,054,Jalisco,El Limón,2019,PV,13.14285714,7.5
14,058,Jalisco,Mascota,2019,PV,8.857142857,5.0
14,061,Jalisco,Mezquitic,2019,PV,6.733333333,4.946428571
14,065,Jalisco,Pihuamo,2019,PV,16.01666667,15.59677419
14,067,Jalisco,Puerto Vallarta,2019,PV,23.2,
14,068,Jalisco,Villa Purificación,2019,PV,21.77272727,
14,070,Jalisco,El Salto,2019,PV,15.45652174,9.806451613
14,071,Jalisco,San Cristóbal de la Barranca,2019,PV,14.53333333,8.434782609
14,075,Jalisco,San Marcos,2019,PV,18.3,
14,081,Jalisco,Santa María de los Ángeles,2019,PV,7.9,3.625
14,083,Jalisco,Tala,2019,PV,16.21612903,5.1
14,091,Jalisco,Teocaltiche,2019,PV,4.782608696,1.9
14,095,Jalisco,Teuchitlán,2019,PV,9.75,7.37037037
14,096,Jalisco,Tizapán el Alto,2019,PV,17.58387097,
14,097,Jalisco,Tlajomulco de Zúñiga,2019,PV,13.43333333,5.164516129
14,098,Jalisco,San Pedro Tlaquepaque,2019,PV,13.26,8.384615385
14,099,Jalisco,Tolimán,2019,PV,11.2,
14,100,Jalisco,Tomatlán,2019,PV,19.48333333,19.0
14,108,Jalisco,Tuxpan,2019,PV,6.65,
14,111,Jalisco,Valle de Guadalupe,2019,PV,15.28064516,16.4
14,118,Jalisco,Yahualica de González Gallo,2019,PV,9.452380952,4.296296296
14,120,Jalisco,Zapopan,2019,PV,11.51333333,6.9
15,002,Estado de México,Acolman,2019,PV,7.9,1.1
15,003,Estado de México,Aculco,2019,PV,5.1,-0.5
15,003,Querétaro,Aculco,2019,PV,9.805555556,1.9
15,005,Estado de México,Almoloya de Juárez,2019,PV,1.683333333,-4.0
15,007,Estado de México,Amanalco,2019,PV,5.6,
15,009,Estado de México,Amecameca,2019,PV,2.7,0.2
15,011,Estado de México,Atenco,2019,PV,9.419354839,8.9
15,013,Estado de México,Atizapán de Zaragoza,2019,PV,10.33333333,3.6
15,014,Estado de México,Atlacomulco,2019,PV,3.033333333,-1.7
15,032,Estado de México,Donato Guerra,2019,PV,9.0,
15,033,Estado de México,Ecatepec de Morelos,2019,PV,10.43333333,4.8
15,038,Estado de México,Isidro Fabela,2019,PV,4.1,
15,039,Estado de México,Ixtapaluca,2019,PV,15.5,
15,042,Estado de México,Ixtlahuaca,2019,PV,3.7,-1.4
15,045,Estado de México,Jilotepec,2019,PV,4.166666667,0.1
15,052,Estado de México,Malinalco,2019,PV,15.8,16.0
15,057,Estado de México,Naucalpan de Juárez,2019,PV,2.966666667,-1.7
15,063,Estado de México,Ocuilan,2019,PV,7.4,6.62962963
15,066,Estado de México,Otzoloapan,2019,PV,6.5,0.6
15,074,Estado de México,San Felipe del Progreso,2019,PV,6.161290323,0.2
15,083,Estado de México,Temamatla,2019,PV,9.1,1.4
15,087,Estado de México,Temoaya,2019,PV,2.066666667,3.6
15,090,Estado de México,Tenango del Valle,2019,PV,3.15862069,
15,091,Estado de México,Teoloyucan,2019,PV,6.733333333,0.4
15,095,Estado de México,Tepotzotlán,2019,PV,7.071428571,2.862068966
15,096,Estado de México,Tequixquiac,2019,PV,5.766666667,-0.3
15,097,Estado de México,Texcaltitlán,2019,PV,4.928571429,2.8
15,099,Estado de México,Texcoco,2019,PV,3.85,-1.5
15,100,Estado de México,Tezoyuca,2019,PV,11.6,7.612903226
15,101,Estado de México,Tianguistenco,2019,PV,3.933333333,-0.8
15,105,Guerrero,Tlatlaya,2019,PV,16.4516129,14.69444444
15,106,Estado de México,Toluca,2019,PV,3.557692308,-4.7
15,109,Estado de México,Tultitlán,2019,PV,12.33333333,7.016129032
15,111,Estado de México,Villa de Allende,2019,PV,8.787096774,
15,112,Estado de México,Villa del Carbón,2019,PV,6.666666667,
15,113,Estado de México,Villa Guerrero,2019,PV,7.904761905,7.214285714
15,114,Estado de México,Villa Victoria,2019,PV,14.92580645,
15,118,Estado de México,Zinacantepec,2019,PV,4.193333333,-0.9
16,004,Michoacán,Angamacutiro,2019,PV,8.634615385,2.442307692
16,006,Michoacán,Apatzingán,2019,PV,15.65,15.88709677
16,010,Michoacán,Arteaga,2019,PV,20.41304348,18.7
16,017,Michoacán,Contepec,2019,PV,8.535714286,4.5
16,019,Michoacán,Cotija,2019,PV,9.466666667,6.0
16,034,Michoacán,Hidalgo,2019,PV,3.227272727,1.4
16,035,Michoacán,La Huacana,2019,PV,15.0,16.9
16,038,Michoacán,Huetamo,2019,PV,17.38888889,13.3
16,039,Michoacán,Huiramba,2019,PV,6.396551724,0.9
16,042,Michoacán,Ixtlán,2019,PV,10.43548387,6.177419355
16,043,Michoacán,Jacona,2019,PV,11.91,5.863636364
16,044,Michoacán,Jiménez,2019,PV,10.08333333,5.0
16,049,Michoacán,Madero,2019,PV,9.214285714,4.796296296
16,050,Michoacán,Maravatío,2019,PV,6.5,2.555555556
16,052,Michoacán,Lázaro Cárdenas,2019,PV,18.88888889,0.8
16,053,Michoacán,Morelia,2019,PV,8.383333333,3.9
16,061,Michoacán,Ocampo,2019,PV,7.0,
16,067,Michoacán,Penjamillo,2019,PV,11.0,5.851851852
16,069,Michoacán,La Piedad,2019,PV,9.666666667,4.227272727
16,072,Michoacán,Queréndaro,2019,PV,7.25,4.074074074
16,076,Michoacán,Sahuayo,2019,PV,11.40322581,6.0
16,080,Michoacán,Senguio,2019,PV,5.9,10.7
16,085,Michoacán,Tangancícuaro,2019,PV,7.361111111,3.1875
16,089,Michoacán,Tepalcatepec,2019,PV,15.53333333,14.29032258
16,102,Michoacán,Uruapan,2019,PV,14.42258065,15.3
16,103,Michoacán,Venustiano Carranza,2019,PV,14.02352941,8.7
16,104,Michoacán,Villamar,2019,PV,9.387096774,5.4
16,105,Michoacán,Vista Hermosa,2019,PV,10.30967742,5.0
16,106,Michoacán,Yurécuaro,2019,PV,12.55,5.4
16,107,Michoacán,Zacapu,2019,PV,10.61538462,5.2
16,108,Michoacán,Zamora,2019,PV,8.804347826,2.3
16,109,Michoacán,Zináparo,2019,PV,8.107142857,3.071428571
16,110,Michoacán,Zinapécuaro,2019,PV,8.119047619,2.6
16,113,Michoacán,José Sixto Verduzco,2019,PV,8.785714286,3.4
17,001,Morelos,Amacuzac,2019,PV,14.11764706,8.2
17,002,Morelos,Atlatlahucan,2019,PV,14.88636364,11.4
17,004,Morelos,Ayala,2019,PV,17.6,10.4
17,005,Morelos,Coatlán del Río,2019,PV,17.62903226,
17,006,Morelos,Cuautla,2019,PV,14.6,9.3
17,007,Morelos,Cuernavaca,2019,PV,12.72307692,11.73333333
17,008,Morelos,Emiliano Zapata,2019,PV,15.8,9.4
17,009,Morelos,Huitzilac,2019,PV,5.113636364,2.861290323
17,011,Morelos,Jiutepec,2019,PV,15.0,10.6
17,012,Morelos,Jojutla,2019,PV,17.52857143,9.4
17,013,Morelos,Jonacatepec de Leandro Valle,2019,PV,13.82692308,9.6
17,015,Morelos,Miacatlán,2019,PV,15.05555556,6.0
17,016,Morelos,Ocuituco,2019,PV,11.625,4.4
17,017,Morelos,Puente de Ixtla,2019,PV,16.16666667,9.4
17,019,Morelos,Tepalcingo,2019,PV,16.92903226,11.88461538
17,020,Morelos,Tepoztlán,2019,PV,16.31818182,10.8
17,021,Morelos,Tetecala,2019,PV,17.6,6.1
17,023,Morelos,Tlalnepantla,2019,PV,6.35,2.7
17,024,Morelos,Tlaltizapán de Zapata,2019,PV,15.86363636,8.4
17,025,Morelos,Tlaquiltenango,2019,PV,16.52380952,7.1
17,027,Morelos,Totolapan,2019,PV,13.5,8.6
17,028,Morelos,Xochitepec,2019,PV,14.9,11.6
17,029,Morelos,Yautepec,2019,PV,15.30357143,9.0
17,030,Morelos,Yecapixtla,2019,PV,13.1875,8.8
17,031,Morelos,Zacatepec,2019,PV,16.39583333,10.2
17,032,Morelos,Zacualpan de Amilpas,2019,PV,12.61363636,10.18181818
17,033,Morelos,Temoac,2019,PV,14.62068966,14.15
17,035,Morelos,Xoxocotla,2019,PV,16.38888889,11.42592593
17,036,Morelos,Hueyapan,2019,PV,10.375,6.36
18,001,Nayarit,Acaponeta,2019,PV,15.43333333,13.3
18,009,Nayarit,Del Nayar,2019,PV,16.39333333,10.43333333
18,010,Nayarit,Rosamorada,2019,PV,14.95,12.7
18,011,Nayarit,Ruíz,2019,PV,16.48333333,14.6
18,012,Nayarit,San Blas,2019,PV,25.4,17.6
18,015,Nayarit,Santiago Ixcuintla,2019,PV,15.01666667,13.1
18,017,Nayarit,Tepic,2019,PV,14.28666667,12.5
18,020,Nayarit,Bahía de Banderas,2019,PV,16.89285714,19.125
19,003,Nuevo León,Los Aldamas,2019,PV,16.0,10.5
19,004,Nuevo León,Allende,2019,PV,13.16666667,7.36
19,005,Nuevo León,Anáhuac,2019,PV,16.32758621,4.4
19,007,Nuevo León,Aramberri,2019,PV,8.111111111,1.5
19,011,Nuevo León,Cerralvo,2019,PV,14.53333333,4.5
19,012,Nuevo León,Ciénega de Flores,2019,PV,14.63333333,3.7
19,013,Nuevo León,China,2019,PV,16.48333333,10.54
19,014,Nuevo León,Doctor Arroyo,2019,PV,10.7037037,5.4
19,017,Nuevo León,Galeana,2019,PV,5.076923077,-1.370967742
19,021,Nuevo León,General Escobedo,2019,PV,15.8,5.9
19,024,Nuevo León,General Zaragoza,2019,PV,11.56666667,3.4
19,026,Nuevo León,Guadalupe,2019,PV,17.1,6.6
19,033,Nuevo León,Linares,2019,PV,14.73214286,4.0
19,036,Nuevo León,Mier y Noriega,2019,PV,11.02083333,6.774193548
19,038,Nuevo León,Montemorelos,2019,PV,13.95,4.0
19,039,Nuevo León,Monterrey,2019,PV,12.23333333,5.72
19,042,Nuevo León,Los Ramones,2019,PV,14.76666667,5.3
19,046,Nuevo León,San Nicolás de los Garza,2019,PV,17.22333333,7.5
19,049,Nuevo León,Santiago,2019,PV,14.78333333,3.0
20,006,Oaxaca,Asunción Nochixtlán,2019,PV,13.28571429,
20,011,Oaxaca,Calihualá,2019,PV,15.46666667,14.9
20,014,Oaxaca,Ciudad Ixtepec,2019,PV,23.3,19.9
20,039,Oaxaca,Heroica Ciudad de Huajuapan de León,2019,PV,12.89333333,6.3
20,043,Oaxaca,Heroica Ciudad de Juchitán de Zaragoza,2019,PV,24.58333333,19.7
20,052,Oaxaca,Magdalena Tequisistlán,2019,PV,20.48275862,14.4
20,057,Oaxaca,Matías Romero Avendaño,2019,PV,22.8,17.0
20,059,Oaxaca,Miahuatlán de Porfirio Díaz,2019,PV,14.5,
20,067,Oaxaca,Oaxaca de Juárez,2019,PV,13.93333333,7.4
20,073,Oaxaca,Putla Villa de Guerrero,2019,PV,11.8,10.8
20,079,Oaxaca,Salina Cruz,2019,PV,24.93103448,21.9
20,083,Oaxaca,San Agustín de las Juntas,2019,PV,14.19,8.5
20,105,Oaxaca,San Antonino Monte Verde,2019,PV,11.94117647,13.0
20,136,Oaxaca,San Felipe Usila,2019,PV,18.06666667,14.2
20,173,Oaxaca,San Juan Atepec,2019,PV,11.4,6.4
20,184,Oaxaca,San Juan Bautista Tuxtepec,2019,PV,20.4,15.5
20,221,Oaxaca,San Juan Teposcolula,2019,PV,7.269230769,8.7
20,228,Oaxaca,San Lorenzo Cuaunecuiltitla,2019,PV,12.0,7.1
20,237,Oaxaca,San Marcos Arteaga,2019,PV,11.375,11.2
20,262,Oaxaca,San Miguel Amatlán,2019,PV,5.709677419,1.5
20,278,Oaxaca,San Miguel Soyaltepec,2019,PV,20.53333333,18.58
20,307,Oaxaca,San Pedro Huamelula,2019,PV,20.23333333,20.94
20,324,Oaxaca,San Pedro Pochutla,2019,PV,23.11111111,20.8
20,327,Oaxaca,San Pedro Tapanatepec,2019,PV,21.8,17.9
20,334,Oaxaca,Villa de Tututepec,2019,PV,24.3,
20,337,Oaxaca,San Pedro y San Pablo Ayutla,2019,PV,3.433333333,
20,357,Oaxaca,Santa Ana Tavela,2019,PV,17.53333333,12.6
20,363,Oaxaca,Santa Catarina Ixtepeji,2019,PV,10.66666667,6.9
20,385,Oaxaca,Santa Cruz Xoxocotlán,2019,PV,14.9,
20,390,Oaxaca,Santa Lucía del Camino,2019,PV,13.77333333,7.9
20,397,Oaxaca,Heroica Ciudad de Tlaxiaco,2019,PV,12.10714286,11.3
20,417,Oaxaca,Santa María Jacatepec,2019,PV,19.93333333,15.0
20,418,Oaxaca,Santa María Jalapa del Marqués,2019,PV,21.16666667,16.5483871
20,439,Oaxaca,Santa María Tonameca,2019,PV,17.86111111,16.1
20,459,Oaxaca,Villa de Santiago Chazumba,2019,PV,12.4,13.3
20,468,Oaxaca,Santiago Jocotepec,2019,PV,20.27586207,16.0
20,478,Oaxaca,Santiago Nacaltepec,2019,PV,11.4,5.8
20,482,Oaxaca,Santiago Pinotepa Nacional,2019,PV,22.79666667,
20,498,Oaxaca,Santiago Yaveo,2019,PV,20.18333333,16.80434783
20,502,Oaxaca,Santiago Zacatepec,2019,PV,17.41071429,13.5
20,525,Oaxaca,Santo Domingo Zanatepec,2019,PV,20.9,14.9
20,537,Oaxaca,Silacayoápam,2019,PV,14.6,14.0
20,547,Oaxaca,Teotongo,2019,PV,7.970588235,9.5
20,549,Oaxaca,"Heroica Villa Tezoatlán de Segura y Luna, Cuna de la Independencia de Oaxaca",2019,PV,10.78571429,12.4
20,559,Oaxaca,San Juan Bautista Valle Nacional,2019,PV,20.46666667,18.5
20,567,Oaxaca,Zapotitlán Lagunas,2019,PV,14.96875,14.7
20,568,Oaxaca,Zapotitlán Palmas,2019,PV,7.033333333,5.9
21,001,Puebla,Acajete,2019,PV,7.4,4.916666667
21,003,Puebla,Acatlán,2019,PV,16.2,11.35483871
21,008,Puebla,Ahuazotepec,2019,PV,5.733333333,-0.2
21,015,Puebla,Amozoc,2019,PV,8.4,4.0
21,019,Puebla,Atlixco,2019,PV,13.1,7.7
21,023,Puebla,Atzitzintla,2019,PV,4.3,1.7
21,025,Puebla,Ayotoxco de Guerrero,2019,PV,19.40740741,16.2
21,026,Puebla,Calpan,2019,PV,8.0,3.2
21,031,Puebla,Coatzingo,2019,PV,15.3,10.06451613
21,043,Puebla,Cuetzalan del Progreso,2019,PV,14.33333333,7.2
21,045,Puebla,Chalchicomula de Sesma,2019,PV,7.4,0.4
21,051,Puebla,Chietla,2019,PV,16.5,12.3
21,053,Puebla,Chignahuapan,2019,PV,4.9,2.483333333
21,059,Puebla,Chinantla,2019,PV,16.3,10.58064516
21,064,Puebla,Francisco Z. Mena,2019,PV,10.875,8.5
21,069,Puebla,Huaquechula,2019,PV,14.46666667,9.1
21,071,Puebla,Huauchinango,2019,PV,13.86206897,5.5
21,085,Puebla,Izúcar de Matamoros,2019,PV,20.45833333,12.3
21,086,Puebla,Jalpan,2019,PV,18.06666667,12.4
21,091,Puebla,Juan Galindo,2019,PV,14.1162963,10.17478261
21,094,Puebla,Libres,2019,PV,8.966666667,2.6
21,098,Puebla,Molcaxac,2019,PV,5.033333333,2.4
21,106,Puebla,Ocoyucan,2019,PV,5.766666667,4.769230769
21,108,Puebla,Oriental,2019,PV,11.5,5.6
21,114,Puebla,Puebla,2019,PV,8.766666667,2.5
21,114,Tlaxcala,Puebla,2019,PV,7.548387097,
21,140,Puebla,San Pedro Cholula,2019,PV,9.9,5.951612903
21,145,Puebla,San Sebastián Tlacotepec,2019,PV,19.0,14.6
21,153,Puebla,Tecali de Herrera,2019,PV,9.366666667,2.9
21,154,Puebla,Tecamachalco,2019,PV,9.8,3.9
21,156,Puebla,Tehuacán,2019,PV,11.46666667,5.5
21,160,Puebla,Teotlalco,2019,PV,14.35,12.35
21,162,Puebla,Tepango de Rodríguez,2019,PV,9.533333333,3.7
21,170,Puebla,Tepeyahualco,2019,PV,6.35,-0.2
21,172,Puebla,Tetela de Ocampo,2019,PV,9.866666667,4.2
21,174,Puebla,Teziutlán,2019,PV,11.07096774,3.7
21,180,Puebla,Tlahuapan,2019,PV,9.258064516,8.5
21,184,Puebla,Tlapacoya,2019,PV,8.258064516,2.4
21,185,Puebla,Tlapanalá,2019,PV,17.3,13.196
21,186,Puebla,Tlatlauquitepec,2019,PV,5.466666667,-1.2
21,187,Puebla,Tlaxco,2019,PV,19.47826087,12.4
21,188,Morelos,Tochimilco,2019,PV,11.29032258,
21,193,Puebla,Tzicatlacoyan,2019,PV,7.533333333,4.080645161
21,194,Puebla,Venustiano Carranza,2019,PV,6.903225806,6.903225806
21,197,Puebla,Xicotepec,2019,PV,14.96666667,7.047826087
21,198,Puebla,Xicotlán,2019,PV,11.8,9.225806452
21,207,Puebla,Zacapoaxtla,2019,PV,11.32258065,4.3
21,209,Puebla,Zapotitlán,2019,PV,14.25483871,
21,217,Puebla,Zoquitlán,2019,PV,9.366666667,7.4
22,006,Querétaro,Corregidora,2019,PV,11.41666667,5.3
22,008,Querétaro,Huimilpan,2019,PV,11.7,3.9
22,009,Querétaro,Jalpan de Serra,2019,PV,14.76129032,14.0
22,011,Querétaro,El Marqués,2019,PV,11.0,10.37037037
22,013,Querétaro,Peñamiller,2019,PV,15.72222222,7.2
22,014,Querétaro,Querétaro,2019,PV,12.38888889,5.2
22,016,Querétaro,San Juan del Río,2019,PV,12.5,4.4
23,001,Quintana Roo,Cozumel,2019,PV,24.4,21.6
23,002,Quintana Roo,Felipe Carrillo Puerto,2019,PV,19.38333333,16.8
23,004,Quintana Roo,Othón P. Blanco,2019,PV,23.18064516,16.6
23,005,Quintana Roo,Benito Juárez,2019,PV,24.24827586,20.6
23,006,Quintana Roo,José María Morelos,2019,PV,22.84333333,16.3
23,007,Quintana Roo,Lázaro Cárdenas,2019,PV,21.14,19.22258065
23,008,Quintana Roo,Solidaridad,2019,PV,23.04615385,19.36666667
24,003,San Luis Potosí,Aquismón,2019,PV,16.48666667,9.2
24,008,San Luis Potosí,Cerritos,2019,PV,17.625,10.45454545
24,011,San Luis Potosí,Ciudad Fernández,2019,PV,20.4,
24,013,San Luis Potosí,Ciudad Valles,2019,PV,18.25,10.1
24,016,San Luis Potosí,Ebano,2019,PV,18.13461538,10.3
24,020,San Luis Potosí,Matehuala,2019,PV,11.10714286,4.4
24,024,San Luis Potosí,Rioverde,2019,PV,15.22758621,4.0
24,027,San Luis Potosí,San Ciro de Acosta,2019,PV,14.67857143,7.4
24,028,San Luis Potosí,San Luis Potosí,2019,PV,9.746666667,1.9
24,034,San Luis Potosí,San Vicente Tancuayalab,2019,PV,18.73,11.3
24,037,San Luis Potosí,Tamazunchale,2019,PV,17.32,11.3
24,040,San Luis Potosí,Tamuín,2019,PV,19.27333333,11.1
24,041,San Luis Potosí,Tanlajás,2019,PV,17.97,10.9
24,050,San Luis Potosí,Villa de Reyes,2019,PV,13.7,
24,053,San Luis Potosí,Axtla de Terrazas,2019,PV,17.45333333,11.0
24,057,San Luis Potosí,Matlapa,2019,PV,17.85555556,11.6
24,058,San Luis Potosí,El Naranjo,2019,PV,17.16666667,7.8
25,001,Sinaloa,Ahome,2019,PV,14.5,7.7
25,003,Sinaloa,Badiraguato,2019,PV,12.2,7.0
25,005,Sinaloa,Cosalá,2019,PV,15.3,11.8
25,006,Sinaloa,Culiacán,2019,PV,10.95,6.8
25,007,Sinaloa,Choix,2019,PV,12.08695652,8.4
25,008,Sinaloa,Elota,2019,PV,14.79310345,11.4
25,010,Sinaloa,El Fuerte,2019,PV,12.25862069,8.0
25,011,Sinaloa,Guasave,2019,PV,15.01666667,9.3
25,012,Sinaloa,Mazatlán,2019,PV,13.4,10.5
25,013,Sinaloa,Mocorito,2019,PV,12.45833333,8.5
25,014,Sinaloa,Rosario,2019,PV,13.88333333,12.20689655
25,015,Sinaloa,Salvador Alvarado,2019,PV,14.89285714,11.8
25,016,Sinaloa,San Ignacio,2019,PV,12.48076923,9.1
25,017,Sinaloa,Sinaloa,2019,PV,13.27586207,8.7
25,019,Sinaloa,Eldorado,2019,PV,17.46153846,14.4
26,001,Sonora,Aconchi,2019,PV,9.633333333,2.965517241
26,003,Sonora,Álamos,2019,PV,12.13,6.0
26,004,Sonora,Altar,2019,PV,13.08275862,6.795
26,006,Sonora,Arizpe,2019,PV,4.433333333,-0.806451613
26,010,Sonora,Bacerac,2019,PV,6.9,-0.114615385
26,017,Sonora,Caborca,2019,PV,11.22580645,4.089642857
26,018,Sonora,Cajeme,2019,PV,10.62666667,7.464516129
26,019,Sonora,Cananea,2019,PV,8.8,3.733333333
26,021,Sonora,La Colorada,2019,PV,11.07407407,5.318636364
26,025,Sonora,Empalme,2019,PV,16.22142857,9.7
26,029,Sonora,Guaymas,2019,PV,9.333333333,3.790322581
26,030,Sonora,Hermosillo,2019,PV,13.26785714,7.068965517
26,031,Sonora,Huachinera,2019,PV,6.466666667,-0.535714286
26,035,Sonora,Imuris,2019,PV,4.96,2.3
26,037,Sonora,Mazatán,2019,PV,9.46,7.25
26,040,Sonora,Nácori Chico,2019,PV,13.29642857,5.4
26,041,Sonora,Nacozari de García,2019,PV,12.64285714,5.0
26,042,Sonora,Navojoa,2019,PV,13.71666667,9.5
26,043,Sonora,Nogales,2019,PV,11.73103448,5.026923077
26,045,Sonora,Opodepe,2019,PV,8.5,3.366666667
26,046,Sonora,Oquitoa,2019,PV,13.04666667,6.396296296
26,048,Sonora,Puerto Peñasco,2019,PV,16.32272727,10.07619048
26,049,Sonora,Quiriego,2019,PV,9.733333333,5.983870968
26,052,Sonora,Sahuaripa,2019,PV,12.56666667,5.0
26,055,Sonora,San Luis Río Colorado,2019,PV,16.01851852,7.8
26,056,Sonora,San Miguel de Horcasitas,2019,PV,9.678571429,3.5
26,061,Sonora,Soyopa,2019,PV,14.87096774,9.5
26,063,Sonora,Tepache,2019,PV,15.13333333,7.5
26,064,Sonora,Trincheras,2019,PV,12.35,3.838709677
26,065,Sonora,Tubutama,2019,PV,9.071428571,5.203846154
26,069,Sonora,Yécora,2019,PV,2.016666667,-4.2
26,070,Sonora,General Plutarco Elías Calles,2019,PV,10.76666667,3.758064516
27,001,Tabasco,Balancán,2019,PV,22.43548387,17.2
27,002,Tabasco,Cárdenas,2019,PV,21.78571429,16.4
27,003,Tabasco,Centla,2019,PV,24.0,22.43913043
27,004,Tabasco,Centro,2019,PV,20.98333333,16.4
27,006,Tabasco,Cunduacán,2019,PV,21.84482759,19.28846154
27,007,Tabasco,Emiliano Zapata,2019,PV,24.2,18.1
27,008,Tabasco,Huimanguillo,2019,PV,20.95185185,17.4
27,012,Tabasco,Macuspana,2019,PV,21.83928571,17.1
27,014,Tabasco,Paraíso,2019,PV,25.0,19.2
27,015,Tabasco,Tacotalpa,2019,PV,21.18222222,16.7
27,016,Tabasco,Teapa,2019,PV,21.01666667,16.4
27,017,Chiapas,Tenosique,2019,PV,22.8,17.0
27,017,Tabasco,Tenosique,2019,PV,23.20967742,17.8
28,001,Tamaulipas,Abasolo,2019,PV,17.55666667,7.9
28,002,Tamaulipas,Aldama,2019,PV,18.54333333,9.4
28,003,Tamaulipas,Altamira,2019,PV,19.32592593,12.0
28,007,Tamaulipas,Camargo,2019,PV,15.73333333,7.0
28,008,Tamaulipas,Casas,2019,PV,17.20333333,9.778571429
28,009,Tamaulipas,Ciudad Madero,2019,PV,20.53214286,12.1
28,011,Tamaulipas,Gómez Farías,2019,PV,18.20666667,9.2
28,012,Tamaulipas,González,2019,PV,17.52,8.8
28,013,Tamaulipas,Güémez,2019,PV,16.44333333,6.0
28,015,Tamaulipas,Gustavo Díaz Ordaz,2019,PV,16.26666667,7.5
28,016,Tamaulipas,Hidalgo,2019,PV,13.63333333,4.2
28,017,Tamaulipas,Jaumave,2019,PV,19.8,7.6
28,019,Tamaulipas,Llera,2019,PV,17.14285714,6.3
28,020,Tamaulipas,Mainero,2019,PV,14.49,5.1
28,021,Tamaulipas,El Mante,2019,PV,17.91764706,10.0
28,022,Tamaulipas,Matamoros,2019,PV,17.44827586,6.7
28,023,Tamaulipas,Méndez,2019,PV,16.465,11.23333333
28,027,Tamaulipas,Nuevo Laredo,2019,PV,25.79677419,
28,029,Tamaulipas,Ocampo,2019,PV,18.80333333,13.16
28,030,Tamaulipas,Padilla,2019,PV,17.09285714,6.9
28,032,Tamaulipas,Reynosa,2019,PV,15.73333333,7.0
28,035,Tamaulipas,San Fernando,2019,PV,23.61290323,7.2
28,037,Tamaulipas,Soto la Marina,2019,PV,16.91666667,6.6
28,038,Tamaulipas,Tampico,2019,PV,18.225,15.74666667
28,040,Tamaulipas,Valle Hermoso,2019,PV,17.37931034,7.2
28,041,Tamaulipas,Victoria,2019,PV,15.98666667,6.5
28,043,Tamaulipas,Xicoténcatl,2019,PV,17.64666667,8.5
29,003,Tlaxcala,Atlangatepec,2019,PV,7.7,-2.2
29,006,Tlaxcala,Calpulalpan,2019,PV,5.730769231,-2.1
29,007,Tlaxcala,El Carmen Tequexquitla,2019,PV,5.4,1.714285714
29,008,Tlaxcala,Cuapiaxtla,2019,PV,8.076923077,3.44
29,013,Tlaxcala,Huamantla,2019,PV,8.1,0.6
29,033,Tlaxcala,Tlaxcala,2019,PV,8.477777778,3.4
29,037,Tlaxcala,Ziltlaltépec de Trinidad Sánchez Santos,2019,PV,7.266666667,1.1
29,038,Tlaxcala,Tzompantepec,2019,PV,7.965517241,
29,044,Tlaxcala,Zacatelco,2019,PV,7.633333333,1.6
29,052,Tlaxcala,San José Teacalco,2019,PV,6.887096774,
30,001,Veracruz,Acajete,2019,PV,6.783333333,2.5
30,002,Veracruz,Acatlán,2019,PV,9.866666667,7.580645161
30,003,Veracruz,Acayucan,2019,PV,23.2,15.3
30,004,Veracruz,Actopan,2019,PV,20.7,14.3
30,007,Veracruz,Camarón de Tejeda,2019,PV,19.36666667,14.7
30,010,Veracruz,Altotonga,2019,PV,9.483870968,3.4
30,011,Veracruz,Alvarado,2019,PV,20.65,17.6
30,015,Veracruz,Angel R. Cabada,2019,PV,19.68965517,17.18
30,016,Veracruz,La Antigua,2019,PV,18.79310345,16.0
30,026,Veracruz,Banderilla,2019,PV,10.46774194,8.5
30,028,Veracruz,Boca del Río,2019,PV,21.52666667,17.8
30,032,Veracruz,Catemaco,2019,PV,13.1,13.7
30,038,Veracruz,Coatepec,2019,PV,11.13333333,7.3
30,039,Veracruz,Coatzacoalcos,2019,PV,21.15666667,17.5
30,045,Oaxaca,Cosamaloapan de Carpio,2019,PV,23.85714286,19.78
30,045,Veracruz,Cosamaloapan de Carpio,2019,PV,17.68064516,
30,047,Veracruz,Coscomatepec,2019,PV,14.5,
30,048,Veracruz,Cosoleacaque,2019,PV,22.74074074,20.28
30,055,Veracruz,Chalma,2019,PV,17.63666667,11.3
30,061,Veracruz,Las Choapas,2019,PV,17.24137931,14.9
30,065,Veracruz,Emiliano Zapata,2019,PV,17.71428571,12.3
30,071,Veracruz,Huatusco,2019,PV,8.9,6.3
30,072,Veracruz,Huayacocotla,2019,PV,8.346153846,3.4
30,073,Veracruz,Hueyapan de Ocampo,2019,PV,19.65,14.7
30,077,Veracruz,Isla,2019,PV,20.62068966,16.7
30,085,Veracruz,Ixtaczoquitlán,2019,PV,17.24193548,
30,087,Veracruz,Xalapa,2019,PV,13.53103448,9.5
30,091,Veracruz,Jesús Carranza,2019,PV,21.23333333,16.0
30,093,Veracruz,Jilotepec,2019,PV,17.25,8.6
30,097,Veracruz,Lerdo de Tejada,2019,PV,19.96153846,16.4
30,100,Veracruz,Manlio Fabio Altamirano,2019,PV,20.5,16.3
30,101,Veracruz,Mariano Escobedo,2019,PV,3.64516129,0.8
30,102,Veracruz,Martínez de la Torre,2019,PV,20.06896552,13.4
30,104,Veracruz,Mecayapan,2019,PV,19.8,17.97916667
30,109,Veracruz,Misantla,2019,PV,16.32758621,10.8
30,112,Veracruz,Naolinco,2019,PV,12.51724138,7.9
30,118,Veracruz,Orizaba,2019,PV,15.55,10.3
30,123,Veracruz,Pánuco,2019,PV,16.26923077,10.7
30,124,Veracruz,Papantla,2019,PV,16.14285714,11.1
30,126,Veracruz,Paso de Ovejas,2019,PV,19.46428571,15.5
30,128,Veracruz,Perote,2019,PV,3.533333333,-1.5
30,129,Veracruz,Platón Sánchez,2019,PV,17.92333333,13.71814815
30,132,Veracruz,Las Vigas de Ramírez,2019,PV,6.913793103,1.2
30,133,Tamaulipas,Pueblo Viejo,2019,PV,24.5,12.5
30,134,Veracruz,Puente Nacional,2019,PV,21.96551724,20.94444444
30,141,Veracruz,San Andrés Tuxtla,2019,PV,19.93333333,13.8
30,142,Veracruz,San Juan Evangelista,2019,PV,21.86666667,19.65384615
30,143,Veracruz,Santiago Tuxtla,2019,PV,20.35185185,20.2826087
30,160,Veracruz,Álamo Temapache,2019,PV,17.13333333,11.6
30,161,Veracruz,Tempoal,2019,PV,18.3,10.9
30,163,Veracruz,Tenochtitlán,2019,PV,16.7,16.6
30,169,Veracruz,José Azueta,2019,PV,22.11538462,19.3
30,174,Veracruz,Tierra Blanca,2019,PV,19.53333333,15.7
30,175,Veracruz,Tihuatlán,2019,PV,19.96666667,15.84
30,182,Veracruz,Tlalnelhuayocan,2019,PV,12.46666667,8.6
30,188,Veracruz,Totutla,2019,PV,13.78571429,8.8
30,189,Veracruz,Tuxpan,2019,PV,19.93793103,12.5
30,191,Veracruz,Ursulo Galván,2019,PV,21.51666667,18.4137931
30,193,Veracruz,Veracruz,2019,PV,21.38333333,17.7
30,205,Veracruz,El Higo,2019,PV,18.48333333,11.1
31,001,Yucatán,Abalá,2019,PV,16.93333333,11.5
31,010,Yucatán,Cantamayec,2019,PV,21.7,17.60714286
31,011,Yucatán,Celestún,2019,PV,22.71111111,19.0
31,013,Yucatán,Conkal,2019,PV,18.46666667,14.0
31,022,Yucatán,Chikindzonot,2019,PV,19.38333333,14.0
31,023,Yucatán,Chocholá,2019,PV,21.98275862,18.19354839
31,050,Yucatán,Mérida,2019,PV,20.37931034,16.1
31,051,Yucatán,Mocochá,2019,PV,18.3,18.76
31,053,Yucatán,Muna,2019,PV,21.60344828,15.7
31,056,Yucatán,Oxkutzcab,2019,PV,15.88333333,11.5
31,058,Yucatán,Peto,2019,PV,20.03333333,16.03225806
31,059,Yucatán,Progreso,2019,PV,22.33793103,18.9
31,061,Yucatán,Río Lagartos,2019,PV,20.77777778,17.1
31,079,Yucatán,Tekax,2019,PV,21.05,13.9
31,089,Yucatán,Ticul,2019,PV,20.1,14.8
31,096,Yucatán,Tizimín,2019,PV,20.30333333,15.9
31,098,Yucatán,Tzucacab,2019,PV,16.16666667,13.3
31,102,Yucatán,Valladolid,2019,PV,21.92413793,16.4
32,003,Zacatecas,Atolinga,2019,PV,4.933333333,-1.096774194
32,005,Zacatecas,Calera,2019,PV,5.2,0.6
32,007,Zacatecas,Concepción del Oro,2019,PV,14.6,6.25
32,008,Zacatecas,Cuauhtémoc,2019,PV,7.566666667,1.6
32,009,Zacatecas,Chalchihuites,2019,PV,9.866666667,2.678571429
32,010,Zacatecas,Fresnillo,2019,PV,4.6,1.0
32,012,Zacatecas,Genaro Codina,2019,PV,4.85,-0.7
32,014,Zacatecas,General Francisco R. Murguía,2019,PV,9.266666667,5.0
32,015,Jalisco,El Plateado de Joaquín Amaro,2019,PV,13.9,
32,016,Zacatecas,General Pánfilo Natera,2019,PV,5.066666667,-0.8
32,017,Zacatecas,Guadalupe,2019,PV,10.31666667,3.4
32,019,Zacatecas,Jalpa,2019,PV,11.43333333,6.467741935
32,020,Zacatecas,Jerez,2019,PV,6.6,2.965517241
32,022,Zacatecas,Juan Aldama,2019,PV,14.1,3.711538462
32,023,Zacatecas,Juchipila,2019,PV,12.26923077,5.7
32,024,Zacatecas,Loreto,2019,PV,8.866666667,3.275862069
32,025,Zacatecas,Luis Moya,2019,PV,6.961538462,1.8
32,026,Zacatecas,Mazapil,2019,PV,8.766666667,0.1
32,028,Zacatecas,Mezquital del Oro,2019,PV,13.18333333,7.017241379
32,029,Zacatecas,Miguel Auza,2019,PV,7.84375,2.3
32,031,Zacatecas,Monte Escobedo,2019,PV,1.717391304,0.0
32,034,Zacatecas,Nochistlán de Mejía,2019,PV,7.933333333,1.5
32,036,Zacatecas,Ojocaliente,2019,PV,9.083333333,1.962962963
32,038,Zacatecas,Pinos,2019,PV,6.133333333,-1.0
32,039,Zacatecas,Río Grande,2019,PV,6.166666667,0.258064516
32,040,Zacatecas,Sain Alto,2019,PV,6.75,2.322580645
32,042,Zacatecas,Sombrerete,2019,PV,8.476666667,3.9
32,044,Zacatecas,Tabasco,2019,PV,14.05,8.6
32,045,Zacatecas,Tepechitlán,2019,PV,7.166666667,2.387096774
32,047,Zacatecas,Teúl de González Ortega,2019,PV,8.35,4.4
32,048,Zacatecas,Tlaltenango de Sánchez Román,2019,PV,6.366666667,2.693548387
32,049,Zacatecas,Valparaíso,2019,PV,1.266666667,-1.1
32,051,Zacatecas,Villa de Cos,2019,PV,8.260869565,5.043478261
32,053,Zacatecas,Villa González Ortega,2019,PV,6.5,3.791666667
32,054,Zacatecas,Villa Hidalgo,2019,PV,6.071428571,0.1
32,055,Zacatecas,Villanueva,2019,PV,5.683333333,1.483870968
32,056,Zacatecas,Zacatecas,2019,PV,10.36666667,5.1
01,001,Aguascalientes,Aguascalientes,2020,OI,-0.2,3.741935484
01,002,Aguascalientes,Asientos,2020,OI,1.064516129,6.452380952
01,003,Aguascalientes,Calvillo,2020,OI,4.838709677,3.483870968
01,004,Aguascalientes,Cosío,2020,OI,0.816666667,0.790322581
01,005,Aguascalientes,Jesús María,2020,OI,5.166,9.85862069
01,006,Aguascalientes,Pabellón de Arteaga,2020,OI,5.066666667,3.983870968
01,007,Aguascalientes,Rincón de Romos,2020,OI,5.216666667,5.064516129
01,008,Aguascalientes,San José de Gracia,2020,OI,5.096774194,4.419354839
01,009,Aguascalientes,Tepezalá,2020,OI,6.733333333,9.089285714
01,010,Aguascalientes,El Llano,2020,OI,1.583333333,3.380952381
02,001,Baja California,Ensenada,2020,OI,-2.6875,-1.0
02,002,Baja California,Mexicali,2020,OI,2.625806452,6.465384615
02,003,Baja California,Tecate,2020,OI,0.051612903,-1.433333333
02,004,Baja California,Tijuana,2020,OI,7.620689655,6.96
02,005,Baja California,Playas de Rosarito,2020,OI,9.348,12.4
02,006,Baja California,San Quintín,2020,OI,7.518518519,6.448148148
02,007,Baja California,San Felipe,2020,OI,9.022222222,8.072727273
03,001,Baja California Sur,Comondú,2020,OI,8.732258065,8.54516129
03,002,Baja California Sur,Mulegé,2020,OI,4.931034483,4.875
03,003,Baja California Sur,La Paz,2020,OI,7.451612903,8.25
03,008,Baja California Sur,Los Cabos,2020,OI,6.580645161,7.910714286
03,009,Baja California Sur,Loreto,2020,OI,12.03548387,13.14230769
04,002,Campeche,Campeche,2020,OI,17.77419355,15.76666667
04,003,Campeche,Carmen,2020,OI,18.89655172,17.48275862
04,004,Campeche,Champotón,2020,OI,17.96666667,16.5483871
04,005,Campeche,Hecelchakán,2020,OI,17.77419355,19.03225806
04,006,Campeche,Hopelchén,2020,OI,16.73333333,14.77419355
04,006,Quintana Roo,Hopelchén,2020,OI,18.52413793,16.19333333
04,007,Campeche,Palizada,2020,OI,18.96774194,18.25806452
04,009,Campeche,Escárcega,2020,OI,19.36451613,18.25925926
04,010,Campeche,Calakmul,2020,OI,17.41666667,15.32580645
04,011,Campeche,Candelaria,2020,OI,18.55172414,17.22580645
05,002,Coahuila,Acuña,2020,OI,5.115384615,4.814814815
05,003,Coahuila,Allende,2020,OI,6.111111111,8.210526316
05,004,Coahuila,Arteaga,2020,OI,3.173913043,6.0
05,005,Coahuila,Candela,2020,OI,9.52,11.16
05,007,Coahuila,Cuatro Ciénegas,2020,OI,7.04516129,5.620689655
05,009,Coahuila,Francisco I. Madero,2020,OI,6.37037037,9.5
05,014,Coahuila,Jiménez,2020,OI,4.52,4.633333333
05,015,Coahuila,Juárez,2020,OI,7.222222222,5.964285714
05,017,Coahuila,Matamoros,2020,OI,2.625,12.3
05,018,Coahuila,Monclova,2020,OI,9.604,8.313793103
05,020,Coahuila,Múzquiz,2020,OI,6.012903226,9.288
05,024,Coahuila,Parras,2020,OI,8.657142857,12.9
05,025,Coahuila,Piedras Negras,2020,OI,8.496296296,6.736666667
05,026,Coahuila,Progreso,2020,OI,5.714285714,4.310344828
05,027,Coahuila,Ramos Arizpe,2020,OI,7.482758621,9.074074074
05,028,Coahuila,Sabinas,2020,OI,6.338709677,9.2
05,030,Coahuila,Saltillo,2020,OI,6.256,6.070967742
05,032,Coahuila,San Juan de Sabinas,2020,OI,4.858064516,8.3
05,033,Coahuila,San Pedro,2020,OI,5.553571429,5.451612903
05,034,Coahuila,Sierra Mojada,2020,OI,8.041666667,9.571428571
05,035,Coahuila,Torreón,2020,OI,7.908,11.67857143
05,035,Durango,Torreón,2020,OI,5.112903226,7.303571429
05,036,Coahuila,Viesca,2020,OI,15.48387097,
05,038,Coahuila,Zaragoza,2020,OI,5.432258065,9.3
06,001,Colima,Armería,2020,OI,18.1,
06,002,Colima,Colima,2020,OI,16.212,16.6962963
06,003,Colima,Comala,2020,OI,19.2,
06,004,Colima,Coquimatlán,2020,OI,14.1,13.68181818
06,005,Colima,Cuauhtémoc,2020,OI,15.34482759,15.375
06,006,Colima,Ixtlahuacán,2020,OI,17.8,17.38333333
06,007,Colima,Manzanillo,2020,OI,18.9,20.20666667
06,009,Colima,Tecomán,2020,OI,15.8,14.9
06,010,Colima,Villa de Álvarez,2020,OI,18.02777778,18.83333333
07,001,Chiapas,Acacoyagua,2020,OI,20.45333333,19.33928571
07,002,Chiapas,Acala,2020,OI,17.0,15.58064516
07,003,Chiapas,Acapetahua,2020,OI,21.31290323,23.19666667
07,005,Chiapas,Amatán,2020,OI,19.13633333,
07,008,Chiapas,Ángel Albino Corzo,2020,OI,8.260714286,11.0
07,009,Chiapas,Arriaga,2020,OI,20.02592593,21.03666667
07,013,Chiapas,Bochil,2020,OI,12.06206897,10.35806452
07,015,Chiapas,Cacahoatán,2020,OI,15.67037037,14.61290323
07,019,Chiapas,Comitán de Domínguez,2020,OI,12.81290323,11.77096774
07,020,Chiapas,La Concordia,2020,OI,13.24193548,12.93571429
07,027,Chiapas,Chiapa de Corzo,2020,OI,15.08064516,16.08333333
07,029,Chiapas,Chicoasén,2020,OI,17.22580645,16.01612903
07,030,Chiapas,Chicomuselo,2020,OI,14.21034483,14.11428571
07,032,Chiapas,Escuintla,2020,OI,19.94827586,14.57142857
07,034,Chiapas,Frontera Comalapa,2020,OI,12.70967742,13.83870968
07,037,Chiapas,Huehuetán,2020,OI,23.7,22.58928571
07,038,Chiapas,Huixtán,2020,OI,7.315384615,
07,040,Chiapas,Huixtla,2020,OI,22.21290323,20.05555556
07,046,Chiapas,Jiquipilas,2020,OI,18.49032258,15.28064516
07,049,Chiapas,Larráinzar,2020,OI,9.163928571,17.35714286
07,051,Chiapas,Mapastepec,2020,OI,20.46551724,21.01785714
07,052,Chiapas,Las Margaritas,2020,OI,12.812,11.95
07,057,Chiapas,Motozintla,2020,OI,13.30333333,10.9
07,059,Chiapas,Ocosingo,2020,OI,15.71153846,15.1
07,061,Chiapas,Ocozocoautla de Espinosa,2020,OI,17.77419355,15.15
07,062,Chiapas,Ostuacán,2020,OI,18.93103448,19.26086957
07,063,Chiapas,Osumacinta,2020,OI,18.75862069,17.96666667
07,064,Chiapas,Oxchuc,2020,OI,6.64137931,
07,065,Chiapas,Palenque,2020,OI,19.94482759,21.18965517
07,068,Chiapas,Pichucalco,2020,OI,19.74,
07,068,Tabasco,Pichucalco,2020,OI,21.25925926,21.25925926
07,069,Chiapas,Pijijiapan,2020,OI,22.5,22.91071429
07,071,Chiapas,Villa Comaltitlán,2020,OI,18.14444444,19.86923077
07,077,Chiapas,Salto de Agua,2020,OI,18.94230769,18.26785714
07,078,Chiapas,San Cristóbal de las Casas,2020,OI,7.678571429,6.3
07,080,Chiapas,Siltepec,2020,OI,17.65483871,15.16428571
07,086,Chiapas,Suchiapa,2020,OI,16.75,16.58064516
07,087,Chiapas,Suchiate,2020,OI,22.71612903,21.13870968
07,089,Chiapas,Tapachula,2020,OI,17.4,17.125
07,091,Chiapas,Tapilula,2020,OI,18.882,15.44541667
07,092,Chiapas,Tecpatán,2020,OI,16.64814815,15.92857143
07,094,Chiapas,Teopisca,2020,OI,9.163333333,
07,097,Chiapas,Tonalá,2020,OI,21.55172414,20.42857143
07,099,Chiapas,La Trinitaria,2020,OI,12.39655172,11.29032258
07,101,Chiapas,Tuxtla Gutiérrez,2020,OI,16.0,16.0
07,102,Chiapas,Tuxtla Chico,2020,OI,24.0,21.11258065
07,106,Chiapas,Venustiano Carranza,2020,OI,15.26666667,15.89285714
07,107,Chiapas,Villa Corzo,2020,OI,14.58064516,14.74193548
07,108,Chiapas,Villaflores,2020,OI,17.03548387,13.80322581
07,112,Chiapas,San Juan Cancuc,2020,OI,15.69896552,15.346
07,123,Chiapas,Emiliano Zapata,2020,OI,16.9516129,16.70967742
07,124,Chiapas,Mezcalapa,2020,OI,15.24413793,21.1
08,002,Chihuahua,Aldama,2020,OI,0.935483871,1.35483871
08,006,Chihuahua,Bachíniva,2020,OI,-0.774193548,-1.548387097
08,007,Chihuahua,Balleza,2020,OI,-5.5625,-1.727272727
08,008,Chihuahua,Batopilas de Manuel Gómez Morín,2020,OI,6.58,8.785714286
08,009,Chihuahua,Bocoyna,2020,OI,0.275,3.3
08,010,Chihuahua,Buenaventura,2020,OI,-0.419354839,-0.903225806
08,014,Chihuahua,Coronado,2020,OI,1.5,4.65
08,017,Chihuahua,Cuauhtémoc,2020,OI,3.576666667,1.230769231
08,019,Chihuahua,Chihuahua,2020,OI,-4.803225806,-2.483870968
08,020,Chihuahua,Chínipas,2020,OI,6.764516129,6.74516129
08,021,Chihuahua,Delicias,2020,OI,3.444444444,6.535714286
08,027,Chihuahua,Guachochi,2020,OI,-3.332258065,3.254166667
08,029,Chihuahua,Guadalupe y Calvo,2020,OI,-1.84,5.962068966
08,031,Chihuahua,Guerrero,2020,OI,-2.016129032,-3.333333333
08,032,Chihuahua,Hidalgo del Parral,2020,OI,3.958064516,3.874193548
08,035,Chihuahua,Janos,2020,OI,-0.95483871,5.366666667
08,036,Chihuahua,Jiménez,2020,OI,3.034482759,5.710714286
08,037,Chihuahua,Juárez,2020,OI,2.023809524,4.789473684
08,040,Chihuahua,Madera,2020,OI,-7.033333333,-7.161290323
08,041,Chihuahua,Maguarichi,2020,OI,-0.1,-0.434782609
08,043,Chihuahua,Matachí,2020,OI,-5.741935484,-4.548387097
08,047,Chihuahua,Moris,2020,OI,1.612903226,2.032258065
08,050,Chihuahua,Nuevo Casas Grandes,2020,OI,0.029032258,-0.380645161
08,051,Chihuahua,Ocampo,2020,OI,-3.324137931,-2.312903226
08,052,Chihuahua,Ojinaga,2020,OI,3.142857143,2.016129032
08,055,Chihuahua,Rosales,2020,OI,3.384615385,6.535714286
08,058,Chihuahua,San Francisco de Conchos,2020,OI,0.267741935,4.375
08,061,Chihuahua,Satevó,2020,OI,10.01741935,2.209032258
08,063,Chihuahua,Temósachic,2020,OI,-6.208,-4.032258065
08,065,Chihuahua,Urique,2020,OI,7.2,7.641935484
08,067,Chihuahua,Valle de Zaragoza,2020,OI,1.387096774,4.5
09,002,Ciudad de México,Azcapotzalco,2020,OI,7.8,7.470967742
09,003,Ciudad de México,Coyoacán,2020,OI,7.618518519,7.474193548
09,005,Ciudad de México,Gustavo A. Madero,2020,OI,5.096774194,4.806451613
09,006,Ciudad de México,Iztacalco,2020,OI,9.690322581,12.5
09,007,Ciudad de México,Iztapalapa,2020,OI,8.153846154,8.196774194
09,010,Ciudad de México,Álvaro Obregón,2020,OI,9.516,8.629032258
09,012,Ciudad de México,Tlalpan,2020,OI,3.48,8.2
09,013,Ciudad de México,Xochimilco,2020,OI,8.244444444,7.851612903
09,015,Ciudad de México,Cuauhtémoc,2020,OI,12.35909091,9.919354839
09,016,Ciudad de México,Miguel Hidalgo,2020,OI,7.774193548,9.119354839
10,001,Durango,Canatlán,2020,OI,0.766666667,0.935483871
10,004,Durango,Cuencamé,2020,OI,6.548387097,10.28571429
10,004,Morelos,Cuencamé,2020,OI,11.1,
10,005,Durango,Durango,2020,OI,-6.193548387,-4.403846154
10,006,Durango,General Simón Bolívar,2020,OI,3.666666667,6.5
10,008,Durango,Guadalupe Victoria,2020,OI,2.903225806,5.321428571
10,009,Durango,Guanaceví,2020,OI,-8.880952381,-7.66
10,010,Durango,Hidalgo,2020,OI,1.096774194,1.080645161
10,011,Durango,Indé,2020,OI,2.396551724,5.767857143
10,012,Durango,Lerdo,2020,OI,6.85483871,7.096774194
10,013,Durango,Mapimí,2020,OI,1.612903226,1.0
10,015,Durango,Nazas,2020,OI,2.861290323,1.251612903
10,017,Durango,Ocampo,2020,OI,-0.2,-0.403225806
10,018,Durango,El Oro,2020,OI,0.692307692,1.607142857
10,020,Durango,Pánuco de Coronado,2020,OI,0.057692308,4.675
10,021,Durango,Peñón Blanco,2020,OI,6.3,
10,022,Durango,Poanas,2020,OI,3.6,3.419354839
10,023,Durango,Pueblo Nuevo,2020,OI,-4.571428571,-2.807692308
10,024,Durango,Rodeo,2020,OI,4.142857143,9.4
10,025,Durango,San Bernardo,2020,OI,-2.0,-1.06
10,026,Durango,San Dimas,2020,OI,-2.580645161,4.463333333
10,027,Durango,San Juan de Guadalupe,2020,OI,9.2,9.461538462
10,028,Durango,San Juan del Río,2020,OI,3.142857143,11.7
10,030,Durango,San Pedro del Gallo,2020,OI,4.12962963,7.035714286
10,031,Durango,Santa Clara,2020,OI,0.72,0.774193548
10,031,Zacatecas,Santa Clara,2020,OI,0.7,3.758064516
10,032,Durango,Santiago Papasquiaro,2020,OI,0.724137931,1.822580645
10,033,Durango,Súchil,2020,OI,-1.993333333,4.476666667
10,034,Durango,Tamazula,2020,OI,12.48275862,13.05357143
10,035,Durango,Tepehuanes,2020,OI,-0.846666667,6.992592593
10,036,Durango,Tlahualilo,2020,OI,6.135483871,4.258064516
10,038,Durango,Vicente Guerrero,2020,OI,0.822580645,1.790322581
10,039,Durango,Nuevo Ideal,2020,OI,-2.607142857,0.895833333
11,001,Guanajuato,Abasolo,2020,OI,9.516129032,9.564516129
11,002,Guanajuato,Acámbaro,2020,OI,6.967741935,7.741935484
11,003,Guanajuato,San Miguel de Allende,2020,OI,4.0,3.419354839
11,004,Guanajuato,Apaseo el Alto,2020,OI,7.790322581,8.451612903
11,005,Guanajuato,Apaseo el Grande,2020,OI,5.951612903,6.0
11,006,Guanajuato,Atarjea,2020,OI,6.856666667,9.872413793
11,007,Guanajuato,Celaya,2020,OI,6.387096774,6.822580645
11,008,Guanajuato,Manuel Doblado,2020,OI,5.8,4.516129032
11,010,Guanajuato,Coroneo,2020,OI,2.5,2.516129032
11,011,Guanajuato,Cortazar,2020,OI,4.290322581,4.5
11,012,Guanajuato,Cuerámaro,2020,OI,9.483870968,9.64516129
11,014,Guanajuato,Dolores Hidalgo Cuna de la Independencia Nacional,2020,OI,1.306451613,2.274193548
11,015,Guanajuato,Guanajuato,2020,OI,6.016129032,8.0
11,017,Guanajuato,Irapuato,2020,OI,6.413793103,5.435483871
11,018,Guanajuato,Jaral del Progreso,2020,OI,5.612903226,5.741935484
11,019,Guanajuato,Jerécuaro,2020,OI,6.274193548,4.709677419
11,020,Guanajuato,León,2020,OI,7.016666667,6.135483871
11,022,Guanajuato,Ocampo,2020,OI,3.774193548,4.48
11,023,Guanajuato,Pénjamo,2020,OI,6.290322581,5.258064516
11,025,Guanajuato,Purísima del Rincón,2020,OI,11.29032258,
11,027,Guanajuato,Salamanca,2020,OI,6.266666667,6.483870968
11,028,Guanajuato,Salvatierra,2020,OI,4.383333333,5.080645161
11,030,Guanajuato,San Felipe,2020,OI,1.75,1.870967742
11,031,Guanajuato,San Francisco del Rincón,2020,OI,4.827586207,5.661290323
11,033,Guanajuato,San Luis de la Paz,2020,OI,2.7,2.225806452
11,037,Guanajuato,Silao de la Victoria,2020,OI,6.225806452,6.193548387
11,039,Guanajuato,Tarimoro,2020,OI,7.080645161,6.887096774
11,042,Guanajuato,Valle de Santiago,2020,OI,6.827586207,6.677419355
11,045,Guanajuato,Xichú,2020,OI,8.616666667,8.483333333
12,001,Guerrero,Acapulco de Juárez,2020,OI,19.2,18.48148148
12,003,Guerrero,Ajuchitlán del Progreso,2020,OI,14.71428571,14.75
12,005,Guerrero,Alpoyeca,2020,OI,14.16129032,15.95454545
12,010,Guerrero,Atlixtac,2020,OI,10.73,11.89545455
12,011,Guerrero,Atoyac de Álvarez,2020,OI,19.625,18.53571429
12,012,Guerrero,Ayutla de los Libres,2020,OI,17.64285714,16.83870968
12,014,Guerrero,Benito Juárez,2020,OI,21.29310345,20.13333333
12,015,Guerrero,Buenavista de Cuéllar,2020,OI,12.61290323,12.12903226
12,021,Guerrero,Coyuca de Benítez,2020,OI,20.65517241,19.18181818
12,023,Guerrero,Cuajinicuilapa,2020,OI,22.74074074,21.0
12,028,Guerrero,Chilapa de Álvarez,2020,OI,11.06818182,10.25806452
12,029,Guerrero,Chilpancingo de los Bravo,2020,OI,12.36666667,11.53461538
12,032,Guerrero,General Heliodoro Castillo,2020,OI,8.870967742,8.290322581
12,035,Guerrero,Iguala de la Independencia,2020,OI,13.35,15.48709677
12,036,Guerrero,Igualapa,2020,OI,17.34,17.52777778
12,038,Guerrero,Zihuatanejo de Azueta,2020,OI,23.0625,22.0
12,039,Guerrero,Juan R. Escudero,2020,OI,20.15384615,18.52380952
12,040,Guerrero,Leonardo Bravo,2020,OI,10.32258065,10.19354839
12,044,Guerrero,Mochitlán,2020,OI,12.85714286,14.71428571
12,045,Guerrero,Olinalá,2020,OI,10.96428571,11.12903226
12,046,Guerrero,Ometepec,2020,OI,15.0,15.0
12,050,Guerrero,Pungarabato,2020,OI,16.67857143,16.59677419
12,053,Guerrero,San Marcos,2020,OI,12.09090909,11.77777778
12,055,Guerrero,Taxco de Alarcón,2020,OI,13.54545455,13.72580645
12,057,Guerrero,Técpan de Galeana,2020,OI,21.12,20.70588235
12,061,Guerrero,Tixtla de Guerrero,2020,OI,11.48387097,12.66666667
12,066,Guerrero,Tlapa de Comonfort,2020,OI,13.38709677,12.5483871
12,068,Guerrero,La Unión de Isidoro Montes de Oca,2020,OI,20.80689655,24.0
12,068,Michoacán,La Unión de Isidoro Montes de Oca,2020,OI,20.8,20.07894737
12,070,Guerrero,Xochihuehuetlán,2020,OI,12.03448276,10.48387097
12,073,Guerrero,Zirándaro,2020,OI,13.32,13.88636364
12,082,Guerrero,Las Vigas,2020,OI,18.85483871,17.28
13,002,Hidalgo,Acaxochitlán,2020,OI,10.31904762,5.6356
13,003,Hidalgo,Actopan,2020,OI,4.225806452,4.064516129
13,006,Hidalgo,Alfajayucan,2020,OI,6.387096774,6.741935484
13,008,Hidalgo,Apan,2020,OI,2.541935484,6.3
13,011,Hidalgo,Atlapexco,2020,OI,16.02083333,16.67391304
13,013,Hidalgo,Atotonilco de Tula,2020,OI,4.6,4.709677419
13,016,Hidalgo,Cuautepec de Hinojosa,2020,OI,3.466666667,4.964285714
13,019,Hidalgo,Chilcuautla,2020,OI,5.806451613,5.741935484
13,027,Hidalgo,Huehuetla,2020,OI,14.28571429,16.89285714
13,028,Hidalgo,Huejutla de Reyes,2020,OI,15.02,16.92222222
13,028,Veracruz,Huejutla de Reyes,2020,OI,19.06333333,
13,030,Hidalgo,Ixmiquilpan,2020,OI,8.566666667,7.806451613
13,037,Hidalgo,Metztitlán,2020,OI,10.76666667,14.6
13,038,Hidalgo,Mineral del Chico,2020,OI,4.255172414,6.855172414
13,046,Hidalgo,San Felipe Orizatlán,2020,OI,16.38888889,16.77083333
13,048,Hidalgo,Pachuca de Soto,2020,OI,5.706896552,5.174193548
13,061,Hidalgo,Tepeapulco,2020,OI,8.546666667,
13,064,Hidalgo,Tepetitlán,2020,OI,6.366666667,6.0
13,077,Hidalgo,Tulancingo de Bravo,2020,OI,6.846153846,6.003225806
13,081,Hidalgo,Zacualtipán de Ángeles,2020,OI,6.366666667,6.266666667
13,084,Hidalgo,Zimapán,2020,OI,6.7,10.05238095
14,002,Jalisco,Acatlán de Juárez,2020,OI,6.142857143,4.891304348
14,006,Jalisco,Ameca,2020,OI,7.482142857,7.777777778
14,013,Jalisco,Atotonilco el Alto,2020,OI,12.37741935,7.067741935
14,015,Jalisco,Autlán de Navarro,2020,OI,12.08333333,17.58823529
14,017,Jalisco,Ayutla,2020,OI,8.017241379,8.462962963
14,019,Jalisco,Bolaños,2020,OI,10.76666667,12.06666667
14,022,Jalisco,Cihuatlán,2020,OI,18.6,20.07142857
14,023,Jalisco,Zapotlán el Grande,2020,OI,9.304545455,8.223333333
14,025,Jalisco,Colotlán,2020,OI,4.495652174,4.106451613
14,030,Jalisco,Chapala,2020,OI,12.91935484,13.0
14,033,Jalisco,Degollado,2020,OI,8.431034483,9.04
14,039,Jalisco,Guadalajara,2020,OI,10.29677419,10.72580645
14,041,Jalisco,Huejúcar,2020,OI,2.224137931,2.741935484
14,043,Jalisco,La Huerta,2020,OI,16.4,22.1
14,046,Aguascalientes,Jalostotitlán,2020,OI,3.012903226,6.475
14,046,Jalisco,Jalostotitlán,2020,OI,2.775862069,3.166666667
14,047,Jalisco,Jamay,2020,OI,6.216666667,5.735483871
14,049,Jalisco,Jilotlán de los Dolores,2020,OI,16.43333333,15.29032258
14,050,Jalisco,Jocotepec,2020,OI,11.33,15.0
14,051,Jalisco,Juanacatlán,2020,OI,6.543478261,7.767857143
14,053,Jalisco,Lagos de Moreno,2020,OI,3.326923077,4.807692308
14,054,Jalisco,El Limón,2020,OI,11.2,11.70967742
14,058,Jalisco,Mascota,2020,OI,5.59375,8.857142857
14,061,Jalisco,Mezquitic,2020,OI,3.637931034,2.5
14,065,Jalisco,Pihuamo,2020,OI,17.15,16.01666667
14,067,Jalisco,Puerto Vallarta,2020,OI,16.6,21.55263158
14,068,Jalisco,Villa Purificación,2020,OI,13.9,20.5
14,070,Jalisco,El Salto,2020,OI,11.17307692,10.67741935
14,071,Jalisco,San Cristóbal de la Barranca,2020,OI,10.38235294,12.4
14,075,Jalisco,San Marcos,2020,OI,9.6,14.6
14,081,Jalisco,Santa María de los Ángeles,2020,OI,4.96,6.818181818
14,083,Jalisco,Tala,2020,OI,10.576,13.3862069
14,091,Jalisco,Teocaltiche,2020,OI,2.7,4.065217391
14,095,Jalisco,Teuchitlán,2020,OI,7.983333333,8.192307692
14,096,Jalisco,Tizapán el Alto,2020,OI,11.45357143,15.2
14,097,Jalisco,Tlajomulco de Zúñiga,2020,OI,7.480645161,5.95483871
14,098,Jalisco,San Pedro Tlaquepaque,2020,OI,8.981481481,11.33333333
14,099,Jalisco,Tolimán,2020,OI,7.032258065,9.9
14,100,Jalisco,Tomatlán,2020,OI,18.5,19.48333333
14,108,Jalisco,Tuxpan,2020,OI,3.46,5.482142857
14,111,Jalisco,Valle de Guadalupe,2020,OI,14.2,15.28064516
14,118,Jalisco,Yahualica de González Gallo,2020,OI,5.52173913,6.314814815
14,120,Jalisco,Zapopan,2020,OI,7.492,9.166666667
15,002,Estado de México,Acolman,2020,OI,2.633333333,3.193548387
15,003,Estado de México,Aculco,2020,OI,1.266666667,3.464285714
15,003,Querétaro,Aculco,2020,OI,5.117647059,7.631578947
15,005,Estado de México,Almoloya de Juárez,2020,OI,-1.629032258,-1.909090909
15,007,Estado de México,Amanalco,2020,OI,-2.993548387,2.392592593
15,009,Estado de México,Amecameca,2020,OI,-0.053333333,2.078571429
15,011,Estado de México,Atenco,2020,OI,4.677419355,1.741935484
15,013,Estado de México,Atizapán de Zaragoza,2020,OI,5.086206897,5.338709677
15,014,Estado de México,Atlacomulco,2020,OI,0.433333333,1.857142857
15,032,Estado de México,Donato Guerra,2020,OI,5.266666667,8.0
15,033,Estado de México,Ecatepec de Morelos,2020,OI,4.822580645,8.032258065
15,038,Estado de México,Isidro Fabela,2020,OI,1.348148148,3.662068966
15,039,Estado de México,Ixtapaluca,2020,OI,3.735714286,12.29
15,042,Estado de México,Ixtlahuaca,2020,OI,0.451612903,-2.290322581
15,045,Estado de México,Jilotepec,2020,OI,0.870967742,0.741935484
15,052,Estado de México,Malinalco,2020,OI,15.7,15.7
15,057,Estado de México,Naucalpan de Juárez,2020,OI,0.033333333,-1.096774194
15,063,Estado de México,Ocuilan,2020,OI,5.15,5.660714286
15,066,Estado de México,Otzoloapan,2020,OI,2.483870968,2.5
15,074,Estado de México,San Felipe del Progreso,2020,OI,1.790322581,3.125
15,083,Estado de México,Temamatla,2020,OI,3.822580645,3.85483871
15,087,Estado de México,Temoaya,2020,OI,-2.548387097,-1.935483871
15,090,Estado de México,Tenango del Valle,2020,OI,0.755172414,2.5
15,091,Estado de México,Teoloyucan,2020,OI,2.741935484,2.419354839
15,095,Estado de México,Tepotzotlán,2020,OI,3.387096774,2.935483871
15,096,Estado de México,Tequixquiac,2020,OI,1.870967742,1.967741935
15,097,Estado de México,Texcaltitlán,2020,OI,3.3125,3.75
15,099,Estado de México,Texcoco,2020,OI,1.229166667,2.017857143
15,100,Estado de México,Tezoyuca,2020,OI,6.516129032,7.258064516
15,101,Estado de México,Tianguistenco,2020,OI,0.516129032,2.285714286
15,105,Guerrero,Tlatlaya,2020,OI,13.72413793,14.33870968
15,106,Estado de México,Toluca,2020,OI,-0.1,1.178571429
15,109,Estado de México,Tultitlán,2020,OI,5.6,7.387096774
15,111,Estado de México,Villa de Allende,2020,OI,-0.016129032,6.7
15,112,Estado de México,Villa del Carbón,2020,OI,2.387096774,2.419354839
15,113,Estado de México,Villa Guerrero,2020,OI,7.269230769,5.677419355
15,114,Estado de México,Villa Victoria,2020,OI,11.61612903,14.09666667
15,118,Estado de México,Zinacantepec,2020,OI,0.88,0.164516129
16,004,Michoacán,Angamacutiro,2020,OI,5.551724138,6.16
16,006,Michoacán,Apatzingán,2020,OI,15.17241379,15.09677419
16,010,Michoacán,Arteaga,2020,OI,20.04761905,19.77777778
16,017,Michoacán,Contepec,2020,OI,7.451612903,7.25
16,019,Michoacán,Cotija,2020,OI,8.821428571,7.370967742
16,034,Michoacán,Hidalgo,2020,OI,3.023809524,3.227272727
16,035,Michoacán,La Huacana,2020,OI,15.75,15.0
16,038,Michoacán,Huetamo,2020,OI,16.86363636,15.79411765
16,039,Michoacán,Huiramba,2020,OI,3.4,2.967741935
16,042,Michoacán,Ixtlán,2020,OI,8.87037037,5.5
16,043,Michoacán,Jacona,2020,OI,7.518518519,7.448387097
16,044,Michoacán,Jiménez,2020,OI,5.929642857,6.467741935
16,049,Michoacán,Madero,2020,OI,4.983870968,5.032258065
16,050,Michoacán,Maravatío,2020,OI,3.903225806,3.516129032
16,052,Michoacán,Lázaro Cárdenas,2020,OI,20.53571429,18.88888889
16,053,Michoacán,Morelia,2020,OI,5.451612903,5.419354839
16,061,Michoacán,Ocampo,2020,OI,1.88,6.1
16,067,Michoacán,Penjamillo,2020,OI,6.785714286,8.36
16,069,Michoacán,La Piedad,2020,OI,5.103448276,7.6
16,072,Michoacán,Queréndaro,2020,OI,2.666666667,4.064516129
16,076,Michoacán,Sahuayo,2020,OI,8.05,5.435483871
16,080,Michoacán,Senguio,2020,OI,2.126666667,5.1
16,085,Michoacán,Tangancícuaro,2020,OI,3.403225806,3.14516129
16,089,Michoacán,Tepalcatepec,2020,OI,15.7,14.5
16,102,Michoacán,Uruapan,2020,OI,6.963333333,12.2
16,103,Michoacán,Venustiano Carranza,2020,OI,10.20666667,9.816129032
16,104,Michoacán,Villamar,2020,OI,7.314814815,6.516129032
16,105,Michoacán,Vista Hermosa,2020,OI,6.537037037,8.035714286
16,106,Michoacán,Yurécuaro,2020,OI,9.161290323,8.696428571
16,107,Michoacán,Zacapu,2020,OI,6.48,8.9
16,108,Michoacán,Zamora,2020,OI,6.24137931,6.678571429
16,109,Michoacán,Zináparo,2020,OI,3.925925926,5.25
16,110,Michoacán,Zinapécuaro,2020,OI,4.931818182,8.119047619
16,113,Michoacán,José Sixto Verduzco,2020,OI,5.466666667,4.838709677
17,001,Morelos,Amacuzac,2020,OI,11.41935484,10.0
17,002,Morelos,Atlatlahucan,2020,OI,8.903225806,12.33333333
17,004,Morelos,Ayala,2020,OI,12.03333333,13.34615385
17,005,Morelos,Coatlán del Río,2020,OI,12.07894737,16.66666667
17,006,Morelos,Cuautla,2020,OI,8.857142857,13.33333333
17,007,Morelos,Cuernavaca,2020,OI,11.62258065,11.40740741
17,008,Morelos,Emiliano Zapata,2020,OI,11.51176471,13.59090909
17,009,Morelos,Huitzilac,2020,OI,-0.174193548,2.451612903
17,011,Morelos,Jiutepec,2020,OI,12.24137931,14.32142857
17,012,Morelos,Jojutla,2020,OI,11.82258065,10.69354839
17,013,Morelos,Jonacatepec de Leandro Valle,2020,OI,8.4,9.69047619
17,015,Morelos,Miacatlán,2020,OI,12.4047619,15.05555556
17,016,Morelos,Ocuituco,2020,OI,8.84,8.677419355
17,017,Morelos,Puente de Ixtla,2020,OI,9.96,12.60714286
17,019,Morelos,Tepalcingo,2020,OI,12.38709677,14.56521739
17,021,Morelos,Tetecala,2020,OI,17.0,14.83333333
17,023,Morelos,Tlalnepantla,2020,OI,3.555555556,5.772727273
17,024,Morelos,Tlaltizapán de Zapata,2020,OI,12.24,12.07692308
17,025,Morelos,Tlaquiltenango,2020,OI,9.333333333,11.14285714
17,027,Morelos,Totolapan,2020,OI,9.666666667,11.89285714
17,028,Morelos,Xochitepec,2020,OI,12.31034483,14.9
17,029,Morelos,Yautepec,2020,OI,11.01612903,12.67307692
17,030,Morelos,Yecapixtla,2020,OI,10.76,11.82142857
17,031,Morelos,Zacatepec,2020,OI,11.74193548,14.26086957
17,032,Morelos,Zacualpan de Amilpas,2020,OI,9.611111111,11.40909091
17,033,Morelos,Temoac,2020,OI,10.125,11.53333333
17,035,Morelos,Xoxocotla,2020,OI,10.40625,12.53571429
17,036,Morelos,Hueyapan,2020,OI,6.5,7.5
18,001,Nayarit,Acaponeta,2020,OI,14.5,13.7483871
18,006,Nayarit,Ixtlán del Río,2020,OI,10.6,
18,009,Nayarit,Del Nayar,2020,OI,10.8,14.56
18,010,Nayarit,Rosamorada,2020,OI,14.6,13.41935484
18,011,Nayarit,Ruíz,2020,OI,15.7,14.98387097
18,012,Nayarit,San Blas,2020,OI,16.9,23.25555556
18,015,Nayarit,Santiago Ixcuintla,2020,OI,14.56451613,13.51290323
18,017,Nayarit,Tepic,2020,OI,12.688,13.69642857
18,020,Nayarit,Bahía de Banderas,2020,OI,15.9,15.85483871
19,003,Nuevo León,Los Aldamas,2020,OI,9.229166667,12.75
19,004,Nuevo León,Allende,2020,OI,7.56,6.444444444
19,005,Nuevo León,Anáhuac,2020,OI,8.557692308,11.36538462
19,007,Nuevo León,Aramberri,2020,OI,2.344827586,5.590909091
19,011,Nuevo León,Cerralvo,2020,OI,8.277777778,7.0
19,012,Nuevo León,Ciénega de Flores,2020,OI,12.18518519,7.103448276
19,013,Nuevo León,China,2020,OI,10.13043478,9.304347826
19,014,Nuevo León,Doctor Arroyo,2020,OI,6.64516129,6.64516129
19,017,Nuevo León,Galeana,2020,OI,0.333333333,-1.35483871
19,021,Nuevo León,General Escobedo,2020,OI,9.8,8.923076923
19,024,Nuevo León,General Zaragoza,2020,OI,6.655172414,6.419354839
19,025,Nuevo León,General Zuazua,2020,OI,18.99333333,
19,026,Nuevo León,Guadalupe,2020,OI,9.84,8.803571429
19,033,Nuevo León,Linares,2020,OI,7.615384615,7.142857143
19,036,Nuevo León,Mier y Noriega,2020,OI,7.928571429,7.129032258
19,038,Nuevo León,Montemorelos,2020,OI,7.375,9.480769231
19,039,Nuevo León,Monterrey,2020,OI,6.92,5.178571429
19,042,Nuevo León,Los Ramones,2020,OI,8.192307692,10.80769231
19,045,Nuevo León,Salinas Victoria,2020,OI,5.667857143,9.17
19,046,Nuevo León,San Nicolás de los Garza,2020,OI,10.37916667,9.296153846
19,048,Nuevo León,Santa Catarina,2020,OI,14.61666667,
19,049,Nuevo León,Santiago,2020,OI,8.96,7.314814815
20,006,Oaxaca,Asunción Nochixtlán,2020,OI,11.21428571,12.4
20,011,Oaxaca,Calihualá,2020,OI,10.54545455,14.35
20,014,Oaxaca,Ciudad Ixtepec,2020,OI,22.28571429,21.55357143
20,039,Oaxaca,Heroica Ciudad de Huajuapan de León,2020,OI,7.7875,6.687096774
20,043,Oaxaca,Heroica Ciudad de Juchitán de Zaragoza,2020,OI,22.26785714,21.77586207
20,052,Oaxaca,Magdalena Tequisistlán,2020,OI,17.45,17.86666667
20,057,Oaxaca,Matías Romero Avendaño,2020,OI,19.91923077,20.3
20,059,Oaxaca,Miahuatlán de Porfirio Díaz,2020,OI,9.680645161,11.8
20,067,Oaxaca,Oaxaca de Juárez,2020,OI,9.909090909,11.61290323
20,073,Oaxaca,Putla Villa de Guerrero,2020,OI,8.708333333,11.0
20,079,Oaxaca,Salina Cruz,2020,OI,23.39642857,23.71481481
20,083,Oaxaca,San Agustín de las Juntas,2020,OI,10.41724138,9.464516129
20,105,Oaxaca,San Antonino Monte Verde,2020,OI,12.0,11.61111111
20,136,Oaxaca,San Felipe Usila,2020,OI,16.08333333,15.37931034
20,173,Oaxaca,San Juan Atepec,2020,OI,8.96,7.387096774
20,184,Oaxaca,San Juan Bautista Tuxtepec,2020,OI,17.23076923,16.72413793
20,221,Oaxaca,San Juan Teposcolula,2020,OI,4.075,7.269230769
20,228,Oaxaca,San Lorenzo Cuaunecuiltitla,2020,OI,9.086956522,10.75
20,237,Oaxaca,San Marcos Arteaga,2020,OI,11.4,11.375
20,250,Oaxaca,San Mateo Etlatongo,2020,OI,5.574193548,8.456666667
20,262,Oaxaca,San Miguel Amatlán,2020,OI,3.387096774,2.677419355
20,278,Oaxaca,San Miguel Soyaltepec,2020,OI,18.84,18.37037037
20,307,Oaxaca,San Pedro Huamelula,2020,OI,20.12068966,19.0
20,324,Oaxaca,San Pedro Pochutla,2020,OI,22.28666667,21.92580645
20,327,Oaxaca,San Pedro Tapanatepec,2020,OI,20.0862069,19.73214286
20,334,Oaxaca,Villa de Tututepec,2020,OI,21.55862069,23.3
20,337,Oaxaca,San Pedro y San Pablo Ayutla,2020,OI,1.076923077,3.433333333
20,357,Oaxaca,Santa Ana Tavela,2020,OI,15.0,11.19354839
20,363,Oaxaca,Santa Catarina Ixtepeji,2020,OI,9.310344828,6.935483871
20,385,Oaxaca,Santa Cruz Xoxocotlán,2020,OI,10.824,12.26
20,417,Oaxaca,Santa María Jacatepec,2020,OI,17.73333333,17.05
20,418,Oaxaca,Santa María Jalapa del Marqués,2020,OI,18.12903226,18.90322581
20,439,Oaxaca,Santa María Tonameca,2020,OI,18.14814815,17.56666667
20,459,Oaxaca,Villa de Santiago Chazumba,2020,OI,7.333333333,8.0
20,468,Oaxaca,Santiago Jocotepec,2020,OI,18.30434783,17.62962963
20,482,Oaxaca,Santiago Pinotepa Nacional,2020,OI,19.59032258,21.76
20,498,Oaxaca,Santiago Yaveo,2020,OI,17.79545455,16.84615385
20,502,Oaxaca,Santiago Zacatepec,2020,OI,14.26315789,13.04166667
20,525,Oaxaca,Santo Domingo Zanatepec,2020,OI,17.27586207,15.89285714
20,537,Oaxaca,Silacayoápam,2020,OI,11.21428571,12.94736842
20,547,Oaxaca,Teotongo,2020,OI,5.547619048,6.090909091
20,549,Oaxaca,"Heroica Villa Tezoatlán de Segura y Luna, Cuna de la Independencia de Oaxaca",2020,OI,7.442307692,10.78571429
20,559,Oaxaca,San Juan Bautista Valle Nacional,2020,OI,18.60869565,17.11538462
20,567,Oaxaca,Zapotitlán Lagunas,2020,OI,11.90384615,14.96875
20,568,Oaxaca,Zapotitlán Palmas,2020,OI,10.84615385,6.764705882
21,001,Puebla,Acajete,2020,OI,4.967741935,3.806451613
21,003,Puebla,Acatlán,2020,OI,11.90322581,10.58064516
21,008,Puebla,Ahuazotepec,2020,OI,2.214285714,1.403225806
21,015,Puebla,Amozoc,2020,OI,6.032258065,5.741935484
21,019,Puebla,Atlixco,2020,OI,10.09677419,8.677419355
21,023,Puebla,Atzitzintla,2020,OI,3.482758621,3.258064516
21,025,Puebla,Ayotoxco de Guerrero,2020,OI,15.27272727,16.0
21,026,Puebla,Calpan,2020,OI,5.133333333,4.193548387
21,031,Puebla,Coatzingo,2020,OI,10.64516129,9.35483871
21,043,Puebla,Cuetzalan del Progreso,2020,OI,11.0,10.64516129
21,045,Puebla,Chalchicomula de Sesma,2020,OI,3.774193548,2.903225806
21,051,Morelos,Chietla,2020,OI,16.9,16.9
21,051,Puebla,Chietla,2020,OI,13.22580645,11.74193548
21,053,Puebla,Chignahuapan,2020,OI,1.666666667,1.838709677
21,059,Puebla,Chinantla,2020,OI,11.12903226,9.935483871
21,064,Puebla,Francisco Z. Mena,2020,OI,10.0,10.0
21,069,Puebla,Huaquechula,2020,OI,11.03225806,9.774193548
21,071,Puebla,Huauchinango,2020,OI,8.269230769,7.689655172
21,085,Puebla,Izúcar de Matamoros,2020,OI,14.0,17.77419355
21,086,Puebla,Jalpan,2020,OI,15.65217391,15.74193548
21,094,Puebla,Libres,2020,OI,5.516129032,3.935483871
21,098,Puebla,Molcaxac,2020,OI,3.419354839,3.8
21,106,Puebla,Ocoyucan,2020,OI,6.266666667,5.35483871
21,108,Puebla,Oriental,2020,OI,8.482758621,6.85
21,109,Puebla,Pahuatlán,2020,OI,16.336,
21,114,Puebla,Puebla,2020,OI,4.14516129,3.129032258
21,114,Tlaxcala,Puebla,2020,OI,2.793548387,6.1
21,140,Puebla,San Pedro Cholula,2020,OI,6.467741935,5.35483871
21,145,Puebla,San Sebastián Tlacotepec,2020,OI,15.70967742,15.34482759
21,153,Puebla,Tecali de Herrera,2020,OI,4.387096774,4.322580645
21,154,Puebla,Tecamachalco,2020,OI,5.966666667,4.64516129
21,156,Puebla,Tehuacán,2020,OI,7.935483871,6.322580645
21,160,Puebla,Teotlalco,2020,OI,10.48387097,8.129032258
21,162,Puebla,Tepango de Rodríguez,2020,OI,5.677419355,5.483870968
21,170,Puebla,Tepeyahualco,2020,OI,2.483333333,0.435483871
21,172,Puebla,Tetela de Ocampo,2020,OI,6.666666667,5.533333333
21,174,Puebla,Teziutlán,2020,OI,5.762068966,6.538461538
21,180,Puebla,Tlahuapan,2020,OI,4.258064516,8.266666667
21,184,Puebla,Tlapacoya,2020,OI,5.206896552,5.032258065
21,185,Puebla,Tlapanalá,2020,OI,11.58064516,14.5
21,186,Puebla,Tlatlauquitepec,2020,OI,1.129032258,2.322580645
21,187,Puebla,Tlaxco,2020,OI,8.619047619,12.4
21,188,Morelos,Tochimilco,2020,OI,8.020833333,10.75
21,193,Puebla,Tzicatlacoyan,2020,OI,3.790322581,3.322580645
21,194,Puebla,Venustiano Carranza,2020,OI,7.866666667,6.322580645
21,197,Puebla,Xicotepec,2020,OI,10.22916667,10.56896552
21,198,Puebla,Xicotlán,2020,OI,12.16666667,6.161290323
21,207,Puebla,Zacapoaxtla,2020,OI,7.896551724,6.724137931
21,209,Puebla,Zapotitlán,2020,OI,10.12666667,12.58
21,217,Puebla,Zoquitlán,2020,OI,9.965517241,6.838709677
22,006,Querétaro,Corregidora,2020,OI,6.0,7.895833333
22,008,Querétaro,Huimilpan,2020,OI,5.648387097,9.19
22,009,Querétaro,Jalpan de Serra,2020,OI,8.09,11.6
22,011,Querétaro,El Marqués,2020,OI,5.666666667,8.84
22,013,Querétaro,Peñamiller,2020,OI,8.6875,11.97058824
22,014,Querétaro,Querétaro,2020,OI,5.611111111,9.238095238
22,016,Querétaro,San Juan del Río,2020,OI,6.722222222,9.263157895
23,001,Quintana Roo,Cozumel,2020,OI,19.64666667,20.31034483
23,002,Quintana Roo,Felipe Carrillo Puerto,2020,OI,17.48666667,16.34666667
23,004,Quintana Roo,Othón P. Blanco,2020,OI,18.9516129,18.29354839
23,005,Quintana Roo,Benito Juárez,2020,OI,21.43103448,21.125
23,006,Quintana Roo,José María Morelos,2020,OI,19.05666667,20.1
23,007,Quintana Roo,Lázaro Cárdenas,2020,OI,19.18709677,17.93
23,008,Quintana Roo,Solidaridad,2020,OI,19.78695652,18.16666667
23,009,Quintana Roo,Tulum,2020,OI,19.65,
24,003,San Luis Potosí,Aquismón,2020,OI,12.85357143,13.19259259
24,011,San Luis Potosí,Ciudad Fernández,2020,OI,11.56842105,16.18928571
24,013,San Luis Potosí,Ciudad Valles,2020,OI,14.0,14.25185185
24,016,San Luis Potosí,Ebano,2020,OI,15.78928571,16.9
24,020,San Luis Potosí,Matehuala,2020,OI,6.034482759,8.5
24,024,San Luis Potosí,Rioverde,2020,OI,11.18571429,13.78518519
24,027,San Luis Potosí,San Ciro de Acosta,2020,OI,11.11538462,13.07692308
24,028,San Luis Potosí,San Luis Potosí,2020,OI,6.61,4.835483871
24,029,San Luis Potosí,San Martín Chalchicuautla,2020,OI,1.715789474,
24,034,San Luis Potosí,San Vicente Tancuayalab,2020,OI,17.2173913,14.96428571
24,034,Veracruz,San Vicente Tancuayalab,2020,OI,19.49354839,
24,037,San Luis Potosí,Tamazunchale,2020,OI,12.93103448,14.90952381
24,040,San Luis Potosí,Tamuín,2020,OI,16.95666667,15.21851852
24,041,San Luis Potosí,Tanlajás,2020,OI,14.822,14.63571429
24,050,San Luis Potosí,Villa de Reyes,2020,OI,6.138709677,10.59333333
24,053,San Luis Potosí,Axtla de Terrazas,2020,OI,16.4826087,14.91785714
24,057,San Luis Potosí,Matlapa,2020,OI,14.45789474,15.824
24,058,San Luis Potosí,El Naranjo,2020,OI,11.25,13.22758621
25,001,Sinaloa,Ahome,2020,OI,9.769230769,10.15384615
25,003,Sinaloa,Badiraguato,2020,OI,8.64516129,9.857142857
25,005,Sinaloa,Cosalá,2020,OI,11.76923077,11.45
25,006,Sinaloa,Culiacán,2020,OI,8.009677419,7.451612903
25,007,Sinaloa,Choix,2020,OI,7.044444444,8.333333333
25,008,Sinaloa,Elota,2020,OI,11.75862069,11.93548387
25,010,Sinaloa,El Fuerte,2020,OI,8.370967742,8.629032258
25,011,Sinaloa,Guasave,2020,OI,10.53571429,11.67741935
25,012,Sinaloa,Mazatlán,2020,OI,12.40322581,11.62903226
25,013,Sinaloa,Mocorito,2020,OI,9.8,10.375
25,014,Sinaloa,Rosario,2020,OI,12.25,12.15517241
25,015,Sinaloa,Salvador Alvarado,2020,OI,12.26666667,12.16129032
25,016,Sinaloa,San Ignacio,2020,OI,9.592592593,11.03571429
25,017,Sinaloa,Sinaloa,2020,OI,9.419354839,9.35483871
25,019,Sinaloa,Eldorado,2020,OI,12.11538462,12.57692308
26,001,Sonora,Aconchi,2020,OI,3.032903226,3.607142857
26,002,Sonora,Agua Prieta,2020,OI,-1.209677419,5.3
26,003,Sonora,Álamos,2020,OI,5.34516129,8.32
26,004,Sonora,Altar,2020,OI,1.64516129,5.816666667
26,006,Sonora,Arizpe,2020,OI,-1.249333333,-0.696428571
26,009,Sonora,Bacanora,2020,OI,14.51363636,11.29285714
26,010,Sonora,Bacerac,2020,OI,-0.44,-0.580645161
26,011,Sonora,Bacoachi,2020,OI,-1.64,5.4
26,012,Sonora,Bácum,2020,OI,7.061290323,16.05517241
26,013,Sonora,Banámichi,2020,OI,0.990322581,8.1
26,014,Sonora,Baviácora,2020,OI,2.022580645,10.37931034
26,015,Sonora,Bavispe,2020,OI,0.429032258,6.7
26,016,Sonora,Benjamín Hill,2020,OI,2.235483871,9.6
26,017,Sonora,Caborca,2020,OI,3.484193548,3.961538462
26,018,Sonora,Cajeme,2020,OI,6.5,6.251612903
26,019,Sonora,Cananea,2020,OI,2.660714286,1.307692308
26,020,Sonora,Carbó,2020,OI,4.890322581,11.79310345
26,021,Sonora,La Colorada,2020,OI,4.869565217,5.285714286
26,022,Sonora,Cucurpe,2020,OI,1.326666667,8.7
26,023,Sonora,Cumpas,2020,OI,3.716666667,10.37931034
26,025,Sonora,Empalme,2020,OI,7.929032258,10.36774194
26,026,Sonora,Etchojoa,2020,OI,6.816129032,16.1
26,029,Sonora,Guaymas,2020,OI,4.516129032,4.767857143
26,030,Sonora,Hermosillo,2020,OI,4.996774194,6.928571429
26,031,Sonora,Huachinera,2020,OI,0.258064516,-0.148148148
26,032,Sonora,Huásabas,2020,OI,1.823333333,9.682142857
26,033,Sonora,Huatabampo,2020,OI,7.987096774,12.37333333
26,035,Sonora,Imuris,2020,OI,1.4004,0.671428571
26,036,Sonora,Magdalena,2020,OI,1.058064516,8.0
26,037,Sonora,Mazatán,2020,OI,2.63,4.586956522
26,040,Sonora,Nácori Chico,2020,OI,0.809677419,6.517857143
26,041,Sonora,Nacozari de García,2020,OI,3.176470588,3.947368421
26,042,Sonora,Navojoa,2020,OI,6.258064516,9.017857143
26,043,Sonora,Nogales,2020,OI,4.609677419,3.924
26,045,Sonora,Opodepe,2020,OI,3.483870968,3.357142857
26,046,Sonora,Oquitoa,2020,OI,5.764516129,5.814814815
26,047,Sonora,Pitiquito,2020,OI,7.270967742,13.8
26,048,Sonora,Puerto Peñasco,2020,OI,7.506666667,9.47
26,049,Sonora,Quiriego,2020,OI,4.209677419,5.709677419
26,051,Sonora,Rosario,2020,OI,3.593333333,12.0
26,052,Sonora,Sahuaripa,2020,OI,3.490322581,5.85
26,055,Sonora,San Luis Río Colorado,2020,OI,2.95483871,7.7
26,056,Sonora,San Miguel de Horcasitas,2020,OI,4.178064516,3.916666667
26,058,Sonora,Santa Ana,2020,OI,2.661538462,10.3
26,059,Sonora,Santa Cruz,2020,OI,-1.34,5.2
26,061,Sonora,Soyopa,2020,OI,7.456666667,8.407142857
26,062,Sonora,Suaqui Grande,2020,OI,4.853333333,13.87307692
26,063,Sonora,Tepache,2020,OI,2.383870968,9.592592593
26,064,Sonora,Trincheras,2020,OI,3.2,3.692307692
26,065,Sonora,Tubutama,2020,OI,4.379310345,3.392857143
26,066,Sonora,Ures,2020,OI,3.44516129,11.9
26,067,Sonora,Villa Hidalgo,2020,OI,11.99565217,
26,068,Sonora,Villa Pesqueira,2020,OI,5.196774194,12.8
26,069,Sonora,Yécora,2020,OI,-2.622258065,-3.431612903
26,070,Sonora,General Plutarco Elías Calles,2020,OI,1.861290323,2.589285714
26,071,Sonora,Benito Juárez,2020,OI,7.019354839,16.6
26,072,Sonora,San Ignacio Río Muerto,2020,OI,8.051612903,16.66206897
27,001,Tabasco,Balancán,2020,OI,18.92857143,17.58064516
27,002,Tabasco,Cárdenas,2020,OI,20.19642857,19.05357143
27,003,Tabasco,Centla,2020,OI,20.76071429,22.75769231
27,004,Tabasco,Centro,2020,OI,19.86666667,17.98148148
27,006,Tabasco,Cunduacán,2020,OI,19.88,17.82
27,008,Tabasco,Huimanguillo,2020,OI,20.844,20.95185185
27,012,Tabasco,Macuspana,2020,OI,20.26,18.89583333
27,014,Tabasco,Paraíso,2020,OI,21.81851852,22.8
27,015,Tabasco,Tacotalpa,2020,OI,19.16071429,18.25
27,016,Tabasco,Teapa,2020,OI,19.52592593,18.51785714
27,017,Chiapas,Tenosique,2020,OI,19.575,20.49
27,017,Tabasco,Tenosique,2020,OI,20.37931034,19.0
28,001,Tamaulipas,Abasolo,2020,OI,13.4,14.6
28,002,Tamaulipas,Aldama,2020,OI,14.89259259,12.85
28,003,Tamaulipas,Altamira,2020,OI,16.4,15.24642857
28,007,Tamaulipas,Camargo,2020,OI,9.653846154,8.576923077
28,008,Tamaulipas,Casas,2020,OI,13.20769231,10.48571429
28,009,Tamaulipas,Ciudad Madero,2020,OI,13.45454545,16.12272727
28,011,Tamaulipas,Gómez Farías,2020,OI,13.53333333,12.60689655
28,012,Tamaulipas,González,2020,OI,13.11785714,13.02413793
28,013,Tamaulipas,Güémez,2020,OI,10.34444444,9.460714286
28,015,Tamaulipas,Gustavo Díaz Ordaz,2020,OI,10.46153846,9.16
28,016,Tamaulipas,Hidalgo,2020,OI,8.432,6.725925926
28,017,Tamaulipas,Jaumave,2020,OI,11.67333333,13.95
28,019,Tamaulipas,Llera,2020,OI,12.14285714,10.52666667
28,020,Tamaulipas,Mainero,2020,OI,8.952,10.7037037
28,021,Tamaulipas,El Mante,2020,OI,15.168,16.03
28,022,Tamaulipas,Matamoros,2020,OI,9.652173913,10.82608696
28,023,Tamaulipas,Méndez,2020,OI,19.505,9.096428571
28,027,Tamaulipas,Nuevo Laredo,2020,OI,10.52857143,25.79677419
28,029,Tamaulipas,Ocampo,2020,OI,14.08571429,13.59310345
28,030,Tamaulipas,Padilla,2020,OI,12.888,9.766666667
28,032,Tamaulipas,Reynosa,2020,OI,10.03846154,8.5
28,034,Tamaulipas,San Carlos,2020,OI,18.85806452,
28,035,Tamaulipas,San Fernando,2020,OI,12.352,14.052
28,037,Tamaulipas,Soto la Marina,2020,OI,12.96551724,10.63793103
28,038,Tamaulipas,Tampico,2020,OI,17.24,16.056
28,040,Tamaulipas,Valle Hermoso,2020,OI,9.652173913,10.44444444
28,041,Tamaulipas,Victoria,2020,OI,11.40714286,9.259259259
28,043,Tamaulipas,Xicoténcatl,2020,OI,10.79259259,12.24137931
29,003,Tlaxcala,Atlangatepec,2020,OI,-0.483870968,1.391304348
29,006,Tlaxcala,Calpulalpan,2020,OI,0.827586207,3.611111111
29,007,Tlaxcala,El Carmen Tequexquitla,2020,OI,1.677419355,2.523809524
29,008,Tlaxcala,Cuapiaxtla,2020,OI,3.161290323,1.967741935
29,013,Tlaxcala,Huamantla,2020,OI,1.270967742,4.67
29,033,Tlaxcala,Tlaxcala,2020,OI,5.095833333,4.1
29,037,Tlaxcala,Ziltlaltépec de Trinidad Sánchez Santos,2020,OI,3.580645161,2.8
29,038,Tlaxcala,Tzompantepec,2020,OI,2.322580645,6.5
29,044,Tlaxcala,Zacatelco,2020,OI,3.806451613,4.7
29,052,Tlaxcala,San José Teacalco,2020,OI,3.141935484,6.0
30,001,Veracruz,Acajete,2020,OI,4.895833333,3.142857143
30,002,Veracruz,Acatlán,2020,OI,8.137931034,6.448275862
30,003,Veracruz,Acayucan,2020,OI,19.13333333,20.3
30,004,Veracruz,Actopan,2020,OI,19.29310345,19.25
30,007,Veracruz,Camarón de Tejeda,2020,OI,18.5625,16.19354839
30,010,Veracruz,Altotonga,2020,OI,6.068965517,4.896551724
30,011,Veracruz,Alvarado,2020,OI,18.46296296,18.46296296
30,015,Veracruz,Angel R. Cabada,2020,OI,17.98148148,16.73214286
30,016,Veracruz,La Antigua,2020,OI,18.26666667,17.58064516
30,028,Veracruz,Boca del Río,2020,OI,19.52666667,19.31481481
30,032,Veracruz,Catemaco,2020,OI,12.14545455,12.6
30,038,Veracruz,Coatepec,2020,OI,9.37037037,7.516666667
30,039,Veracruz,Coatzacoalcos,2020,OI,19.68846154,20.39642857
30,044,Veracruz,Córdoba,2020,OI,18.3,
30,045,Veracruz,Cosamaloapan de Carpio,2020,OI,14.72380952,15.68888889
30,047,Veracruz,Coscomatepec,2020,OI,10.17,12.5
30,048,Veracruz,Cosoleacaque,2020,OI,20.47826087,19.22222222
30,053,Veracruz,Cuitláhuac,2020,OI,20.00967742,
30,055,Veracruz,Chalma,2020,OI,15.18928571,14.08571429
30,061,Veracruz,Las Choapas,2020,OI,16.5,16.05172414
30,065,Veracruz,Emiliano Zapata,2020,OI,16.0,15.3
30,071,Veracruz,Huatusco,2020,OI,8.206896552,6.379310345
30,072,Veracruz,Huayacocotla,2020,OI,5.827586207,7.833333333
30,073,Veracruz,Hueyapan de Ocampo,2020,OI,17.57407407,16.46666667
30,077,Veracruz,Isla,2020,OI,19.23913043,19.75
30,085,Veracruz,Ixtaczoquitlán,2020,OI,15.0,15.0
30,087,Veracruz,Xalapa,2020,OI,11.5137931,10.025
30,090,Veracruz,Jamapa,2020,OI,21.50357143,
30,091,Veracruz,Jesús Carranza,2020,OI,17.81666667,16.53571429
30,093,Veracruz,Jilotepec,2020,OI,12.76470588,14.4
30,097,Veracruz,Lerdo de Tejada,2020,OI,18.16666667,17.84615385
30,101,Veracruz,Mariano Escobedo,2020,OI,3.724137931,2.451612903
30,102,Veracruz,Martínez de la Torre,2020,OI,14.54545455,17.0625
30,104,Veracruz,Mecayapan,2020,OI,18.5,17.42592593
30,109,Veracruz,Misantla,2020,OI,15.5,14.375
30,112,Veracruz,Naolinco,2020,OI,9.48,8.777777778
30,114,Veracruz,Nautla,2020,OI,18.28125,18.28125
30,118,Veracruz,Orizaba,2020,OI,11.8,11.32592593
30,123,Tamaulipas,Pánuco,2020,OI,19.1516129,
30,123,Veracruz,Pánuco,2020,OI,13.8862069,14.45
30,125,Veracruz,Paso del Macho,2020,OI,18.93548387,
30,126,Veracruz,Paso de Ovejas,2020,OI,18.13793103,17.17241379
30,128,Veracruz,Perote,2020,OI,1.033333333,0.2
30,129,Veracruz,Platón Sánchez,2020,OI,12.50357143,14.4
30,132,Veracruz,Las Vigas de Ramírez,2020,OI,4.655172414,2.583333333
30,134,Veracruz,Puente Nacional,2020,OI,19.28571429,19.46153846
30,141,Veracruz,San Andrés Tuxtla,2020,OI,16.67241379,15.69642857
30,142,Veracruz,San Juan Evangelista,2020,OI,18.5,18.68333333
30,148,Veracruz,Soledad de Doblado,2020,OI,20.62903226,
30,155,Veracruz,Tantoyuca,2020,OI,17.33870968,
30,160,Veracruz,Álamo Temapache,2020,OI,15.03571429,14.56666667
30,161,Veracruz,Tempoal,2020,OI,14.79615385,14.37857143
30,163,Veracruz,Tenochtitlán,2020,OI,11.76086957,11.70689655
30,165,Veracruz,Tepatlaxco,2020,OI,16.125,
30,169,Veracruz,José Azueta,2020,OI,19.85714286,20.96
30,174,Veracruz,Tierra Blanca,2020,OI,20.0,17.26666667
30,175,Veracruz,Tihuatlán,2020,OI,17.73913043,18.08695652
30,182,Veracruz,Tlalnelhuayocan,2020,OI,10.21428571,9.25
30,188,Veracruz,Totutla,2020,OI,10.93103448,9.444444444
30,189,Veracruz,Tuxpan,2020,OI,17.48965517,16.5
30,205,Veracruz,El Higo,2020,OI,16.20769231,14.63571429
31,001,Yucatán,Abalá,2020,OI,12.82258065,11.62903226
31,010,Yucatán,Cantamayec,2020,OI,17.55172414,16.43333333
31,011,Yucatán,Celestún,2020,OI,20.14827586,18.59655172
31,013,Yucatán,Conkal,2020,OI,14.77419355,13.61290323
31,023,Yucatán,Chocholá,2020,OI,17.72413793,16.86666667
31,050,Yucatán,Mérida,2020,OI,16.46774194,16.43333333
31,051,Yucatán,Mocochá,2020,OI,15.26666667,14.12903226
31,052,Yucatán,Motul,2020,OI,14.96666667,17.2
31,053,Yucatán,Muna,2020,OI,17.35,16.12068966
31,056,Yucatán,Oxkutzcab,2020,OI,12.19354839,11.64516129
31,058,Yucatán,Peto,2020,OI,16.22580645,14.0483871
31,059,Yucatán,Progreso,2020,OI,20.25714286,18.68076923
31,061,Yucatán,Río Lagartos,2020,OI,19.03333333,19.24193548
31,079,Yucatán,Tekax,2020,OI,17.11666667,14.18333333
31,089,Yucatán,Ticul,2020,OI,16.5,15.12068966
31,096,Yucatán,Tizimín,2020,OI,17.13333333,15.56666667
31,098,Yucatán,Tzucacab,2020,OI,12.95,12.24193548
31,102,Yucatán,Valladolid,2020,OI,18.84333333,17.46428571
32,003,Zacatecas,Atolinga,2020,OI,2.979310345,1.0
32,005,Zacatecas,Calera,2020,OI,1.419354839,4.346153846
32,007,Zacatecas,Concepción del Oro,2020,OI,7.966666667,9.133333333
32,008,Zacatecas,Cuauhtémoc,2020,OI,4.295238095,5.666666667
32,009,Zacatecas,Chalchihuites,2020,OI,4.708333333,7.56
32,010,Zacatecas,Fresnillo,2020,OI,2.032258065,1.580645161
32,012,Zacatecas,Genaro Codina,2020,OI,0.5,2.315789474
32,014,Zacatecas,General Francisco R. Murguía,2020,OI,5.068181818,7.232142857
32,016,Zacatecas,General Pánfilo Natera,2020,OI,0.443333333,-0.516129032
32,017,Zacatecas,Guadalupe,2020,OI,5.812903226,5.167741935
32,019,Zacatecas,Jalpa,2020,OI,8.209677419,7.225806452
32,020,Zacatecas,Jerez,2020,OI,3.75,3.429032258
32,022,Zacatecas,Juan Aldama,2020,OI,3.788461538,7.076923077
32,023,Zacatecas,Juchipila,2020,OI,6.37037037,8.357142857
32,024,Zacatecas,Loreto,2020,OI,4.038709677,6.423076923
32,025,Zacatecas,Luis Moya,2020,OI,3.214285714,6.961538462
32,028,Zacatecas,Mezquital del Oro,2020,OI,7.85,9.736842105
32,029,Zacatecas,Miguel Auza,2020,OI,5.111111111,7.84375
32,031,Zacatecas,Monte Escobedo,2020,OI,1.12962963,1.717391304
32,034,Zacatecas,Nochistlán de Mejía,2020,OI,2.935483871,2.806451613
32,036,Zacatecas,Ojocaliente,2020,OI,2.8,7.403225806
32,038,Zacatecas,Pinos,2020,OI,2.0,0.741935484
32,039,Zacatecas,Río Grande,2020,OI,1.85,1.338709677
32,040,Zacatecas,Sain Alto,2020,OI,1.629032258,2.112903226
32,042,Zacatecas,Sombrerete,2020,OI,4.276666667,4.903225806
32,044,Zacatecas,Tabasco,2020,OI,8.916666667,9.225806452
32,045,Zacatecas,Tepechitlán,2020,OI,3.677419355,3.290322581
32,047,Zacatecas,Teúl de González Ortega,2020,OI,4.1,5.055555556
32,048,Zacatecas,Tlaltenango de Sánchez Román,2020,OI,3.709677419,5.232142857
32,049,Zacatecas,Valparaíso,2020,OI,0.19,-0.903225806
32,051,Zacatecas,Villa de Cos,2020,OI,10.2,6.962962963
32,053,Zacatecas,Villa González Ortega,2020,OI,6.583333333,5.0
32,054,Zacatecas,Villa Hidalgo,2020,OI,3.925806452,1.870967742
32,055,Zacatecas,Villanueva,2020,OI,2.092592593,2.177419355
32,056,Zacatecas,Zacatecas,2020,OI,5.4,7.441935484
01,001,Aguascalientes,Aguascalientes,2020,PV,3.8,3.741935484
01,002,Aguascalientes,Asientos,2020,PV,4.6,6.452380952
01,003,Aguascalientes,Calvillo,2020,PV,8.2,3.483870968
01,004,Aguascalientes,Cosío,2020,PV,7.3,0.790322581
01,005,Aguascalientes,Jesús María,2020,PV,12.3,9.85862069
01,006,Aguascalientes,Pabellón de Arteaga,2020,PV,11.4,3.983870968
01,007,Aguascalientes,Rincón de Romos,2020,PV,12.1,5.064516129
01,008,Aguascalientes,San José de Gracia,2020,PV,9.2,4.419354839
01,008,Jalisco,San José de Gracia,2020,PV,,
01,009,Aguascalientes,Tepezalá,2020,PV,12.3,9.089285714
01,010,Aguascalientes,El Llano,2020,PV,5.4,3.380952381
02,001,Baja California,Ensenada,2020,PV,0.8,-1.0
02,002,Baja California,Mexicali,2020,PV,10.6,6.465384615
02,003,Baja California,Tecate,2020,PV,2.3,-1.433333333
02,004,Baja California,Tijuana,2020,PV,11.1,6.96
02,005,Baja California,Playas de Rosarito,2020,PV,14.6,12.4
02,006,Baja California,San Quintín,2020,PV,9.8,6.448148148
02,007,Baja California,San Felipe,2020,PV,15.3,8.072727273
03,001,Baja California Sur,Comondú,2020,PV,11.0,8.54516129
03,002,Baja California Sur,Mulegé,2020,PV,8.5,4.875
03,003,Baja California Sur,La Paz,2020,PV,12.1,8.25
03,008,Baja California Sur,Los Cabos,2020,PV,11.7,7.910714286
03,009,Baja California Sur,Loreto,2020,PV,16.5,13.14230769
04,002,Campeche,Campeche,2020,PV,23.2,15.76666667
04,003,Campeche,Carmen,2020,PV,22.8,17.48275862
04,004,Campeche,Champotón,2020,PV,22.8,16.5483871
04,005,Campeche,Hecelchakán,2020,PV,20.0,19.03225806
04,006,Campeche,Hopelchén,2020,PV,21.8,14.77419355
04,007,Campeche,Palizada,2020,PV,22.5,18.25806452
04,009,Campeche,Escárcega,2020,PV,23.5,18.25925926
04,010,Campeche,Calakmul,2020,PV,22.6,15.32580645
04,011,Campeche,Candelaria,2020,PV,22.6,17.22580645
05,002,Coahuila,Acuña,2020,PV,15.2,4.814814815
05,003,Coahuila,Allende,2020,PV,17.1,8.210526316
05,004,Coahuila,Arteaga,2020,PV,9.0,6.0
05,005,Coahuila,Candela,2020,PV,19.0,11.16
05,007,Coahuila,Cuatro Ciénegas,2020,PV,16.8,5.620689655
05,009,Coahuila,Francisco I. Madero,2020,PV,16.4,9.5
05,014,Coahuila,Jiménez,2020,PV,13.7,4.633333333
05,015,Coahuila,Juárez,2020,PV,17.6,5.964285714
05,017,Coahuila,Matamoros,2020,PV,17.8,12.3
05,018,Coahuila,Monclova,2020,PV,18.5,8.313793103
05,020,Coahuila,Múzquiz,2020,PV,13.1,9.288
05,024,Coahuila,Parras,2020,PV,15.8,12.9
05,025,Coahuila,Piedras Negras,2020,PV,17.5,6.736666667
05,026,Coahuila,Progreso,2020,PV,16.0,4.310344828
05,027,Coahuila,Ramos Arizpe,2020,PV,15.8,9.074074074
05,028,Coahuila,Sabinas,2020,PV,17.5,9.2
05,030,Coahuila,Saltillo,2020,PV,13.2,6.070967742
05,032,Coahuila,San Juan de Sabinas,2020,PV,21.3,8.3
05,033,Coahuila,San Pedro,2020,PV,14.7,5.451612903
05,034,Coahuila,Sierra Mojada,2020,PV,17.8,9.571428571
05,035,Coahuila,Torreón,2020,PV,13.0,11.67857143
05,036,Coahuila,Viesca,2020,PV,22.4,
05,038,Coahuila,Zaragoza,2020,PV,15.4,9.3
06,001,Colima,Armería,2020,PV,18.1,
06,002,Colima,Colima,2020,PV,17.0,16.6962963
06,003,Colima,Comala,2020,PV,19.2,
06,004,Colima,Coquimatlán,2020,PV,14.1,13.68181818
06,005,Colima,Cuauhtémoc,2020,PV,16.6,15.375
06,006,Colima,Ixtlahuacán,2020,PV,17.8,17.38333333
06,007,Colima,Manzanillo,2020,PV,18.9,20.20666667
06,009,Colima,Tecomán,2020,PV,15.8,14.9
07,001,Chiapas,Acacoyagua,2020,PV,22.7,19.33928571
07,002,Chiapas,Acala,2020,PV,22.3,15.58064516
07,003,Chiapas,Acapetahua,2020,PV,23.2,23.19666667
07,005,Chiapas,Amatán,2020,PV,20.5,
07,008,Chiapas,Ángel Albino Corzo,2020,PV,10.2,11.0
07,009,Chiapas,Arriaga,2020,PV,21.1,21.03666667
07,013,Chiapas,Bochil,2020,PV,11.6,10.35806452
07,015,Chiapas,Cacahoatán,2020,PV,16.7,14.61290323
07,019,Chiapas,Comitán de Domínguez,2020,PV,16.0,11.77096774
07,020,Chiapas,La Concordia,2020,PV,17.1,12.93571429
07,027,Chiapas,Chiapa de Corzo,2020,PV,20.3,16.08333333
07,029,Chiapas,Chicoasén,2020,PV,21.1,16.01612903
07,030,Chiapas,Chicomuselo,2020,PV,18.1,14.11428571
07,032,Chiapas,Escuintla,2020,PV,22.6,14.57142857
07,034,Chiapas,Frontera Comalapa,2020,PV,18.0,13.83870968
07,037,Chiapas,Huehuetán,2020,PV,23.4,22.58928571
07,038,Chiapas,Huixtán,2020,PV,10.2,
07,040,Chiapas,Huixtla,2020,PV,23.0,20.05555556
07,046,Chiapas,Jiquipilas,2020,PV,20.7,15.28064516
07,049,Chiapas,Larráinzar,2020,PV,11.9,17.35714286
07,051,Chiapas,Mapastepec,2020,PV,22.5,21.01785714
07,052,Chiapas,Las Margaritas,2020,PV,16.0,11.95
07,057,Chiapas,Motozintla,2020,PV,14.8,10.9
07,059,Chiapas,Ocosingo,2020,PV,16.8,15.1
07,061,Chiapas,Ocozocoautla de Espinosa,2020,PV,20.4,15.15
07,062,Chiapas,Ostuacán,2020,PV,22.7,19.26086957
07,063,Chiapas,Osumacinta,2020,PV,22.2,17.96666667
07,064,Chiapas,Oxchuc,2020,PV,10.2,
07,065,Chiapas,Palenque,2020,PV,21.8,21.18965517
07,068,Chiapas,Pichucalco,2020,PV,23.8,
07,069,Chiapas,Pijijiapan,2020,PV,23.9,22.91071429
07,071,Chiapas,Villa Comaltitlán,2020,PV,19.7,19.86923077
07,077,Chiapas,Salto de Agua,2020,PV,22.9,18.26785714
07,078,Chiapas,San Cristóbal de las Casas,2020,PV,10.5,6.3
07,080,Chiapas,Siltepec,2020,PV,20.1,15.16428571
07,086,Chiapas,Suchiapa,2020,PV,21.1,16.58064516
07,087,Chiapas,Suchiate,2020,PV,22.9,21.13870968
07,089,Chiapas,Tapachula,2020,PV,18.1,17.125
07,091,Chiapas,Tapilula,2020,PV,20.0,15.44541667
07,092,Chiapas,Tecpatán,2020,PV,21.3,15.92857143
07,094,Chiapas,Teopisca,2020,PV,11.7,
07,097,Chiapas,Tonalá,2020,PV,22.4,20.42857143
07,099,Chiapas,La Trinitaria,2020,PV,15.1,11.29032258
07,101,Chiapas,Tuxtla Gutiérrez,2020,PV,18.3,16.0
07,102,Chiapas,Tuxtla Chico,2020,PV,21.1,21.11258065
07,106,Chiapas,Venustiano Carranza,2020,PV,19.9,15.89285714
07,107,Chiapas,Villa Corzo,2020,PV,19.8,14.74193548
07,108,Chiapas,Villaflores,2020,PV,19.5,13.80322581
07,112,Chiapas,San Juan Cancuc,2020,PV,17.6,15.346
07,123,Chiapas,Emiliano Zapata,2020,PV,20.7,16.70967742
07,124,Chiapas,Mezcalapa,2020,PV,17.8,21.1
08,002,Chihuahua,Aldama,2020,PV,11.1,1.35483871
08,006,Chihuahua,Bachíniva,2020,PV,6.4,-1.548387097
08,007,Chihuahua,Balleza,2020,PV,1.6,-1.727272727
08,008,Chihuahua,Batopilas de Manuel Gómez Morín,2020,PV,12.6,8.785714286
08,009,Chihuahua,Bocoyna,2020,PV,4.9,3.3
08,010,Chihuahua,Buenaventura,2020,PV,7.9,-0.903225806
08,014,Chihuahua,Coronado,2020,PV,10.3,4.65
08,017,Chihuahua,Cuauhtémoc,2020,PV,10.3,1.230769231
08,019,Chihuahua,Chihuahua,2020,PV,1.9,-2.483870968
08,020,Chihuahua,Chínipas,2020,PV,13.6,6.74516129
08,021,Chihuahua,Delicias,2020,PV,13.4,6.535714286
08,027,Chihuahua,Guachochi,2020,PV,3.6,3.254166667
08,029,Chihuahua,Guadalupe y Calvo,2020,PV,3.5,5.962068966
08,031,Chihuahua,Guerrero,2020,PV,6.0,-3.333333333
08,032,Chihuahua,Hidalgo del Parral,2020,PV,13.1,3.874193548
08,035,Chihuahua,Janos,2020,PV,7.3,5.366666667
08,036,Chihuahua,Jiménez,2020,PV,11.1,5.710714286
08,037,Chihuahua,Juárez,2020,PV,14.1,4.789473684
08,040,Chihuahua,Madera,2020,PV,0.2,-7.161290323
08,041,Chihuahua,Maguarichi,2020,PV,11.1,-0.434782609
08,043,Chihuahua,Matachí,2020,PV,2.9,-4.548387097
08,047,Chihuahua,Moris,2020,PV,8.1,2.032258065
08,050,Chihuahua,Nuevo Casas Grandes,2020,PV,8.6,-0.380645161
08,051,Chihuahua,Ocampo,2020,PV,1.4,-2.312903226
08,052,Chihuahua,Ojinaga,2020,PV,13.3,2.016129032
08,055,Chihuahua,Rosales,2020,PV,13.5,6.535714286
08,058,Chihuahua,San Francisco de Conchos,2020,PV,10.4,4.375
08,061,Chihuahua,Satevó,2020,PV,12.6,2.209032258
08,063,Chihuahua,Temósachic,2020,PV,2.1,-4.032258065
08,065,Chihuahua,Urique,2020,PV,13.8,7.641935484
08,067,Chihuahua,Valle de Zaragoza,2020,PV,11.2,4.5
09,003,Ciudad de México,Coyoacán,2020,PV,,7.474193548
09,005,Ciudad de México,Gustavo A. Madero,2020,PV,10.9,4.806451613
09,006,Ciudad de México,Iztacalco,2020,PV,14.5,12.5
09,007,Ciudad de México,Iztapalapa,2020,PV,13.9,8.196774194
09,010,Ciudad de México,Álvaro Obregón,2020,PV,14.5,8.629032258
09,012,Ciudad de México,Tlalpan,2020,PV,5.8,8.2
09,013,Ciudad de México,Xochimilco,2020,PV,13.1,7.851612903
09,015,Ciudad de México,Cuauhtémoc,2020,PV,,9.919354839
09,016,Ciudad de México,Miguel Hidalgo,2020,PV,12.6,9.119354839
10,001,Durango,Canatlán,2020,PV,8.6,0.935483871
10,004,Durango,Cuencamé,2020,PV,15.1,10.28571429
10,004,Morelos,Cuencamé,2020,PV,11.1,
10,005,Durango,Durango,2020,PV,-1.5,-4.403846154
10,006,Durango,General Simón Bolívar,2020,PV,11.6,6.5
10,008,Durango,Guadalupe Victoria,2020,PV,10.2,5.321428571
10,009,Durango,Guanaceví,2020,PV,-5.0,-7.66
10,010,Durango,Hidalgo,2020,PV,8.9,1.080645161
10,011,Durango,Indé,2020,PV,8.2,5.767857143
10,012,Durango,Lerdo,2020,PV,17.4,7.096774194
10,013,Durango,Mapimí,2020,PV,11.4,1.0
10,015,Durango,Nazas,2020,PV,10.2,1.251612903
10,017,Durango,Ocampo,2020,PV,8.5,-0.403225806
10,018,Durango,El Oro,2020,PV,8.7,1.607142857
10,020,Durango,Pánuco de Coronado,2020,PV,9.2,4.675
10,021,Durango,Peñón Blanco,2020,PV,6.3,
10,022,Durango,Poanas,2020,PV,8.6,3.419354839
10,023,Durango,Pueblo Nuevo,2020,PV,0.8,-2.807692308
10,024,Durango,Rodeo,2020,PV,14.2,9.4
10,025,Durango,San Bernardo,2020,PV,4.5,-1.06
10,026,Durango,San Dimas,2020,PV,0.7,4.463333333
10,027,Durango,San Juan de Guadalupe,2020,PV,11.9,9.461538462
10,030,Durango,San Pedro del Gallo,2020,PV,12.6,7.035714286
10,031,Durango,Santa Clara,2020,PV,9.6,0.774193548
10,031,Zacatecas,Santa Clara,2020,PV,13.4,3.758064516
10,032,Durango,Santiago Papasquiaro,2020,PV,8.1,1.822580645
10,033,Durango,Súchil,2020,PV,1.6,4.476666667
10,034,Durango,Tamazula,2020,PV,18.3,13.05357143
10,035,Durango,Tepehuanes,2020,PV,6.5,6.992592593
10,036,Durango,Tlahualilo,2020,PV,16.4,4.258064516
10,037,Durango,Topia,2020,PV,22.4,
10,038,Durango,Vicente Guerrero,2020,PV,8.3,1.790322581
10,039,Durango,Nuevo Ideal,2020,PV,5.4,0.895833333
11,001,Guanajuato,Abasolo,2020,PV,15.3,9.564516129
11,002,Guanajuato,Acámbaro,2020,PV,13.6,7.741935484
11,003,Guanajuato,San Miguel de Allende,2020,PV,11.7,3.419354839
11,004,Guanajuato,Apaseo el Alto,2020,PV,15.1,8.451612903
11,005,Guanajuato,Apaseo el Grande,2020,PV,12.8,6.0
11,006,Guanajuato,Atarjea,2020,PV,12.2,9.872413793
11,007,Guanajuato,Celaya,2020,PV,13.0,6.822580645
11,008,Guanajuato,Manuel Doblado,2020,PV,12.5,4.516129032
11,010,Guanajuato,Coroneo,2020,PV,8.1,2.516129032
11,011,Guanajuato,Cortazar,2020,PV,8.8,4.5
11,012,Guanajuato,Cuerámaro,2020,PV,16.0,9.64516129
11,014,Guanajuato,Dolores Hidalgo Cuna de la Independencia Nacional,2020,PV,8.7,2.274193548
11,015,Guanajuato,Guanajuato,2020,PV,10.9,8.0
11,017,Guanajuato,Irapuato,2020,PV,13.2,5.435483871
11,018,Guanajuato,Jaral del Progreso,2020,PV,12.0,5.741935484
11,019,Guanajuato,Jerécuaro,2020,PV,11.4,4.709677419
11,020,Guanajuato,León,2020,PV,11.3,6.135483871
11,022,Guanajuato,Ocampo,2020,PV,10.7,4.48
11,023,Guanajuato,Pénjamo,2020,PV,12.4,5.258064516
11,025,Guanajuato,Purísima del Rincón,2020,PV,11.9,
11,027,Guanajuato,Salamanca,2020,PV,12.5,6.483870968
11,028,Guanajuato,Salvatierra,2020,PV,11.4,5.080645161
11,030,Guanajuato,San Felipe,2020,PV,8.8,1.870967742
11,033,Guanajuato,San Luis de la Paz,2020,PV,9.5,2.225806452
11,037,Guanajuato,Silao de la Victoria,2020,PV,12.0,6.193548387
11,039,Guanajuato,Tarimoro,2020,PV,12.9,6.887096774
11,042,Guanajuato,Valle de Santiago,2020,PV,12.4,6.677419355
11,045,Guanajuato,Xichú,2020,PV,16.8,8.483333333
12,001,Guerrero,Acapulco de Juárez,2020,PV,20.6,18.48148148
12,003,Guerrero,Ajuchitlán del Progreso,2020,PV,22.0,14.75
12,005,Guerrero,Alpoyeca,2020,PV,18.3,15.95454545
12,010,Guerrero,Atlixtac,2020,PV,13.4,11.89545455
12,011,Guerrero,Atoyac de Álvarez,2020,PV,20.6,18.53571429
12,012,Guerrero,Ayutla de los Libres,2020,PV,19.0,16.83870968
12,014,Guerrero,Benito Juárez,2020,PV,21.6,20.13333333
12,015,Guerrero,Buenavista de Cuéllar,2020,PV,15.5,12.12903226
12,021,Guerrero,Coyuca de Benítez,2020,PV,20.9,19.18181818
12,023,Guerrero,Cuajinicuilapa,2020,PV,23.8,21.0
12,028,Guerrero,Chilapa de Álvarez,2020,PV,16.1,10.25806452
12,029,Guerrero,Chilpancingo de los Bravo,2020,PV,15.5,11.53461538
12,032,Guerrero,General Heliodoro Castillo,2020,PV,9.3,8.290322581
12,035,Guerrero,Iguala de la Independencia,2020,PV,15.9,15.48709677
12,036,Guerrero,Igualapa,2020,PV,19.6,17.52777778
12,038,Guerrero,Zihuatanejo de Azueta,2020,PV,22.8,22.0
12,039,Guerrero,Juan R. Escudero,2020,PV,17.9,18.52380952
12,040,Guerrero,Leonardo Bravo,2020,PV,14.8,10.19354839
12,044,Guerrero,Mochitlán,2020,PV,15.4,14.71428571
12,045,Guerrero,Olinalá,2020,PV,17.9,11.12903226
12,046,Guerrero,Ometepec,2020,PV,15.0,15.0
12,050,Guerrero,Pungarabato,2020,PV,21.6,16.59677419
12,053,Guerrero,San Marcos,2020,PV,14.4,11.77777778
12,055,Guerrero,Taxco de Alarcón,2020,PV,16.1,13.72580645
12,057,Guerrero,Técpan de Galeana,2020,PV,21.3,20.70588235
12,061,Guerrero,Tixtla de Guerrero,2020,PV,16.5,12.66666667
12,066,Guerrero,Tlapa de Comonfort,2020,PV,18.8,12.5483871
12,068,Guerrero,La Unión de Isidoro Montes de Oca,2020,PV,21.1,24.0
12,068,Michoacán,La Unión de Isidoro Montes de Oca,2020,PV,20.8,20.07894737
12,070,Guerrero,Xochihuehuetlán,2020,PV,18.7,10.48387097
12,073,Guerrero,Zirándaro,2020,PV,17.6,13.88636364
12,082,Guerrero,Las Vigas,2020,PV,19.4,17.28
13,002,Hidalgo,Acaxochitlán,2020,PV,12.1,5.6356
13,003,Hidalgo,Actopan,2020,PV,10.6,4.064516129
13,006,Hidalgo,Alfajayucan,2020,PV,14.1,6.741935484
13,008,Hidalgo,Apan,2020,PV,8.5,6.3
13,011,Hidalgo,Atlapexco,2020,PV,20.9,16.67391304
13,013,Hidalgo,Atotonilco de Tula,2020,PV,10.6,4.709677419
13,016,Hidalgo,Cuautepec de Hinojosa,2020,PV,8.9,4.964285714
13,019,Hidalgo,Chilcuautla,2020,PV,12.5,5.741935484
13,027,Hidalgo,Huehuetla,2020,PV,20.9,16.89285714
13,028,Hidalgo,Huejutla de Reyes,2020,PV,21.4,16.92222222
13,028,Veracruz,Huejutla de Reyes,2020,PV,22.6,
13,030,Hidalgo,Ixmiquilpan,2020,PV,14.0,7.806451613
13,037,Hidalgo,Metztitlán,2020,PV,17.4,14.6
13,038,Hidalgo,Mineral del Chico,2020,PV,7.1,6.855172414
13,046,Hidalgo,San Felipe Orizatlán,2020,PV,22.8,16.77083333
13,048,Hidalgo,Pachuca de Soto,2020,PV,10.6,5.174193548
13,064,Hidalgo,Tepetitlán,2020,PV,12.4,6.0
13,077,Hidalgo,Tulancingo de Bravo,2020,PV,11.7,6.003225806
13,081,Hidalgo,Zacualtipán de Ángeles,2020,PV,9.9,6.266666667
13,084,Hidalgo,Zimapán,2020,PV,10.3,10.05238095
14,002,Jalisco,Acatlán de Juárez,2020,PV,8.4,4.891304348
14,006,Jalisco,Ameca,2020,PV,10.5,7.777777778
14,013,Jalisco,Atotonilco el Alto,2020,PV,12.5,7.067741935
14,014,Jalisco,Atoyac,2020,PV,16.0,
14,015,Jalisco,Autlán de Navarro,2020,PV,13.9,17.58823529
14,017,Jalisco,Ayutla,2020,PV,11.6,8.462962963
14,019,Jalisco,Bolaños,2020,PV,17.8,12.06666667
14,022,Jalisco,Cihuatlán,2020,PV,18.6,20.07142857
14,023,Jalisco,Zapotlán el Grande,2020,PV,11.0,8.223333333
14,025,Jalisco,Colotlán,2020,PV,8.6,4.106451613
14,030,Jalisco,Chapala,2020,PV,17.8,13.0
14,033,Jalisco,Degollado,2020,PV,13.5,9.04
14,039,Jalisco,Guadalajara,2020,PV,14.6,10.72580645
14,041,Jalisco,Huejúcar,2020,PV,7.2,2.741935484
14,043,Jalisco,La Huerta,2020,PV,16.4,22.1
14,046,Jalisco,Jalostotitlán,2020,PV,7.3,3.166666667
14,047,Jalisco,Jamay,2020,PV,11.3,5.735483871
14,049,Jalisco,Jilotlán de los Dolores,2020,PV,18.6,15.29032258
14,050,Jalisco,Jocotepec,2020,PV,15.5,15.0
14,051,Jalisco,Juanacatlán,2020,PV,12.2,7.767857143
14,053,Jalisco,Lagos de Moreno,2020,PV,8.4,4.807692308
14,054,Jalisco,El Limón,2020,PV,13.1,11.70967742
14,058,Jalisco,Mascota,2020,PV,7.3,8.857142857
14,061,Jalisco,Mezquitic,2020,PV,9.4,2.5
14,065,Jalisco,Pihuamo,2020,PV,17.3,16.01666667
14,067,Jalisco,Puerto Vallarta,2020,PV,16.6,21.55263158
14,068,Jalisco,Villa Purificación,2020,PV,13.9,20.5
14,070,Jalisco,El Salto,2020,PV,16.8,10.67741935
14,071,Jalisco,San Cristóbal de la Barranca,2020,PV,16.6,12.4
14,081,Jalisco,Santa María de los Ángeles,2020,PV,8.1,6.818181818
14,083,Jalisco,Tala,2020,PV,12.6,13.3862069
14,091,Jalisco,Teocaltiche,2020,PV,6.6,4.065217391
14,095,Jalisco,Teuchitlán,2020,PV,10.2,8.192307692
14,096,Jalisco,Tizapán el Alto,2020,PV,17.0,15.2
14,097,Jalisco,Tlajomulco de Zúñiga,2020,PV,12.4,5.95483871
14,098,Jalisco,San Pedro Tlaquepaque,2020,PV,15.8,11.33333333
14,099,Jalisco,Tolimán,2020,PV,11.0,9.9
14,100,Jalisco,Tomatlán,2020,PV,18.5,19.48333333
14,108,Jalisco,Tuxpan,2020,PV,6.6,5.482142857
14,111,Jalisco,Valle de Guadalupe,2020,PV,14.2,15.28064516
14,118,Jalisco,Yahualica de González Gallo,2020,PV,9.5,6.314814815
14,120,Jalisco,Zapopan,2020,PV,11.6,9.166666667
15,002,Estado de México,Acolman,2020,PV,9.2,3.193548387
15,003,Estado de México,Aculco,2020,PV,5.6,3.464285714
15,003,Querétaro,Aculco,2020,PV,12.1,7.631578947
15,005,Estado de México,Almoloya de Juárez,2020,PV,3.9,-1.909090909
15,007,Estado de México,Amanalco,2020,PV,1.3,2.392592593
15,009,Estado de México,Amecameca,2020,PV,2.4,2.078571429
15,011,Estado de México,Atenco,2020,PV,9.3,1.741935484
15,013,Estado de México,Atizapán de Zaragoza,2020,PV,10.8,5.338709677
15,014,Estado de México,Atlacomulco,2020,PV,3.4,1.857142857
15,032,Estado de México,Donato Guerra,2020,PV,8.8,8.0
15,033,Estado de México,Ecatepec de Morelos,2020,PV,10.0,8.032258065
15,038,Estado de México,Isidro Fabela,2020,PV,4.2,3.662068966
15,039,Estado de México,Ixtapaluca,2020,PV,5.0,12.29
15,042,Estado de México,Ixtlahuaca,2020,PV,6.4,-2.290322581
15,045,Estado de México,Jilotepec,2020,PV,4.0,0.741935484
15,052,Estado de México,Malinalco,2020,PV,15.4,15.7
15,055,Estado de México,Mexicaltzingo,2020,PV,,
15,057,Estado de México,Naucalpan de Juárez,2020,PV,3.3,-1.096774194
15,063,Estado de México,Ocuilan,2020,PV,8.9,5.660714286
15,074,Estado de México,San Felipe del Progreso,2020,PV,5.6,3.125
15,083,Estado de México,Temamatla,2020,PV,10.9,3.85483871
15,087,Estado de México,Temoaya,2020,PV,4.5,-1.935483871
15,090,Estado de México,Tenango del Valle,2020,PV,3.0,2.5
15,091,Estado de México,Teoloyucan,2020,PV,8.1,2.419354839
15,095,Estado de México,Tepotzotlán,2020,PV,8.0,2.935483871
15,096,Estado de México,Tequixquiac,2020,PV,7.9,1.967741935
15,097,Estado de México,Texcaltitlán,2020,PV,7.9,3.75
15,099,Estado de México,Texcoco,2020,PV,7.7,2.017857143
15,100,Estado de México,Tezoyuca,2020,PV,10.3,7.258064516
15,101,Estado de México,Tianguistenco,2020,PV,5.7,2.285714286
15,105,Guerrero,Tlatlaya,2020,PV,16.3,14.33870968
15,106,Estado de México,Toluca,2020,PV,5.1,1.178571429
15,109,Estado de México,Tultitlán,2020,PV,11.2,7.387096774
15,111,Estado de México,Villa de Allende,2020,PV,3.2,6.7
15,112,Estado de México,Villa del Carbón,2020,PV,7.7,2.419354839
15,113,Estado de México,Villa Guerrero,2020,PV,9.8,5.677419355
15,114,Estado de México,Villa Victoria,2020,PV,15.1,14.09666667
15,118,Estado de México,Zinacantepec,2020,PV,6.1,0.164516129
16,004,Michoacán,Angamacutiro,2020,PV,11.2,6.16
16,006,Michoacán,Apatzingán,2020,PV,18.2,15.09677419
16,010,Michoacán,Arteaga,2020,PV,22.0,19.77777778
16,017,Michoacán,Contepec,2020,PV,11.8,7.25
16,019,Michoacán,Cotija,2020,PV,11.5,7.370967742
16,034,Michoacán,Hidalgo,2020,PV,5.5,3.227272727
16,035,Michoacán,La Huacana,2020,PV,18.8,15.0
16,038,Michoacán,Huetamo,2020,PV,21.7,15.79411765
16,039,Michoacán,Huiramba,2020,PV,8.6,2.967741935
16,042,Michoacán,Ixtlán,2020,PV,9.9,5.5
16,043,Michoacán,Jacona,2020,PV,13.8,7.448387097
16,044,Michoacán,Jiménez,2020,PV,11.4,6.467741935
16,049,Michoacán,Madero,2020,PV,12.1,5.032258065
16,050,Michoacán,Maravatío,2020,PV,7.3,3.516129032
16,052,Michoacán,Lázaro Cárdenas,2020,PV,21.2,18.88888889
16,053,Michoacán,Morelia,2020,PV,10.3,5.419354839
16,061,Michoacán,Ocampo,2020,PV,5.0,6.1
16,067,Michoacán,Penjamillo,2020,PV,13.1,8.36
16,069,Michoacán,La Piedad,2020,PV,12.8,7.6
16,072,Michoacán,Queréndaro,2020,PV,9.7,4.064516129
16,076,Michoacán,Sahuayo,2020,PV,8.8,5.435483871
16,080,Michoacán,Senguio,2020,PV,5.7,5.1
16,085,Michoacán,Tangancícuaro,2020,PV,8.1,3.14516129
16,089,Michoacán,Tepalcatepec,2020,PV,18.3,14.5
16,102,Michoacán,Uruapan,2020,PV,9.8,12.2
16,103,Michoacán,Venustiano Carranza,2020,PV,16.4,9.816129032
16,104,Michoacán,Villamar,2020,PV,6.2,6.516129032
16,105,Michoacán,Vista Hermosa,2020,PV,9.7,8.035714286
16,106,Michoacán,Yurécuaro,2020,PV,15.0,8.696428571
16,107,Michoacán,Zacapu,2020,PV,12.7,8.9
16,108,Michoacán,Zamora,2020,PV,9.0,6.678571429
16,110,Michoacán,Zinapécuaro,2020,PV,10.8,8.119047619
16,113,Michoacán,José Sixto Verduzco,2020,PV,11.8,4.838709677
17,001,Morelos,Amacuzac,2020,PV,18.0,10.0
17,002,Morelos,Atlatlahucan,2020,PV,13.4,12.33333333
17,004,Morelos,Ayala,2020,PV,18.5,13.34615385
17,005,Morelos,Coatlán del Río,2020,PV,18.6,16.66666667
17,006,Morelos,Cuautla,2020,PV,15.5,13.33333333
17,007,Morelos,Cuernavaca,2020,PV,14.3,11.40740741
17,008,Morelos,Emiliano Zapata,2020,PV,16.5,13.59090909
17,009,Morelos,Huitzilac,2020,PV,3.8,2.451612903
17,011,Morelos,Jiutepec,2020,PV,15.0,14.32142857
17,012,Morelos,Jojutla,2020,PV,19.5,10.69354839
17,013,Morelos,Jonacatepec de Leandro Valle,2020,PV,12.6,9.69047619
17,015,Morelos,Miacatlán,2020,PV,12.9,15.05555556
17,016,Morelos,Ocuituco,2020,PV,12.6,8.677419355
17,017,Morelos,Puente de Ixtla,2020,PV,18.7,12.60714286
17,018,Morelos,Temixco,2020,PV,17.7,
17,019,Morelos,Tepalcingo,2020,PV,17.1,14.56521739
17,020,Morelos,Tepoztlán,2020,PV,15.3,16.31818182
17,021,Morelos,Tetecala,2020,PV,18.5,14.83333333
17,023,Morelos,Tlalnepantla,2020,PV,8.2,5.772727273
17,024,Morelos,Tlaltizapán de Zapata,2020,PV,17.9,12.07692308
17,025,Morelos,Tlaquiltenango,2020,PV,18.1,11.14285714
17,026,Morelos,Tlayacapan,2020,PV,,
17,027,Morelos,Totolapan,2020,PV,13.6,11.89285714
17,028,Morelos,Xochitepec,2020,PV,12.7,14.9
17,029,Morelos,Yautepec,2020,PV,17.6,12.67307692
17,030,Morelos,Yecapixtla,2020,PV,14.5,11.82142857
17,031,Morelos,Zacatepec,2020,PV,18.1,14.26086957
17,032,Morelos,Zacualpan de Amilpas,2020,PV,13.5,11.40909091
17,033,Morelos,Temoac,2020,PV,14.4,11.53333333
17,035,Morelos,Xoxocotla,2020,PV,18.3,12.53571429
17,036,Morelos,Hueyapan,2020,PV,9.1,7.5
18,001,Nayarit,Acaponeta,2020,PV,14.5,13.7483871
18,006,Nayarit,Ixtlán del Río,2020,PV,10.6,
18,009,Nayarit,Del Nayar,2020,PV,16.3,14.56
18,010,Nayarit,Rosamorada,2020,PV,14.6,13.41935484
18,011,Nayarit,Ruíz,2020,PV,15.7,14.98387097
18,012,Nayarit,San Blas,2020,PV,16.9,23.25555556
18,015,Nayarit,Santiago Ixcuintla,2020,PV,14.6,13.51290323
18,017,Nayarit,Tepic,2020,PV,14.3,13.69642857
18,020,Nayarit,Bahía de Banderas,2020,PV,15.9,15.85483871
19,003,Nuevo León,Los Aldamas,2020,PV,21.0,12.75
19,004,Nuevo León,Allende,2020,PV,17.1,6.444444444
19,005,Nuevo León,Anáhuac,2020,PV,19.0,11.36538462
19,007,Nuevo León,Aramberri,2020,PV,12.0,5.590909091
19,011,Nuevo León,Cerralvo,2020,PV,17.2,7.0
19,012,Nuevo León,Ciénega de Flores,2020,PV,19.7,7.103448276
19,013,Nuevo León,China,2020,PV,20.1,9.304347826
19,014,Nuevo León,Doctor Arroyo,2020,PV,14.4,6.64516129
19,017,Nuevo León,Galeana,2020,PV,8.2,-1.35483871
19,021,Nuevo León,General Escobedo,2020,PV,19.3,8.923076923
19,024,Nuevo León,General Zaragoza,2020,PV,14.5,6.419354839
19,025,Nuevo León,General Zuazua,2020,PV,19.3,
19,026,Nuevo León,Guadalupe,2020,PV,19.1,8.803571429
19,033,Nuevo León,Linares,2020,PV,17.9,7.142857143
19,036,Nuevo León,Mier y Noriega,2020,PV,15.5,7.129032258
19,038,Nuevo León,Montemorelos,2020,PV,18.4,9.480769231
19,039,Nuevo León,Monterrey,2020,PV,16.0,5.178571429
19,042,Nuevo León,Los Ramones,2020,PV,19.0,10.80769231
19,045,Nuevo León,Salinas Victoria,2020,PV,16.2,9.17
19,046,Nuevo León,San Nicolás de los Garza,2020,PV,19.0,9.296153846
19,048,Nuevo León,Santa Catarina,2020,PV,16.2,
19,049,Nuevo León,Santiago,2020,PV,18.6,7.314814815
20,006,Oaxaca,Asunción Nochixtlán,2020,PV,10.5,12.4
20,011,Oaxaca,Calihualá,2020,PV,16.5,14.35
20,014,Oaxaca,Ciudad Ixtepec,2020,PV,23.7,21.55357143
20,039,Oaxaca,Heroica Ciudad de Huajuapan de León,2020,PV,14.5,6.687096774
20,043,Oaxaca,Heroica Ciudad de Juchitán de Zaragoza,2020,PV,25.6,21.77586207
20,052,Oaxaca,Magdalena Tequisistlán,2020,PV,21.6,17.86666667
20,057,Oaxaca,Matías Romero Avendaño,2020,PV,23.3,20.3
20,059,Oaxaca,Miahuatlán de Porfirio Díaz,2020,PV,14.4,11.8
20,067,Oaxaca,Oaxaca de Juárez,2020,PV,15.8,11.61290323
20,073,Oaxaca,Putla Villa de Guerrero,2020,PV,11.7,11.0
20,079,Oaxaca,Salina Cruz,2020,PV,25.2,23.71481481
20,083,Oaxaca,San Agustín de las Juntas,2020,PV,15.2,9.464516129
20,105,Oaxaca,San Antonino Monte Verde,2020,PV,12.8,11.61111111
20,136,Oaxaca,San Felipe Usila,2020,PV,20.2,15.37931034
20,173,Oaxaca,San Juan Atepec,2020,PV,12.1,7.387096774
20,184,Oaxaca,San Juan Bautista Tuxtepec,2020,PV,21.1,16.72413793
20,221,Oaxaca,San Juan Teposcolula,2020,PV,8.5,7.269230769
20,228,Oaxaca,San Lorenzo Cuaunecuiltitla,2020,PV,12.9,10.75
20,237,Oaxaca,San Marcos Arteaga,2020,PV,13.6,11.375
20,250,Oaxaca,San Mateo Etlatongo,2020,PV,10.9,8.456666667
20,262,Oaxaca,San Miguel Amatlán,2020,PV,5.2,2.677419355
20,278,Oaxaca,San Miguel Soyaltepec,2020,PV,23.4,18.37037037
20,307,Oaxaca,San Pedro Huamelula,2020,PV,21.1,19.0
20,324,Oaxaca,San Pedro Pochutla,2020,PV,24.0,21.92580645
20,327,Oaxaca,San Pedro Tapanatepec,2020,PV,23.1,19.73214286
20,334,Oaxaca,Villa de Tututepec,2020,PV,22.4,23.3
20,337,Oaxaca,San Pedro y San Pablo Ayutla,2020,PV,4.2,3.433333333
20,357,Oaxaca,Santa Ana Tavela,2020,PV,19.5,11.19354839
20,363,Oaxaca,Santa Catarina Ixtepeji,2020,PV,13.3,6.935483871
20,385,Oaxaca,Santa Cruz Xoxocotlán,2020,PV,15.5,12.26
20,397,Oaxaca,Heroica Ciudad de Tlaxiaco,2020,PV,12.4,12.10714286
20,405,Oaxaca,Villa de Chilapa de Díaz,2020,PV,9.4,
20,417,Oaxaca,Santa María Jacatepec,2020,PV,22.1,17.05
20,418,Oaxaca,Santa María Jalapa del Marqués,2020,PV,21.7,18.90322581
20,439,Oaxaca,Santa María Tonameca,2020,PV,19.6,17.56666667
20,459,Oaxaca,Villa de Santiago Chazumba,2020,PV,7.2,8.0
20,468,Oaxaca,Santiago Jocotepec,2020,PV,23.5,17.62962963
20,478,Oaxaca,Santiago Nacaltepec,2020,PV,12.5,9.175
20,482,Oaxaca,Santiago Pinotepa Nacional,2020,PV,22.7,21.76
20,498,Oaxaca,Santiago Yaveo,2020,PV,21.9,16.84615385
20,502,Oaxaca,Santiago Zacatepec,2020,PV,18.7,13.04166667
20,525,Oaxaca,Santo Domingo Zanatepec,2020,PV,21.0,15.89285714
20,537,Oaxaca,Silacayoápam,2020,PV,15.1,12.94736842
20,547,Oaxaca,Teotongo,2020,PV,9.2,6.090909091
20,549,Oaxaca,"Heroica Villa Tezoatlán de Segura y Luna, Cuna de la Independencia de Oaxaca",2020,PV,14.7,10.78571429
20,559,Oaxaca,San Juan Bautista Valle Nacional,2020,PV,22.7,17.11538462
20,567,Oaxaca,Zapotitlán Lagunas,2020,PV,16.1,14.96875
20,568,Oaxaca,Zapotitlán Palmas,2020,PV,13.4,6.764705882
21,001,Puebla,Acajete,2020,PV,9.9,3.806451613
21,003,Puebla,Acatlán,2020,PV,18.7,10.58064516
21,008,Puebla,Ahuazotepec,2020,PV,7.2,1.403225806
21,015,Puebla,Amozoc,2020,PV,10.4,5.741935484
21,019,Puebla,Atlixco,2020,PV,13.6,8.677419355
21,023,Puebla,Atzitzintla,2020,PV,4.0,3.258064516
21,025,Puebla,Ayotoxco de Guerrero,2020,PV,21.1,16.0
21,026,Puebla,Calpan,2020,PV,10.2,4.193548387
21,031,Puebla,Coatzingo,2020,PV,17.1,9.35483871
21,043,Puebla,Cuetzalan del Progreso,2020,PV,17.2,10.64516129
21,045,Puebla,Chalchicomula de Sesma,2020,PV,9.0,2.903225806
21,051,Morelos,Chietla,2020,PV,19.0,16.9
21,051,Puebla,Chietla,2020,PV,17.5,11.74193548
21,053,Puebla,Chignahuapan,2020,PV,6.5,1.838709677
21,059,Puebla,Chinantla,2020,PV,17.5,9.935483871
21,064,Puebla,Francisco Z. Mena,2020,PV,11.7,10.0
21,069,Puebla,Huaquechula,2020,PV,15.5,9.774193548
21,071,Puebla,Huauchinango,2020,PV,13.9,7.689655172
21,083,Puebla,Ixtacamaxtitlán,2020,PV,10.9,1.322580645
21,085,Puebla,Izúcar de Matamoros,2020,PV,17.7,17.77419355
21,086,Puebla,Jalpan,2020,PV,21.9,15.74193548
21,094,Puebla,Libres,2020,PV,10.5,3.935483871
21,098,Puebla,Molcaxac,2020,PV,6.8,3.8
21,106,Puebla,Ocoyucan,2020,PV,6.0,5.35483871
21,108,Puebla,Oriental,2020,PV,12.8,6.85
21,109,Puebla,Pahuatlán,2020,PV,18.0,
21,114,Puebla,Puebla,2020,PV,9.8,3.129032258
21,114,Tlaxcala,Puebla,2020,PV,7.5,6.1
21,132,Puebla,San Martín Texmelucan,2020,PV,,
21,140,Puebla,San Pedro Cholula,2020,PV,11.6,5.35483871
21,145,Puebla,San Sebastián Tlacotepec,2020,PV,20.3,15.34482759
21,153,Puebla,Tecali de Herrera,2020,PV,10.8,4.322580645
21,154,Puebla,Tecamachalco,2020,PV,12.5,4.64516129
21,156,Puebla,Tehuacán,2020,PV,13.5,6.322580645
21,160,Puebla,Teotlalco,2020,PV,15.1,8.129032258
21,162,Puebla,Tepango de Rodríguez,2020,PV,10.5,5.483870968
21,170,Puebla,Tepeyahualco,2020,PV,8.7,0.435483871
21,172,Puebla,Tetela de Ocampo,2020,PV,11.8,5.533333333
21,174,Puebla,Teziutlán,2020,PV,10.8,6.538461538
21,180,Puebla,Tlahuapan,2020,PV,8.6,8.266666667
21,184,Puebla,Tlapacoya,2020,PV,8.9,5.032258065
21,185,Puebla,Tlapanalá,2020,PV,17.3,14.5
21,186,Puebla,Tlatlauquitepec,2020,PV,5.0,2.322580645
21,187,Puebla,Tlaxco,2020,PV,21.9,12.4
21,188,Morelos,Tochimilco,2020,PV,11.4,10.75
21,193,Puebla,Tzicatlacoyan,2020,PV,9.9,3.322580645
21,194,Puebla,Venustiano Carranza,2020,PV,12.4,6.322580645
21,195,Puebla,Vicente Guerrero,2020,PV,7.9,
21,197,Puebla,Xicotepec,2020,PV,16.6,10.56896552
21,198,Puebla,Xicotlán,2020,PV,16.9,6.161290323
21,207,Puebla,Zacapoaxtla,2020,PV,11.9,6.724137931
21,209,Puebla,Zapotitlán,2020,PV,15.0,12.58
21,217,Puebla,Zoquitlán,2020,PV,11.6,6.838709677
22,006,Querétaro,Corregidora,2020,PV,14.1,7.895833333
22,008,Querétaro,Huimilpan,2020,PV,11.4,9.19
22,009,Querétaro,Jalpan de Serra,2020,PV,14.8,11.6
22,013,Querétaro,Peñamiller,2020,PV,16.9,11.97058824
22,014,Querétaro,Querétaro,2020,PV,13.9,9.238095238
22,016,Querétaro,San Juan del Río,2020,PV,15.3,9.263157895
23,001,Quintana Roo,Cozumel,2020,PV,22.4,20.31034483
23,002,Quintana Roo,Felipe Carrillo Puerto,2020,PV,21.9,16.34666667
23,004,Quintana Roo,Othón P. Blanco,2020,PV,22.4,18.29354839
23,005,Quintana Roo,Benito Juárez,2020,PV,24.8,21.125
23,006,Quintana Roo,José María Morelos,2020,PV,23.4,20.1
23,007,Quintana Roo,Lázaro Cárdenas,2020,PV,22.9,17.93
23,008,Quintana Roo,Solidaridad,2020,PV,24.7,18.16666667
24,003,San Luis Potosí,Aquismón,2020,PV,20.6,13.19259259
24,010,Tamaulipas,Ciudad del Maíz,2020,PV,,
24,011,San Luis Potosí,Ciudad Fernández,2020,PV,20.4,16.18928571
24,013,San Luis Potosí,Ciudad Valles,2020,PV,21.7,14.25185185
24,016,San Luis Potosí,Ebano,2020,PV,23.0,16.9
24,020,San Luis Potosí,Matehuala,2020,PV,14.5,8.5
24,024,San Luis Potosí,Rioverde,2020,PV,19.1,13.78518519
24,027,San Luis Potosí,San Ciro de Acosta,2020,PV,19.0,13.07692308
24,028,San Luis Potosí,San Luis Potosí,2020,PV,13.3,4.835483871
24,034,San Luis Potosí,San Vicente Tancuayalab,2020,PV,25.4,14.96428571
24,034,Veracruz,San Vicente Tancuayalab,2020,PV,22.8,
24,037,San Luis Potosí,Tamazunchale,2020,PV,20.2,14.90952381
24,040,San Luis Potosí,Tamuín,2020,PV,24.8,15.21851852
24,041,San Luis Potosí,Tanlajás,2020,PV,22.6,14.63571429
24,049,San Luis Potosí,Villa de Ramos,2020,PV,11.5,
24,050,San Luis Potosí,Villa de Reyes,2020,PV,13.5,10.59333333
24,053,San Luis Potosí,Axtla de Terrazas,2020,PV,24.6,14.91785714
24,057,San Luis Potosí,Matlapa,2020,PV,22.9,15.824
24,058,San Luis Potosí,El Naranjo,2020,PV,20.2,13.22758621
25,001,Sinaloa,Ahome,2020,PV,14.0,10.15384615
25,003,Sinaloa,Badiraguato,2020,PV,12.8,9.857142857
25,005,Sinaloa,Cosalá,2020,PV,13.8,11.45
25,006,Sinaloa,Culiacán,2020,PV,11.6,7.451612903
25,007,Sinaloa,Choix,2020,PV,12.4,8.333333333
25,008,Sinaloa,Elota,2020,PV,14.9,11.93548387
25,010,Sinaloa,El Fuerte,2020,PV,13.6,8.629032258
25,011,Sinaloa,Guasave,2020,PV,14.6,11.67741935
25,012,Sinaloa,Mazatlán,2020,PV,12.8,11.62903226
25,013,Sinaloa,Mocorito,2020,PV,12.5,10.375
25,014,Sinaloa,Rosario,2020,PV,13.6,12.15517241
25,015,Sinaloa,Salvador Alvarado,2020,PV,15.8,12.16129032
25,016,Sinaloa,San Ignacio,2020,PV,12.4,11.03571429
25,017,Sinaloa,Sinaloa,2020,PV,14.0,9.35483871
25,019,Sinaloa,Eldorado,2020,PV,14.7,12.57692308
26,001,Sonora,Aconchi,2020,PV,8.2,3.607142857
26,002,Sonora,Agua Prieta,2020,PV,4.4,5.3
26,003,Sonora,Álamos,2020,PV,10.6,8.32
26,004,Sonora,Altar,2020,PV,7.5,5.816666667
26,006,Sonora,Arizpe,2020,PV,3.5,-0.696428571
26,009,Sonora,Bacanora,2020,PV,16.4,11.29285714
26,010,Sonora,Bacerac,2020,PV,6.1,-0.580645161
26,011,Sonora,Bacoachi,2020,PV,3.1,5.4
26,012,Sonora,Bácum,2020,PV,10.1,16.05517241
26,013,Sonora,Banámichi,2020,PV,5.4,8.1
26,014,Sonora,Baviácora,2020,PV,7.5,10.37931034
26,015,Sonora,Bavispe,2020,PV,6.3,6.7
26,016,Sonora,Benjamín Hill,2020,PV,7.0,9.6
26,017,Sonora,Caborca,2020,PV,10.2,3.961538462
26,018,Sonora,Cajeme,2020,PV,10.3,6.251612903
26,019,Sonora,Cananea,2020,PV,8.2,1.307692308
26,020,Sonora,Carbó,2020,PV,9.4,11.79310345
26,022,Sonora,Cucurpe,2020,PV,6.2,8.7
26,023,Sonora,Cumpas,2020,PV,7.7,10.37931034
26,025,Sonora,Empalme,2020,PV,12.3,10.36774194
26,026,Sonora,Etchojoa,2020,PV,9.6,16.1
26,029,Sonora,Guaymas,2020,PV,9.9,4.767857143
26,030,Sonora,Hermosillo,2020,PV,9.2,6.928571429
26,031,Sonora,Huachinera,2020,PV,5.5,-0.148148148
26,032,Sonora,Huásabas,2020,PV,8.4,9.682142857
26,033,Sonora,Huatabampo,2020,PV,10.6,12.37333333
26,035,Sonora,Imuris,2020,PV,4.3,0.671428571
26,036,Sonora,Magdalena,2020,PV,6.0,8.0
26,037,Sonora,Mazatán,2020,PV,7.5,4.586956522
26,040,Sonora,Nácori Chico,2020,PV,6.1,6.517857143
26,041,Sonora,Nacozari de García,2020,PV,14.1,3.947368421
26,042,Sonora,Navojoa,2020,PV,10.1,9.017857143
26,043,Sonora,Nogales,2020,PV,10.8,3.924
26,045,Sonora,Opodepe,2020,PV,7.5,3.357142857
26,046,Sonora,Oquitoa,2020,PV,11.5,5.814814815
26,047,Sonora,Pitiquito,2020,PV,10.9,13.8
26,048,Sonora,Puerto Peñasco,2020,PV,12.1,9.47
26,049,Sonora,Quiriego,2020,PV,9.7,5.709677419
26,051,Sonora,Rosario,2020,PV,9.4,12.0
26,052,Sonora,Sahuaripa,2020,PV,10.6,5.85
26,055,Sonora,San Luis Río Colorado,2020,PV,11.2,7.7
26,056,Sonora,San Miguel de Horcasitas,2020,PV,8.6,3.916666667
26,058,Sonora,Santa Ana,2020,PV,7.7,10.3
26,059,Sonora,Santa Cruz,2020,PV,3.1,5.2
26,061,Sonora,Soyopa,2020,PV,16.7,8.407142857
26,062,Sonora,Suaqui Grande,2020,PV,10.9,13.87307692
26,063,Sonora,Tepache,2020,PV,8.2,9.592592593
26,064,Sonora,Trincheras,2020,PV,8.2,3.692307692
26,065,Sonora,Tubutama,2020,PV,10.1,3.392857143
26,066,Sonora,Ures,2020,PV,7.4,11.9
26,067,Sonora,Villa Hidalgo,2020,PV,15.5,
26,068,Sonora,Villa Pesqueira,2020,PV,9.6,12.8
26,069,Sonora,Yécora,2020,PV,3.0,-3.431612903
26,070,Sonora,General Plutarco Elías Calles,2020,PV,7.9,2.589285714
26,071,Sonora,Benito Juárez,2020,PV,10.6,16.6
26,072,Sonora,San Ignacio Río Muerto,2020,PV,11.8,16.66206897
27,001,Tabasco,Balancán,2020,PV,23.3,17.58064516
27,002,Tabasco,Cárdenas,2020,PV,23.7,19.05357143
27,003,Tabasco,Centla,2020,PV,24.3,22.75769231
27,004,Tabasco,Centro,2020,PV,23.6,17.98148148
27,006,Tabasco,Cunduacán,2020,PV,23.2,17.82
27,008,Tabasco,Huimanguillo,2020,PV,23.5,20.95185185
27,012,Tabasco,Macuspana,2020,PV,23.9,18.89583333
27,014,Tabasco,Paraíso,2020,PV,24.7,22.8
27,015,Tabasco,Tacotalpa,2020,PV,22.5,18.25
27,016,Tabasco,Teapa,2020,PV,23.1,18.51785714
27,017,Tabasco,Tenosique,2020,PV,23.0,19.0
28,001,Tamaulipas,Abasolo,2020,PV,22.6,14.6
28,002,Tamaulipas,Aldama,2020,PV,22.1,12.85
28,003,Tamaulipas,Altamira,2020,PV,23.9,15.24642857
28,005,Tamaulipas,Burgos,2020,PV,23.0,
28,007,Tamaulipas,Camargo,2020,PV,19.9,8.576923077
28,008,Tamaulipas,Casas,2020,PV,21.9,10.48571429
28,009,Tamaulipas,Ciudad Madero,2020,PV,24.7,16.12272727
28,011,Tamaulipas,Gómez Farías,2020,PV,20.1,12.60689655
28,012,Tamaulipas,González,2020,PV,20.8,13.02413793
28,013,Tamaulipas,Güémez,2020,PV,21.0,9.460714286
28,015,Tamaulipas,Gustavo Díaz Ordaz,2020,PV,20.9,9.16
28,016,Tamaulipas,Hidalgo,2020,PV,17.7,6.725925926
28,017,Tamaulipas,Jaumave,2020,PV,20.0,13.95
28,019,Tamaulipas,Llera,2020,PV,20.2,10.52666667
28,020,Tamaulipas,Mainero,2020,PV,18.9,10.7037037
28,021,Tamaulipas,El Mante,2020,PV,23.0,16.03
28,022,Tamaulipas,Matamoros,2020,PV,20.6,10.82608696
28,023,Tamaulipas,Méndez,2020,PV,22.0,9.096428571
28,027,Tamaulipas,Nuevo Laredo,2020,PV,19.8,25.79677419
28,030,Tamaulipas,Padilla,2020,PV,21.3,9.766666667
28,032,Tamaulipas,Reynosa,2020,PV,20.3,8.5
28,034,Tamaulipas,San Carlos,2020,PV,21.8,
28,035,Tamaulipas,San Fernando,2020,PV,21.8,14.052
28,037,Tamaulipas,Soto la Marina,2020,PV,22.3,10.63793103
28,038,Tamaulipas,Tampico,2020,PV,21.0,16.056
28,040,Tamaulipas,Valle Hermoso,2020,PV,20.6,10.44444444
28,041,Tamaulipas,Victoria,2020,PV,20.9,9.259259259
28,043,Tamaulipas,Xicoténcatl,2020,PV,19.1,12.24137931
29,003,Tlaxcala,Atlangatepec,2020,PV,7.9,1.391304348
29,006,Tlaxcala,Calpulalpan,2020,PV,8.3,3.611111111
29,007,Tlaxcala,El Carmen Tequexquitla,2020,PV,8.9,2.523809524
29,008,Tlaxcala,Cuapiaxtla,2020,PV,9.3,1.967741935
29,013,Tlaxcala,Huamantla,2020,PV,7.9,4.67
29,031,Tlaxcala,Tetla de la Solidaridad,2020,PV,,
29,033,Tlaxcala,Tlaxcala,2020,PV,10.4,4.1
29,037,Tlaxcala,Ziltlaltépec de Trinidad Sánchez Santos,2020,PV,9.8,2.8
29,044,Tlaxcala,Zacatelco,2020,PV,10.0,4.7
29,052,Tlaxcala,San José Teacalco,2020,PV,7.1,6.0
30,001,Veracruz,Acajete,2020,PV,8.8,3.142857143
30,002,Veracruz,Acatlán,2020,PV,11.2,6.448275862
30,003,Veracruz,Acayucan,2020,PV,23.8,20.3
30,004,Veracruz,Actopan,2020,PV,23.1,19.25
30,007,Veracruz,Camarón de Tejeda,2020,PV,22.8,16.19354839
30,010,Veracruz,Altotonga,2020,PV,10.6,4.896551724
30,011,Veracruz,Alvarado,2020,PV,22.9,18.46296296
30,015,Veracruz,Angel R. Cabada,2020,PV,23.4,16.73214286
30,016,Veracruz,La Antigua,2020,PV,22.8,17.58064516
30,028,Veracruz,Boca del Río,2020,PV,22.8,19.31481481
30,032,Veracruz,Catemaco,2020,PV,13.6,12.6
30,038,Veracruz,Coatepec,2020,PV,14.3,7.516666667
30,039,Veracruz,Coatzacoalcos,2020,PV,23.8,20.39642857
30,044,Veracruz,Córdoba,2020,PV,19.8,
30,045,Veracruz,Cosamaloapan de Carpio,2020,PV,23.6,15.68888889
30,046,Veracruz,Cosautlán de Carvajal,2020,PV,,
30,047,Veracruz,Coscomatepec,2020,PV,14.4,12.5
30,053,Veracruz,Cuitláhuac,2020,PV,22.2,
30,061,Veracruz,Las Choapas,2020,PV,20.9,16.05172414
30,065,Veracruz,Emiliano Zapata,2020,PV,18.5,15.3
30,071,Veracruz,Huatusco,2020,PV,,6.379310345
30,072,Veracruz,Huayacocotla,2020,PV,9.7,7.833333333
30,073,Veracruz,Hueyapan de Ocampo,2020,PV,22.4,16.46666667
30,077,Veracruz,Isla,2020,PV,24.1,19.75
30,087,Veracruz,Xalapa,2020,PV,15.9,10.025
30,090,Veracruz,Jamapa,2020,PV,23.7,
30,091,Veracruz,Jesús Carranza,2020,PV,21.1,16.53571429
30,093,Veracruz,Jilotepec,2020,PV,16.0,14.4
30,097,Veracruz,Lerdo de Tejada,2020,PV,23.1,17.84615385
30,101,Veracruz,Mariano Escobedo,2020,PV,5.4,2.451612903
30,102,Veracruz,Martínez de la Torre,2020,PV,22.5,17.0625
30,104,Veracruz,Mecayapan,2020,PV,22.9,17.42592593
30,109,Veracruz,Misantla,2020,PV,20.3,14.375
30,112,Veracruz,Naolinco,2020,PV,14.5,8.777777778
30,118,Veracruz,Orizaba,2020,PV,16.3,11.32592593
30,123,Tamaulipas,Pánuco,2020,PV,22.3,
30,123,Veracruz,Pánuco,2020,PV,20.9,14.45
30,125,Veracruz,Paso del Macho,2020,PV,21.2,
30,126,Veracruz,Paso de Ovejas,2020,PV,22.5,17.17241379
30,128,Veracruz,Perote,2020,PV,6.3,0.2
30,132,Veracruz,Las Vigas de Ramírez,2020,PV,8.3,2.583333333
30,134,Veracruz,Puente Nacional,2020,PV,25.2,19.46153846
30,141,Veracruz,San Andrés Tuxtla,2020,PV,20.3,15.69642857
30,142,Veracruz,San Juan Evangelista,2020,PV,22.6,18.68333333
30,143,Veracruz,Santiago Tuxtla,2020,PV,23.9,16.68518519
30,148,Veracruz,Soledad de Doblado,2020,PV,24.1,
30,155,Veracruz,Tantoyuca,2020,PV,20.1,
30,160,Veracruz,Álamo Temapache,2020,PV,21.4,14.56666667
30,161,Veracruz,Tempoal,2020,PV,22.7,14.37857143
30,163,Veracruz,Tenochtitlán,2020,PV,17.0,11.70689655
30,165,Veracruz,Tepatlaxco,2020,PV,17.2,
30,169,Veracruz,José Azueta,2020,PV,23.3,20.96
30,175,Veracruz,Tihuatlán,2020,PV,23.9,18.08695652
30,182,Veracruz,Tlalnelhuayocan,2020,PV,14.5,9.25
30,188,Veracruz,Totutla,2020,PV,15.2,9.444444444
30,189,Veracruz,Tuxpan,2020,PV,23.9,16.5
31,001,Yucatán,Abalá,2020,PV,18.6,11.62903226
31,010,Yucatán,Cantamayec,2020,PV,23.2,16.43333333
31,011,Yucatán,Celestún,2020,PV,24.1,18.59655172
31,013,Yucatán,Conkal,2020,PV,20.4,13.61290323
31,023,Yucatán,Chocholá,2020,PV,23.7,16.86666667
31,050,Yucatán,Mérida,2020,PV,22.5,16.43333333
31,051,Yucatán,Mocochá,2020,PV,20.8,14.12903226
31,052,Yucatán,Motul,2020,PV,20.7,17.2
31,053,Yucatán,Muna,2020,PV,23.3,16.12068966
31,056,Yucatán,Oxkutzcab,2020,PV,22.0,11.64516129
31,058,Yucatán,Peto,2020,PV,21.9,14.0483871
31,059,Yucatán,Progreso,2020,PV,23.9,18.68076923
31,061,Yucatán,Río Lagartos,2020,PV,23.0,19.24193548
31,079,Yucatán,Tekax,2020,PV,22.7,14.18333333
31,089,Yucatán,Ticul,2020,PV,23.9,15.12068966
31,096,Yucatán,Tizimín,2020,PV,22.3,15.56666667
31,098,Yucatán,Tzucacab,2020,PV,18.0,12.24193548
31,102,Yucatán,Valladolid,2020,PV,23.7,17.46428571
32,003,Zacatecas,Atolinga,2020,PV,5.6,1.0
32,005,Zacatecas,Calera,2020,PV,8.1,4.346153846
32,007,Zacatecas,Concepción del Oro,2020,PV,15.4,9.133333333
32,009,Zacatecas,Chalchihuites,2020,PV,11.2,7.56
32,010,Zacatecas,Fresnillo,2020,PV,6.1,1.580645161
32,012,Zacatecas,Genaro Codina,2020,PV,8.1,2.315789474
32,014,Zacatecas,General Francisco R. Murguía,2020,PV,,7.232142857
32,015,Jalisco,El Plateado de Joaquín Amaro,2020,PV,14.6,12.5
32,016,Zacatecas,General Pánfilo Natera,2020,PV,7.0,-0.516129032
32,017,Zacatecas,Guadalupe,2020,PV,12.5,5.167741935
32,019,Zacatecas,Jalpa,2020,PV,12.7,7.225806452
32,020,Zacatecas,Jerez,2020,PV,7.9,3.429032258
32,022,Zacatecas,Juan Aldama,2020,PV,11.1,7.076923077
32,023,Zacatecas,Juchipila,2020,PV,11.3,8.357142857
32,024,Zacatecas,Loreto,2020,PV,,6.423076923
32,025,Zacatecas,Luis Moya,2020,PV,9.7,6.961538462
32,026,Zacatecas,Mazapil,2020,PV,13.8,3.322580645
32,028,Zacatecas,Mezquital del Oro,2020,PV,14.3,9.736842105
32,029,Zacatecas,Miguel Auza,2020,PV,,7.84375
32,031,Zacatecas,Monte Escobedo,2020,PV,4.7,1.717391304
32,034,Zacatecas,Nochistlán de Mejía,2020,PV,9.9,2.806451613
32,036,Zacatecas,Ojocaliente,2020,PV,11.1,7.403225806
32,038,Zacatecas,Pinos,2020,PV,8.1,0.741935484
32,039,Zacatecas,Río Grande,2020,PV,8.3,1.338709677
32,040,Zacatecas,Sain Alto,2020,PV,,2.112903226
32,042,Zacatecas,Sombrerete,2020,PV,9.6,4.903225806
32,044,Zacatecas,Tabasco,2020,PV,15.4,9.225806452
32,045,Zacatecas,Tepechitlán,2020,PV,7.7,3.290322581
32,047,Zacatecas,Teúl de González Ortega,2020,PV,8.7,5.055555556
32,048,Zacatecas,Tlaltenango de Sánchez Román,2020,PV,7.4,5.232142857
32,049,Zacatecas,Valparaíso,2020,PV,3.7,-0.903225806
32,051,Zacatecas,Villa de Cos,2020,PV,10.2,6.962962963
32,053,Zacatecas,Villa González Ortega,2020,PV,9.9,5.0
32,054,Zacatecas,Villa Hidalgo,2020,PV,10.1,1.870967742
32,055,Zacatecas,Villanueva,2020,PV,7.3,2.177419355
32,056,Zacatecas,Zacatecas,2020,PV,11.5,7.441935484
01,001,Aguascalientes,Aguascalientes,2021,OI,-2.4,-0.5
01,002,Aguascalientes,Asientos,2021,OI,-0.6,0.6
01,003,Aguascalientes,Calvillo,2021,OI,1.2,3.5
01,004,Aguascalientes,Cosío,2021,OI,-0.8,0.0
01,005,Aguascalientes,Jesús María,2021,OI,4.1,4.5
01,006,Aguascalientes,Pabellón de Arteaga,2021,OI,3.3,4.7
01,007,Aguascalientes,Rincón de Romos,2021,OI,4.2,5.216666667
01,008,Aguascalientes,San José de Gracia,2021,OI,-0.2,3.5
01,009,Aguascalientes,Tepezalá,2021,OI,6.5,6.733333333
01,010,Aguascalientes,El Llano,2021,OI,-0.2,1.5
02,001,Baja California,Ensenada,2021,OI,-6.2,-6.2
02,002,Baja California,Mexicali,2021,OI,2.7,2.625806452
02,003,Baja California,Tecate,2021,OI,0.0,0.051612903
02,004,Baja California,Tijuana,2021,OI,8.5,7.620689655
02,005,Baja California,Playas de Rosarito,2021,OI,9.7,9.348
02,006,Baja California,San Quintín,2021,OI,6.2,6.2
02,007,Baja California,San Felipe,2021,OI,8.4,9.022222222
03,001,Baja California Sur,Comondú,2021,OI,6.5,8.0
03,002,Baja California Sur,Mulegé,2021,OI,1.7,2.5
03,003,Baja California Sur,La Paz,2021,OI,5.7,6.7
03,008,Baja California Sur,Los Cabos,2021,OI,3.7,6.580645161
03,009,Baja California Sur,Loreto,2021,OI,12.3,12.03548387
04,002,Campeche,Campeche,2021,OI,18.1,17.77419355
04,003,Campeche,Carmen,2021,OI,18.5,18.7
04,004,Campeche,Champotón,2021,OI,17.3,17.3
04,005,Campeche,Hecelchakán,2021,OI,17.7,17.7
04,006,Campeche,Hopelchén,2021,OI,16.0,16.0
04,007,Campeche,Palizada,2021,OI,18.6,18.96774194
04,009,Campeche,Escárcega,2021,OI,19.7,19.36451613
04,010,Campeche,Calakmul,2021,OI,18.5,17.41666667
04,011,Campeche,Candelaria,2021,OI,18.5,18.55172414
05,002,Coahuila,Acuña,2021,OI,4.0,4.0
05,003,Coahuila,Allende,2021,OI,4.2,4.2
05,004,Coahuila,Arteaga,2021,OI,7.9,3.173913043
05,005,Coahuila,Candela,2021,OI,18.4,9.52
05,007,Coahuila,Cuatro Ciénegas,2021,OI,3.0,3.0
05,009,Coahuila,Francisco I. Madero,2021,OI,1.9,1.9
05,014,Coahuila,Jiménez,2021,OI,3.0,3.0
05,015,Coahuila,Juárez,2021,OI,5.1,5.1
05,017,Coahuila,Matamoros,2021,OI,3.9,2.625
05,018,Coahuila,Monclova,2021,OI,6.3,6.3
05,020,Coahuila,Múzquiz,2021,OI,1.5,1.5
05,024,Coahuila,Parras,2021,OI,7.3,8.657142857
05,025,Coahuila,Piedras Negras,2021,OI,5.4,5.8
05,026,Coahuila,Progreso,2021,OI,2.9,5.714285714
05,027,Coahuila,Ramos Arizpe,2021,OI,5.4,5.4
05,028,Coahuila,Sabinas,2021,OI,2.9,2.9
05,030,Coahuila,Saltillo,2021,OI,3.7,3.7
05,032,Coahuila,San Juan de Sabinas,2021,OI,3.9,3.9
05,033,Coahuila,San Pedro,2021,OI,2.2,2.2
05,034,Coahuila,Sierra Mojada,2021,OI,4.8,4.8
05,035,Coahuila,Torreón,2021,OI,5.4,5.5
05,036,Coahuila,Viesca,2021,OI,5.0,5.0
05,038,Coahuila,Zaragoza,2021,OI,2.8,2.8
06,001,Colima,Armería,2021,OI,16.9,18.1
06,002,Colima,Colima,2021,OI,15.1,16.212
06,003,Colima,Comala,2021,OI,17.1,19.2
06,004,Colima,Coquimatlán,2021,OI,12.9,14.1
06,005,Colima,Cuauhtémoc,2021,OI,13.8,15.34482759
06,007,Colima,Manzanillo,2021,OI,18.9,18.9
06,009,Colima,Tecomán,2021,OI,15.2,15.8
07,001,Chiapas,Acacoyagua,2021,OI,19.7,20.45333333
07,002,Chiapas,Acala,2021,OI,15.9,16.0
07,003,Chiapas,Acapetahua,2021,OI,17.7,18.9
07,005,Chiapas,Amatán,2021,OI,16.8,16.8
07,008,Chiapas,Ángel Albino Corzo,2021,OI,6.3,8.260714286
07,009,Chiapas,Arriaga,2021,OI,20.1,20.02592593
07,019,Chiapas,Comitán de Domínguez,2021,OI,11.6,11.8
07,020,Chiapas,La Concordia,2021,OI,11.8,13.24193548
07,027,Chiapas,Chiapa de Corzo,2021,OI,14.4,15.08064516
07,029,Chiapas,Chicoasén,2021,OI,15.7,15.9
07,030,Chiapas,Chicomuselo,2021,OI,12.5,14.21034483
07,032,Chiapas,Escuintla,2021,OI,20.2,19.94827586
07,034,Chiapas,Frontera Comalapa,2021,OI,14.7,12.70967742
07,037,Chiapas,Huehuetán,2021,OI,24.4,23.4
07,040,Chiapas,Huixtla,2021,OI,22.4,22.21290323
07,046,Chiapas,Jiquipilas,2021,OI,14.0,18.2
07,049,Chiapas,Larráinzar,2021,OI,16.5,9.163928571
07,051,Chiapas,Mapastepec,2021,OI,20.2,20.46551724
07,052,Chiapas,Las Margaritas,2021,OI,11.4,12.3
07,057,Chiapas,Motozintla,2021,OI,13.6,13.30333333
07,059,Chiapas,Ocosingo,2021,OI,14.3,15.71153846
07,061,Chiapas,Ocozocoautla de Espinosa,2021,OI,13.9,15.7
07,062,Chiapas,Ostuacán,2021,OI,17.7,18.4
07,063,Chiapas,Osumacinta,2021,OI,18.0,18.1
07,064,Chiapas,Oxchuc,2021,OI,5.6,6.64137931
07,065,Chiapas,Palenque,2021,OI,17.7,17.7
07,068,Chiapas,Pichucalco,2021,OI,18.6,18.7
07,069,Chiapas,Pijijiapan,2021,OI,22.1,22.5
07,071,Chiapas,Villa Comaltitlán,2021,OI,14.9,18.14444444
07,072,Chiapas,Pueblo Nuevo Solistahuacán,2021,OI,10.8,
07,077,Chiapas,Salto de Agua,2021,OI,18.5,18.5
07,078,Chiapas,San Cristóbal de las Casas,2021,OI,4.9,6.3
07,080,Chiapas,Siltepec,2021,OI,18.1,17.65483871
07,086,Chiapas,Suchiapa,2021,OI,16.5,16.7
07,087,Chiapas,Suchiate,2021,OI,20.8,21.4
07,089,Chiapas,Tapachula,2021,OI,16.9,17.0
07,091,Chiapas,Tapilula,2021,OI,16.2,16.2
07,092,Chiapas,Tecpatán,2021,OI,15.9,16.64814815
07,094,Chiapas,Teopisca,2021,OI,8.0,8.0
07,097,Chiapas,Tonalá,2021,OI,19.9,21.55172414
07,099,Chiapas,La Trinitaria,2021,OI,11.3,12.39655172
07,101,Chiapas,Tuxtla Gutiérrez,2021,OI,17.0,16.85185185
07,106,Chiapas,Venustiano Carranza,2021,OI,14.4,14.6
07,107,Chiapas,Villa Corzo,2021,OI,13.8,14.58064516
07,108,Chiapas,Villaflores,2021,OI,13.0,14.3
07,112,Chiapas,San Juan Cancuc,2021,OI,14.1,14.1
07,123,Chiapas,Emiliano Zapata,2021,OI,16.3,16.3
07,124,Chiapas,Mezcalapa,2021,OI,13.5,13.7
08,002,Chihuahua,Aldama,2021,OI,-2.0,-2.0
08,006,Chihuahua,Bachíniva,2021,OI,-2.9,-2.9
08,007,Chihuahua,Balleza,2021,OI,-6.0,-5.5625
08,008,Chihuahua,Batopilas de Manuel Gómez Morín,2021,OI,5.8,6.1
08,009,Chihuahua,Bocoyna,2021,OI,-2.3,-0.3
08,010,Chihuahua,Buenaventura,2021,OI,-3.9,-3.9
08,014,Chihuahua,Coronado,2021,OI,-2.8,-2.8
08,017,Chihuahua,Cuauhtémoc,2021,OI,0.8,0.8
08,019,Chihuahua,Chihuahua,2021,OI,-8.4,-8.4
08,020,Chihuahua,Chínipas,2021,OI,4.8,6.3
08,021,Chihuahua,Delicias,2021,OI,2.6,2.6
08,027,Chihuahua,Guachochi,2021,OI,-5.1,-4.1
08,029,Chihuahua,Guadalupe y Calvo,2021,OI,-3.4,-3.0
08,031,Chihuahua,Guerrero,2021,OI,-4.5,-4.5
08,032,Chihuahua,Hidalgo del Parral,2021,OI,0.4,0.4
08,035,Chihuahua,Janos,2021,OI,-3.0,-3.0
08,036,Chihuahua,Jiménez,2021,OI,-1.3,-1.3
08,037,Chihuahua,Juárez,2021,OI,-1.3,-1.3
08,040,Chihuahua,Madera,2021,OI,-8.7,-8.7
08,041,Chihuahua,Maguarichi,2021,OI,5.0,-0.1
08,043,Chihuahua,Matachí,2021,OI,-7.2,-7.2
08,047,Chihuahua,Moris,2021,OI,0.6,0.6
08,050,Chihuahua,Nuevo Casas Grandes,2021,OI,-1.6,-1.6
08,051,Chihuahua,Ocampo,2021,OI,-6.0,-4.7
08,052,Chihuahua,Ojinaga,2021,OI,-1.3,-1.3
08,055,Chihuahua,Rosales,2021,OI,1.1,1.1
08,058,Chihuahua,San Francisco de Conchos,2021,OI,-2.9,-2.9
08,061,Chihuahua,Satevó,2021,OI,0.6,0.6
08,063,Chihuahua,Temósachic,2021,OI,-8.1,-8.1
08,065,Chihuahua,Urique,2021,OI,5.7,7.2
08,067,Chihuahua,Valle de Zaragoza,2021,OI,-0.7,-0.7
09,003,Ciudad de México,Coyoacán,2021,OI,2.5,4.0
09,005,Ciudad de México,Gustavo A. Madero,2021,OI,4.4,5.096774194
09,006,Ciudad de México,Iztacalco,2021,OI,9.7,9.690322581
09,010,Ciudad de México,Álvaro Obregón,2021,OI,9.8,9.516
09,012,Ciudad de México,Tlalpan,2021,OI,-0.4,1.7
09,016,Ciudad de México,Miguel Hidalgo,2021,OI,7.9,7.774193548
10,001,Durango,Canatlán,2021,OI,0.9,0.766666667
10,004,Durango,Cuencamé,2021,OI,5.4,5.4
10,004,Morelos,Cuencamé,2021,OI,5.0,9.5
10,005,Durango,Durango,2021,OI,-9.0,-8.6
10,008,Durango,Guadalupe Victoria,2021,OI,0.7,0.7
10,009,Durango,Guanaceví,2021,OI,-9.4,-8.880952381
10,010,Durango,Hidalgo,2021,OI,-0.5,-0.5
10,011,Durango,Indé,2021,OI,-0.7,-0.7
10,012,Durango,Lerdo,2021,OI,4.3,4.5
10,013,Durango,Mapimí,2021,OI,1.3,1.3
10,015,Durango,Nazas,2021,OI,-1.0,-1.0
10,017,Durango,Ocampo,2021,OI,-2.7,-2.7
10,018,Durango,El Oro,2021,OI,-2.7,-2.7
10,020,Durango,Pánuco de Coronado,2021,OI,0.5,0.057692308
10,021,Durango,Peñón Blanco,2021,OI,-3.6,-3.6
10,022,Durango,Poanas,2021,OI,1.1,1.7
10,023,Durango,Pueblo Nuevo,2021,OI,-5.3,-5.3
10,024,Durango,Rodeo,2021,OI,3.8,4.142857143
10,025,Durango,San Bernardo,2021,OI,-3.1,-3.1
10,026,Durango,San Dimas,2021,OI,-5.4,-4.9
10,027,Durango,San Juan de Guadalupe,2021,OI,0.6,0.6
10,030,Durango,San Pedro del Gallo,2021,OI,1.0,1.0
10,031,Durango,Santa Clara,2021,OI,-2.4,-2.4
10,031,Zacatecas,Santa Clara,2021,OI,1.1,0.7
10,032,Durango,Santiago Papasquiaro,2021,OI,-2.3,-0.9
10,033,Durango,Súchil,2021,OI,-4.2,-3.2
10,034,Durango,Tamazula,2021,OI,10.4,12.2
10,035,Durango,Tepehuanes,2021,OI,-2.8,-2.7
10,036,Durango,Tlahualilo,2021,OI,2.9,2.9
10,037,Durango,Topia,2021,OI,12.2,13.9
10,038,Durango,Vicente Guerrero,2021,OI,-1.1,0.1
10,039,Durango,Nuevo Ideal,2021,OI,-3.9,-3.9
11,001,Guanajuato,Abasolo,2021,OI,7.8,9.516129032
11,002,Guanajuato,Acámbaro,2021,OI,7.1,6.967741935
11,003,Guanajuato,San Miguel de Allende,2021,OI,3.1,4.0
11,004,Guanajuato,Apaseo el Alto,2021,OI,8.9,7.790322581
11,005,Guanajuato,Apaseo el Grande,2021,OI,6.0,5.951612903
11,006,Guanajuato,Atarjea,2021,OI,6.7,6.7
11,007,Guanajuato,Celaya,2021,OI,5.2,5.9
11,008,Guanajuato,Manuel Doblado,2021,OI,4.8,4.9
11,010,Guanajuato,Coroneo,2021,OI,0.8,2.5
11,011,Guanajuato,Cortazar,2021,OI,2.1,4.290322581
11,012,Guanajuato,Cuerámaro,2021,OI,7.6,9.483870968
11,014,Guanajuato,Dolores Hidalgo Cuna de la Independencia Nacional,2021,OI,1.1,1.306451613
11,015,Guanajuato,Guanajuato,2021,OI,4.3,5.8
11,017,Guanajuato,Irapuato,2021,OI,5.4,6.413793103
11,018,Guanajuato,Jaral del Progreso,2021,OI,5.2,5.612903226
11,019,Guanajuato,Jerécuaro,2021,OI,5.8,6.274193548
11,020,Guanajuato,León,2021,OI,6.5,6.8
11,022,Guanajuato,Ocampo,2021,OI,2.2,3.774193548
11,023,Guanajuato,Pénjamo,2021,OI,5.0,6.290322581
11,025,Guanajuato,Purísima del Rincón,2021,OI,4.4,6.5
11,027,Guanajuato,Salamanca,2021,OI,5.2,6.266666667
11,028,Guanajuato,Salvatierra,2021,OI,3.9,4.383333333
11,030,Guanajuato,San Felipe,2021,OI,0.2,1.3
11,033,Guanajuato,San Luis de la Paz,2021,OI,1.1,2.6
11,037,Guanajuato,Silao de la Victoria,2021,OI,5.8,6.225806452
11,042,Guanajuato,Valle de Santiago,2021,OI,6.5,6.827586207
11,045,Guanajuato,Xichú,2021,OI,7.2,7.2
12,001,Guerrero,Acapulco de Juárez,2021,OI,18.6,19.2
12,003,Guerrero,Ajuchitlán del Progreso,2021,OI,18.0,14.71428571
12,005,Guerrero,Alpoyeca,2021,OI,13.8,14.16129032
12,011,Guerrero,Atoyac de Álvarez,2021,OI,21.0,19.625
12,012,Guerrero,Ayutla de los Libres,2021,OI,16.8,17.64285714
12,014,Guerrero,Benito Juárez,2021,OI,21.3,21.29310345
12,015,Guerrero,Buenavista de Cuéllar,2021,OI,12.3,12.61290323
12,018,Guerrero,Copala,2021,OI,21.0,
12,021,Guerrero,Coyuca de Benítez,2021,OI,19.4,20.65517241
12,023,Guerrero,Cuajinicuilapa,2021,OI,22.2,22.5
12,028,Guerrero,Chilapa de Álvarez,2021,OI,11.0,11.06818182
12,029,Guerrero,Chilpancingo de los Bravo,2021,OI,11.7,12.36666667
12,032,Guerrero,General Heliodoro Castillo,2021,OI,8.5,8.870967742
12,035,Guerrero,Iguala de la Independencia,2021,OI,16.0,13.35
12,036,Guerrero,Igualapa,2021,OI,17.6,17.34
12,038,Guerrero,Zihuatanejo de Azueta,2021,OI,23.4,22.8
12,039,Estado de México,Juan R. Escudero,2021,OI,18.6,
12,039,Guerrero,Juan R. Escudero,2021,OI,18.3,17.9
12,040,Guerrero,Leonardo Bravo,2021,OI,10.5,10.32258065
12,044,Guerrero,Mochitlán,2021,OI,15.4,12.85714286
12,045,Guerrero,Olinalá,2021,OI,12.4,10.96428571
12,046,Guerrero,Ometepec,2021,OI,14.8,15.0
12,050,Guerrero,Pungarabato,2021,OI,17.8,16.67857143
12,053,Guerrero,San Marcos,2021,OI,12.2,12.25
12,055,Guerrero,Taxco de Alarcón,2021,OI,14.3,13.54545455
12,057,Guerrero,Técpan de Galeana,2021,OI,20.8,21.0
12,059,Guerrero,Tepecoacuilco de Trujano,2021,OI,25.9,
12,061,Guerrero,Tixtla de Guerrero,2021,OI,12.3,11.48387097
12,066,Guerrero,Tlapa de Comonfort,2021,OI,12.7,13.38709677
12,068,Guerrero,La Unión de Isidoro Montes de Oca,2021,OI,19.2,20.6
12,068,Michoacán,La Unión de Isidoro Montes de Oca,2021,OI,19.9,20.8
12,070,Guerrero,Xochihuehuetlán,2021,OI,11.8,12.03448276
12,073,Guerrero,Zirándaro,2021,OI,14.5,13.32
12,082,Guerrero,Las Vigas,2021,OI,18.6,18.7
13,002,Hidalgo,Acaxochitlán,2021,OI,6.8,7.0
13,003,Hidalgo,Actopan,2021,OI,2.9,4.0
13,006,Hidalgo,Alfajayucan,2021,OI,5.7,6.387096774
13,008,Hidalgo,Apan,2021,OI,1.0,2.5
13,011,Hidalgo,Atlapexco,2021,OI,13.2,13.2
13,013,Hidalgo,Atotonilco de Tula,2021,OI,4.4,4.6
13,016,Hidalgo,Cuautepec de Hinojosa,2021,OI,3.3,3.466666667
13,019,Hidalgo,Chilcuautla,2021,OI,5.8,5.806451613
13,027,Hidalgo,Huehuetla,2021,OI,12.6,12.6
13,028,Hidalgo,Huejutla de Reyes,2021,OI,15.8,15.02
13,028,Veracruz,Huejutla de Reyes,2021,OI,12.3,12.3
13,030,Hidalgo,Ixmiquilpan,2021,OI,7.0,7.0
13,037,Hidalgo,Metztitlán,2021,OI,9.2,9.2
13,038,Hidalgo,Mineral del Chico,2021,OI,4.8,4.255172414
13,046,Hidalgo,San Felipe Orizatlán,2021,OI,14.7,16.38888889
13,048,Hidalgo,Pachuca de Soto,2021,OI,4.4,5.6
13,058,Hidalgo,Tasquillo,2021,OI,13.1,
13,064,Hidalgo,Tepetitlán,2021,OI,5.4,6.366666667
13,077,Hidalgo,Tulancingo de Bravo,2021,OI,6.8,6.846153846
13,081,Hidalgo,Zacualtipán de Ángeles,2021,OI,5.0,5.0
13,084,Hidalgo,Zimapán,2021,OI,7.8,6.7
14,002,Jalisco,Acatlán de Juárez,2021,OI,4.6,5.2
14,006,Jalisco,Ameca,2021,OI,5.7,7.4
14,013,Jalisco,Atotonilco el Alto,2021,OI,7.4,8.6
14,015,Jalisco,Autlán de Navarro,2021,OI,11.1,11.7
14,018,Jalisco,La Barca,2021,OI,13.4,
14,019,Jalisco,Bolaños,2021,OI,9.1,10.76666667
14,022,Jalisco,Cihuatlán,2021,OI,18.1,18.6
14,023,Jalisco,Zapotlán el Grande,2021,OI,7.8,9.3
14,025,Jalisco,Colotlán,2021,OI,3.5,4.495652174
14,030,Jalisco,Chapala,2021,OI,13.2,12.91935484
14,033,Jalisco,Degollado,2021,OI,7.2,8.431034483
14,039,Jalisco,Guadalajara,2021,OI,8.0,8.9
14,041,Jalisco,Huejúcar,2021,OI,0.8,2.224137931
14,043,Jalisco,La Huerta,2021,OI,21.6,16.4
14,046,Jalisco,Jalostotitlán,2021,OI,-0.8,1.9
14,047,Jalisco,Jamay,2021,OI,5.5,6.0
14,049,Jalisco,Jilotlán de los Dolores,2021,OI,16.8,16.43333333
14,050,Jalisco,Jocotepec,2021,OI,10.8,11.33
14,051,Jalisco,Juanacatlán,2021,OI,5.9,6.543478261
14,053,Jalisco,Lagos de Moreno,2021,OI,2.0,3.326923077
14,054,Jalisco,El Limón,2021,OI,10.1,11.0
14,058,Jalisco,Mascota,2021,OI,7.2,5.59375
14,061,Jalisco,Mezquitic,2021,OI,1.6,3.637931034
14,063,Jalisco,Ocotlán,2021,OI,10.6,
14,065,Jalisco,Pihuamo,2021,OI,15.7,16.4
14,066,Jalisco,Poncitlán,2021,OI,8.4,
14,067,Jalisco,Puerto Vallarta,2021,OI,14.8,16.6
14,068,Jalisco,Villa Purificación,2021,OI,12.4,13.9
14,070,Jalisco,El Salto,2021,OI,10.0,11.17307692
14,071,Jalisco,San Cristóbal de la Barranca,2021,OI,9.0,10.38235294
14,081,Jalisco,Santa María de los Ángeles,2021,OI,2.4,4.5
14,083,Jalisco,Tala,2021,OI,9.2,10.1
14,091,Jalisco,Teocaltiche,2021,OI,0.8,2.3
14,095,Jalisco,Teuchitlán,2021,OI,6.1,7.5
14,096,Jalisco,Tizapán el Alto,2021,OI,11.5,11.45357143
14,097,Jalisco,Tlajomulco de Zúñiga,2021,OI,6.1,6.7
14,098,Jalisco,San Pedro Tlaquepaque,2021,OI,9.9,8.981481481
14,099,Jalisco,Tolimán,2021,OI,7.6,7.032258065
14,100,Jalisco,Tomatlán,2021,OI,17.9,18.5
14,108,Jalisco,Tuxpan,2021,OI,3.5,3.46
14,111,Jalisco,Valle de Guadalupe,2021,OI,8.6,9.2
14,118,Jalisco,Yahualica de González Gallo,2021,OI,3.5,4.2
14,120,Jalisco,Zapopan,2021,OI,7.0,7.4
15,002,Estado de México,Acolman,2021,OI,1.8,2.633333333
15,003,Estado de México,Aculco,2021,OI,-0.6,1.266666667
15,003,Querétaro,Aculco,2021,OI,5.8,5.117647059
15,005,Estado de México,Almoloya de Juárez,2021,OI,-2.8,-1.629032258
15,007,Estado de México,Amanalco,2021,OI,-2.9,-2.993548387
15,009,Estado de México,Amecameca,2021,OI,0.0,-0.053333333
15,011,Estado de México,Atenco,2021,OI,4.7,4.677419355
15,013,Estado de México,Atizapán de Zaragoza,2021,OI,5.8,5.086206897
15,014,Estado de México,Atlacomulco,2021,OI,0.5,0.433333333
15,032,Estado de México,Donato Guerra,2021,OI,5.5,5.266666667
15,033,Estado de México,Ecatepec de Morelos,2021,OI,4.8,4.8
15,038,Estado de México,Isidro Fabela,2021,OI,1.4,1.348148148
15,039,Estado de México,Ixtapaluca,2021,OI,2.4,2.4
15,042,Estado de México,Ixtlahuaca,2021,OI,-1.1,0.451612903
15,045,Estado de México,Jilotepec,2021,OI,-0.6,0.870967742
15,052,Estado de México,Malinalco,2021,OI,13.3,13.6
15,055,Estado de México,Mexicaltzingo,2021,OI,7.0,9.5
15,057,Estado de México,Naucalpan de Juárez,2021,OI,-0.5,0.033333333
15,063,Estado de México,Ocuilan,2021,OI,3.2,5.15
15,074,Estado de México,San Felipe del Progreso,2021,OI,0.5,1.790322581
15,078,Estado de México,Santo Tomás,2021,OI,21.1,
15,083,Estado de México,Temamatla,2021,OI,5.0,3.822580645
15,085,Estado de México,Temascalcingo,2021,OI,8.3,
15,087,Estado de México,Temoaya,2021,OI,-2.6,-2.548387097
15,090,Estado de México,Tenango del Valle,2021,OI,0.5,0.5
15,091,Estado de México,Teoloyucan,2021,OI,2.0,2.741935484
15,095,Estado de México,Tepotzotlán,2021,OI,2.8,3.387096774
15,096,Estado de México,Tequixquiac,2021,OI,0.4,1.870967742
15,097,Estado de México,Texcaltitlán,2021,OI,2.5,3.3125
15,099,Estado de México,Texcoco,2021,OI,4.8,1.229166667
15,100,Estado de México,Tezoyuca,2021,OI,7.2,6.516129032
15,101,Estado de México,Tianguistenco,2021,OI,-0.8,0.516129032
15,106,Estado de México,Toluca,2021,OI,-0.3,-0.1
15,109,Estado de México,Tultitlán,2021,OI,5.8,5.6
15,111,Estado de México,Villa de Allende,2021,OI,-2.6,-0.016129032
15,112,Estado de México,Villa del Carbón,2021,OI,0.8,1.8
15,113,Estado de México,Villa Guerrero,2021,OI,5.0,7.269230769
15,114,Estado de México,Villa Victoria,2021,OI,12.4,11.61612903
15,118,Estado de México,Zinacantepec,2021,OI,0.4,0.88
16,003,Michoacán,Álvaro Obregón,2021,OI,12.0,
16,004,Michoacán,Angamacutiro,2021,OI,6.7,5.551724138
16,006,Michoacán,Apatzingán,2021,OI,15.3,15.17241379
16,010,Michoacán,Arteaga,2021,OI,18.8,19.5
16,017,Michoacán,Contepec,2021,OI,4.3,6.2
16,019,Michoacán,Cotija,2021,OI,6.9,8.2
16,034,Michoacán,Hidalgo,2021,OI,2.4,3.023809524
16,035,Michoacán,La Huacana,2021,OI,14.8,15.75
16,038,Michoacán,Huetamo,2021,OI,14.2,14.4
16,039,Michoacán,Huiramba,2021,OI,3.2,3.2
16,042,Michoacán,Ixtlán,2021,OI,7.0,8.6
16,043,Michoacán,Jacona,2021,OI,7.4,7.518518519
16,044,Michoacán,Jiménez,2021,OI,5.3,5.8
16,049,Michoacán,Madero,2021,OI,6.0,4.983870968
16,050,Michoacán,Maravatío,2021,OI,3.1,3.903225806
16,052,Michoacán,Lázaro Cárdenas,2021,OI,19.8,19.8
16,053,Michoacán,Morelia,2021,OI,5.4,5.451612903
16,061,Michoacán,Ocampo,2021,OI,1.1,1.88
16,067,Michoacán,Penjamillo,2021,OI,5.9,6.785714286
16,069,Michoacán,La Piedad,2021,OI,4.6,5.103448276
16,072,Michoacán,Queréndaro,2021,OI,4.3,2.666666667
16,076,Michoacán,Sahuayo,2021,OI,6.2,7.1
16,080,Michoacán,Senguio,2021,OI,2.1,2.126666667
16,085,Michoacán,Tangancícuaro,2021,OI,3.2,3.403225806
16,089,Michoacán,Tepalcatepec,2021,OI,15.1,15.7
16,102,Michoacán,Uruapan,2021,OI,5.4,6.963333333
16,103,Michoacán,Venustiano Carranza,2021,OI,9.6,10.0
16,104,Michoacán,Villamar,2021,OI,5.0,6.2
16,105,Michoacán,Vista Hermosa,2021,OI,3.2,4.4
16,106,Michoacán,Yurécuaro,2021,OI,8.1,9.161290323
16,108,Michoacán,Zamora,2021,OI,6.4,6.24137931
16,110,Michoacán,Zinapécuaro,2021,OI,10.7,4.931818182
16,113,Michoacán,José Sixto Verduzco,2021,OI,5.2,5.466666667
17,001,Morelos,Amacuzac,2021,OI,10.1,10.2
17,002,Morelos,Atlatlahucan,2021,OI,13.8,8.903225806
17,004,Morelos,Ayala,2021,OI,12.3,12.03333333
17,005,Morelos,Coatlán del Río,2021,OI,13.1,12.07894737
17,006,Morelos,Cuautla,2021,OI,10.6,8.857142857
17,007,Morelos,Cuernavaca,2021,OI,10.8,11.4
17,008,Morelos,Emiliano Zapata,2021,OI,12.2,11.51176471
17,009,Morelos,Huitzilac,2021,OI,-0.6,-0.174193548
17,011,Morelos,Jiutepec,2021,OI,11.7,11.9
17,012,Morelos,Jojutla,2021,OI,12.1,11.82258065
17,013,Morelos,Jonacatepec de Leandro Valle,2021,OI,9.3,8.4
17,015,Morelos,Miacatlán,2021,OI,12.9,12.4047619
17,016,Morelos,Ocuituco,2021,OI,5.9,7.5
17,017,Morelos,Puente de Ixtla,2021,OI,10.7,9.96
17,019,Morelos,Tepalcingo,2021,OI,12.7,12.38709677
17,020,Morelos,Tepoztlán,2021,OI,14.4,15.3
17,021,Morelos,Tetecala,2021,OI,12.4,13.0
17,023,Morelos,Tlalnepantla,2021,OI,3.6,3.555555556
17,024,Morelos,Tlaltizapán de Zapata,2021,OI,11.7,12.24
17,025,Morelos,Tlaquiltenango,2021,OI,10.6,9.333333333
17,026,Morelos,Tlayacapan,2021,OI,8.7,10.4
17,027,Morelos,Totolapan,2021,OI,10.3,9.666666667
17,028,Morelos,Xochitepec,2021,OI,11.0,12.31034483
17,029,Morelos,Yautepec,2021,OI,11.2,11.01612903
17,030,Morelos,Yecapixtla,2021,OI,10.7,10.76
17,031,Morelos,Zacatepec,2021,OI,11.4,11.74193548
17,032,Morelos,Zacualpan de Amilpas,2021,OI,9.8,9.611111111
17,033,Morelos,Temoac,2021,OI,9.3,10.125
17,035,Morelos,Xoxocotla,2021,OI,10.4,10.40625
18,001,Nayarit,Acaponeta,2021,OI,12.6,14.5
18,006,Nayarit,Ixtlán del Río,2021,OI,8.2,9.6
18,009,Nayarit,Del Nayar,2021,OI,10.6,10.8
18,010,Nayarit,Rosamorada,2021,OI,13.7,14.6
18,011,Nayarit,Ruíz,2021,OI,14.6,15.6
18,012,Nayarit,San Blas,2021,OI,15.4,16.9
18,015,Nayarit,Santiago Ixcuintla,2021,OI,12.2,13.8
18,017,Nayarit,Tepic,2021,OI,12.0,12.688
18,020,Nayarit,Bahía de Banderas,2021,OI,16.1,15.9
19,003,Nuevo León,Los Aldamas,2021,OI,8.7,9.229166667
19,005,Nuevo León,Anáhuac,2021,OI,6.7,8.557692308
19,007,Nuevo León,Aramberri,2021,OI,1.9,1.9
19,011,Nuevo León,Cerralvo,2021,OI,6.2,6.8
19,012,Nuevo León,Ciénega de Flores,2021,OI,,12.18518519
19,013,Nuevo León,China,2021,OI,9.0,9.9
19,014,Nuevo León,Doctor Arroyo,2021,OI,5.2,5.2
19,017,Nuevo León,Galeana,2021,OI,-2.7,-2.2
19,021,Nuevo León,General Escobedo,2021,OI,7.3,7.3
19,024,Nuevo León,General Zaragoza,2021,OI,5.1,5.1
19,025,Nuevo León,General Zuazua,2021,OI,,18.99333333
19,026,Nuevo León,Guadalupe,2021,OI,8.5,8.5
19,033,Nuevo León,Linares,2021,OI,5.6,5.6
19,036,Nuevo León,Mier y Noriega,2021,OI,6.6,6.6
19,038,Nuevo León,Montemorelos,2021,OI,4.5,4.5
19,039,Nuevo León,Monterrey,2021,OI,3.4,3.4
19,042,Nuevo León,Los Ramones,2021,OI,7.5,8.192307692
19,046,Nuevo León,San Nicolás de los Garza,2021,OI,11.1,10.37916667
19,048,Nuevo León,Santa Catarina,2021,OI,7.7,9.1
19,049,Nuevo León,Santiago,2021,OI,6.3,6.3
20,006,Oaxaca,Asunción Nochixtlán,2021,OI,9.3,9.9
20,011,Oaxaca,Calihualá,2021,OI,9.9,10.54545455
20,014,Oaxaca,Ciudad Ixtepec,2021,OI,23.2,22.28571429
20,039,Oaxaca,Heroica Ciudad de Huajuapan de León,2021,OI,7.2,7.7875
20,043,Oaxaca,Heroica Ciudad de Juchitán de Zaragoza,2021,OI,21.2,21.2
20,052,Oaxaca,Magdalena Tequisistlán,2021,OI,16.7,17.45
20,057,Oaxaca,Matías Romero Avendaño,2021,OI,17.7,17.7
20,059,Oaxaca,Miahuatlán de Porfirio Díaz,2021,OI,7.7,8.6
20,067,Oaxaca,Oaxaca de Juárez,2021,OI,10.2,9.909090909
20,073,Oaxaca,Putla Villa de Guerrero,2021,OI,9.9,8.708333333
20,079,Oaxaca,Salina Cruz,2021,OI,21.6,22.5
20,083,Oaxaca,San Agustín de las Juntas,2021,OI,9.2,9.2
20,105,Oaxaca,San Antonino Monte Verde,2021,OI,10.1,11.0
20,136,Oaxaca,San Felipe Usila,2021,OI,14.3,14.3
20,173,Oaxaca,San Juan Atepec,2021,OI,7.8,8.3
20,184,Oaxaca,San Juan Bautista Tuxtepec,2021,OI,15.7,15.7
20,221,Oaxaca,San Juan Teposcolula,2021,OI,1.9,3.5
20,228,Oaxaca,San Lorenzo Cuaunecuiltitla,2021,OI,9.4,9.086956522
20,237,Oaxaca,San Marcos Arteaga,2021,OI,12.8,11.5
20,240,Oaxaca,San Martín Itunyoso,2021,OI,8.4,8.4
20,250,Oaxaca,San Mateo Etlatongo,2021,OI,3.4,5.4
20,262,Oaxaca,San Miguel Amatlán,2021,OI,2.3,3.387096774
20,278,Oaxaca,San Miguel Soyaltepec,2021,OI,17.8,17.8
20,307,Oaxaca,San Pedro Huamelula,2021,OI,18.3,20.12068966
20,324,Oaxaca,San Pedro Pochutla,2021,OI,21.1,21.4
20,327,Oaxaca,San Pedro Tapanatepec,2021,OI,18.2,20.15
20,334,Oaxaca,Villa de Tututepec,2021,OI,20.4,21.55862069
20,337,Oaxaca,San Pedro y San Pablo Ayutla,2021,OI,0.5,0.5
20,357,Oaxaca,Santa Ana Tavela,2021,OI,11.5,11.5
20,363,Oaxaca,Santa Catarina Ixtepeji,2021,OI,7.3,8.1
20,385,Oaxaca,Santa Cruz Xoxocotlán,2021,OI,9.6,9.7
20,397,Oaxaca,Heroica Ciudad de Tlaxiaco,2021,OI,4.3,9.0
20,405,Oaxaca,Villa de Chilapa de Díaz,2021,OI,8.5,9.4
20,417,Oaxaca,Santa María Jacatepec,2021,OI,16.1,16.1
20,418,Oaxaca,Santa María Jalapa del Marqués,2021,OI,16.3,16.6
20,439,Oaxaca,Santa María Tonameca,2021,OI,16.4,18.14814815
20,459,Oaxaca,Villa de Santiago Chazumba,2021,OI,6.7,7.2
20,468,Oaxaca,Santiago Jocotepec,2021,OI,18.0,18.0
20,478,Oaxaca,Santiago Nacaltepec,2021,OI,7.6,12.5
20,482,Oaxaca,Santiago Pinotepa Nacional,2021,OI,20.6,19.59032258
20,498,Oaxaca,Santiago Yaveo,2021,OI,15.8,15.8
20,502,Oaxaca,Santiago Zacatepec,2021,OI,12.9,12.9
20,525,Oaxaca,Santo Domingo Zanatepec,2021,OI,14.8,17.27586207
20,537,Oaxaca,Silacayoápam,2021,OI,11.3,11.21428571
20,547,Oaxaca,Teotongo,2021,OI,2.9,5.0
20,549,Oaxaca,"Heroica Villa Tezoatlán de Segura y Luna, Cuna de la Independencia de Oaxaca",2021,OI,6.2,7.442307692
20,559,Oaxaca,San Juan Bautista Valle Nacional,2021,OI,16.8,16.8
20,567,Oaxaca,Zapotitlán Lagunas,2021,OI,11.9,11.90384615
20,568,Oaxaca,Zapotitlán Palmas,2021,OI,11.4,10.84615385
21,001,Puebla,Acajete,2021,OI,4.0,4.967741935
21,002,Puebla,Acateno,2021,OI,11.4,11.4
21,003,Puebla,Acatlán,2021,OI,10.6,11.90322581
21,008,Puebla,Ahuazotepec,2021,OI,1.7,2.214285714
21,015,Puebla,Amozoc,2021,OI,6.1,6.032258065
21,019,Puebla,Atlixco,2021,OI,9.6,10.09677419
21,023,Puebla,Atzitzintla,2021,OI,3.6,3.3
21,025,Puebla,Ayotoxco de Guerrero,2021,OI,15.8,15.27272727
21,026,Puebla,Calpan,2021,OI,5.1,5.133333333
21,031,Puebla,Coatzingo,2021,OI,10.0,10.64516129
21,043,Puebla,Cuetzalan del Progreso,2021,OI,10.1,10.1
21,045,Puebla,Chalchicomula de Sesma,2021,OI,3.6,3.774193548
21,051,Puebla,Chietla,2021,OI,13.4,13.22580645
21,053,Puebla,Chignahuapan,2021,OI,2.5,1.666666667
21,059,Puebla,Chinantla,2021,OI,9.8,11.12903226
21,064,Puebla,Francisco Z. Mena,2021,OI,12.8,11.7
21,069,Puebla,Huaquechula,2021,OI,11.6,11.03225806
21,071,Puebla,Huauchinango,2021,OI,7.5,7.5
21,083,Puebla,Ixtacamaxtitlán,2021,OI,1.6,3.8
21,085,Puebla,Izúcar de Matamoros,2021,OI,15.9,14.0
21,086,Puebla,Jalpan,2021,OI,13.7,13.7
21,094,Puebla,Libres,2021,OI,5.9,5.516129032
21,098,Puebla,Molcaxac,2021,OI,3.4,3.4
21,106,Puebla,Ocoyucan,2021,OI,5.4,6.0
21,108,Puebla,Oriental,2021,OI,8.4,8.4
21,109,Puebla,Pahuatlán,2021,OI,11.0,11.0
21,114,Puebla,Puebla,2021,OI,3.9,4.14516129
21,114,Tlaxcala,Puebla,2021,OI,2.8,2.793548387
21,132,Puebla,San Martín Texmelucan,2021,OI,2.4,4.9
21,140,Puebla,San Pedro Cholula,2021,OI,5.6,6.467741935
21,145,Puebla,San Sebastián Tlacotepec,2021,OI,14.8,14.8
21,153,Puebla,Tecali de Herrera,2021,OI,3.7,4.387096774
21,154,Puebla,Tecamachalco,2021,OI,4.9,5.9
21,156,Puebla,Tehuacán,2021,OI,7.4,7.4
21,160,Puebla,Teotlalco,2021,OI,8.3,10.48387097
21,162,Puebla,Tepango de Rodríguez,2021,OI,4.7,5.4
21,170,Puebla,Tepeyahualco,2021,OI,2.2,2.4
21,172,Puebla,Tetela de Ocampo,2021,OI,5.3,6.2
21,174,Puebla,Teziutlán,2021,OI,4.3,5.0
21,180,Puebla,Tlahuapan,2021,OI,4.6,4.258064516
21,184,Puebla,Tlapacoya,2021,OI,5.8,5.206896552
21,185,Puebla,Tlapanalá,2021,OI,11.1,11.58064516
21,186,Puebla,Tlatlauquitepec,2021,OI,0.8,0.8
21,187,Puebla,Tlaxco,2021,OI,20.8,8.619047619
21,188,Morelos,Tochimilco,2021,OI,9.2,8.020833333
21,193,Puebla,Tzicatlacoyan,2021,OI,3.4,3.790322581
21,194,Puebla,Venustiano Carranza,2021,OI,6.7,6.7
21,195,Puebla,Vicente Guerrero,2021,OI,4.1,4.1
21,197,Puebla,Xicotepec,2021,OI,9.3,9.3
21,198,Puebla,Xicotlán,2021,OI,11.1,11.1
21,207,Puebla,Zacapoaxtla,2021,OI,6.1,6.1
21,209,Puebla,Zapotitlán,2021,OI,9.2,9.3
21,217,Puebla,Zoquitlán,2021,OI,8.7,9.0
22,006,Querétaro,Corregidora,2021,OI,6.1,6.0
22,008,Querétaro,Huimilpan,2021,OI,5.8,5.648387097
22,009,Querétaro,Jalpan de Serra,2021,OI,5.9,5.9
22,013,Querétaro,Peñamiller,2021,OI,9.6,8.6875
22,014,Querétaro,Querétaro,2021,OI,6.2,5.611111111
22,016,Querétaro,San Juan del Río,2021,OI,7.8,6.722222222
22,017,Querétaro,Tequisquiapan,2021,OI,,
23,001,Quintana Roo,Cozumel,2021,OI,18.9,18.9
23,002,Quintana Roo,Felipe Carrillo Puerto,2021,OI,17.3,17.3
23,004,Quintana Roo,Othón P. Blanco,2021,OI,18.3,18.3
23,005,Quintana Roo,Benito Juárez,2021,OI,20.2,20.2
23,006,Quintana Roo,José María Morelos,2021,OI,18.5,18.5
23,007,Quintana Roo,Lázaro Cárdenas,2021,OI,18.5,18.5
23,008,Quintana Roo,Solidaridad,2021,OI,18.9,18.9
24,003,San Luis Potosí,Aquismón,2021,OI,9.7,9.7
24,008,San Luis Potosí,Cerritos,2021,OI,8.2,
24,010,Tamaulipas,Ciudad del Maíz,2021,OI,13.6,14.0
24,011,San Luis Potosí,Ciudad Fernández,2021,OI,10.3,10.3
24,013,San Luis Potosí,Ciudad Valles,2021,OI,12.0,12.0
24,016,San Luis Potosí,Ebano,2021,OI,13.8,13.8
24,020,San Luis Potosí,Matehuala,2021,OI,4.9,4.9
24,024,San Luis Potosí,Rioverde,2021,OI,9.5,9.5
24,025,San Luis Potosí,Salinas,2021,OI,9.6,
24,027,San Luis Potosí,San Ciro de Acosta,2021,OI,9.7,11.11538462
24,028,San Luis Potosí,San Luis Potosí,2021,OI,5.6,6.3
24,034,San Luis Potosí,San Vicente Tancuayalab,2021,OI,14.0,14.0
24,034,Veracruz,San Vicente Tancuayalab,2021,OI,12.6,12.6
24,037,San Luis Potosí,Tamazunchale,2021,OI,10.1,10.1
24,040,San Luis Potosí,Tamuín,2021,OI,14.5,14.5
24,041,San Luis Potosí,Tanlajás,2021,OI,11.5,11.5
24,049,San Luis Potosí,Villa de Ramos,2021,OI,5.9,8.6
24,050,San Luis Potosí,Villa de Reyes,2021,OI,5.6,6.138709677
24,053,San Luis Potosí,Axtla de Terrazas,2021,OI,12.3,12.3
24,057,San Luis Potosí,Matlapa,2021,OI,14.2,14.45789474
24,058,San Luis Potosí,El Naranjo,2021,OI,8.7,8.7
25,001,Sinaloa,Ahome,2021,OI,7.6,9.769230769
25,003,Sinaloa,Badiraguato,2021,OI,6.2,7.4
25,005,Sinaloa,Cosalá,2021,OI,11.1,11.76923077
25,006,Sinaloa,Culiacán,2021,OI,6.0,7.4
25,007,Sinaloa,Choix,2021,OI,5.7,7.044444444
25,008,Sinaloa,Elota,2021,OI,11.1,11.75862069
25,010,Sinaloa,El Fuerte,2021,OI,6.8,8.3
25,011,Sinaloa,Guasave,2021,OI,9.4,10.2
25,012,Sinaloa,Mazatlán,2021,OI,10.2,11.5
25,013,Sinaloa,Mocorito,2021,OI,8.4,9.3
25,014,Sinaloa,Rosario,2021,OI,9.8,11.8
25,015,Sinaloa,Salvador Alvarado,2021,OI,10.3,11.9
25,016,Sinaloa,San Ignacio,2021,OI,8.1,9.592592593
25,017,Sinaloa,Sinaloa,2021,OI,7.2,8.0
25,019,Sinaloa,Eldorado,2021,OI,12.6,12.11538462
26,001,Sonora,Aconchi,2021,OI,2.6,3.0
26,002,Sonora,Agua Prieta,2021,OI,-3.3,-3.3
26,003,Sonora,Álamos,2021,OI,4.3,5.34516129
26,004,Sonora,Altar,2021,OI,0.7,0.7
26,006,Sonora,Arizpe,2021,OI,-2.4,-2.4
26,009,Sonora,Bacanora,2021,OI,11.4,12.7
26,010,Sonora,Bacerac,2021,OI,-1.4,-1.4
26,012,Sonora,Bácum,2021,OI,5.0,5.7
26,013,Sonora,Banámichi,2021,OI,-0.9,-0.8
26,014,Sonora,Baviácora,2021,OI,0.8,0.8
26,015,Sonora,Bavispe,2021,OI,-1.4,-1.1
26,016,Sonora,Benjamín Hill,2021,OI,0.8,1.6
26,017,Sonora,Caborca,2021,OI,2.9,2.9
26,018,Sonora,Cajeme,2021,OI,4.1,4.1
26,019,Sonora,Cananea,2021,OI,2.2,2.2
26,020,Sonora,Carbó,2021,OI,4.9,4.890322581
26,022,Sonora,Cucurpe,2021,OI,0.1,0.1
26,023,Sonora,Cumpas,2021,OI,2.4,2.9
26,025,Sonora,Empalme,2021,OI,7.1,7.2
26,026,Sonora,Etchojoa,2021,OI,4.8,5.7
26,029,Sonora,Guaymas,2021,OI,3.0,3.0
26,030,Sonora,Hermosillo,2021,OI,4.0,4.3
26,031,Sonora,Huachinera,2021,OI,-1.3,-0.1
26,032,Sonora,Huásabas,2021,OI,1.1,1.823333333
26,033,Sonora,Huatabampo,2021,OI,5.8,6.2
26,035,Sonora,Imuris,2021,OI,1.0,1.0
26,036,Sonora,Magdalena,2021,OI,-0.5,-0.5
26,037,Sonora,Mazatán,2021,OI,2.3,2.5
26,040,Sonora,Nácori Chico,2021,OI,-0.8,-0.3
26,041,Sonora,Nacozari de García,2021,OI,6.4,3.176470588
26,042,Sonora,Navojoa,2021,OI,5.3,5.3
26,043,Sonora,Nogales,2021,OI,3.5,3.5
26,045,Sonora,Opodepe,2021,OI,2.0,2.1
26,046,Sonora,Oquitoa,2021,OI,4.4,4.5
26,047,Sonora,Pitiquito,2021,OI,7.3,7.270967742
26,048,Sonora,Puerto Peñasco,2021,OI,7.8,7.506666667
26,049,Sonora,Quiriego,2021,OI,2.4,2.5
26,051,Sonora,Rosario,2021,OI,1.7,1.7
26,052,Sonora,Sahuaripa,2021,OI,1.3,1.7
26,055,Sonora,San Luis Río Colorado,2021,OI,2.2,2.2
26,056,Sonora,San Miguel de Horcasitas,2021,OI,1.7,1.7
26,058,Sonora,Santa Ana,2021,OI,10.1,2.661538462
26,059,Sonora,Santa Cruz,2021,OI,-2.2,-2.1
26,061,Sonora,Soyopa,2021,OI,5.9,7.456666667
26,062,Sonora,Suaqui Grande,2021,OI,3.7,4.2
26,063,Sonora,Tepache,2021,OI,0.4,0.4
26,064,Sonora,Trincheras,2021,OI,2.2,2.2
26,065,Sonora,Tubutama,2021,OI,2.4,2.4
26,066,Sonora,Ures,2021,OI,2.6,3.2
26,067,Sonora,Villa Hidalgo,2021,OI,7.0,7.7
26,068,Sonora,Villa Pesqueira,2021,OI,4.2,5.0
26,069,Sonora,Yécora,2021,OI,-5.6,-5.6
26,070,Sonora,General Plutarco Elías Calles,2021,OI,1.0,1.0
26,071,Sonora,Benito Juárez,2021,OI,5.3,6.5
26,072,Sonora,San Ignacio Río Muerto,2021,OI,6.1,6.6
27,001,Tabasco,Balancán,2021,OI,18.4,18.6
27,002,Chiapas,Cárdenas,2021,OI,24.6,
27,002,Tabasco,Cárdenas,2021,OI,18.8,18.8
27,003,Tabasco,Centla,2021,OI,19.9,20.76071429
27,004,Tabasco,Centro,2021,OI,18.9,18.9
27,006,Tabasco,Cunduacán,2021,OI,19.2,19.2
27,012,Tabasco,Macuspana,2021,OI,20.0,20.0
27,014,Tabasco,Paraíso,2021,OI,20.0,20.2
27,015,Tabasco,Tacotalpa,2021,OI,18.3,18.3
27,016,Tabasco,Teapa,2021,OI,18.3,18.3
27,017,Tabasco,Tenosique,2021,OI,19.0,19.0
28,001,Tamaulipas,Abasolo,2021,OI,10.1,10.1
28,002,Tamaulipas,Aldama,2021,OI,10.4,10.4
28,003,Tamaulipas,Altamira,2021,OI,14.0,15.4
28,005,Tamaulipas,Burgos,2021,OI,8.0,8.0
28,007,Tamaulipas,Camargo,2021,OI,9.0,9.0
28,008,Tamaulipas,Casas,2021,OI,10.2,10.2
28,009,Tamaulipas,Ciudad Madero,2021,OI,15.8,13.45454545
28,011,Tamaulipas,Gómez Farías,2021,OI,10.7,10.7
28,012,Tamaulipas,González,2021,OI,10.2,10.2
28,013,Tamaulipas,Güémez,2021,OI,8.1,8.1
28,015,Tamaulipas,Gustavo Díaz Ordaz,2021,OI,9.7,9.7
28,016,Tamaulipas,Hidalgo,2021,OI,5.4,5.4
28,019,Tamaulipas,Llera,2021,OI,10.2,10.2
28,020,Tamaulipas,Mainero,2021,OI,6.5,6.5
28,021,Tamaulipas,El Mante,2021,OI,12.2,12.2
28,022,Tamaulipas,Matamoros,2021,OI,9.0,9.0
28,023,Tamaulipas,Méndez,2021,OI,8.4,8.4
28,027,Tamaulipas,Nuevo Laredo,2021,OI,8.5,8.5
28,030,Tamaulipas,Padilla,2021,OI,9.5,9.5
28,032,Tamaulipas,Reynosa,2021,OI,9.2,9.2
28,034,Tamaulipas,San Carlos,2021,OI,9.0,9.0
28,035,Tamaulipas,San Fernando,2021,OI,8.8,8.8
28,037,Tamaulipas,Soto la Marina,2021,OI,9.8,9.8
28,038,Tamaulipas,Tampico,2021,OI,16.0,16.1
28,040,Tamaulipas,Valle Hermoso,2021,OI,9.1,9.1
28,041,Tamaulipas,Victoria,2021,OI,8.8,8.8
28,043,Tamaulipas,Xicoténcatl,2021,OI,8.9,9.4
29,003,Tlaxcala,Atlangatepec,2021,OI,1.5,-0.483870968
29,006,Tlaxcala,Calpulalpan,2021,OI,1.6,0.827586207
29,007,Tlaxcala,El Carmen Tequexquitla,2021,OI,2.2,1.677419355
29,008,Tlaxcala,Cuapiaxtla,2021,OI,4.4,3.161290323
29,013,Tlaxcala,Huamantla,2021,OI,0.4,1.270967742
29,031,Tlaxcala,Tetla de la Solidaridad,2021,OI,3.6,6.4
29,033,Tlaxcala,Tlaxcala,2021,OI,4.1,5.095833333
29,037,Tlaxcala,Ziltlaltépec de Trinidad Sánchez Santos,2021,OI,4.1,3.580645161
29,044,Tlaxcala,Zacatelco,2021,OI,4.5,3.806451613
29,052,Tlaxcala,San José Teacalco,2021,OI,3.8,3.141935484
30,001,Veracruz,Acajete,2021,OI,3.8,4.2
30,002,Veracruz,Acatlán,2021,OI,6.4,6.4
30,003,Veracruz,Acayucan,2021,OI,17.7,17.7
30,004,Veracruz,Actopan,2021,OI,18.1,19.29310345
30,010,Veracruz,Altotonga,2021,OI,5.3,5.3
30,011,Veracruz,Alvarado,2021,OI,17.6,17.6
30,015,Veracruz,Angel R. Cabada,2021,OI,16.2,16.2
30,016,Veracruz,La Antigua,2021,OI,16.5,16.5
30,017,Veracruz,Apazapan,2021,OI,20.8,
30,028,Veracruz,Boca del Río,2021,OI,18.2,18.2
30,032,Veracruz,Catemaco,2021,OI,11.2,11.2
30,038,Veracruz,Coatepec,2021,OI,7.9,8.1
30,039,Veracruz,Coatzacoalcos,2021,OI,18.3,18.3
30,044,Veracruz,Córdoba,2021,OI,14.1,14.1
30,045,Veracruz,Cosamaloapan de Carpio,2021,OI,18.0,14.72380952
30,047,Veracruz,Coscomatepec,2021,OI,9.3,9.7
30,053,Veracruz,Cuitláhuac,2021,OI,16.6,16.6
30,061,Veracruz,Las Choapas,2021,OI,16.1,16.1
30,065,Veracruz,Emiliano Zapata,2021,OI,13.5,13.5
30,071,Veracruz,Huatusco,2021,OI,6.0,6.8
30,072,Veracruz,Huayacocotla,2021,OI,5.4,5.4
30,073,Veracruz,Hueyapan de Ocampo,2021,OI,16.0,16.0
30,077,Veracruz,Isla,2021,OI,17.4,17.4
30,087,Veracruz,Xalapa,2021,OI,10.4,10.4
30,091,Veracruz,Jesús Carranza,2021,OI,17.8,17.8
30,093,Veracruz,Jilotepec,2021,OI,9.5,12.76470588
30,101,Veracruz,Mariano Escobedo,2021,OI,3.0,3.5
30,102,Veracruz,Martínez de la Torre,2021,OI,14.9,14.54545455
30,104,Veracruz,Mecayapan,2021,OI,16.5,16.5
30,112,Veracruz,Naolinco,2021,OI,8.8,8.8
30,118,Veracruz,Orizaba,2021,OI,11.8,11.8
30,123,Veracruz,Pánuco,2021,OI,11.4,11.7
30,125,Veracruz,Paso del Macho,2021,OI,15.4,15.4
30,126,Veracruz,Paso de Ovejas,2021,OI,16.0,16.0
30,128,Veracruz,Perote,2021,OI,-1.5,0.3
30,134,Veracruz,Puente Nacional,2021,OI,19.4,19.28571429
30,141,Veracruz,San Andrés Tuxtla,2021,OI,15.3,15.3
30,142,Veracruz,San Juan Evangelista,2021,OI,17.2,17.2
30,143,Veracruz,Santiago Tuxtla,2021,OI,16.4,16.4
30,155,Veracruz,Tantoyuca,2021,OI,11.2,11.2
30,160,Veracruz,Álamo Temapache,2021,OI,13.7,13.7
30,161,Veracruz,Tempoal,2021,OI,12.5,12.5
30,163,Veracruz,Tenochtitlán,2021,OI,10.4,10.4
30,165,Veracruz,Tepatlaxco,2021,OI,12.5,12.7
30,169,Veracruz,José Azueta,2021,OI,19.7,19.85714286
30,175,Veracruz,Tihuatlán,2021,OI,15.5,15.5
30,182,Veracruz,Tlalnelhuayocan,2021,OI,9.6,9.6
30,188,Veracruz,Totutla,2021,OI,10.2,10.2
30,189,Veracruz,Tuxpan,2021,OI,15.0,15.0
31,001,Yucatán,Abalá,2021,OI,,12.82258065
31,010,Yucatán,Cantamayec,2021,OI,16.8,16.8
31,011,Yucatán,Celestún,2021,OI,19.7,19.7
31,013,Yucatán,Conkal,2021,OI,13.2,13.7
31,023,Yucatán,Chocholá,2021,OI,17.7,17.7
31,050,Yucatán,Mérida,2021,OI,13.6,16.46774194
31,051,Yucatán,Mocochá,2021,OI,14.4,14.4
31,052,Yucatán,Motul,2021,OI,14.0,14.0
31,053,Yucatán,Muna,2021,OI,17.1,17.1
31,056,Yucatán,Oxkutzcab,2021,OI,16.7,12.19354839
31,058,Yucatán,Peto,2021,OI,15.4,15.4
31,059,Yucatán,Progreso,2021,OI,19.2,19.2
31,061,Yucatán,Río Lagartos,2021,OI,17.9,18.3
31,079,Yucatán,Tekax,2021,OI,16.5,17.11666667
31,089,Yucatán,Ticul,2021,OI,18.3,16.5
31,096,Yucatán,Tizimín,2021,OI,16.8,16.8
31,098,Yucatán,Tzucacab,2021,OI,16.8,12.95
31,102,Yucatán,Valladolid,2021,OI,18.1,18.1
32,003,Zacatecas,Atolinga,2021,OI,2.1,2.979310345
32,005,Zacatecas,Calera,2021,OI,-1.1,1.1
32,007,Zacatecas,Concepción del Oro,2021,OI,3.8,3.8
32,008,Zacatecas,Cuauhtémoc,2021,OI,3.4,4.295238095
32,009,Zacatecas,Chalchihuites,2021,OI,3.9,4.708333333
32,010,Zacatecas,Fresnillo,2021,OI,-0.4,0.5
32,012,Zacatecas,Genaro Codina,2021,OI,1.0,0.5
32,014,Zacatecas,General Francisco R. Murguía,2021,OI,3.2,5.068181818
32,016,Zacatecas,General Pánfilo Natera,2021,OI,-3.4,-0.2
32,017,Zacatecas,Guadalupe,2021,OI,4.1,4.9
32,019,Zacatecas,Jalpa,2021,OI,6.7,8.1
32,020,Zacatecas,Jerez,2021,OI,-0.2,2.4
32,022,Zacatecas,Juan Aldama,2021,OI,1.4,2.5
32,023,Zacatecas,Juchipila,2021,OI,2.5,5.6
32,024,Zacatecas,Loreto,2021,OI,1.1,3.1
32,025,Zacatecas,Luis Moya,2021,OI,1.3,2.4
32,026,Zacatecas,Mazapil,2021,OI,-0.2,-0.2
32,028,Zacatecas,Mezquital del Oro,2021,OI,6.1,7.85
32,029,Zacatecas,Miguel Auza,2021,OI,1.4,2.2
32,031,Zacatecas,Monte Escobedo,2021,OI,-2.1,0.7
32,034,Zacatecas,Nochistlán de Mejía,2021,OI,1.4,2.935483871
32,036,Zacatecas,Ojocaliente,2021,OI,1.4,2.8
32,038,Zacatecas,Pinos,2021,OI,0.2,1.9
32,039,Zacatecas,Río Grande,2021,OI,-1.0,-0.7
32,040,Zacatecas,Sain Alto,2021,OI,-0.2,0.4
32,042,Zacatecas,Sombrerete,2021,OI,4.4,4.276666667
32,044,Zacatecas,Tabasco,2021,OI,9.3,8.916666667
32,045,Zacatecas,Tepechitlán,2021,OI,0.8,2.5
32,047,Zacatecas,Teúl de González Ortega,2021,OI,0.9,2.0
32,048,Zacatecas,Tlaltenango de Sánchez Román,2021,OI,1.9,3.709677419
32,049,Zacatecas,Valparaíso,2021,OI,-3.0,-3.0
32,051,Zacatecas,Villa de Cos,2021,OI,1.6,1.6
32,053,Zacatecas,Villa González Ortega,2021,OI,4.0,4.0
32,054,Zacatecas,Villa Hidalgo,2021,OI,3.2,3.6
32,055,Zacatecas,Villanueva,2021,OI,0.0,2.092592593
32,056,Zacatecas,Zacatecas,2021,OI,5.3,5.4
01,001,Aguascalientes,Aguascalientes,2021,PV,3.9,-0.5
01,002,Aguascalientes,Asientos,2021,PV,4.7,0.6
01,003,Aguascalientes,Calvillo,2021,PV,7.8,3.5
01,004,Aguascalientes,Cosío,2021,PV,5.5,0.0
01,005,Aguascalientes,Jesús María,2021,PV,11.6,4.5
01,006,Aguascalientes,Pabellón de Arteaga,2021,PV,11.1,4.7
01,007,Aguascalientes,Rincón de Romos,2021,PV,11.7,5.216666667
01,008,Aguascalientes,San José de Gracia,2021,PV,5.8,3.5
01,009,Aguascalientes,Tepezalá,2021,PV,12.0,6.733333333
01,010,Aguascalientes,El Llano,2021,PV,3.9,1.5
02,001,Baja California,Ensenada,2021,PV,0.1,-6.2
02,002,Baja California,Mexicali,2021,PV,10.1,2.625806452
02,003,Baja California,Tecate,2021,PV,2.6,0.051612903
02,004,Baja California,Tijuana,2021,PV,11.5,7.620689655
02,006,Baja California,San Quintín,2021,PV,10.6,6.2
02,007,Baja California,San Felipe,2021,PV,16.3,9.022222222
03,001,Baja California Sur,Comondú,2021,PV,11.0,8.0
03,002,Baja California Sur,Mulegé,2021,PV,8.3,2.5
03,003,Baja California Sur,La Paz,2021,PV,10.5,6.7
03,008,Baja California Sur,Los Cabos,2021,PV,11.2,6.580645161
03,009,Baja California Sur,Loreto,2021,PV,16.2,12.03548387
04,002,Campeche,Campeche,2021,PV,19.1,17.77419355
04,003,Campeche,Carmen,2021,PV,22.5,18.7
04,004,Campeche,Champotón,2021,PV,22.3,17.3
04,005,Campeche,Hecelchakán,2021,PV,20.1,17.7
04,006,Campeche,Hopelchén,2021,PV,21.1,16.0
04,007,Campeche,Palizada,2021,PV,22.1,18.96774194
04,009,Campeche,Escárcega,2021,PV,23.7,19.36451613
04,010,Campeche,Calakmul,2021,PV,22.2,17.41666667
04,011,Campeche,Candelaria,2021,PV,22.0,18.55172414
05,002,Coahuila,Acuña,2021,PV,13.6,4.0
05,003,Coahuila,Allende,2021,PV,15.7,4.2
05,004,Coahuila,Arteaga,2021,PV,7.9,3.173913043
05,005,Coahuila,Candela,2021,PV,18.4,9.52
05,007,Coahuila,Cuatro Ciénegas,2021,PV,15.2,3.0
05,009,Coahuila,Francisco I. Madero,2021,PV,12.9,1.9
05,010,Coahuila,Frontera,2021,PV,22.0,
05,014,Coahuila,Jiménez,2021,PV,16.0,3.0
05,015,Coahuila,Juárez,2021,PV,17.0,5.1
05,017,Coahuila,Matamoros,2021,PV,11.6,2.625
05,018,Coahuila,Monclova,2021,PV,17.4,6.3
05,020,Coahuila,Múzquiz,2021,PV,11.5,1.5
05,022,Coahuila,Nava,2021,PV,22.9,
05,025,Coahuila,Piedras Negras,2021,PV,17.2,5.8
05,026,Coahuila,Progreso,2021,PV,15.8,5.714285714
05,027,Coahuila,Ramos Arizpe,2021,PV,13.3,5.4
05,028,Coahuila,Sabinas,2021,PV,15.7,2.9
05,030,Coahuila,Saltillo,2021,PV,11.7,3.7
05,032,Coahuila,San Juan de Sabinas,2021,PV,19.3,3.9
05,033,Coahuila,San Pedro,2021,PV,13.0,2.2
05,034,Coahuila,Sierra Mojada,2021,PV,16.2,4.8
05,035,Coahuila,Torreón,2021,PV,10.9,5.5
05,036,Coahuila,Viesca,2021,PV,13.9,5.0
05,038,Coahuila,Zaragoza,2021,PV,14.2,2.8
06,001,Colima,Armería,2021,PV,17.8,18.1
06,002,Colima,Colima,2021,PV,16.4,16.212
06,003,Colima,Comala,2021,PV,19.3,19.2
06,004,Colima,Coquimatlán,2021,PV,13.8,14.1
06,005,Colima,Cuauhtémoc,2021,PV,14.8,15.34482759
06,006,Colima,Ixtlahuacán,2021,PV,24.7,17.8
06,007,Colima,Manzanillo,2021,PV,19.8,18.9
06,009,Colima,Tecomán,2021,PV,15.4,15.8
07,001,Chiapas,Acacoyagua,2021,PV,22.5,20.45333333
07,002,Chiapas,Acala,2021,PV,21.7,16.0
07,003,Chiapas,Acapetahua,2021,PV,21.7,18.9
07,005,Chiapas,Amatán,2021,PV,20.3,16.8
07,008,Chiapas,Ángel Albino Corzo,2021,PV,10.4,8.260714286
07,009,Chiapas,Arriaga,2021,PV,20.7,20.02592593
07,019,Chiapas,Comitán de Domínguez,2021,PV,15.1,11.8
07,020,Chiapas,La Concordia,2021,PV,16.5,13.24193548
07,027,Chiapas,Chiapa de Corzo,2021,PV,18.0,15.08064516
07,029,Chiapas,Chicoasén,2021,PV,20.7,15.9
07,030,Chiapas,Chicomuselo,2021,PV,17.6,14.21034483
07,032,Chiapas,Escuintla,2021,PV,16.1,19.94827586
07,034,Chiapas,Frontera Comalapa,2021,PV,17.4,12.70967742
07,037,Chiapas,Huehuetán,2021,PV,23.3,23.4
07,040,Chiapas,Huixtla,2021,PV,23.9,22.21290323
07,046,Chiapas,Jiquipilas,2021,PV,19.2,18.2
07,049,Chiapas,Larráinzar,2021,PV,21.1,9.163928571
07,051,Chiapas,Mapastepec,2021,PV,22.2,20.46551724
07,052,Chiapas,Las Margaritas,2021,PV,15.3,12.3
07,057,Chiapas,Motozintla,2021,PV,14.7,13.30333333
07,059,Chiapas,Ocosingo,2021,PV,17.8,15.71153846
07,061,Chiapas,Ocozocoautla de Espinosa,2021,PV,19.0,15.7
07,062,Chiapas,Ostuacán,2021,PV,21.4,18.4
07,063,Chiapas,Osumacinta,2021,PV,22.2,18.1
07,064,Chiapas,Oxchuc,2021,PV,10.7,6.64137931
07,065,Chiapas,Palenque,2021,PV,22.8,17.7
07,068,Chiapas,Pichucalco,2021,PV,22.4,18.7
07,069,Chiapas,Pijijiapan,2021,PV,23.5,22.5
07,071,Chiapas,Villa Comaltitlán,2021,PV,17.2,18.14444444
07,072,Chiapas,Pueblo Nuevo Solistahuacán,2021,PV,14.6,
07,077,Chiapas,Salto de Agua,2021,PV,22.5,18.5
07,078,Chiapas,San Cristóbal de las Casas,2021,PV,10.8,6.3
07,080,Chiapas,Siltepec,2021,PV,16.6,17.65483871
07,082,Chiapas,Sitalá,2021,PV,17.6,
07,086,Chiapas,Suchiapa,2021,PV,20.2,16.7
07,087,Chiapas,Suchiate,2021,PV,22.8,21.4
07,089,Chiapas,Tapachula,2021,PV,17.7,17.0
07,091,Chiapas,Tapilula,2021,PV,19.9,16.2
07,092,Chiapas,Tecpatán,2021,PV,20.3,16.64814815
07,094,Chiapas,Teopisca,2021,PV,13.5,8.0
07,097,Chiapas,Tonalá,2021,PV,22.4,21.55172414
07,099,Chiapas,La Trinitaria,2021,PV,14.6,12.39655172
07,101,Chiapas,Tuxtla Gutiérrez,2021,PV,17.2,16.85185185
07,106,Chiapas,Venustiano Carranza,2021,PV,19.3,14.6
07,107,Chiapas,Villa Corzo,2021,PV,19.7,14.58064516
07,108,Chiapas,Villaflores,2021,PV,18.7,14.3
07,112,Chiapas,San Juan Cancuc,2021,PV,17.4,14.1
07,116,Chiapas,Marqués de Comillas,2021,PV,22.4,
07,123,Chiapas,Emiliano Zapata,2021,PV,19.3,16.3
07,124,Chiapas,Mezcalapa,2021,PV,17.0,13.7
08,001,Chihuahua,Ahumada,2021,PV,16.5,
08,002,Chihuahua,Aldama,2021,PV,10.5,-2.0
08,006,Chihuahua,Bachíniva,2021,PV,6.1,-2.9
08,007,Chihuahua,Balleza,2021,PV,1.3,-5.5625
08,008,Chihuahua,Batopilas de Manuel Gómez Morín,2021,PV,14.5,6.1
08,009,Chihuahua,Bocoyna,2021,PV,4.8,-0.3
08,010,Chihuahua,Buenaventura,2021,PV,8.3,-3.9
08,014,Chihuahua,Coronado,2021,PV,9.6,-2.8
08,017,Chihuahua,Cuauhtémoc,2021,PV,10.3,0.8
08,019,Chihuahua,Chihuahua,2021,PV,1.7,-8.4
08,020,Chihuahua,Chínipas,2021,PV,12.4,6.3
08,021,Chihuahua,Delicias,2021,PV,13.2,2.6
08,027,Chihuahua,Guachochi,2021,PV,2.3,-4.1
08,029,Chihuahua,Guadalupe y Calvo,2021,PV,3.1,-3.0
08,031,Chihuahua,Guerrero,2021,PV,3.9,-4.5
08,032,Chihuahua,Hidalgo del Parral,2021,PV,13.0,0.4
08,035,Chihuahua,Janos,2021,PV,8.8,-3.0
08,036,Chihuahua,Jiménez,2021,PV,10.1,-1.3
08,037,Chihuahua,Juárez,2021,PV,12.6,-1.3
08,040,Chihuahua,Madera,2021,PV,0.2,-8.7
08,041,Chihuahua,Maguarichi,2021,PV,11.9,-0.1
08,043,Chihuahua,Matachí,2021,PV,1.9,-7.2
08,047,Chihuahua,Moris,2021,PV,16.4,0.6
08,050,Chihuahua,Nuevo Casas Grandes,2021,PV,9.3,-1.6
08,051,Chihuahua,Ocampo,2021,PV,0.1,-4.7
08,052,Chihuahua,Ojinaga,2021,PV,11.5,-1.3
08,055,Chihuahua,Rosales,2021,PV,12.7,1.1
08,058,Chihuahua,San Francisco de Conchos,2021,PV,9.1,-2.9
08,061,Chihuahua,Satevó,2021,PV,12.0,0.6
08,063,Chihuahua,Temósachic,2021,PV,3.2,-8.1
08,065,Chihuahua,Urique,2021,PV,14.9,7.2
08,067,Chihuahua,Valle de Zaragoza,2021,PV,10.7,-0.7
09,003,Ciudad de México,Coyoacán,2021,PV,7.7,4.0
09,005,Ciudad de México,Gustavo A. Madero,2021,PV,8.9,5.096774194
09,006,Ciudad de México,Iztacalco,2021,PV,13.8,9.690322581
09,010,Ciudad de México,Álvaro Obregón,2021,PV,13.6,9.516
09,012,Ciudad de México,Tlalpan,2021,PV,4.7,1.7
09,016,Ciudad de México,Miguel Hidalgo,2021,PV,12.8,7.774193548
09,017,Ciudad de México,Venustiano Carranza,2021,PV,13.8,
10,001,Durango,Canatlán,2021,PV,7.5,0.766666667
10,004,Durango,Cuencamé,2021,PV,16.4,5.4
10,004,Morelos,Cuencamé,2021,PV,10.8,9.5
10,005,Durango,Durango,2021,PV,-3.4,-8.6
10,008,Durango,Guadalupe Victoria,2021,PV,9.8,0.7
10,009,Durango,Guanaceví,2021,PV,-1.6,-8.880952381
10,010,Durango,Hidalgo,2021,PV,7.2,-0.5
10,011,Durango,Indé,2021,PV,6.9,-0.7
10,012,Durango,Lerdo,2021,PV,15.9,4.5
10,013,Durango,Mapimí,2021,PV,10.5,1.3
10,015,Durango,Nazas,2021,PV,10.3,-1.0
10,017,Durango,Ocampo,2021,PV,8.3,-2.7
10,018,Durango,El Oro,2021,PV,6.2,-2.7
10,020,Durango,Pánuco de Coronado,2021,PV,7.1,0.057692308
10,021,Durango,Peñón Blanco,2021,PV,5.6,-3.6
10,022,Durango,Poanas,2021,PV,7.8,1.7
10,023,Durango,Pueblo Nuevo,2021,PV,1.7,-5.3
10,024,Durango,Rodeo,2021,PV,11.6,4.142857143
10,025,Durango,San Bernardo,2021,PV,2.8,-3.1
10,026,Durango,San Dimas,2021,PV,-0.1,-4.9
10,027,Durango,San Juan de Guadalupe,2021,PV,11.1,0.6
10,030,Durango,San Pedro del Gallo,2021,PV,10.9,1.0
10,031,Durango,Santa Clara,2021,PV,8.2,-2.4
10,031,Zacatecas,Santa Clara,2021,PV,10.9,0.7
10,032,Durango,Santiago Papasquiaro,2021,PV,6.4,-0.9
10,033,Durango,Súchil,2021,PV,0.6,-3.2
10,034,Durango,Tamazula,2021,PV,15.2,12.2
10,035,Durango,Tepehuanes,2021,PV,5.9,-2.7
10,036,Durango,Tlahualilo,2021,PV,11.6,2.9
10,037,Durango,Topia,2021,PV,20.4,13.9
10,038,Durango,Vicente Guerrero,2021,PV,7.0,0.1
10,039,Durango,Nuevo Ideal,2021,PV,4.3,-3.9
11,001,Guanajuato,Abasolo,2021,PV,15.0,9.516129032
11,002,Guanajuato,Acámbaro,2021,PV,12.5,6.967741935
11,003,Guanajuato,San Miguel de Allende,2021,PV,10.8,4.0
11,004,Guanajuato,Apaseo el Alto,2021,PV,13.5,7.790322581
11,005,Guanajuato,Apaseo el Grande,2021,PV,11.2,5.951612903
11,006,Guanajuato,Atarjea,2021,PV,10.9,6.7
11,007,Guanajuato,Celaya,2021,PV,10.7,5.9
11,008,Guanajuato,Manuel Doblado,2021,PV,8.1,4.9
11,010,Guanajuato,Coroneo,2021,PV,6.0,2.5
11,011,Guanajuato,Cortazar,2021,PV,7.0,4.290322581
11,012,Guanajuato,Cuerámaro,2021,PV,14.6,9.483870968
11,014,Guanajuato,Dolores Hidalgo Cuna de la Independencia Nacional,2021,PV,8.4,1.306451613
11,015,Guanajuato,Guanajuato,2021,PV,9.7,5.8
11,017,Guanajuato,Irapuato,2021,PV,12.5,6.413793103
11,018,Guanajuato,Jaral del Progreso,2021,PV,10.6,5.612903226
11,019,Guanajuato,Jerécuaro,2021,PV,9.3,6.274193548
11,020,Guanajuato,León,2021,PV,10.0,6.8
11,022,Guanajuato,Ocampo,2021,PV,9.3,3.774193548
11,023,Guanajuato,Pénjamo,2021,PV,10.5,6.290322581
11,025,Guanajuato,Purísima del Rincón,2021,PV,10.9,6.5
11,027,Guanajuato,Salamanca,2021,PV,11.0,6.266666667
11,028,Guanajuato,Salvatierra,2021,PV,10.9,4.383333333
11,030,Guanajuato,San Felipe,2021,PV,8.1,1.3
11,033,Guanajuato,San Luis de la Paz,2021,PV,8.3,2.6
11,037,Guanajuato,Silao de la Victoria,2021,PV,10.9,6.225806452
11,042,Guanajuato,Valle de Santiago,2021,PV,12.6,6.827586207
11,045,Guanajuato,Xichú,2021,PV,15.4,7.2
12,001,Guerrero,Acapulco de Juárez,2021,PV,19.8,19.2
12,003,Guerrero,Ajuchitlán del Progreso,2021,PV,20.7,14.71428571
12,005,Guerrero,Alpoyeca,2021,PV,17.5,14.16129032
12,011,Guerrero,Atoyac de Álvarez,2021,PV,21.4,19.625
12,012,Guerrero,Ayutla de los Libres,2021,PV,18.4,17.64285714
12,014,Guerrero,Benito Juárez,2021,PV,21.5,21.29310345
12,015,Guerrero,Buenavista de Cuéllar,2021,PV,14.4,12.61290323
12,018,Guerrero,Copala,2021,PV,22.2,
12,021,Guerrero,Coyuca de Benítez,2021,PV,22.8,20.65517241
12,023,Guerrero,Cuajinicuilapa,2021,PV,22.5,22.5
12,028,Guerrero,Chilapa de Álvarez,2021,PV,13.6,11.06818182
12,029,Guerrero,Chilpancingo de los Bravo,2021,PV,15.0,12.36666667
12,032,Guerrero,General Heliodoro Castillo,2021,PV,9.2,8.870967742
12,035,Guerrero,Iguala de la Independencia,2021,PV,16.0,13.35
12,036,Guerrero,Igualapa,2021,PV,20.0,17.34
12,038,Guerrero,Zihuatanejo de Azueta,2021,PV,23.0,22.8
12,039,Estado de México,Juan R. Escudero,2021,PV,18.6,
12,039,Guerrero,Juan R. Escudero,2021,PV,19.7,17.9
12,040,Guerrero,Leonardo Bravo,2021,PV,14.1,10.32258065
12,044,Guerrero,Mochitlán,2021,PV,15.6,12.85714286
12,045,Guerrero,Olinalá,2021,PV,17.2,10.96428571
12,046,Guerrero,Ometepec,2021,PV,14.9,15.0
12,050,Guerrero,Pungarabato,2021,PV,21.4,16.67857143
12,053,Guerrero,San Marcos,2021,PV,12.3,12.25
12,055,Guerrero,Taxco de Alarcón,2021,PV,15.6,13.54545455
12,057,Guerrero,Técpan de Galeana,2021,PV,21.2,21.0
12,059,Guerrero,Tepecoacuilco de Trujano,2021,PV,23.7,
12,061,Guerrero,Tixtla de Guerrero,2021,PV,16.3,11.48387097
12,066,Guerrero,Tlapa de Comonfort,2021,PV,18.1,13.38709677
12,068,Guerrero,La Unión de Isidoro Montes de Oca,2021,PV,20.5,20.6
12,068,Michoacán,La Unión de Isidoro Montes de Oca,2021,PV,20.5,20.8
12,070,Guerrero,Xochihuehuetlán,2021,PV,17.4,12.03448276
12,073,Guerrero,Zirándaro,2021,PV,17.4,13.32
12,082,Guerrero,Las Vigas,2021,PV,20.7,18.7
13,002,Hidalgo,Acaxochitlán,2021,PV,11.5,7.0
13,003,Hidalgo,Actopan,2021,PV,8.4,4.0
13,006,Hidalgo,Alfajayucan,2021,PV,11.8,6.387096774
13,008,Hidalgo,Apan,2021,PV,6.0,2.5
13,011,Hidalgo,Atlapexco,2021,PV,21.2,13.2
13,013,Hidalgo,Atotonilco de Tula,2021,PV,8.8,4.6
13,016,Hidalgo,Cuautepec de Hinojosa,2021,PV,7.5,3.466666667
13,019,Hidalgo,Chilcuautla,2021,PV,10.4,5.806451613
13,027,Hidalgo,Huehuetla,2021,PV,19.1,12.6
13,028,Hidalgo,Huejutla de Reyes,2021,PV,21.3,15.02
13,028,Veracruz,Huejutla de Reyes,2021,PV,20.0,12.3
13,030,Hidalgo,Ixmiquilpan,2021,PV,12.7,7.0
13,037,Hidalgo,Metztitlán,2021,PV,16.2,9.2
13,038,Hidalgo,Mineral del Chico,2021,PV,7.0,4.255172414
13,046,Hidalgo,San Felipe Orizatlán,2021,PV,22.9,16.38888889
13,048,Hidalgo,Pachuca de Soto,2021,PV,9.2,5.6
13,058,Hidalgo,Tasquillo,2021,PV,13.1,
13,064,Hidalgo,Tepetitlán,2021,PV,10.8,6.366666667
13,077,Hidalgo,Tulancingo de Bravo,2021,PV,10.5,6.846153846
13,081,Hidalgo,Zacualtipán de Ángeles,2021,PV,11.3,5.0
13,084,Hidalgo,Zimapán,2021,PV,10.2,6.7
14,002,Jalisco,Acatlán de Juárez,2021,PV,8.0,5.2
14,006,Jalisco,Ameca,2021,PV,11.0,7.4
14,013,Jalisco,Atotonilco el Alto,2021,PV,12.0,8.6
14,015,Jalisco,Autlán de Navarro,2021,PV,13.3,11.7
14,018,Jalisco,La Barca,2021,PV,13.4,
14,019,Jalisco,Bolaños,2021,PV,18.3,10.76666667
14,022,Jalisco,Cihuatlán,2021,PV,18.8,18.6
14,023,Jalisco,Zapotlán el Grande,2021,PV,10.7,9.3
14,025,Jalisco,Colotlán,2021,PV,9.4,4.495652174
14,030,Jalisco,Chapala,2021,PV,13.9,12.91935484
14,033,Jalisco,Degollado,2021,PV,12.5,8.431034483
14,039,Jalisco,Guadalajara,2021,PV,13.8,8.9
14,041,Jalisco,Huejúcar,2021,PV,7.5,2.224137931
14,043,Jalisco,La Huerta,2021,PV,24.2,16.4
14,046,Jalisco,Jalostotitlán,2021,PV,6.6,1.9
14,047,Jalisco,Jamay,2021,PV,10.0,6.0
14,049,Jalisco,Jilotlán de los Dolores,2021,PV,19.3,16.43333333
14,050,Jalisco,Jocotepec,2021,PV,14.6,11.33
14,051,Jalisco,Juanacatlán,2021,PV,11.6,6.543478261
14,053,Jalisco,Lagos de Moreno,2021,PV,7.7,3.326923077
14,054,Jalisco,El Limón,2021,PV,13.0,11.0
14,058,Jalisco,Mascota,2021,PV,7.2,5.59375
14,061,Jalisco,Mezquitic,2021,PV,10.0,3.637931034
14,063,Jalisco,Ocotlán,2021,PV,10.6,
14,065,Jalisco,Pihuamo,2021,PV,17.5,16.4
14,066,Jalisco,Poncitlán,2021,PV,13.3,
14,067,Jalisco,Puerto Vallarta,2021,PV,17.7,16.6
14,068,Jalisco,Villa Purificación,2021,PV,15.0,13.9
14,070,Jalisco,El Salto,2021,PV,16.3,11.17307692
14,071,Jalisco,San Cristóbal de la Barranca,2021,PV,16.6,10.38235294
14,081,Jalisco,Santa María de los Ángeles,2021,PV,10.7,4.5
14,083,Jalisco,Tala,2021,PV,12.8,10.1
14,091,Jalisco,Teocaltiche,2021,PV,6.1,2.3
14,095,Jalisco,Teuchitlán,2021,PV,10.8,7.5
14,096,Jalisco,Tizapán el Alto,2021,PV,15.7,11.45357143
14,097,Jalisco,Tlajomulco de Zúñiga,2021,PV,12.0,6.7
14,098,Jalisco,San Pedro Tlaquepaque,2021,PV,15.1,8.981481481
14,099,Jalisco,Tolimán,2021,PV,10.5,7.032258065
14,100,Jalisco,Tomatlán,2021,PV,19.4,18.5
14,108,Jalisco,Tuxpan,2021,PV,6.2,3.46
14,118,Jalisco,Yahualica de González Gallo,2021,PV,6.8,4.2
14,120,Jalisco,Zapopan,2021,PV,11.5,7.4
14,124,Jalisco,Zapotlanejo,2021,PV,12.8,
15,002,Estado de México,Acolman,2021,PV,7.7,2.633333333
15,003,Estado de México,Aculco,2021,PV,4.9,1.266666667
15,003,Querétaro,Aculco,2021,PV,10.0,5.117647059
15,005,Estado de México,Almoloya de Juárez,2021,PV,2.3,-1.629032258
15,007,Estado de México,Amanalco,2021,PV,3.9,-2.993548387
15,009,Estado de México,Amecameca,2021,PV,2.2,-0.053333333
15,011,Estado de México,Atenco,2021,PV,8.2,4.677419355
15,013,Estado de México,Atizapán de Zaragoza,2021,PV,10.2,5.086206897
15,014,Estado de México,Atlacomulco,2021,PV,2.8,0.433333333
15,032,Estado de México,Donato Guerra,2021,PV,8.3,5.266666667
15,033,Estado de México,Ecatepec de Morelos,2021,PV,9.2,4.8
15,038,Estado de México,Isidro Fabela,2021,PV,3.9,1.348148148
15,039,Estado de México,Ixtapaluca,2021,PV,4.7,2.4
15,042,Estado de México,Ixtlahuaca,2021,PV,4.9,0.451612903
15,045,Estado de México,Jilotepec,2021,PV,4.4,0.870967742
15,052,Estado de México,Malinalco,2021,PV,15.3,13.6
15,055,Estado de México,Mexicaltzingo,2021,PV,11.0,9.5
15,057,Estado de México,Naucalpan de Juárez,2021,PV,2.9,0.033333333
15,063,Estado de México,Ocuilan,2021,PV,7.9,5.15
15,074,Estado de México,San Felipe del Progreso,2021,PV,6.7,1.790322581
15,078,Estado de México,Santo Tomás,2021,PV,18.4,
15,083,Estado de México,Temamatla,2021,PV,9.5,3.822580645
15,085,Estado de México,Temascalcingo,2021,PV,8.3,
15,087,Estado de México,Temoaya,2021,PV,2.1,-2.548387097
15,090,Estado de México,Tenango del Valle,2021,PV,2.7,0.5
15,091,Estado de México,Teoloyucan,2021,PV,6.1,2.741935484
15,095,Estado de México,Tepotzotlán,2021,PV,7.3,3.387096774
15,096,Estado de México,Tequixquiac,2021,PV,6.0,1.870967742
15,097,Estado de México,Texcaltitlán,2021,PV,6.1,3.3125
15,099,Estado de México,Texcoco,2021,PV,8.6,1.229166667
15,100,Estado de México,Tezoyuca,2021,PV,9.8,6.516129032
15,101,Estado de México,Tianguistenco,2021,PV,4.1,0.516129032
15,106,Estado de México,Toluca,2021,PV,3.9,-0.1
15,109,Estado de México,Tultitlán,2021,PV,9.7,5.6
15,111,Estado de México,Villa de Allende,2021,PV,2.4,-0.016129032
15,112,Estado de México,Villa del Carbón,2021,PV,4.2,1.8
15,113,Estado de México,Villa Guerrero,2021,PV,8.6,7.269230769
15,118,Estado de México,Zinacantepec,2021,PV,4.1,0.88
15,121,Estado de México,Cuautitlán Izcalli,2021,PV,9.8,
16,003,Michoacán,Álvaro Obregón,2021,PV,12.0,
16,004,Michoacán,Angamacutiro,2021,PV,12.7,5.551724138
16,006,Michoacán,Apatzingán,2021,PV,18.1,15.17241379
16,010,Michoacán,Arteaga,2021,PV,20.7,19.5
16,017,Michoacán,Contepec,2021,PV,10.0,6.2
16,019,Michoacán,Cotija,2021,PV,10.8,8.2
16,034,Michoacán,Hidalgo,2021,PV,3.2,3.023809524
16,035,Michoacán,La Huacana,2021,PV,16.8,15.75
16,038,Michoacán,Huetamo,2021,PV,19.1,14.4
16,039,Michoacán,Huiramba,2021,PV,7.7,3.2
16,042,Michoacán,Ixtlán,2021,PV,11.0,8.6
16,043,Michoacán,Jacona,2021,PV,11.9,7.518518519
16,044,Michoacán,Jiménez,2021,PV,10.4,5.8
16,049,Michoacán,Madero,2021,PV,11.0,4.983870968
16,050,Michoacán,Maravatío,2021,PV,6.3,3.903225806
16,052,Michoacán,Lázaro Cárdenas,2021,PV,22.1,19.8
16,053,Michoacán,Morelia,2021,PV,9.6,5.451612903
16,061,Michoacán,Ocampo,2021,PV,4.2,1.88
16,067,Michoacán,Penjamillo,2021,PV,11.8,6.785714286
16,069,Michoacán,La Piedad,2021,PV,10.8,5.103448276
16,072,Michoacán,Queréndaro,2021,PV,10.0,2.666666667
16,076,Michoacán,Sahuayo,2021,PV,7.8,7.1
16,080,Michoacán,Senguio,2021,PV,5.2,2.126666667
16,085,Michoacán,Tangancícuaro,2021,PV,7.0,3.403225806
16,089,Michoacán,Tepalcatepec,2021,PV,17.0,15.7
16,102,Michoacán,Uruapan,2021,PV,8.3,6.963333333
16,103,Michoacán,Venustiano Carranza,2021,PV,14.7,10.0
16,104,Michoacán,Villamar,2021,PV,5.5,6.2
16,105,Michoacán,Vista Hermosa,2021,PV,9.2,4.4
16,106,Michoacán,Yurécuaro,2021,PV,13.7,9.161290323
16,108,Michoacán,Zamora,2021,PV,9.9,6.24137931
16,110,Michoacán,Zinapécuaro,2021,PV,10.7,4.931818182
16,113,Michoacán,José Sixto Verduzco,2021,PV,10.3,5.466666667
17,001,Morelos,Amacuzac,2021,PV,15.1,10.2
17,002,Morelos,Atlatlahucan,2021,PV,14.9,8.903225806
17,004,Morelos,Ayala,2021,PV,17.9,12.03333333
17,005,Morelos,Coatlán del Río,2021,PV,17.9,12.07894737
17,006,Morelos,Cuautla,2021,PV,14.6,8.857142857
17,007,Morelos,Cuernavaca,2021,PV,13.8,11.4
17,008,Morelos,Emiliano Zapata,2021,PV,15.9,11.51176471
17,009,Morelos,Huitzilac,2021,PV,1.5,-0.174193548
17,011,Morelos,Jiutepec,2021,PV,15.3,11.9
17,012,Morelos,Jojutla,2021,PV,18.9,11.82258065
17,013,Morelos,Jonacatepec de Leandro Valle,2021,PV,12.5,8.4
17,014,Morelos,Mazatepec,2021,PV,18.1,
17,015,Morelos,Miacatlán,2021,PV,15.3,12.4047619
17,016,Morelos,Ocuituco,2021,PV,11.2,7.5
17,017,Morelos,Puente de Ixtla,2021,PV,18.2,9.96
17,018,Morelos,Temixco,2021,PV,16.1,17.7
17,019,Morelos,Tepalcingo,2021,PV,16.8,12.38709677
17,020,Morelos,Tepoztlán,2021,PV,14.4,15.3
17,021,Morelos,Tetecala,2021,PV,18.9,13.0
17,023,Morelos,Tlalnepantla,2021,PV,7.7,3.555555556
17,024,Morelos,Tlaltizapán de Zapata,2021,PV,16.8,12.24
17,025,Morelos,Tlaquiltenango,2021,PV,16.6,9.333333333
17,026,Morelos,Tlayacapan,2021,PV,12.4,10.4
17,027,Morelos,Totolapan,2021,PV,13.0,9.666666667
17,028,Morelos,Xochitepec,2021,PV,17.1,12.31034483
17,029,Morelos,Yautepec,2021,PV,14.7,11.01612903
17,030,Morelos,Yecapixtla,2021,PV,14.2,10.76
17,031,Morelos,Zacatepec,2021,PV,18.0,11.74193548
17,032,Morelos,Zacualpan de Amilpas,2021,PV,13.2,9.611111111
17,033,Morelos,Temoac,2021,PV,15.8,10.125
17,035,Morelos,Xoxocotla,2021,PV,17.7,10.40625
18,001,Nayarit,Acaponeta,2021,PV,16.4,14.5
18,006,Nayarit,Ixtlán del Río,2021,PV,12.3,9.6
18,008,Nayarit,Xalisco,2021,PV,18.1,
18,009,Nayarit,Del Nayar,2021,PV,17.4,10.8
18,010,Nayarit,Rosamorada,2021,PV,15.3,14.6
18,011,Nayarit,Ruíz,2021,PV,17.2,15.6
18,012,Nayarit,San Blas,2021,PV,17.7,16.9
18,015,Nayarit,Santiago Ixcuintla,2021,PV,15.8,13.8
18,017,Nayarit,Tepic,2021,PV,14.5,12.688
18,020,Nayarit,Bahía de Banderas,2021,PV,18.4,15.9
19,003,Nuevo León,Los Aldamas,2021,PV,19.4,9.229166667
19,005,Nuevo León,Anáhuac,2021,PV,18.7,8.557692308
19,006,Nuevo León,Apodaca,2021,PV,22.2,
19,007,Nuevo León,Aramberri,2021,PV,11.4,1.9
19,011,Nuevo León,Cerralvo,2021,PV,17.0,6.8
19,013,Nuevo León,China,2021,PV,18.4,9.9
19,014,Nuevo León,Doctor Arroyo,2021,PV,13.1,5.2
19,017,Nuevo León,Galeana,2021,PV,7.5,-2.2
19,021,Nuevo León,General Escobedo,2021,PV,17.6,7.3
19,024,Nuevo León,General Zaragoza,2021,PV,13.8,5.1
19,025,Nuevo León,General Zuazua,2021,PV,22.0,18.99333333
19,026,Nuevo León,Guadalupe,2021,PV,18.5,8.5
19,033,Nuevo León,Linares,2021,PV,16.4,5.6
19,036,Nuevo León,Mier y Noriega,2021,PV,13.8,6.6
19,038,Nuevo León,Montemorelos,2021,PV,17.2,4.5
19,039,Nuevo León,Monterrey,2021,PV,15.1,3.4
19,042,Nuevo León,Los Ramones,2021,PV,17.9,8.192307692
19,046,Nuevo León,San Nicolás de los Garza,2021,PV,17.6,10.37916667
19,048,Nuevo León,Santa Catarina,2021,PV,25.0,9.1
19,049,Nuevo León,Santiago,2021,PV,17.7,6.3
20,006,Oaxaca,Asunción Nochixtlán,2021,PV,9.6,9.9
20,011,Oaxaca,Calihualá,2021,PV,14.9,10.54545455
20,014,Oaxaca,Ciudad Ixtepec,2021,PV,23.9,22.28571429
20,039,Oaxaca,Heroica Ciudad de Huajuapan de León,2021,PV,13.2,7.7875
20,043,Oaxaca,Heroica Ciudad de Juchitán de Zaragoza,2021,PV,24.1,21.2
20,052,Oaxaca,Magdalena Tequisistlán,2021,PV,18.6,17.45
20,057,Oaxaca,Matías Romero Avendaño,2021,PV,23.0,17.7
20,059,Oaxaca,Miahuatlán de Porfirio Díaz,2021,PV,13.4,8.6
20,067,Oaxaca,Oaxaca de Juárez,2021,PV,13.7,9.909090909
20,073,Oaxaca,Putla Villa de Guerrero,2021,PV,11.5,8.708333333
20,079,Oaxaca,Salina Cruz,2021,PV,24.1,22.5
20,083,Oaxaca,San Agustín de las Juntas,2021,PV,13.7,9.2
20,105,Oaxaca,San Antonino Monte Verde,2021,PV,12.4,11.0
20,136,Oaxaca,San Felipe Usila,2021,PV,19.7,14.3
20,173,Oaxaca,San Juan Atepec,2021,PV,11.4,8.3
20,184,Oaxaca,San Juan Bautista Tuxtepec,2021,PV,20.9,15.7
20,221,Oaxaca,San Juan Teposcolula,2021,PV,6.4,3.5
20,228,Oaxaca,San Lorenzo Cuaunecuiltitla,2021,PV,12.1,9.086956522
20,237,Oaxaca,San Marcos Arteaga,2021,PV,14.6,11.5
20,240,Oaxaca,San Martín Itunyoso,2021,PV,12.3,8.4
20,250,Oaxaca,San Mateo Etlatongo,2021,PV,8.7,5.4
20,262,Oaxaca,San Miguel Amatlán,2021,PV,5.0,3.387096774
20,278,Oaxaca,San Miguel Soyaltepec,2021,PV,22.2,17.8
20,307,Oaxaca,San Pedro Huamelula,2021,PV,21.9,20.12068966
20,324,Oaxaca,San Pedro Pochutla,2021,PV,23.6,21.4
20,327,Oaxaca,San Pedro Tapanatepec,2021,PV,20.7,20.15
20,337,Oaxaca,San Pedro y San Pablo Ayutla,2021,PV,3.2,0.5
20,357,Oaxaca,Santa Ana Tavela,2021,PV,19.3,11.5
20,363,Oaxaca,Santa Catarina Ixtepeji,2021,PV,11.7,8.1
20,385,Oaxaca,Santa Cruz Xoxocotlán,2021,PV,14.8,9.7
20,397,Oaxaca,Heroica Ciudad de Tlaxiaco,2021,PV,13.1,9.0
20,405,Oaxaca,Villa de Chilapa de Díaz,2021,PV,10.7,9.4
20,413,Oaxaca,Santa María Huatulco,2021,PV,23.7,
20,417,Oaxaca,Santa María Jacatepec,2021,PV,21.8,16.1
20,418,Oaxaca,Santa María Jalapa del Marqués,2021,PV,21.3,16.6
20,439,Oaxaca,Santa María Tonameca,2021,PV,20.0,18.14814815
20,459,Oaxaca,Villa de Santiago Chazumba,2021,PV,7.3,7.2
20,468,Oaxaca,Santiago Jocotepec,2021,PV,22.1,18.0
20,478,Oaxaca,Santiago Nacaltepec,2021,PV,12.3,12.5
20,498,Oaxaca,Santiago Yaveo,2021,PV,21.4,15.8
20,502,Oaxaca,Santiago Zacatepec,2021,PV,18.2,12.9
20,525,Oaxaca,Santo Domingo Zanatepec,2021,PV,20.7,17.27586207
20,537,Oaxaca,Silacayoápam,2021,PV,15.1,11.21428571
20,547,Oaxaca,Teotongo,2021,PV,7.6,5.0
20,549,Oaxaca,"Heroica Villa Tezoatlán de Segura y Luna, Cuna de la Independencia de Oaxaca",2021,PV,12.3,7.442307692
20,559,Oaxaca,San Juan Bautista Valle Nacional,2021,PV,21.8,16.8
20,567,Oaxaca,Zapotitlán Lagunas,2021,PV,16.1,11.90384615
20,568,Oaxaca,Zapotitlán Palmas,2021,PV,14.4,10.84615385
21,001,Puebla,Acajete,2021,PV,8.5,4.967741935
21,002,Puebla,Acateno,2021,PV,19.1,11.4
21,003,Puebla,Acatlán,2021,PV,16.6,11.90322581
21,008,Puebla,Ahuazotepec,2021,PV,6.8,2.214285714
21,015,Puebla,Amozoc,2021,PV,9.8,6.032258065
21,019,Puebla,Atlixco,2021,PV,12.3,10.09677419
21,023,Puebla,Atzitzintla,2021,PV,4.1,3.3
21,025,Puebla,Ayotoxco de Guerrero,2021,PV,19.8,15.27272727
21,026,Puebla,Calpan,2021,PV,9.6,5.133333333
21,031,Puebla,Coatzingo,2021,PV,15.8,10.64516129
21,043,Puebla,Cuetzalan del Progreso,2021,PV,15.5,10.1
21,045,Puebla,Chalchicomula de Sesma,2021,PV,7.3,3.774193548
21,051,Morelos,Chietla,2021,PV,18.3,19.0
21,051,Puebla,Chietla,2021,PV,17.2,13.22580645
21,053,Puebla,Chignahuapan,2021,PV,6.3,1.666666667
21,059,Puebla,Chinantla,2021,PV,16.3,11.12903226
21,064,Puebla,Francisco Z. Mena,2021,PV,19.6,11.7
21,069,Puebla,Huaquechula,2021,PV,14.9,11.03225806
21,071,Puebla,Huauchinango,2021,PV,13.4,7.5
21,074,Puebla,Huejotzingo,2021,PV,10.7,
21,083,Puebla,Ixtacamaxtitlán,2021,PV,6.7,3.8
21,085,Puebla,Izúcar de Matamoros,2021,PV,18.4,14.0
21,086,Puebla,Jalpan,2021,PV,20.4,13.7
21,094,Puebla,Libres,2021,PV,12.2,5.516129032
21,098,Puebla,Molcaxac,2021,PV,6.2,3.4
21,106,Puebla,Ocoyucan,2021,PV,10.1,6.0
21,108,Puebla,Oriental,2021,PV,12.2,8.4
21,109,Puebla,Pahuatlán,2021,PV,17.4,11.0
21,114,Puebla,Puebla,2021,PV,7.5,4.14516129
21,114,Tlaxcala,Puebla,2021,PV,6.4,2.793548387
21,132,Puebla,San Martín Texmelucan,2021,PV,7.2,4.9
21,140,Puebla,San Pedro Cholula,2021,PV,10.0,6.467741935
21,145,Puebla,San Sebastián Tlacotepec,2021,PV,19.6,14.8
21,153,Puebla,Tecali de Herrera,2021,PV,9.8,4.387096774
21,154,Puebla,Tecamachalco,2021,PV,10.4,5.9
21,156,Puebla,Tehuacán,2021,PV,12.2,7.4
21,160,Puebla,Teotlalco,2021,PV,12.8,10.48387097
21,162,Puebla,Tepango de Rodríguez,2021,PV,9.5,5.4
21,170,Puebla,Tepeyahualco,2021,PV,6.5,2.4
21,172,Puebla,Tetela de Ocampo,2021,PV,11.4,6.2
21,174,Puebla,Teziutlán,2021,PV,9.6,5.0
21,180,Puebla,Tlahuapan,2021,PV,8.1,4.258064516
21,184,Puebla,Tlapacoya,2021,PV,9.1,5.206896552
21,185,Puebla,Tlapanalá,2021,PV,15.6,11.58064516
21,186,Puebla,Tlatlauquitepec,2021,PV,2.8,0.8
21,187,Puebla,Tlaxco,2021,PV,19.7,8.619047619
21,188,Morelos,Tochimilco,2021,PV,11.8,8.020833333
21,193,Puebla,Tzicatlacoyan,2021,PV,8.0,3.790322581
21,194,Puebla,Venustiano Carranza,2021,PV,9.0,6.7
21,195,Puebla,Vicente Guerrero,2021,PV,4.6,4.1
21,197,Puebla,Xicotepec,2021,PV,15.7,9.3
21,198,Puebla,Xicotlán,2021,PV,15.9,11.1
21,207,Puebla,Zacapoaxtla,2021,PV,11.1,6.1
21,209,Puebla,Zapotitlán,2021,PV,13.8,9.3
21,217,Puebla,Zoquitlán,2021,PV,12.4,9.0
22,006,Querétaro,Corregidora,2021,PV,12.6,6.0
22,008,Querétaro,Huimilpan,2021,PV,10.1,5.648387097
22,009,Querétaro,Jalpan de Serra,2021,PV,12.9,5.9
22,011,Querétaro,El Marqués,2021,PV,13.6,5.666666667
22,013,Querétaro,Peñamiller,2021,PV,16.1,8.6875
22,014,Querétaro,Querétaro,2021,PV,12.6,5.611111111
22,016,Querétaro,San Juan del Río,2021,PV,13.2,6.722222222
23,001,Quintana Roo,Cozumel,2021,PV,22.3,18.9
23,002,Quintana Roo,Felipe Carrillo Puerto,2021,PV,21.0,17.3
23,004,Quintana Roo,Othón P. Blanco,2021,PV,21.2,18.3
23,005,Quintana Roo,Benito Juárez,2021,PV,24.6,20.2
23,006,Quintana Roo,José María Morelos,2021,PV,21.5,18.5
23,007,Quintana Roo,Lázaro Cárdenas,2021,PV,21.7,18.5
23,008,Quintana Roo,Solidaridad,2021,PV,23.2,18.9
24,003,San Luis Potosí,Aquismón,2021,PV,19.2,9.7
24,008,San Luis Potosí,Cerritos,2021,PV,15.9,
24,010,Tamaulipas,Ciudad del Maíz,2021,PV,21.7,14.0
24,011,San Luis Potosí,Ciudad Fernández,2021,PV,18.1,10.3
24,013,San Luis Potosí,Ciudad Valles,2021,PV,20.3,12.0
24,016,San Luis Potosí,Ebano,2021,PV,20.7,13.8
24,020,San Luis Potosí,Matehuala,2021,PV,12.1,4.9
24,024,San Luis Potosí,Rioverde,2021,PV,17.3,9.5
24,025,San Luis Potosí,Salinas,2021,PV,9.6,
24,027,San Luis Potosí,San Ciro de Acosta,2021,PV,17.2,11.11538462
24,028,San Luis Potosí,San Luis Potosí,2021,PV,12.0,6.3
24,034,San Luis Potosí,San Vicente Tancuayalab,2021,PV,21.5,14.0
24,034,Veracruz,San Vicente Tancuayalab,2021,PV,20.3,12.6
24,037,San Luis Potosí,Tamazunchale,2021,PV,17.8,10.1
24,040,San Luis Potosí,Tamuín,2021,PV,22.3,14.5
24,041,San Luis Potosí,Tanlajás,2021,PV,20.3,11.5
24,050,San Luis Potosí,Villa de Reyes,2021,PV,13.1,6.138709677
24,053,San Luis Potosí,Axtla de Terrazas,2021,PV,21.0,12.3
24,057,San Luis Potosí,Matlapa,2021,PV,21.3,14.45789474
24,058,San Luis Potosí,El Naranjo,2021,PV,18.5,8.7
25,001,Sinaloa,Ahome,2021,PV,13.4,9.769230769
25,003,Sinaloa,Badiraguato,2021,PV,12.1,7.4
25,005,Sinaloa,Cosalá,2021,PV,15.0,11.76923077
25,006,Sinaloa,Culiacán,2021,PV,11.1,7.4
25,007,Sinaloa,Choix,2021,PV,12.3,7.044444444
25,008,Sinaloa,Elota,2021,PV,15.8,11.75862069
25,010,Sinaloa,El Fuerte,2021,PV,11.5,8.3
25,011,Sinaloa,Guasave,2021,PV,14.6,10.2
25,012,Sinaloa,Mazatlán,2021,PV,13.2,11.5
25,013,Sinaloa,Mocorito,2021,PV,13.0,9.3
25,014,Sinaloa,Rosario,2021,PV,14.4,11.8
25,015,Sinaloa,Salvador Alvarado,2021,PV,15.2,11.9
25,016,Sinaloa,San Ignacio,2021,PV,12.3,9.592592593
25,017,Sinaloa,Sinaloa,2021,PV,13.3,8.0
26,001,Sonora,Aconchi,2021,PV,10.1,3.0
26,002,Sonora,Agua Prieta,2021,PV,5.6,-3.3
26,003,Sonora,Álamos,2021,PV,10.3,5.34516129
26,004,Sonora,Altar,2021,PV,9.7,0.7
26,006,Sonora,Arizpe,2021,PV,5.8,-2.4
26,009,Sonora,Bacanora,2021,PV,18.5,12.7
26,010,Sonora,Bacerac,2021,PV,8.5,-1.4
26,012,Sonora,Bácum,2021,PV,10.7,5.7
26,013,Sonora,Banámichi,2021,PV,6.4,-0.8
26,014,Sonora,Baviácora,2021,PV,8.4,0.8
26,015,Sonora,Bavispe,2021,PV,9.1,-1.1
26,016,Sonora,Benjamín Hill,2021,PV,10.3,1.6
26,017,Sonora,Caborca,2021,PV,11.9,2.9
26,018,Sonora,Cajeme,2021,PV,10.0,4.1
26,019,Sonora,Cananea,2021,PV,10.2,2.2
26,020,Sonora,Carbó,2021,PV,11.1,4.890322581
26,022,Sonora,Cucurpe,2021,PV,7.5,0.1
26,023,Sonora,Cumpas,2021,PV,9.7,2.9
26,025,Sonora,Empalme,2021,PV,12.6,7.2
26,026,Sonora,Etchojoa,2021,PV,9.2,5.7
26,029,Sonora,Guaymas,2021,PV,8.9,3.0
26,030,Sonora,Hermosillo,2021,PV,10.5,4.3
26,031,Sonora,Huachinera,2021,PV,9.1,-0.1
26,032,Sonora,Huásabas,2021,PV,11.3,1.823333333
26,033,Sonora,Huatabampo,2021,PV,10.7,6.2
26,035,Sonora,Imuris,2021,PV,6.1,1.0
26,036,Sonora,Magdalena,2021,PV,8.1,-0.5
26,037,Sonora,Mazatán,2021,PV,8.2,2.5
26,040,Sonora,Nácori Chico,2021,PV,8.3,-0.3
26,041,Sonora,Nacozari de García,2021,PV,17.8,3.176470588
26,042,Sonora,Navojoa,2021,PV,9.5,5.3
26,043,Sonora,Nogales,2021,PV,12.2,3.5
26,045,Sonora,Opodepe,2021,PV,10.0,2.1
26,046,Sonora,Oquitoa,2021,PV,13.4,4.5
26,047,Sonora,Pitiquito,2021,PV,14.0,7.270967742
26,048,Sonora,Puerto Peñasco,2021,PV,13.2,7.506666667
26,049,Sonora,Quiriego,2021,PV,7.5,2.5
26,051,Sonora,Rosario,2021,PV,8.9,1.7
26,052,Sonora,Sahuaripa,2021,PV,11.8,1.7
26,055,Sonora,San Luis Río Colorado,2021,PV,10.3,2.2
26,056,Sonora,San Miguel de Horcasitas,2021,PV,10.4,1.7
26,058,Sonora,Santa Ana,2021,PV,10.1,2.661538462
26,059,Sonora,Santa Cruz,2021,PV,5.1,-2.1
26,061,Sonora,Soyopa,2021,PV,16.5,7.456666667
26,062,Sonora,Suaqui Grande,2021,PV,10.7,4.2
26,063,Sonora,Tepache,2021,PV,10.6,0.4
26,064,Sonora,Trincheras,2021,PV,10.4,2.2
26,065,Sonora,Tubutama,2021,PV,12.0,2.4
26,066,Sonora,Ures,2021,PV,6.2,3.2
26,067,Sonora,Villa Hidalgo,2021,PV,17.7,7.7
26,068,Sonora,Villa Pesqueira,2021,PV,11.2,5.0
26,069,Sonora,Yécora,2021,PV,3.6,-5.6
26,070,Sonora,General Plutarco Elías Calles,2021,PV,8.7,1.0
26,071,Sonora,Benito Juárez,2021,PV,10.5,6.5
26,072,Sonora,San Ignacio Río Muerto,2021,PV,11.8,6.6
27,001,Tabasco,Balancán,2021,PV,22.7,18.6
27,002,Chiapas,Cárdenas,2021,PV,23.6,
27,002,Tabasco,Cárdenas,2021,PV,23.3,18.8
27,003,Tabasco,Centla,2021,PV,23.5,20.76071429
27,004,Tabasco,Centro,2021,PV,22.8,18.9
27,006,Tabasco,Cunduacán,2021,PV,23.2,19.2
27,011,Tabasco,Jonuta,2021,PV,24.5,
27,012,Tabasco,Macuspana,2021,PV,23.6,20.0
27,014,Tabasco,Paraíso,2021,PV,24.4,20.2
27,015,Tabasco,Tacotalpa,2021,PV,22.8,18.3
27,016,Tabasco,Teapa,2021,PV,22.5,18.3
27,017,Tabasco,Tenosique,2021,PV,22.8,19.0
28,001,Tamaulipas,Abasolo,2021,PV,20.2,10.1
28,002,Tamaulipas,Aldama,2021,PV,19.2,10.4
28,003,Tamaulipas,Altamira,2021,PV,22.0,15.4
28,005,Tamaulipas,Burgos,2021,PV,19.6,8.0
28,007,Tamaulipas,Camargo,2021,PV,18.7,9.0
28,008,Tamaulipas,Casas,2021,PV,19.2,10.2
28,009,Tamaulipas,Ciudad Madero,2021,PV,24.6,13.45454545
28,011,Tamaulipas,Gómez Farías,2021,PV,20.4,10.7
28,012,Tamaulipas,González,2021,PV,18.8,10.2
28,013,Tamaulipas,Güémez,2021,PV,18.0,8.1
28,015,Tamaulipas,Gustavo Díaz Ordaz,2021,PV,19.7,9.7
28,016,Tamaulipas,Hidalgo,2021,PV,16.9,5.4
28,019,Tamaulipas,Llera,2021,PV,18.8,10.2
28,020,Tamaulipas,Mainero,2021,PV,17.5,6.5
28,021,Tamaulipas,El Mante,2021,PV,21.6,12.2
28,022,Tamaulipas,Matamoros,2021,PV,18.9,9.0
28,023,Tamaulipas,Méndez,2021,PV,20.1,8.4
28,027,Tamaulipas,Nuevo Laredo,2021,PV,19.2,8.5
28,030,Tamaulipas,Padilla,2021,PV,19.7,9.5
28,032,Tamaulipas,Reynosa,2021,PV,18.7,9.2
28,034,Tamaulipas,San Carlos,2021,PV,19.1,9.0
28,035,Tamaulipas,San Fernando,2021,PV,19.8,8.8
28,037,Tamaulipas,Soto la Marina,2021,PV,19.7,9.8
28,038,Tamaulipas,Tampico,2021,PV,22.5,16.1
28,040,Tamaulipas,Valle Hermoso,2021,PV,18.9,9.1
28,041,Tamaulipas,Victoria,2021,PV,18.1,8.8
28,043,Tamaulipas,Xicoténcatl,2021,PV,18.9,9.4
29,003,Tlaxcala,Atlangatepec,2021,PV,7.3,-0.483870968
29,006,Tlaxcala,Calpulalpan,2021,PV,5.2,0.827586207
29,007,Tlaxcala,El Carmen Tequexquitla,2021,PV,5.7,1.677419355
29,008,Tlaxcala,Cuapiaxtla,2021,PV,7.0,3.161290323
29,013,Tlaxcala,Huamantla,2021,PV,5.3,1.270967742
29,031,Tlaxcala,Tetla de la Solidaridad,2021,PV,7.6,6.4
29,033,Tlaxcala,Tlaxcala,2021,PV,8.1,5.095833333
29,037,Tlaxcala,Ziltlaltépec de Trinidad Sánchez Santos,2021,PV,8.2,3.580645161
29,044,Tlaxcala,Zacatelco,2021,PV,7.6,3.806451613
29,052,Tlaxcala,San José Teacalco,2021,PV,6.3,3.141935484
30,001,Veracruz,Acajete,2021,PV,7.5,4.2
30,002,Veracruz,Acatlán,2021,PV,11.1,6.4
30,003,Veracruz,Acayucan,2021,PV,22.5,17.7
30,004,Veracruz,Actopan,2021,PV,22.2,19.29310345
30,010,Veracruz,Altotonga,2021,PV,9.7,5.3
30,011,Veracruz,Alvarado,2021,PV,23.3,17.6
30,015,Veracruz,Angel R. Cabada,2021,PV,22.0,16.2
30,016,Veracruz,La Antigua,2021,PV,21.7,16.5
30,017,Veracruz,Apazapan,2021,PV,20.8,
30,028,Veracruz,Boca del Río,2021,PV,22.1,18.2
30,032,Veracruz,Catemaco,2021,PV,14.4,11.2
30,038,Veracruz,Coatepec,2021,PV,12.2,8.1
30,039,Veracruz,Coatzacoalcos,2021,PV,22.4,18.3
30,044,Veracruz,Córdoba,2021,PV,19.3,14.1
30,045,Veracruz,Cosamaloapan de Carpio,2021,PV,22.9,14.72380952
30,047,Veracruz,Coscomatepec,2021,PV,14.0,9.7
30,048,Veracruz,Cosoleacaque,2021,PV,25.4,20.47826087
30,053,Veracruz,Cuitláhuac,2021,PV,21.4,16.6
30,061,Veracruz,Las Choapas,2021,PV,19.8,16.1
30,065,Veracruz,Emiliano Zapata,2021,PV,18.0,13.5
30,071,Veracruz,Huatusco,2021,PV,10.2,6.8
30,072,Veracruz,Huayacocotla,2021,PV,8.5,5.4
30,073,Veracruz,Hueyapan de Ocampo,2021,PV,21.0,16.0
30,077,Veracruz,Isla,2021,PV,22.7,17.4
30,087,Veracruz,Xalapa,2021,PV,15.3,10.4
30,091,Veracruz,Jesús Carranza,2021,PV,21.8,17.8
30,093,Veracruz,Jilotepec,2021,PV,14.0,12.76470588
30,097,Veracruz,Lerdo de Tejada,2021,PV,23.6,18.16666667
30,101,Veracruz,Mariano Escobedo,2021,PV,4.9,3.5
30,102,Veracruz,Martínez de la Torre,2021,PV,21.4,14.54545455
30,104,Veracruz,Mecayapan,2021,PV,21.6,16.5
30,112,Veracruz,Naolinco,2021,PV,13.7,8.8
30,118,Veracruz,Orizaba,2021,PV,16.0,11.8
30,123,Veracruz,Pánuco,2021,PV,19.1,11.7
30,125,Veracruz,Paso del Macho,2021,PV,20.5,15.4
30,126,Veracruz,Paso de Ovejas,2021,PV,21.3,16.0
30,128,Veracruz,Perote,2021,PV,4.4,0.3
30,134,Veracruz,Puente Nacional,2021,PV,23.6,19.28571429
30,141,Veracruz,San Andrés Tuxtla,2021,PV,21.3,15.3
30,142,Veracruz,San Juan Evangelista,2021,PV,22.8,17.2
30,143,Veracruz,Santiago Tuxtla,2021,PV,22.9,16.4
30,155,Veracruz,Tantoyuca,2021,PV,19.1,11.2
30,160,Veracruz,Álamo Temapache,2021,PV,19.6,13.7
30,161,Veracruz,Tempoal,2021,PV,20.2,12.5
30,163,Veracruz,Tenochtitlán,2021,PV,15.5,10.4
30,165,Veracruz,Tepatlaxco,2021,PV,16.8,12.7
30,169,Veracruz,José Azueta,2021,PV,22.8,19.85714286
30,175,Veracruz,Tihuatlán,2021,PV,22.1,15.5
30,182,Veracruz,Tlalnelhuayocan,2021,PV,14.5,9.6
30,188,Veracruz,Totutla,2021,PV,14.9,10.2
30,189,Veracruz,Tuxpan,2021,PV,21.5,15.0
30,193,Veracruz,Veracruz,2021,PV,23.4,
31,010,Yucatán,Cantamayec,2021,PV,21.6,16.8
31,011,Yucatán,Celestún,2021,PV,23.2,19.7
31,023,Yucatán,Chocholá,2021,PV,22.7,17.7
31,050,Yucatán,Mérida,2021,PV,22.0,16.46774194
31,051,Yucatán,Mocochá,2021,PV,20.7,14.4
31,052,Yucatán,Motul,2021,PV,19.2,14.0
31,053,Yucatán,Muna,2021,PV,22.0,17.1
31,056,Yucatán,Oxkutzcab,2021,PV,20.3,12.19354839
31,058,Yucatán,Peto,2021,PV,19.5,15.4
31,059,Yucatán,Progreso,2021,PV,23.3,19.2
31,061,Yucatán,Río Lagartos,2021,PV,21.6,18.3
31,079,Yucatán,Tekax,2021,PV,21.3,17.11666667
31,089,Yucatán,Ticul,2021,PV,20.6,16.5
31,096,Yucatán,Tizimín,2021,PV,20.6,16.8
31,098,Yucatán,Tzucacab,2021,PV,22.3,12.95
31,102,Yucatán,Valladolid,2021,PV,22.2,18.1
32,003,Zacatecas,Atolinga,2021,PV,5.5,2.979310345
32,005,Zacatecas,Calera,2021,PV,6.9,1.1
32,007,Zacatecas,Concepción del Oro,2021,PV,12.4,3.8
32,008,Zacatecas,Cuauhtémoc,2021,PV,7.6,4.295238095
32,009,Zacatecas,Chalchihuites,2021,PV,10.9,4.708333333
32,010,Zacatecas,Fresnillo,2021,PV,5.8,0.5
32,012,Zacatecas,Genaro Codina,2021,PV,8.0,0.5
32,014,Zacatecas,General Francisco R. Murguía,2021,PV,9.4,5.068181818
32,015,Jalisco,El Plateado de Joaquín Amaro,2021,PV,13.7,11.0
32,016,Zacatecas,General Pánfilo Natera,2021,PV,5.8,-0.2
32,017,Zacatecas,Guadalupe,2021,PV,12.0,4.9
32,019,Zacatecas,Jalpa,2021,PV,12.1,8.1
32,020,Zacatecas,Jerez,2021,PV,6.8,2.4
32,022,Zacatecas,Juan Aldama,2021,PV,9.9,2.5
32,023,Zacatecas,Juchipila,2021,PV,10.4,5.6
32,024,Zacatecas,Loreto,2021,PV,9.4,3.1
32,025,Zacatecas,Luis Moya,2021,PV,9.0,2.4
32,026,Zacatecas,Mazapil,2021,PV,10.2,-0.2
32,028,Zacatecas,Mezquital del Oro,2021,PV,13.9,7.85
32,029,Zacatecas,Miguel Auza,2021,PV,8.8,2.2
32,031,Zacatecas,Monte Escobedo,2021,PV,7.2,0.7
32,032,Zacatecas,Morelos,2021,PV,12.9,
32,034,Zacatecas,Nochistlán de Mejía,2021,PV,8.5,2.935483871
32,036,Zacatecas,Ojocaliente,2021,PV,9.9,2.8
32,038,Zacatecas,Pinos,2021,PV,7.1,1.9
32,039,Zacatecas,Río Grande,2021,PV,7.9,-0.7
32,040,Zacatecas,Sain Alto,2021,PV,8.5,0.4
32,042,Zacatecas,Sombrerete,2021,PV,10.1,4.276666667
32,044,Zacatecas,Tabasco,2021,PV,14.7,8.916666667
32,045,Zacatecas,Tepechitlán,2021,PV,7.4,2.5
32,047,Zacatecas,Teúl de González Ortega,2021,PV,8.6,2.0
32,048,Zacatecas,Tlaltenango de Sánchez Román,2021,PV,7.4,3.709677419
32,049,Zacatecas,Valparaíso,2021,PV,3.8,-3.0
32,051,Zacatecas,Villa de Cos,2021,PV,12.1,1.6
32,053,Zacatecas,Villa González Ortega,2021,PV,10.2,4.0
32,054,Zacatecas,Villa Hidalgo,2021,PV,9.9,3.6
32,055,Zacatecas,Villanueva,2021,PV,6.7,2.092592593
32,056,Zacatecas,Zacatecas,2021,PV,10.8,5.4
01,001,Aguascalientes,Aguascalientes,2022,OI,-1.8,-2.4
01,002,Aguascalientes,Asientos,2022,OI,-1.0,-1.0
01,003,Aguascalientes,Calvillo,2022,OI,2.4,1.2
01,004,Aguascalientes,Cosío,2022,OI,-1.2,-0.8
01,005,Aguascalientes,Jesús María,2022,OI,4.5,4.1
01,006,Aguascalientes,Pabellón de Arteaga,2022,OI,4.2,3.3
01,007,Aguascalientes,Rincón de Romos,2022,OI,5.6,4.2
01,008,Aguascalientes,San José de Gracia,2022,OI,0.7,-0.2
01,009,Aguascalientes,Tepezalá,2022,OI,7.1,6.5
01,010,Aguascalientes,El Llano,2022,OI,1.1,-0.2
02,001,Baja California,Ensenada,2022,OI,-1.8,-4.9
02,002,Baja California,Mexicali,2022,OI,3.4,4.5
02,003,Baja California,Tecate,2022,OI,-1.1,0.0
02,004,Baja California,Tijuana,2022,OI,8.3,8.3
02,005,Baja California,Playas de Rosarito,2022,OI,10.4,9.7
02,006,Baja California,San Quintín,2022,OI,7.5,6.6
02,007,Baja California,San Felipe,2022,OI,9.6,8.4
03,001,Baja California Sur,Comondú,2022,OI,7.4,6.5
03,002,Baja California Sur,Mulegé,2022,OI,3.1,1.7
03,003,Baja California Sur,La Paz,2022,OI,7.8,5.7
03,008,Baja California Sur,Los Cabos,2022,OI,6.2,3.7
03,009,Baja California Sur,Loreto,2022,OI,11.8,12.3
04,002,Campeche,Campeche,2022,OI,15.1,15.3
04,003,Campeche,Carmen,2022,OI,18.2,18.5
04,004,Campeche,Champotón,2022,OI,17.5,17.9
04,005,Campeche,Hecelchakán,2022,OI,19.4,18.1
04,006,Campeche,Hopelchén,2022,OI,16.2,16.5
04,007,Campeche,Palizada,2022,OI,18.3,18.6
04,009,Campeche,Escárcega,2022,OI,19.5,19.7
04,010,Campeche,Calakmul,2022,OI,16.5,17.6
04,011,Campeche,Candelaria,2022,OI,17.6,18.5
05,002,Coahuila,Acuña,2022,OI,3.4,4.4
05,003,Coahuila,Allende,2022,OI,4.2,4.7
05,004,Coahuila,Arteaga,2022,OI,2.0,4.0
05,005,Coahuila,Candela,2022,OI,5.8,12.7
05,007,Coahuila,Cuatro Ciénegas,2022,OI,4.5,4.5
05,009,Coahuila,Francisco I. Madero,2022,OI,5.5,3.3
05,010,Coahuila,Frontera,2022,OI,5.6,12.1
05,014,Coahuila,Jiménez,2022,OI,2.9,5.1
05,015,Coahuila,Juárez,2022,OI,4.6,5.6
05,017,Coahuila,Matamoros,2022,OI,1.6,3.9
05,018,Coahuila,Monclova,2022,OI,7.1,6.9
05,020,Coahuila,Múzquiz,2022,OI,1.5,2.4
05,022,Coahuila,Nava,2022,OI,4.0,11.8
05,024,Coahuila,Parras,2022,OI,5.4,7.3
05,025,Coahuila,Piedras Negras,2022,OI,5.3,5.4
05,026,Coahuila,Progreso,2022,OI,3.3,2.9
05,027,Coahuila,Ramos Arizpe,2022,OI,3.6,6.4
05,028,Coahuila,Sabinas,2022,OI,3.7,4.8
05,030,Coahuila,Saltillo,2022,OI,3.5,5.4
05,032,Coahuila,San Juan de Sabinas,2022,OI,2.1,4.9
05,033,Coahuila,San Pedro,2022,OI,4.3,3.1
05,034,Coahuila,Sierra Mojada,2022,OI,5.0,5.7
05,035,Coahuila,Torreón,2022,OI,3.7,5.4
05,036,Coahuila,Viesca,2022,OI,3.4,6.0
06,001,Colima,Armería,2022,OI,16.0,16.9
06,002,Colima,Colima,2022,OI,14.6,15.1
06,003,Colima,Comala,2022,OI,17.4,17.1
06,004,Colima,Coquimatlán,2022,OI,11.9,12.9
06,005,Colima,Cuauhtémoc,2022,OI,13.9,13.8
06,006,Colima,Ixtlahuacán,2022,OI,14.8,24.7
06,007,Colima,Manzanillo,2022,OI,17.2,18.9
06,009,Colima,Tecomán,2022,OI,13.4,15.2
07,001,Chiapas,Acacoyagua,2022,OI,19.7,19.7
07,002,Chiapas,Acala,2022,OI,15.9,15.9
07,003,Chiapas,Acapetahua,2022,OI,19.7,17.7
07,005,Chiapas,Amatán,2022,OI,16.6,17.5
07,008,Chiapas,Ángel Albino Corzo,2022,OI,7.3,6.3
07,009,Chiapas,Arriaga,2022,OI,21.2,20.1
07,013,Chiapas,Bochil,2022,OI,8.0,8.0
07,019,Chiapas,Comitán de Domínguez,2022,OI,11.5,11.6
07,020,Chiapas,La Concordia,2022,OI,13.2,11.8
07,027,Chiapas,Chiapa de Corzo,2022,OI,15.3,14.4
07,029,Chiapas,Chicoasén,2022,OI,16.4,15.7
07,030,Chiapas,Chicomuselo,2022,OI,12.5,12.5
07,032,Chiapas,Escuintla,2022,OI,14.2,14.9
07,034,Chiapas,Frontera Comalapa,2022,OI,13.1,14.4
07,037,Chiapas,Huehuetán,2022,OI,23.6,23.3
07,040,Chiapas,Huixtla,2022,OI,23.1,22.4
07,046,Chiapas,Jiquipilas,2022,OI,15.0,14.0
07,049,Chiapas,Larráinzar,2022,OI,17.0,16.5
07,051,Chiapas,Mapastepec,2022,OI,20.0,20.2
07,052,Chiapas,Las Margaritas,2022,OI,11.7,11.4
07,057,Chiapas,Motozintla,2022,OI,11.4,12.1
07,059,Chiapas,Ocosingo,2022,OI,15.3,14.3
07,061,Chiapas,Ocozocoautla de Espinosa,2022,OI,15.6,13.9
07,062,Chiapas,Ostuacán,2022,OI,17.6,17.7
07,063,Chiapas,Osumacinta,2022,OI,18.6,18.0
07,064,Chiapas,Oxchuc,2022,OI,6.5,5.6
07,065,Chiapas,Palenque,2022,OI,18.8,18.9
07,068,Chiapas,Pichucalco,2022,OI,18.1,18.6
07,071,Chiapas,Villa Comaltitlán,2022,OI,17.6,14.9
07,072,Chiapas,Pueblo Nuevo Solistahuacán,2022,OI,10.8,10.8
07,077,Chiapas,Salto de Agua,2022,OI,18.0,18.6
07,078,Chiapas,San Cristóbal de las Casas,2022,OI,4.2,4.9
07,080,Chiapas,Siltepec,2022,OI,14.4,14.4
07,082,Chiapas,Sitalá,2022,OI,13.7,14.4
07,085,Chiapas,Soyaló,2022,OI,16.5,17.7
07,086,Chiapas,Suchiapa,2022,OI,15.9,16.3
07,087,Chiapas,Suchiate,2022,OI,20.1,20.8
07,089,Chiapas,Tapachula,2022,OI,16.5,16.9
07,091,Chiapas,Tapilula,2022,OI,15.8,16.6
07,092,Chiapas,Tecpatán,2022,OI,16.4,15.9
07,094,Chiapas,Teopisca,2022,OI,7.3,8.1
07,097,Chiapas,Tonalá,2022,OI,20.3,19.9
07,099,Chiapas,La Trinitaria,2022,OI,11.1,11.3
07,101,Chiapas,Tuxtla Gutiérrez,2022,OI,16.1,16.1
07,102,Chiapas,Tuxtla Chico,2022,OI,19.1,20.1
07,106,Chiapas,Venustiano Carranza,2022,OI,14.1,14.4
07,107,Chiapas,Villa Corzo,2022,OI,14.8,13.8
07,108,Chiapas,Villaflores,2022,OI,14.0,13.0
07,112,Chiapas,San Juan Cancuc,2022,OI,13.3,13.9
07,116,Chiapas,Marqués de Comillas,2022,OI,19.2,21.8
07,123,Chiapas,Emiliano Zapata,2022,OI,17.6,17.0
07,124,Chiapas,Mezcalapa,2022,OI,20.8,13.5
08,001,Chihuahua,Ahumada,2022,OI,-2.7,1.9
08,002,Chihuahua,Aldama,2022,OI,0.4,-0.1
08,006,Chihuahua,Bachíniva,2022,OI,-1.6,-1.8
08,007,Chihuahua,Balleza,2022,OI,-4.4,-6.0
08,008,Chihuahua,Batopilas de Manuel Gómez Morín,2022,OI,9.5,5.8
08,009,Chihuahua,Bocoyna,2022,OI,-0.8,-2.3
08,010,Chihuahua,Buenaventura,2022,OI,-1.9,-1.5
08,014,Chihuahua,Coronado,2022,OI,-0.6,-1.6
08,017,Chihuahua,Cuauhtémoc,2022,OI,2.2,2.1
08,019,Chihuahua,Chihuahua,2022,OI,-6.6,-7.1
08,020,Chihuahua,Chínipas,2022,OI,5.3,4.8
08,021,Chihuahua,Delicias,2022,OI,2.6,3.5
08,027,Chihuahua,Guachochi,2022,OI,-6.4,-5.1
08,029,Chihuahua,Guadalupe y Calvo,2022,OI,-2.8,-3.4
08,031,Chihuahua,Guerrero,2022,OI,-4.5,-3.6
08,032,Chihuahua,Hidalgo del Parral,2022,OI,2.8,1.8
08,035,Chihuahua,Janos,2022,OI,-2.5,-2.7
08,036,Chihuahua,Jiménez,2022,OI,0.4,-0.1
08,037,Chihuahua,Juárez,2022,OI,0.4,5.2
08,040,Chihuahua,Madera,2022,OI,-8.5,-8.5
08,041,Chihuahua,Maguarichi,2022,OI,5.6,5.0
08,043,Chihuahua,Matachí,2022,OI,-7.3,-6.8
08,047,Chihuahua,Moris,2022,OI,1.9,5.7
08,050,Chihuahua,Nuevo Casas Grandes,2022,OI,-0.6,-0.8
08,052,Chihuahua,Ojinaga,2022,OI,-1.0,0.2
08,055,Chihuahua,Rosales,2022,OI,2.6,2.2
08,058,Chihuahua,San Francisco de Conchos,2022,OI,-0.8,-1.8
08,061,Chihuahua,Satevó,2022,OI,1.7,2.2
08,063,Chihuahua,Temósachic,2022,OI,-6.7,-6.1
08,065,Chihuahua,Urique,2022,OI,7.5,5.7
08,067,Chihuahua,Valle de Zaragoza,2022,OI,0.9,0.2
09,002,Ciudad de México,Azcapotzalco,2022,OI,10.0,10.0
09,004,Ciudad de México,Cuajimalpa de Morelos,2022,OI,8.5,8.5
09,005,Ciudad de México,Gustavo A. Madero,2022,OI,4.4,4.4
09,006,Ciudad de México,Iztacalco,2022,OI,9.6,9.7
09,007,Ciudad de México,Iztapalapa,2022,OI,10.7,10.7
09,009,Ciudad de México,Milpa Alta,2022,OI,7.8,7.8
09,010,Ciudad de México,Álvaro Obregón,2022,OI,7.1,7.8
09,012,Ciudad de México,Tlalpan,2022,OI,3.9,-0.4
09,013,Ciudad de México,Xochimilco,2022,OI,6.9,6.9
09,014,Ciudad de México,Benito Juárez,2022,OI,10.0,10.3
09,015,Ciudad de México,Cuauhtémoc,2022,OI,10.8,10.9
09,016,Ciudad de México,Miguel Hidalgo,2022,OI,7.6,7.6
09,017,Ciudad de México,Venustiano Carranza,2022,OI,8.1,8.1
10,001,Durango,Canatlán,2022,OI,1.8,1.2
10,003,Durango,Coneto de Comonfort,2022,OI,2.3,5.5
10,004,Durango,Cuencamé,2022,OI,5.4,6.7
10,004,Morelos,Cuencamé,2022,OI,2.6,5.0
10,005,Durango,Durango,2022,OI,-7.6,-9.0
10,008,Durango,Guadalupe Victoria,2022,OI,2.2,1.1
10,009,Durango,Guanaceví,2022,OI,-11.2,-9.4
10,010,Durango,Hidalgo,2022,OI,1.0,-0.1
10,011,Durango,Indé,2022,OI,3.0,1.4
10,012,Durango,Lerdo,2022,OI,5.7,4.3
10,013,Durango,Mapimí,2022,OI,0.8,2.3
10,015,Durango,Nazas,2022,OI,2.2,0.0
10,017,Durango,Ocampo,2022,OI,-1.9,-2.6
10,018,Durango,El Oro,2022,OI,-1.5,-1.5
10,020,Durango,Pánuco de Coronado,2022,OI,0.2,0.5
10,021,Durango,Peñón Blanco,2022,OI,-2.8,-2.5
10,022,Durango,Poanas,2022,OI,2.3,1.1
10,023,Durango,Pueblo Nuevo,2022,OI,-5.2,-5.1
10,024,Durango,Rodeo,2022,OI,3.0,3.8
10,025,Durango,San Bernardo,2022,OI,-1.6,-0.7
10,026,Durango,San Dimas,2022,OI,-4.2,-5.4
10,027,Durango,San Juan de Guadalupe,2022,OI,2.3,1.3
10,028,Durango,San Juan del Río,2022,OI,3.9,5.7
10,030,Durango,San Pedro del Gallo,2022,OI,3.7,2.9
10,031,Durango,Santa Clara,2022,OI,-0.6,-1.8
10,031,Zacatecas,Santa Clara,2022,OI,3.4,1.1
10,032,Durango,Santiago Papasquiaro,2022,OI,-0.2,-2.3
10,033,Durango,Súchil,2022,OI,-3.0,-4.2
10,034,Durango,Tamazula,2022,OI,11.2,10.4
10,035,Durango,Tepehuanes,2022,OI,-1.5,-2.8
10,036,Durango,Tlahualilo,2022,OI,2.1,4.2
10,037,Durango,Topia,2022,OI,12.8,12.2
10,038,Durango,Vicente Guerrero,2022,OI,0.9,-1.1
10,039,Durango,Nuevo Ideal,2022,OI,-2.1,-3.9
11,001,Guanajuato,Abasolo,2022,OI,9.1,7.8
11,002,Guanajuato,Acámbaro,2022,OI,7.3,7.1
11,003,Guanajuato,San Miguel de Allende,2022,OI,2.3,2.3
11,004,Guanajuato,Apaseo el Alto,2022,OI,8.3,8.8
11,005,Guanajuato,Apaseo el Grande,2022,OI,5.5,5.5
11,006,Guanajuato,Atarjea,2022,OI,6.6,6.6
11,007,Guanajuato,Celaya,2022,OI,4.4,5.1
11,008,Guanajuato,Manuel Doblado,2022,OI,4.4,4.4
11,010,Guanajuato,Coroneo,2022,OI,0.9,0.8
11,011,Guanajuato,Cortazar,2022,OI,2.9,2.1
11,012,Guanajuato,Cuerámaro,2022,OI,6.8,7.6
11,014,Guanajuato,Dolores Hidalgo Cuna de la Independencia Nacional,2022,OI,2.1,1.1
11,015,Guanajuato,Guanajuato,2022,OI,4.5,4.3
11,017,Guanajuato,Irapuato,2022,OI,4.7,4.7
11,018,Guanajuato,Jaral del Progreso,2022,OI,5.4,5.2
11,019,Guanajuato,Jerécuaro,2022,OI,6.8,5.8
11,020,Guanajuato,León,2022,OI,6.7,6.5
11,022,Guanajuato,Ocampo,2022,OI,4.3,2.2
11,023,Guanajuato,Pénjamo,2022,OI,6.7,5.0
11,025,Guanajuato,Purísima del Rincón,2022,OI,4.7,4.4
11,027,Guanajuato,Salamanca,2022,OI,5.5,5.2
11,028,Guanajuato,Salvatierra,2022,OI,3.1,3.1
11,030,Guanajuato,San Felipe,2022,OI,1.0,0.2
11,033,Guanajuato,San Luis de la Paz,2022,OI,0.5,1.1
11,037,Guanajuato,Silao de la Victoria,2022,OI,6.0,5.8
11,042,Guanajuato,Valle de Santiago,2022,OI,4.8,6.1
11,045,Guanajuato,Xichú,2022,OI,8.0,8.0
12,001,Guerrero,Acapulco de Juárez,2022,OI,17.2,18.6
12,003,Guerrero,Ajuchitlán del Progreso,2022,OI,18.1,18.1
12,005,Guerrero,Alpoyeca,2022,OI,11.4,11.9
12,011,Guerrero,Atoyac de Álvarez,2022,OI,19.0,21.0
12,012,Guerrero,Ayutla de los Libres,2022,OI,17.1,16.8
12,014,Guerrero,Benito Juárez,2022,OI,20.5,21.3
12,015,Guerrero,Buenavista de Cuéllar,2022,OI,12.1,12.1
12,021,Guerrero,Coyuca de Benítez,2022,OI,19.6,19.4
12,023,Guerrero,Cuajinicuilapa,2022,OI,22.2,22.2
12,028,Guerrero,Chilapa de Álvarez,2022,OI,10.5,10.6
12,029,Guerrero,Chilpancingo de los Bravo,2022,OI,12.1,11.7
12,032,Guerrero,General Heliodoro Castillo,2022,OI,8.3,8.3
12,035,Guerrero,Iguala de la Independencia,2022,OI,15.4,15.4
12,036,Guerrero,Igualapa,2022,OI,17.7,17.6
12,038,Guerrero,Zihuatanejo de Azueta,2022,OI,17.6,22.2
12,039,Guerrero,Juan R. Escudero,2022,OI,18.8,18.3
12,040,Guerrero,Leonardo Bravo,2022,OI,9.8,9.8
12,044,Guerrero,Mochitlán,2022,OI,14.5,15.4
12,045,Guerrero,Olinalá,2022,OI,11.2,11.2
12,046,Guerrero,Ometepec,2022,OI,14.0,14.7
12,050,Guerrero,Pungarabato,2022,OI,17.8,17.8
12,053,Guerrero,San Marcos,2022,OI,12.3,12.2
12,055,Guerrero,Taxco de Alarcón,2022,OI,14.5,14.3
12,057,Guerrero,Técpan de Galeana,2022,OI,20.2,20.8
12,059,Guerrero,Tepecoacuilco de Trujano,2022,OI,18.0,18.0
12,061,Guerrero,Tixtla de Guerrero,2022,OI,12.2,12.3
12,066,Guerrero,Tlapa de Comonfort,2022,OI,12.8,12.7
12,068,Guerrero,La Unión de Isidoro Montes de Oca,2022,OI,18.4,19.2
12,068,Michoacán,La Unión de Isidoro Montes de Oca,2022,OI,19.6,19.9
12,070,Guerrero,Xochihuehuetlán,2022,OI,10.8,10.8
12,073,Guerrero,Zirándaro,2022,OI,11.5,14.5
13,002,Hidalgo,Acaxochitlán,2022,OI,7.1,6.8
13,003,Hidalgo,Actopan,2022,OI,3.1,2.9
13,006,Hidalgo,Alfajayucan,2022,OI,6.0,5.7
13,008,Hidalgo,Apan,2022,OI,0.5,0.5
13,011,Hidalgo,Atlapexco,2022,OI,13.5,15.0
13,013,Hidalgo,Atotonilco de Tula,2022,OI,4.7,4.4
13,016,Hidalgo,Cuautepec de Hinojosa,2022,OI,4.1,3.3
13,019,Hidalgo,Chilcuautla,2022,OI,5.9,5.8
13,027,Hidalgo,Huehuetla,2022,OI,12.5,13.5
13,028,Hidalgo,Huejutla de Reyes,2022,OI,15.5,15.8
13,028,Veracruz,Huejutla de Reyes,2022,OI,12.7,13.5
13,030,Hidalgo,Ixmiquilpan,2022,OI,6.6,6.6
13,037,Hidalgo,Metztitlán,2022,OI,9.2,9.4
13,038,Hidalgo,Mineral del Chico,2022,OI,4.3,4.3
13,046,Hidalgo,San Felipe Orizatlán,2022,OI,12.6,14.7
13,048,Hidalgo,Pachuca de Soto,2022,OI,4.1,4.1
13,058,Hidalgo,Tasquillo,2022,OI,7.4,7.4
13,064,Hidalgo,Tepetitlán,2022,OI,6.0,5.4
13,077,Hidalgo,Tulancingo de Bravo,2022,OI,6.2,6.3
13,081,Hidalgo,Zacualtipán de Ángeles,2022,OI,5.7,5.3
13,084,Hidalgo,Zimapán,2022,OI,7.1,7.1
14,002,Jalisco,Acatlán de Juárez,2022,OI,5.0,4.6
14,006,Jalisco,Ameca,2022,OI,6.8,5.7
14,013,Jalisco,Atotonilco el Alto,2022,OI,7.8,7.4
14,014,Jalisco,Atoyac,2022,OI,12.0,
14,015,Jalisco,Autlán de Navarro,2022,OI,10.9,11.1
14,017,Jalisco,Ayutla,2022,OI,8.2,8.5
14,018,Jalisco,La Barca,2022,OI,9.5,9.5
14,019,Jalisco,Bolaños,2022,OI,11.2,9.1
14,022,Jalisco,Cihuatlán,2022,OI,16.8,18.1
14,023,Jalisco,Zapotlán el Grande,2022,OI,7.9,7.8
14,025,Jalisco,Colotlán,2022,OI,3.0,3.0
14,030,Jalisco,Chapala,2022,OI,9.8,9.8
14,033,Jalisco,Degollado,2022,OI,8.1,7.2
14,039,Jalisco,Guadalajara,2022,OI,8.9,8.0
14,041,Jalisco,Huejúcar,2022,OI,1.8,0.8
14,043,Jalisco,La Huerta,2022,OI,20.0,20.0
14,046,Jalisco,Jalostotitlán,2022,OI,0.1,-0.8
14,047,Jalisco,Jamay,2022,OI,5.3,5.3
14,049,Jalisco,Jilotlán de los Dolores,2022,OI,16.8,16.8
14,050,Jalisco,Jocotepec,2022,OI,11.1,10.8
14,051,Jalisco,Juanacatlán,2022,OI,6.3,5.9
14,053,Jalisco,Lagos de Moreno,2022,OI,2.2,2.0
14,054,Jalisco,El Limón,2022,OI,11.5,10.1
14,058,Jalisco,Mascota,2022,OI,4.8,7.2
14,061,Jalisco,Mezquitic,2022,OI,2.2,1.6
14,063,Jalisco,Ocotlán,2022,OI,5.7,6.7
14,065,Jalisco,Pihuamo,2022,OI,14.9,15.7
14,066,Jalisco,Poncitlán,2022,OI,6.8,8.4
14,067,Jalisco,Puerto Vallarta,2022,OI,14.1,14.8
14,068,Jalisco,Villa Purificación,2022,OI,12.0,12.4
14,070,Jalisco,El Salto,2022,OI,11.2,10.0
14,071,Jalisco,San Cristóbal de la Barranca,2022,OI,9.3,9.0
14,081,Jalisco,Santa María de los Ángeles,2022,OI,9.2,2.4
14,083,Jalisco,Tala,2022,OI,9.9,9.2
14,091,Jalisco,Teocaltiche,2022,OI,2.1,0.8
14,095,Jalisco,Teuchitlán,2022,OI,7.0,6.1
14,096,Jalisco,Tizapán el Alto,2022,OI,11.3,11.3
14,097,Jalisco,Tlajomulco de Zúñiga,2022,OI,5.9,5.9
14,098,Jalisco,San Pedro Tlaquepaque,2022,OI,10.5,9.9
14,099,Jalisco,Tolimán,2022,OI,8.0,7.6
14,100,Jalisco,Tomatlán,2022,OI,17.4,17.9
14,108,Jalisco,Tuxpan,2022,OI,3.2,3.5
14,118,Jalisco,Yahualica de González Gallo,2022,OI,4.7,3.5
14,120,Jalisco,Zapopan,2022,OI,7.7,7.0
14,124,Jalisco,Zapotlanejo,2022,OI,5.5,5.5
15,002,Estado de México,Acolman,2022,OI,2.1,1.8
15,003,Estado de México,Aculco,2022,OI,1.6,-0.6
15,003,Querétaro,Aculco,2022,OI,6.0,5.8
15,005,Estado de México,Almoloya de Juárez,2022,OI,-1.7,-2.8
15,007,Estado de México,Amanalco,2022,OI,-2.7,-2.9
15,009,Estado de México,Amecameca,2022,OI,-0.2,-0.1
15,011,Estado de México,Atenco,2022,OI,3.6,3.6
15,013,Estado de México,Atizapán de Zaragoza,2022,OI,4.5,4.5
15,014,Estado de México,Atlacomulco,2022,OI,0.6,0.5
15,032,Estado de México,Donato Guerra,2022,OI,5.3,5.5
15,033,Estado de México,Ecatepec de Morelos,2022,OI,4.2,4.6
15,038,Estado de México,Isidro Fabela,2022,OI,1.2,1.5
15,039,Estado de México,Ixtapaluca,2022,OI,1.3,1.3
15,042,Estado de México,Ixtlahuaca,2022,OI,-0.3,-1.1
15,045,Estado de México,Jilotepec,2022,OI,0.3,-0.6
15,048,Estado de México,Jocotitlán,2022,OI,2.5,2.5
15,052,Estado de México,Malinalco,2022,OI,12.9,12.9
15,055,Estado de México,Mexicaltzingo,2022,OI,7.1,7.0
15,057,Estado de México,Naucalpan de Juárez,2022,OI,-0.6,-0.5
15,063,Estado de México,Ocuilan,2022,OI,4.5,3.2
15,074,Estado de México,San Felipe del Progreso,2022,OI,1.1,0.5
15,078,Estado de México,Santo Tomás,2022,OI,17.6,17.6
15,083,Estado de México,Temamatla,2022,OI,3.1,3.1
15,085,Estado de México,Temascalcingo,2022,OI,3.8,3.8
15,087,Estado de México,Temoaya,2022,OI,-2.3,-2.6
15,090,Estado de México,Tenango del Valle,2022,OI,-0.3,0.3
15,091,Estado de México,Teoloyucan,2022,OI,2.4,2.0
15,093,Estado de México,Tepetlaoxtoc,2022,OI,8.5,9.5
15,095,Estado de México,Tepotzotlán,2022,OI,2.4,2.5
15,096,Estado de México,Tequixquiac,2022,OI,0.8,0.4
15,097,Estado de México,Texcaltitlán,2022,OI,2.8,2.5
15,099,Estado de México,Texcoco,2022,OI,3.7,3.7
15,100,Estado de México,Tezoyuca,2022,OI,6.9,7.0
15,101,Estado de México,Tianguistenco,2022,OI,0.7,-0.8
15,106,Estado de México,Toluca,2022,OI,-0.2,-0.3
15,109,Estado de México,Tultitlán,2022,OI,7.1,5.8
15,111,Estado de México,Villa de Allende,2022,OI,-1.4,-2.6
15,112,Estado de México,Villa del Carbón,2022,OI,1.2,0.8
15,113,Estado de México,Villa Guerrero,2022,OI,5.2,5.0
15,118,Estado de México,Zinacantepec,2022,OI,0.4,0.4
15,121,Estado de México,Cuautitlán Izcalli,2022,OI,6.7,7.2
16,003,Michoacán,Álvaro Obregón,2022,OI,7.4,7.4
16,004,Michoacán,Angamacutiro,2022,OI,7.5,6.7
16,006,Michoacán,Apatzingán,2022,OI,15.1,15.3
16,010,Michoacán,Arteaga,2022,OI,18.5,18.8
16,017,Michoacán,Contepec,2022,OI,3.9,4.1
16,019,Michoacán,Cotija,2022,OI,8.2,6.9
16,034,Michoacán,Hidalgo,2022,OI,2.5,2.4
16,035,Michoacán,La Huacana,2022,OI,14.1,14.8
16,038,Michoacán,Huetamo,2022,OI,15.2,14.2
16,039,Michoacán,Huiramba,2022,OI,2.5,2.5
16,042,Michoacán,Ixtlán,2022,OI,5.7,6.5
16,043,Michoacán,Jacona,2022,OI,7.5,7.4
16,044,Michoacán,Jiménez,2022,OI,4.8,4.8
16,049,Michoacán,Madero,2022,OI,5.3,5.3
16,050,Michoacán,Maravatío,2022,OI,3.6,3.1
16,052,Michoacán,Lázaro Cárdenas,2022,OI,19.6,20.2
16,053,Michoacán,Morelia,2022,OI,5.9,5.4
16,061,Michoacán,Ocampo,2022,OI,2.2,1.1
16,067,Michoacán,Penjamillo,2022,OI,6.1,5.9
16,069,Michoacán,La Piedad,2022,OI,5.5,4.6
16,072,Michoacán,Queréndaro,2022,OI,5.0,4.3
16,076,Michoacán,Sahuayo,2022,OI,5.9,6.2
16,080,Michoacán,Senguio,2022,OI,2.6,2.1
16,085,Michoacán,Tangancícuaro,2022,OI,2.3,2.3
16,089,Michoacán,Tepalcatepec,2022,OI,14.1,14.5
16,102,Michoacán,Uruapan,2022,OI,6.4,5.4
16,103,Michoacán,Venustiano Carranza,2022,OI,8.5,8.5
16,104,Michoacán,Villamar,2022,OI,4.9,5.0
16,105,Michoacán,Vista Hermosa,2022,OI,5.4,3.2
16,106,Michoacán,Yurécuaro,2022,OI,9.3,8.1
16,107,Michoacán,Zacapu,2022,OI,9.5,12.7
16,108,Michoacán,Zamora,2022,OI,4.9,5.0
16,110,Michoacán,Zinapécuaro,2022,OI,4.2,4.2
16,113,Michoacán,José Sixto Verduzco,2022,OI,4.9,5.2
17,001,Morelos,Amacuzac,2022,OI,9.1,9.1
17,002,Morelos,Atlatlahucan,2022,OI,11.8,12.3
17,004,Morelos,Ayala,2022,OI,12.0,12.0
17,005,Morelos,Coatlán del Río,2022,OI,13.0,13.1
17,006,Morelos,Cuautla,2022,OI,11.5,10.6
17,007,Morelos,Cuernavaca,2022,OI,10.0,10.5
17,008,Morelos,Emiliano Zapata,2022,OI,12.3,12.2
17,009,Morelos,Huitzilac,2022,OI,-0.9,-0.7
17,011,Morelos,Jiutepec,2022,OI,12.1,11.7
17,012,Morelos,Jojutla,2022,OI,13.2,12.1
17,013,Morelos,Jonacatepec de Leandro Valle,2022,OI,8.5,8.5
17,014,Morelos,Mazatepec,2022,OI,13.1,13.1
17,015,Morelos,Miacatlán,2022,OI,12.4,12.4
17,016,Morelos,Ocuituco,2022,OI,6.4,5.9
17,017,Morelos,Puente de Ixtla,2022,OI,10.8,10.7
17,018,Morelos,Temixco,2022,OI,12.8,13.4
17,019,Morelos,Tepalcingo,2022,OI,12.5,12.5
17,020,Morelos,Tepoztlán,2022,OI,10.0,11.0
17,021,Morelos,Tetecala,2022,OI,11.8,11.8
17,023,Morelos,Tlalnepantla,2022,OI,4.2,3.6
17,024,Morelos,Tlaltizapán de Zapata,2022,OI,10.9,10.9
17,025,Morelos,Tlaquiltenango,2022,OI,11.1,10.6
17,026,Morelos,Tlayacapan,2022,OI,9.3,8.7
17,027,Morelos,Totolapan,2022,OI,10.0,10.3
17,028,Morelos,Xochitepec,2022,OI,12.3,11.0
17,029,Morelos,Yautepec,2022,OI,11.5,11.2
17,030,Morelos,Yecapixtla,2022,OI,10.2,10.7
17,031,Morelos,Zacatepec,2022,OI,12.0,11.4
17,032,Morelos,Zacualpan de Amilpas,2022,OI,10.3,9.8
17,033,Morelos,Temoac,2022,OI,10.8,9.3
17,035,Morelos,Xoxocotla,2022,OI,11.3,10.4
18,001,Nayarit,Acaponeta,2022,OI,11.6,12.6
18,006,Nayarit,Ixtlán del Río,2022,OI,9.0,8.2
18,008,Nayarit,Xalisco,2022,OI,6.4,7.9
18,009,Nayarit,Del Nayar,2022,OI,11.6,10.6
18,010,Nayarit,Rosamorada,2022,OI,10.9,13.7
18,011,Nayarit,Ruíz,2022,OI,12.9,14.6
18,012,Nayarit,San Blas,2022,OI,13.9,15.4
18,015,Nayarit,Santiago Ixcuintla,2022,OI,11.5,12.2
18,017,Nayarit,Tepic,2022,OI,12.4,12.0
18,020,Nayarit,Bahía de Banderas,2022,OI,14.3,16.1
19,003,Nuevo León,Los Aldamas,2022,OI,6.2,8.7
19,005,Nuevo León,Anáhuac,2022,OI,3.6,6.7
19,006,Nuevo León,Apodaca,2022,OI,7.8,12.6
19,007,Nuevo León,Aramberri,2022,OI,2.6,2.5
19,011,Nuevo León,Cerralvo,2022,OI,5.9,6.2
19,013,Nuevo León,China,2022,OI,8.5,9.0
19,014,Nuevo León,Doctor Arroyo,2022,OI,6.7,5.9
19,017,Nuevo León,Galeana,2022,OI,-1.2,-2.7
19,021,Nuevo León,General Escobedo,2022,OI,8.2,7.5
19,024,Nuevo León,General Zaragoza,2022,OI,5.6,5.2
19,025,Nuevo León,General Zuazua,2022,OI,7.5,12.3
19,026,Nuevo León,Guadalupe,2022,OI,7.5,9.2
19,033,Nuevo León,Linares,2022,OI,4.8,5.7
19,036,Nuevo León,Mier y Noriega,2022,OI,7.3,7.3
19,038,Nuevo León,Montemorelos,2022,OI,4.3,4.8
19,039,Nuevo León,Monterrey,2022,OI,3.1,4.0
19,042,Nuevo León,Los Ramones,2022,OI,4.7,7.5
19,046,Nuevo León,San Nicolás de los Garza,2022,OI,8.1,11.1
19,048,Nuevo León,Santa Catarina,2022,OI,6.8,7.7
19,049,Nuevo León,Santiago,2022,OI,5.6,7.3
20,006,Oaxaca,Asunción Nochixtlán,2022,OI,8.8,8.8
20,011,Oaxaca,Calihualá,2022,OI,9.7,9.7
20,014,Oaxaca,Ciudad Ixtepec,2022,OI,23.3,23.2
20,039,Oaxaca,Heroica Ciudad de Huajuapan de León,2022,OI,6.1,6.1
20,043,Oaxaca,Heroica Ciudad de Juchitán de Zaragoza,2022,OI,20.6,21.5
20,052,Oaxaca,Magdalena Tequisistlán,2022,OI,16.7,16.7
20,057,Oaxaca,Matías Romero Avendaño,2022,OI,18.1,18.7
20,059,Oaxaca,Miahuatlán de Porfirio Díaz,2022,OI,8.8,7.7
20,067,Oaxaca,Oaxaca de Juárez,2022,OI,8.9,8.9
20,073,Oaxaca,Putla Villa de Guerrero,2022,OI,9.2,9.8
20,079,Oaxaca,Salina Cruz,2022,OI,22.1,21.6
20,083,Oaxaca,San Agustín de las Juntas,2022,OI,9.2,9.2
20,105,Oaxaca,San Antonino Monte Verde,2022,OI,9.9,10.1
20,136,Oaxaca,San Felipe Usila,2022,OI,13.9,15.0
20,173,Oaxaca,San Juan Atepec,2022,OI,7.8,7.8
20,184,Oaxaca,San Juan Bautista Tuxtepec,2022,OI,15.0,16.4
20,221,Oaxaca,San Juan Teposcolula,2022,OI,1.8,1.8
20,228,Oaxaca,San Lorenzo Cuaunecuiltitla,2022,OI,8.7,9.1
20,237,Oaxaca,San Marcos Arteaga,2022,OI,14.9,13.3
20,250,Oaxaca,San Mateo Etlatongo,2022,OI,3.2,3.2
20,262,Oaxaca,San Miguel Amatlán,2022,OI,2.5,2.3
20,278,Oaxaca,San Miguel Soyaltepec,2022,OI,16.6,18.1
20,307,Oaxaca,San Pedro Huamelula,2022,OI,18.9,18.3
20,318,Oaxaca,San Pedro Mixtepec,2022,OI,18.5,
20,324,Oaxaca,San Pedro Pochutla,2022,OI,21.4,21.1
20,327,Oaxaca,San Pedro Tapanatepec,2022,OI,17.3,18.2
20,357,Oaxaca,Santa Ana Tavela,2022,OI,12.5,12.0
20,363,Oaxaca,Santa Catarina Ixtepeji,2022,OI,7.8,7.3
20,385,Oaxaca,Santa Cruz Xoxocotlán,2022,OI,9.1,9.1
20,413,Oaxaca,Santa María Huatulco,2022,OI,22.1,22.8
20,417,Oaxaca,Santa María Jacatepec,2022,OI,16.4,16.8
20,418,Oaxaca,Santa María Jalapa del Marqués,2022,OI,15.8,16.3
20,439,Oaxaca,Santa María Tonameca,2022,OI,17.1,16.4
20,459,Oaxaca,Villa de Santiago Chazumba,2022,OI,7.5,6.7
20,468,Oaxaca,Santiago Jocotepec,2022,OI,17.6,18.5
20,478,Oaxaca,Santiago Nacaltepec,2022,OI,7.8,7.6
20,498,Oaxaca,Santiago Yaveo,2022,OI,16.5,17.4
20,502,Oaxaca,Santiago Zacatepec,2022,OI,13.0,14.4
20,525,Oaxaca,Santo Domingo Zanatepec,2022,OI,14.2,14.8
20,537,Oaxaca,Silacayoápam,2022,OI,11.1,11.1
20,547,Oaxaca,Teotongo,2022,OI,3.8,2.9
20,549,Oaxaca,"Heroica Villa Tezoatlán de Segura y Luna, Cuna de la Independencia de Oaxaca",2022,OI,5.8,5.8
20,567,Oaxaca,Zapotitlán Lagunas,2022,OI,10.9,10.9
20,568,Oaxaca,Zapotitlán Palmas,2022,OI,10.5,10.7
21,001,Puebla,Acajete,2022,OI,4.7,4.0
21,002,Puebla,Acateno,2022,OI,15.6,15.2
21,003,Puebla,Acatlán,2022,OI,10.8,10.6
21,008,Puebla,Ahuazotepec,2022,OI,2.0,1.7
21,010,Puebla,Ajalpan,2022,OI,7.0,7.0
21,015,Puebla,Amozoc,2022,OI,6.5,6.1
21,019,Puebla,Atlixco,2022,OI,9.4,9.4
21,023,Puebla,Atzitzintla,2022,OI,2.8,2.8
21,025,Puebla,Ayotoxco de Guerrero,2022,OI,14.7,15.8
21,026,Puebla,Calpan,2022,OI,4.7,5.0
21,031,Puebla,Coatzingo,2022,OI,10.0,10.0
21,045,Puebla,Chalchicomula de Sesma,2022,OI,3.0,3.0
21,051,Puebla,Chietla,2022,OI,12.9,12.9
21,053,Puebla,Chignahuapan,2022,OI,1.5,1.5
21,059,Puebla,Chinantla,2022,OI,9.8,9.8
21,064,Puebla,Francisco Z. Mena,2022,OI,12.9,14.3
21,069,Puebla,Huaquechula,2022,OI,11.0,11.0
21,071,Puebla,Huauchinango,2022,OI,7.7,8.5
21,074,Puebla,Huejotzingo,2022,OI,4.9,4.9
21,083,Puebla,Ixtacamaxtitlán,2022,OI,1.6,1.6
21,085,Puebla,Izúcar de Matamoros,2022,OI,16.1,15.9
21,086,Puebla,Jalpan,2022,OI,13.3,14.7
21,094,Puebla,Libres,2022,OI,8.6,6.2
21,098,Puebla,Molcaxac,2022,OI,4.0,4.3
21,106,Puebla,Ocoyucan,2022,OI,5.1,5.1
21,108,Puebla,Oriental,2022,OI,8.1,8.7
21,109,Puebla,Pahuatlán,2022,OI,10.7,12.1
21,114,Puebla,Puebla,2022,OI,3.2,3.2
21,114,Tlaxcala,Puebla,2022,OI,3.2,2.8
21,132,Puebla,San Martín Texmelucan,2022,OI,3.0,2.4
21,140,Puebla,San Pedro Cholula,2022,OI,5.4,5.6
21,153,Puebla,Tecali de Herrera,2022,OI,4.2,3.7
21,154,Puebla,Tecamachalco,2022,OI,5.7,4.9
21,156,Puebla,Tehuacán,2022,OI,6.8,6.8
21,160,Puebla,Teotlalco,2022,OI,10.2,8.3
21,170,Puebla,Tepeyahualco,2022,OI,1.4,1.4
21,172,Puebla,Tetela de Ocampo,2022,OI,6.5,5.3
21,174,Puebla,Teziutlán,2022,OI,4.3,4.3
21,180,Puebla,Tlahuapan,2022,OI,4.6,4.6
21,184,Puebla,Tlapacoya,2022,OI,5.3,5.3
21,186,Puebla,Tlatlauquitepec,2022,OI,0.5,0.5
21,187,Puebla,Tlaxco,2022,OI,14.3,17.7
21,188,Morelos,Tochimilco,2022,OI,9.2,9.2
21,193,Puebla,Tzicatlacoyan,2022,OI,3.4,3.4
21,197,Puebla,Xicotepec,2022,OI,16.9,10.0
21,198,Puebla,Xicotlán,2022,OI,10.1,10.1
21,207,Puebla,Zacapoaxtla,2022,OI,6.0,7.6
21,209,Puebla,Zapotitlán,2022,OI,9.4,9.2
22,006,Querétaro,Corregidora,2022,OI,5.6,5.6
22,008,Querétaro,Huimilpan,2022,OI,5.5,5.5
22,009,Querétaro,Jalpan de Serra,2022,OI,6.6,6.2
22,011,Querétaro,El Marqués,2022,OI,4.5,4.5
22,013,Querétaro,Peñamiller,2022,OI,9.5,9.6
22,014,Querétaro,Querétaro,2022,OI,6.5,6.2
22,016,Querétaro,San Juan del Río,2022,OI,7.3,7.3
23,001,Quintana Roo,Cozumel,2022,OI,17.9,19.3
23,002,Quintana Roo,Felipe Carrillo Puerto,2022,OI,17.1,17.6
23,004,Quintana Roo,Othón P. Blanco,2022,OI,19.1,18.5
23,005,Quintana Roo,Benito Juárez,2022,OI,18.4,19.7
23,006,Quintana Roo,José María Morelos,2022,OI,18.1,18.7
23,007,Quintana Roo,Lázaro Cárdenas,2022,OI,18.2,19.0
23,008,Quintana Roo,Solidaridad,2022,OI,16.5,17.4
23,009,Quintana Roo,Tulum,2022,OI,17.5,18.7
24,003,San Luis Potosí,Aquismón,2022,OI,9.6,11.5
24,008,San Luis Potosí,Cerritos,2022,OI,8.3,8.2
24,010,Tamaulipas,Ciudad del Maíz,2022,OI,13.6,13.6
24,011,San Luis Potosí,Ciudad Fernández,2022,OI,10.7,11.9
24,013,San Luis Potosí,Ciudad Valles,2022,OI,11.8,12.8
24,016,San Luis Potosí,Ebano,2022,OI,12.6,14.2
24,020,San Luis Potosí,Matehuala,2022,OI,6.0,5.3
24,024,San Luis Potosí,Rioverde,2022,OI,10.2,10.2
24,027,San Luis Potosí,San Ciro de Acosta,2022,OI,9.1,9.7
24,028,San Luis Potosí,San Luis Potosí,2022,OI,4.6,4.6
24,034,San Luis Potosí,San Vicente Tancuayalab,2022,OI,13.5,14.4
24,034,Veracruz,San Vicente Tancuayalab,2022,OI,12.2,13.4
24,037,San Luis Potosí,Tamazunchale,2022,OI,9.8,10.8
24,041,San Luis Potosí,Tanlajás,2022,OI,11.6,13.0
24,050,San Luis Potosí,Villa de Reyes,2022,OI,4.8,4.8
24,053,San Luis Potosí,Axtla de Terrazas,2022,OI,12.5,13.9
24,057,San Luis Potosí,Matlapa,2022,OI,12.4,14.2
24,058,San Luis Potosí,El Naranjo,2022,OI,10.2,9.3
25,001,Sinaloa,Ahome,2022,OI,10.2,7.6
25,003,Sinaloa,Badiraguato,2022,OI,6.5,6.2
25,005,Sinaloa,Cosalá,2022,OI,11.2,11.1
25,006,Sinaloa,Culiacán,2022,OI,6.1,6.0
25,007,Sinaloa,Choix,2022,OI,7.5,5.7
25,008,Sinaloa,Elota,2022,OI,10.6,11.1
25,010,Sinaloa,El Fuerte,2022,OI,4.7,6.8
25,011,Sinaloa,Guasave,2022,OI,10.0,9.4
25,012,Sinaloa,Mazatlán,2022,OI,9.6,10.2
25,013,Sinaloa,Mocorito,2022,OI,8.6,8.4
25,014,Sinaloa,Rosario,2022,OI,9.9,9.8
25,015,Sinaloa,Salvador Alvarado,2022,OI,10.3,10.3
25,016,Sinaloa,San Ignacio,2022,OI,9.1,8.1
25,017,Sinaloa,Sinaloa,2022,OI,7.4,7.2
25,019,Sinaloa,Eldorado,2022,OI,10.4,12.6
26,001,Sonora,Aconchi,2022,OI,2.4,2.6
26,002,Sonora,Agua Prieta,2022,OI,-3.0,-2.9
26,003,Sonora,Álamos,2022,OI,3.4,4.3
26,004,Sonora,Altar,2022,OI,0.9,1.4
26,006,Sonora,Arizpe,2022,OI,-3.1,-1.7
26,009,Sonora,Bacanora,2022,OI,17.4,11.4
26,010,Sonora,Bacerac,2022,OI,-2.2,-1.3
26,012,Sonora,Bácum,2022,OI,5.0,5.0
26,013,Sonora,Banámichi,2022,OI,-1.9,-0.9
26,014,Sonora,Baviácora,2022,OI,0.1,0.9
26,015,Sonora,Bavispe,2022,OI,-0.1,-1.4
26,016,Sonora,Benjamín Hill,2022,OI,0.4,0.8
26,017,Sonora,Caborca,2022,OI,4.1,3.5
26,018,Sonora,Cajeme,2022,OI,4.5,4.3
26,019,Sonora,Cananea,2022,OI,2.0,2.6
26,020,Sonora,Carbó,2022,OI,3.8,4.9
26,022,Sonora,Cucurpe,2022,OI,-0.8,0.5
26,023,Sonora,Cumpas,2022,OI,1.4,2.4
26,025,Sonora,Empalme,2022,OI,6.2,7.1
26,026,Sonora,Etchojoa,2022,OI,4.2,4.8
26,029,Sonora,Guaymas,2022,OI,2.4,3.2
26,030,Sonora,Hermosillo,2022,OI,3.4,4.0
26,031,Sonora,Huachinera,2022,OI,-2.5,-1.3
26,032,Sonora,Huásabas,2022,OI,2.4,1.1
26,033,Sonora,Huatabampo,2022,OI,5.3,5.8
26,035,Sonora,Imuris,2022,OI,0.9,1.0
26,036,Sonora,Magdalena,2022,OI,-1.2,-0.2
26,037,Sonora,Mazatán,2022,OI,1.3,2.3
26,040,Sonora,Nácori Chico,2022,OI,-0.9,-0.8
26,041,Sonora,Nacozari de García,2022,OI,5.7,6.4
26,042,Sonora,Navojoa,2022,OI,3.6,5.4
26,043,Sonora,Nogales,2022,OI,2.6,3.7
26,045,Sonora,Opodepe,2022,OI,1.7,2.0
26,046,Sonora,Oquitoa,2022,OI,4.8,4.4
26,047,Sonora,Pitiquito,2022,OI,6.2,7.4
26,048,Sonora,Puerto Peñasco,2022,OI,8.0,8.3
26,049,Sonora,Quiriego,2022,OI,1.3,2.4
26,050,Sonora,Rayón,2022,OI,2.0,9.8
26,051,Sonora,Rosario,2022,OI,1.1,1.8
26,052,Sonora,Sahuaripa,2022,OI,2.1,1.3
26,055,Sonora,San Luis Río Colorado,2022,OI,3.1,4.1
26,056,Sonora,San Miguel de Horcasitas,2022,OI,0.8,3.4
26,058,Sonora,Santa Ana,2022,OI,1.1,4.5
26,059,Sonora,Santa Cruz,2022,OI,-2.7,-2.2
26,061,Sonora,Soyopa,2022,OI,6.7,5.9
26,062,Sonora,Suaqui Grande,2022,OI,3.2,3.7
26,063,Sonora,Tepache,2022,OI,1.3,0.8
26,064,Sonora,Trincheras,2022,OI,1.6,2.4
26,065,Sonora,Tubutama,2022,OI,3.7,3.1
26,066,Sonora,Ures,2022,OI,1.0,2.6
26,067,Sonora,Villa Hidalgo,2022,OI,7.5,7.0
26,068,Sonora,Villa Pesqueira,2022,OI,3.4,4.2
26,069,Sonora,Yécora,2022,OI,-3.9,-5.4
26,070,Sonora,General Plutarco Elías Calles,2022,OI,1.1,2.4
26,071,Sonora,Benito Juárez,2022,OI,5.1,5.3
26,072,Sonora,San Ignacio Río Muerto,2022,OI,6.2,6.1
27,001,Tabasco,Balancán,2022,OI,19.7,18.4
27,002,Tabasco,Cárdenas,2022,OI,18.9,19.2
27,003,Tabasco,Centla,2022,OI,21.1,19.9
27,004,Tabasco,Centro,2022,OI,18.3,19.1
27,006,Tabasco,Cunduacán,2022,OI,18.7,19.6
27,008,Tabasco,Huimanguillo,2022,OI,19.4,23.6
27,011,Tabasco,Jonuta,2022,OI,23.5,24.3
27,012,Tabasco,Macuspana,2022,OI,19.3,19.7
27,013,Tabasco,Nacajuca,2022,OI,19.9,21.2
27,014,Tabasco,Paraíso,2022,OI,21.3,20.0
27,015,Tabasco,Tacotalpa,2022,OI,18.3,18.5
27,016,Tabasco,Teapa,2022,OI,19.0,18.5
27,017,Tabasco,Tenosique,2022,OI,19.2,19.5
28,001,Tamaulipas,Abasolo,2022,OI,10.5,11.1
28,002,Tamaulipas,Aldama,2022,OI,10.8,11.9
28,003,Tamaulipas,Altamira,2022,OI,14.1,14.0
28,005,Tamaulipas,Burgos,2022,OI,6.4,8.0
28,007,Tamaulipas,Camargo,2022,OI,7.2,9.5
28,008,Tamaulipas,Casas,2022,OI,9.4,10.9
28,009,Tamaulipas,Ciudad Madero,2022,OI,14.4,15.8
28,011,Tamaulipas,Gómez Farías,2022,OI,9.7,11.8
28,012,Tamaulipas,González,2022,OI,9.8,11.7
28,013,Tamaulipas,Güémez,2022,OI,7.4,9.5
28,015,Tamaulipas,Gustavo Díaz Ordaz,2022,OI,7.6,10.2
28,016,Tamaulipas,Hidalgo,2022,OI,5.1,6.7
28,017,Tamaulipas,Jaumave,2022,OI,9.3,11.7
28,019,Tamaulipas,Llera,2022,OI,10.5,10.3
28,020,Tamaulipas,Mainero,2022,OI,6.5,7.7
28,021,Tamaulipas,El Mante,2022,OI,11.1,14.1
28,022,Tamaulipas,Matamoros,2022,OI,7.8,9.3
28,023,Tamaulipas,Méndez,2022,OI,7.6,9.8
28,027,Tamaulipas,Nuevo Laredo,2022,OI,7.1,8.8
28,030,Tamaulipas,Padilla,2022,OI,8.6,11.2
28,032,Tamaulipas,Reynosa,2022,OI,7.2,9.5
28,034,Tamaulipas,San Carlos,2022,OI,8.8,11.0
28,035,Tamaulipas,San Fernando,2022,OI,8.2,9.8
28,037,Tamaulipas,Soto la Marina,2022,OI,9.9,10.7
28,038,Tamaulipas,Tampico,2022,OI,14.6,16.0
28,040,Tamaulipas,Valle Hermoso,2022,OI,7.8,9.3
28,041,Tamaulipas,Victoria,2022,OI,7.7,9.2
28,043,Tamaulipas,Xicoténcatl,2022,OI,10.7,8.9
29,003,Tlaxcala,Atlangatepec,2022,OI,0.5,0.5
29,006,Tlaxcala,Calpulalpan,2022,OI,1.8,1.6
29,007,Tlaxcala,El Carmen Tequexquitla,2022,OI,1.6,1.6
29,008,Tlaxcala,Cuapiaxtla,2022,OI,3.6,3.6
29,013,Tlaxcala,Huamantla,2022,OI,0.3,0.3
29,031,Tlaxcala,Tetla de la Solidaridad,2022,OI,3.8,3.6
29,033,Tlaxcala,Tlaxcala,2022,OI,4.6,4.1
29,037,Tlaxcala,Ziltlaltépec de Trinidad Sánchez Santos,2022,OI,4.0,4.0
29,044,Tlaxcala,Zacatelco,2022,OI,3.2,3.2
29,052,Tlaxcala,San José Teacalco,2022,OI,3.0,3.2
30,001,Veracruz,Acajete,2022,OI,3.9,3.8
30,002,Veracruz,Acatlán,2022,OI,6.9,7.6
30,003,Veracruz,Acayucan,2022,OI,18.4,18.1
30,004,Veracruz,Actopan,2022,OI,16.0,18.1
30,010,Veracruz,Altotonga,2022,OI,5.5,5.7
30,011,Veracruz,Alvarado,2022,OI,19.4,19.2
30,015,Veracruz,Angel R. Cabada,2022,OI,16.3,17.6
30,016,Veracruz,La Antigua,2022,OI,15.4,17.4
30,017,Veracruz,Apazapan,2022,OI,15.6,17.5
30,028,Veracruz,Boca del Río,2022,OI,17.8,19.6
30,032,Veracruz,Catemaco,2022,OI,13.1,11.9
30,038,Veracruz,Coatepec,2022,OI,8.3,7.9
30,039,Veracruz,Coatzacoalcos,2022,OI,18.5,19.1
30,044,Veracruz,Córdoba,2022,OI,14.1,14.5
30,045,Veracruz,Cosamaloapan de Carpio,2022,OI,17.8,18.6
30,047,Veracruz,Coscomatepec,2022,OI,9.0,9.3
30,048,Veracruz,Cosoleacaque,2022,OI,19.1,20.2
30,053,Veracruz,Cuitláhuac,2022,OI,16.2,17.1
30,061,Veracruz,Las Choapas,2022,OI,15.1,16.1
30,065,Veracruz,Emiliano Zapata,2022,OI,16.0,13.5
30,071,Veracruz,Huatusco,2022,OI,6.6,6.0
30,072,Veracruz,Huayacocotla,2022,OI,4.8,5.6
30,073,Veracruz,Hueyapan de Ocampo,2022,OI,16.1,17.1
30,077,Veracruz,Isla,2022,OI,16.8,18.7
30,087,Veracruz,Xalapa,2022,OI,10.8,11.0
30,091,Veracruz,Jesús Carranza,2022,OI,16.7,17.9
30,093,Veracruz,Jilotepec,2022,OI,10.5,9.5
30,101,Veracruz,Mariano Escobedo,2022,OI,2.8,2.8
30,102,Veracruz,Martínez de la Torre,2022,OI,13.5,16.2
30,104,Veracruz,Mecayapan,2022,OI,16.7,17.9
30,105,Veracruz,Medellín de Bravo,2022,OI,16.5,18.9
30,112,Veracruz,Naolinco,2022,OI,8.5,9.1
30,118,Veracruz,Orizaba,2022,OI,11.1,11.8
30,123,Veracruz,Pánuco,2022,OI,11.7,11.4
30,125,Veracruz,Paso del Macho,2022,OI,16.0,16.3
30,126,Veracruz,Paso de Ovejas,2022,OI,16.7,17.4
30,128,Veracruz,Perote,2022,OI,-2.7,-2.7
30,132,Veracruz,Las Vigas de Ramírez,2022,OI,10.9,
30,141,Veracruz,San Andrés Tuxtla,2022,OI,15.8,16.4
30,142,Veracruz,San Juan Evangelista,2022,OI,17.5,18.6
30,143,Veracruz,Santiago Tuxtla,2022,OI,17.3,18.3
30,155,Veracruz,Tantoyuca,2022,OI,11.8,12.2
30,160,Veracruz,Álamo Temapache,2022,OI,12.7,13.8
30,161,Veracruz,Tempoal,2022,OI,12.0,13.5
30,163,Veracruz,Tenochtitlán,2022,OI,9.5,10.7
30,165,Veracruz,Tepatlaxco,2022,OI,12.4,12.5
30,169,Veracruz,José Azueta,2022,OI,18.2,19.7
30,175,Veracruz,Tihuatlán,2022,OI,11.1,17.7
30,182,Veracruz,Tlalnelhuayocan,2022,OI,10.0,10.2
30,188,Veracruz,Totutla,2022,OI,9.5,10.2
30,189,Veracruz,Tuxpan,2022,OI,15.1,16.2
30,193,Veracruz,Veracruz,2022,OI,18.5,19.5
31,010,Yucatán,Cantamayec,2022,OI,16.1,17.5
31,011,Yucatán,Celestún,2022,OI,19.5,19.7
31,013,Yucatán,Conkal,2022,OI,16.0,13.2
31,023,Yucatán,Chocholá,2022,OI,17.4,18.0
31,029,Yucatán,Dzilam González,2022,OI,18.5,
31,050,Yucatán,Mérida,2022,OI,7.5,12.3
31,051,Yucatán,Mocochá,2022,OI,13.9,15.3
31,052,Yucatán,Motul,2022,OI,13.1,14.6
31,053,Yucatán,Muna,2022,OI,16.0,17.4
31,056,Yucatán,Oxkutzcab,2022,OI,16.2,17.0
31,058,Yucatán,Peto,2022,OI,15.6,16.1
31,059,Yucatán,Progreso,2022,OI,19.2,19.5
31,061,Yucatán,Río Lagartos,2022,OI,17.4,17.9
31,079,Yucatán,Tekax,2022,OI,16.4,16.5
31,089,Yucatán,Ticul,2022,OI,16.3,17.2
31,096,Yucatán,Tizimín,2022,OI,16.1,17.5
31,098,Yucatán,Tzucacab,2022,OI,16.6,16.8
31,102,Yucatán,Valladolid,2022,OI,17.9,18.7
32,003,Zacatecas,Atolinga,2022,OI,2.0,2.0
32,005,Zacatecas,Calera,2022,OI,1.4,-1.1
32,007,Zacatecas,Concepción del Oro,2022,OI,5.4,4.7
32,008,Zacatecas,Cuauhtémoc,2022,OI,3.1,3.4
32,009,Zacatecas,Chalchihuites,2022,OI,5.0,3.9
32,010,Zacatecas,Fresnillo,2022,OI,0.5,-0.4
32,012,Zacatecas,Genaro Codina,2022,OI,1.0,1.0
32,014,Zacatecas,General Francisco R. Murguía,2022,OI,2.3,3.2
32,016,Zacatecas,General Pánfilo Natera,2022,OI,-0.8,-3.4
32,017,Zacatecas,Guadalupe,2022,OI,5.5,4.1
32,019,Zacatecas,Jalpa,2022,OI,7.2,6.7
32,020,Zacatecas,Jerez,2022,OI,1.6,-0.2
32,022,Zacatecas,Juan Aldama,2022,OI,3.5,1.4
32,023,Zacatecas,Juchipila,2022,OI,4.4,2.5
32,024,Zacatecas,Loreto,2022,OI,2.5,1.1
32,025,Zacatecas,Luis Moya,2022,OI,2.2,1.3
32,026,Zacatecas,Mazapil,2022,OI,0.8,2.2
32,028,Zacatecas,Mezquital del Oro,2022,OI,6.4,6.1
32,029,Zacatecas,Miguel Auza,2022,OI,3.9,1.4
32,031,Zacatecas,Monte Escobedo,2022,OI,-0.4,-2.1
32,032,Zacatecas,Morelos,2022,OI,4.8,5.1
32,034,Zacatecas,Nochistlán de Mejía,2022,OI,2.1,1.4
32,036,Zacatecas,Ojocaliente,2022,OI,3.5,1.4
32,038,Zacatecas,Pinos,2022,OI,0.6,0.2
32,039,Zacatecas,Río Grande,2022,OI,0.4,-1.0
32,040,Zacatecas,Sain Alto,2022,OI,2.0,-0.2
32,042,Zacatecas,Sombrerete,2022,OI,4.6,4.4
32,044,Zacatecas,Tabasco,2022,OI,9.9,9.3
32,045,Zacatecas,Tepechitlán,2022,OI,1.6,0.8
32,047,Zacatecas,Teúl de González Ortega,2022,OI,0.6,0.9
32,048,Zacatecas,Tlaltenango de Sánchez Román,2022,OI,2.4,1.9
32,049,Zacatecas,Valparaíso,2022,OI,-0.8,-1.6
32,051,Zacatecas,Villa de Cos,2022,OI,4.8,7.0
32,053,Zacatecas,Villa González Ortega,2022,OI,3.2,4.1
32,054,Zacatecas,Villa Hidalgo,2022,OI,2.8,3.2
32,055,Zacatecas,Villanueva,2022,OI,1.2,0.0
32,056,Zacatecas,Zacatecas,2022,OI,6.6,5.3
01,001,Aguascalientes,Aguascalientes,2022,PV,3.4,-2.4
01,002,Aguascalientes,Asientos,2022,PV,5.5,-1.0
01,003,Aguascalientes,Calvillo,2022,PV,7.6,1.2
01,004,Aguascalientes,Cosío,2022,PV,4.7,-0.8
01,005,Aguascalientes,Jesús María,2022,PV,11.9,4.1
01,006,Aguascalientes,Pabellón de Arteaga,2022,PV,10.8,3.3
01,007,Aguascalientes,Rincón de Romos,2022,PV,11.7,4.2
01,008,Aguascalientes,San José de Gracia,2022,PV,5.6,-0.2
01,009,Aguascalientes,Tepezalá,2022,PV,12.0,6.5
01,010,Aguascalientes,El Llano,2022,PV,3.2,-0.2
02,001,Baja California,Ensenada,2022,PV,4.9,-4.9
02,002,Baja California,Mexicali,2022,PV,9.7,4.5
02,002,Sonora,Mexicali,2022,PV,19.8,
02,003,Baja California,Tecate,2022,PV,3.1,0.0
02,004,Baja California,Tijuana,2022,PV,11.3,8.3
02,005,Baja California,Playas de Rosarito,2022,PV,19.9,9.7
02,006,Baja California,San Quintín,2022,PV,10.9,6.6
02,007,Baja California,San Felipe,2022,PV,16.3,8.4
03,001,Baja California Sur,Comondú,2022,PV,11.6,6.5
03,002,Baja California Sur,Mulegé,2022,PV,7.5,1.7
03,003,Baja California Sur,La Paz,2022,PV,10.6,5.7
03,008,Baja California Sur,Los Cabos,2022,PV,11.9,3.7
03,009,Baja California Sur,Loreto,2022,PV,15.8,12.3
04,002,Campeche,Campeche,2022,PV,20.0,15.3
04,003,Campeche,Carmen,2022,PV,21.9,18.5
04,004,Campeche,Champotón,2022,PV,20.7,17.9
04,005,Campeche,Hecelchakán,2022,PV,22.5,18.1
04,006,Campeche,Hopelchén,2022,PV,20.9,16.5
04,007,Campeche,Palizada,2022,PV,21.7,18.6
04,009,Campeche,Escárcega,2022,PV,23.3,19.7
04,010,Campeche,Calakmul,2022,PV,20.9,17.6
04,011,Campeche,Candelaria,2022,PV,21.3,18.5
05,002,Coahuila,Acuña,2022,PV,16.6,4.4
05,003,Coahuila,Allende,2022,PV,17.9,4.7
05,004,Coahuila,Arteaga,2022,PV,6.8,4.0
05,005,Coahuila,Candela,2022,PV,18.8,12.7
05,007,Coahuila,Cuatro Ciénegas,2022,PV,17.5,4.5
05,009,Coahuila,Francisco I. Madero,2022,PV,17.9,3.3
05,010,Coahuila,Frontera,2022,PV,19.1,12.1
05,014,Coahuila,Jiménez,2022,PV,17.4,5.1
05,015,Coahuila,Juárez,2022,PV,18.5,5.6
05,017,Coahuila,Matamoros,2022,PV,13.1,3.9
05,018,Coahuila,Monclova,2022,PV,19.8,6.9
05,020,Coahuila,Múzquiz,2022,PV,13.6,2.4
05,022,Coahuila,Nava,2022,PV,18.9,11.8
05,024,Coahuila,Parras,2022,PV,15.7,7.3
05,025,Coahuila,Piedras Negras,2022,PV,19.5,5.4
05,026,Coahuila,Progreso,2022,PV,17.3,2.9
05,027,Coahuila,Ramos Arizpe,2022,PV,12.9,6.4
05,028,Coahuila,Sabinas,2022,PV,19.0,4.8
05,030,Coahuila,Saltillo,2022,PV,12.5,5.4
05,032,Coahuila,San Juan de Sabinas,2022,PV,17.2,4.9
05,033,Coahuila,San Pedro,2022,PV,15.2,3.1
05,034,Coahuila,Sierra Mojada,2022,PV,14.2,5.7
05,035,Coahuila,Torreón,2022,PV,12.5,5.4
05,036,Coahuila,Viesca,2022,PV,14.0,6.0
06,001,Colima,Armería,2022,PV,18.1,16.9
06,002,Colima,Colima,2022,PV,16.7,15.1
06,003,Colima,Comala,2022,PV,17.9,17.1
06,004,Colima,Coquimatlán,2022,PV,14.5,12.9
06,005,Colima,Cuauhtémoc,2022,PV,16.2,13.8
06,006,Colima,Ixtlahuacán,2022,PV,19.1,24.7
06,007,Colima,Manzanillo,2022,PV,19.3,18.9
06,009,Colima,Tecomán,2022,PV,15.7,15.2
07,001,Chiapas,Acacoyagua,2022,PV,22.5,19.7
07,002,Chiapas,Acala,2022,PV,20.9,15.9
07,003,Chiapas,Acapetahua,2022,PV,22.1,17.7
07,004,Chiapas,Altamirano,2022,PV,17.0,
07,005,Chiapas,Amatán,2022,PV,19.9,17.5
07,008,Chiapas,Ángel Albino Corzo,2022,PV,10.0,6.3
07,009,Chiapas,Arriaga,2022,PV,23.6,20.1
07,013,Chiapas,Bochil,2022,PV,12.7,8.0
07,019,Chiapas,Comitán de Domínguez,2022,PV,14.9,11.6
07,020,Chiapas,La Concordia,2022,PV,16.2,11.8
07,022,Chiapas,Chalchihuitán,2022,PV,16.5,
07,025,Chiapas,Chapultenango,2022,PV,20.0,
07,027,Chiapas,Chiapa de Corzo,2022,PV,19.8,14.4
07,028,Chiapas,Chiapilla,2022,PV,21.2,
07,029,Chiapas,Chicoasén,2022,PV,20.5,15.7
07,030,Chiapas,Chicomuselo,2022,PV,17.4,12.5
07,031,Chiapas,Chilón,2022,PV,21.3,
07,032,Chiapas,Escuintla,2022,PV,15.6,14.9
07,034,Chiapas,Frontera Comalapa,2022,PV,16.5,14.4
07,037,Chiapas,Huehuetán,2022,PV,23.2,23.3
07,038,Chiapas,Huixtán,2022,PV,10.9,
07,040,Chiapas,Huixtla,2022,PV,24.0,22.4
07,044,Chiapas,Ixtapa,2022,PV,16.2,
07,046,Chiapas,Jiquipilas,2022,PV,18.1,14.0
07,049,Chiapas,Larráinzar,2022,PV,13.2,16.5
07,051,Chiapas,Mapastepec,2022,PV,22.0,20.2
07,052,Chiapas,Las Margaritas,2022,PV,15.2,11.4
07,057,Chiapas,Motozintla,2022,PV,14.2,12.1
07,059,Chiapas,Ocosingo,2022,PV,19.0,14.3
07,061,Chiapas,Ocozocoautla de Espinosa,2022,PV,18.6,13.9
07,062,Chiapas,Ostuacán,2022,PV,21.3,17.7
07,063,Chiapas,Osumacinta,2022,PV,21.6,18.0
07,064,Chiapas,Oxchuc,2022,PV,10.5,5.6
07,065,Chiapas,Palenque,2022,PV,21.0,18.9
07,068,Chiapas,Pichucalco,2022,PV,21.4,18.6
07,069,Chiapas,Pijijiapan,2022,PV,22.9,22.1
07,071,Chiapas,Villa Comaltitlán,2022,PV,21.1,14.9
07,072,Chiapas,Pueblo Nuevo Solistahuacán,2022,PV,13.7,10.8
07,077,Chiapas,Salto de Agua,2022,PV,21.5,18.6
07,078,Chiapas,San Cristóbal de las Casas,2022,PV,9.5,4.9
07,080,Chiapas,Siltepec,2022,PV,15.3,14.4
07,082,Chiapas,Sitalá,2022,PV,16.8,14.4
07,085,Chiapas,Soyaló,2022,PV,19.7,17.7
07,086,Chiapas,Suchiapa,2022,PV,20.0,16.3
07,087,Chiapas,Suchiate,2022,PV,23.0,20.8
07,088,Chiapas,Sunuapa,2022,PV,21.9,
07,089,Chiapas,Tapachula,2022,PV,17.4,16.9
07,091,Chiapas,Tapilula,2022,PV,19.0,16.6
07,092,Chiapas,Tecpatán,2022,PV,19.3,15.9
07,094,Chiapas,Teopisca,2022,PV,10.8,8.1
07,097,Chiapas,Tonalá,2022,PV,22.4,19.9
07,099,Chiapas,La Trinitaria,2022,PV,14.4,11.3
07,101,Chiapas,Tuxtla Gutiérrez,2022,PV,20.1,16.1
07,102,Chiapas,Tuxtla Chico,2022,PV,21.4,20.1
07,106,Chiapas,Venustiano Carranza,2022,PV,18.2,14.4
07,107,Chiapas,Villa Corzo,2022,PV,19.6,13.8
07,108,Chiapas,Villaflores,2022,PV,18.3,13.0
07,112,Chiapas,San Juan Cancuc,2022,PV,16.6,13.9
07,116,Chiapas,Marqués de Comillas,2022,PV,20.9,21.8
07,123,Chiapas,Emiliano Zapata,2022,PV,20.4,17.0
07,124,Chiapas,Mezcalapa,2022,PV,23.3,13.5
08,001,Chihuahua,Ahumada,2022,PV,8.3,1.9
08,002,Chihuahua,Aldama,2022,PV,10.1,-0.1
08,006,Chihuahua,Bachíniva,2022,PV,6.2,-1.8
08,007,Chihuahua,Balleza,2022,PV,1.5,-6.0
08,008,Chihuahua,Batopilas de Manuel Gómez Morín,2022,PV,14.9,5.8
08,009,Chihuahua,Bocoyna,2022,PV,5.6,-2.3
08,010,Chihuahua,Buenaventura,2022,PV,8.5,-1.5
08,014,Chihuahua,Coronado,2022,PV,9.2,-1.6
08,017,Chihuahua,Cuauhtémoc,2022,PV,11.0,2.1
08,019,Chihuahua,Chihuahua,2022,PV,1.5,-7.1
08,020,Chihuahua,Chínipas,2022,PV,13.3,4.8
08,021,Chihuahua,Delicias,2022,PV,13.7,3.5
08,027,Chihuahua,Guachochi,2022,PV,1.7,-5.1
08,029,Chihuahua,Guadalupe y Calvo,2022,PV,2.6,-3.4
08,031,Chihuahua,Guerrero,2022,PV,4.2,-3.6
08,032,Chihuahua,Hidalgo del Parral,2022,PV,13.5,1.8
08,035,Chihuahua,Janos,2022,PV,8.3,-2.7
08,036,Chihuahua,Jiménez,2022,PV,10.1,-0.1
08,037,Chihuahua,Juárez,2022,PV,11.3,5.2
08,040,Chihuahua,Madera,2022,PV,-0.8,-8.5
08,041,Chihuahua,Maguarichi,2022,PV,12.2,5.0
08,043,Chihuahua,Matachí,2022,PV,0.0,-6.8
08,047,Chihuahua,Moris,2022,PV,10.3,5.7
08,050,Chihuahua,Nuevo Casas Grandes,2022,PV,9.4,-0.8
08,052,Chihuahua,Ojinaga,2022,PV,12.9,0.2
08,055,Chihuahua,Rosales,2022,PV,14.2,2.2
08,058,Chihuahua,San Francisco de Conchos,2022,PV,9.3,-1.8
08,061,Chihuahua,Satevó,2022,PV,11.8,2.2
08,063,Chihuahua,Temósachic,2022,PV,1.5,-6.1
08,065,Chihuahua,Urique,2022,PV,15.2,5.7
08,067,Chihuahua,Valle de Zaragoza,2022,PV,11.0,0.2
09,002,Ciudad de México,Azcapotzalco,2022,PV,13.9,10.0
09,004,Ciudad de México,Cuajimalpa de Morelos,2022,PV,11.7,8.5
09,005,Ciudad de México,Gustavo A. Madero,2022,PV,9.8,4.4
09,006,Ciudad de México,Iztacalco,2022,PV,14.2,9.7
09,007,Ciudad de México,Iztapalapa,2022,PV,14.6,10.7
09,009,Ciudad de México,Milpa Alta,2022,PV,11.6,7.8
09,010,Ciudad de México,Álvaro Obregón,2022,PV,13.7,7.8
09,012,Ciudad de México,Tlalpan,2022,PV,8.7,-0.4
09,013,Ciudad de México,Xochimilco,2022,PV,12.3,6.9
09,014,Ciudad de México,Benito Juárez,2022,PV,14.7,10.3
09,015,Ciudad de México,Cuauhtémoc,2022,PV,14.3,10.9
09,016,Ciudad de México,Miguel Hidalgo,2022,PV,13.4,7.6
09,017,Ciudad de México,Venustiano Carranza,2022,PV,13.6,8.1
10,001,Durango,Canatlán,2022,PV,7.2,1.2
10,003,Durango,Coneto de Comonfort,2022,PV,10.4,5.5
10,004,Durango,Cuencamé,2022,PV,13.2,6.7
10,004,Morelos,Cuencamé,2022,PV,12.4,5.0
10,005,Durango,Durango,2022,PV,-2.2,-9.0
10,008,Durango,Guadalupe Victoria,2022,PV,10.6,1.1
10,009,Durango,Guanaceví,2022,PV,-4.9,-9.4
10,010,Durango,Hidalgo,2022,PV,10.0,-0.1
10,011,Durango,Indé,2022,PV,8.8,1.4
10,012,Durango,Lerdo,2022,PV,17.6,4.3
10,013,Durango,Mapimí,2022,PV,11.4,2.3
10,015,Durango,Nazas,2022,PV,12.4,0.0
10,017,Durango,Ocampo,2022,PV,7.1,-2.6
10,018,Durango,El Oro,2022,PV,6.9,-1.5
10,020,Durango,Pánuco de Coronado,2022,PV,10.0,0.5
10,021,Durango,Peñón Blanco,2022,PV,6.3,-2.5
10,022,Durango,Poanas,2022,PV,7.9,1.1
10,023,Durango,Pueblo Nuevo,2022,PV,5.2,-5.1
10,024,Durango,Rodeo,2022,PV,13.4,3.8
10,025,Durango,San Bernardo,2022,PV,2.2,-0.7
10,026,Durango,San Dimas,2022,PV,0.6,-5.4
10,027,Durango,San Juan de Guadalupe,2022,PV,11.7,1.3
10,030,Durango,San Pedro del Gallo,2022,PV,12.2,2.9
10,031,Durango,Santa Clara,2022,PV,8.3,-1.8
10,031,Zacatecas,Santa Clara,2022,PV,11.1,1.1
10,032,Durango,Santiago Papasquiaro,2022,PV,6.8,-2.3
10,033,Durango,Súchil,2022,PV,0.9,-4.2
10,034,Durango,Tamazula,2022,PV,18.9,10.4
10,035,Durango,Tepehuanes,2022,PV,6.1,-2.8
10,036,Durango,Tlahualilo,2022,PV,13.2,4.2
10,037,Durango,Topia,2022,PV,21.4,12.2
10,038,Durango,Vicente Guerrero,2022,PV,7.1,-1.1
10,039,Durango,Nuevo Ideal,2022,PV,7.2,-3.9
11,001,Guanajuato,Abasolo,2022,PV,14.6,7.8
11,002,Guanajuato,Acámbaro,2022,PV,12.5,7.1
11,003,Guanajuato,San Miguel de Allende,2022,PV,10.6,2.3
11,004,Guanajuato,Apaseo el Alto,2022,PV,14.2,8.8
11,005,Guanajuato,Apaseo el Grande,2022,PV,11.0,5.5
11,006,Guanajuato,Atarjea,2022,PV,11.1,6.6
11,007,Guanajuato,Celaya,2022,PV,9.9,5.1
11,008,Guanajuato,Manuel Doblado,2022,PV,10.5,4.4
11,010,Guanajuato,Coroneo,2022,PV,6.3,0.8
11,011,Guanajuato,Cortazar,2022,PV,7.4,2.1
11,012,Guanajuato,Cuerámaro,2022,PV,11.2,7.6
11,014,Guanajuato,Dolores Hidalgo Cuna de la Independencia Nacional,2022,PV,8.6,1.1
11,015,Guanajuato,Guanajuato,2022,PV,10.6,4.3
11,017,Guanajuato,Irapuato,2022,PV,12.3,4.7
11,018,Guanajuato,Jaral del Progreso,2022,PV,10.9,5.2
11,019,Guanajuato,Jerécuaro,2022,PV,11.4,5.8
11,020,Guanajuato,León,2022,PV,10.6,6.5
11,022,Guanajuato,Ocampo,2022,PV,10.0,2.2
11,023,Guanajuato,Pénjamo,2022,PV,12.7,5.0
11,025,Guanajuato,Purísima del Rincón,2022,PV,11.2,4.4
11,027,Guanajuato,Salamanca,2022,PV,10.1,5.2
11,028,Guanajuato,Salvatierra,2022,PV,9.0,3.1
11,030,Guanajuato,San Felipe,2022,PV,8.3,0.2
11,033,Guanajuato,San Luis de la Paz,2022,PV,7.8,1.1
11,037,Guanajuato,Silao de la Victoria,2022,PV,11.4,5.8
11,042,Guanajuato,Valle de Santiago,2022,PV,8.6,6.1
11,045,Guanajuato,Xichú,2022,PV,15.6,8.0
12,001,Guerrero,Acapulco de Juárez,2022,PV,20.0,18.6
12,003,Guerrero,Ajuchitlán del Progreso,2022,PV,20.7,18.1
12,005,Guerrero,Alpoyeca,2022,PV,16.3,11.9
12,011,Guerrero,Atoyac de Álvarez,2022,PV,19.7,21.0
12,012,Guerrero,Ayutla de los Libres,2022,PV,18.8,16.8
12,014,Guerrero,Benito Juárez,2022,PV,22.2,21.3
12,015,Guerrero,Buenavista de Cuéllar,2022,PV,14.8,12.1
12,021,Guerrero,Coyuca de Benítez,2022,PV,20.7,19.4
12,023,Guerrero,Cuajinicuilapa,2022,PV,22.5,22.2
12,028,Guerrero,Chilapa de Álvarez,2022,PV,13.6,10.6
12,029,Guerrero,Chilpancingo de los Bravo,2022,PV,14.7,11.7
12,032,Guerrero,General Heliodoro Castillo,2022,PV,9.1,8.3
12,034,Guerrero,Huitzuco de los Figueroa,2022,PV,21.4,
12,035,Guerrero,Iguala de la Independencia,2022,PV,16.2,15.4
12,036,Guerrero,Igualapa,2022,PV,20.4,17.6
12,038,Guerrero,Zihuatanejo de Azueta,2022,PV,20.1,22.2
12,039,Guerrero,Juan R. Escudero,2022,PV,19.7,18.3
12,040,Guerrero,Leonardo Bravo,2022,PV,12.8,9.8
12,044,Guerrero,Mochitlán,2022,PV,15.9,15.4
12,045,Guerrero,Olinalá,2022,PV,17.3,11.2
12,046,Guerrero,Ometepec,2022,PV,15.0,14.7
12,050,Guerrero,Pungarabato,2022,PV,21.0,17.8
12,053,Guerrero,San Marcos,2022,PV,13.2,12.2
12,055,Guerrero,Taxco de Alarcón,2022,PV,14.6,14.3
12,057,Guerrero,Técpan de Galeana,2022,PV,20.3,20.8
12,059,Guerrero,Tepecoacuilco de Trujano,2022,PV,23.0,18.0
12,061,Guerrero,Tixtla de Guerrero,2022,PV,16.6,12.3
12,066,Guerrero,Tlapa de Comonfort,2022,PV,18.2,12.7
12,068,Guerrero,La Unión de Isidoro Montes de Oca,2022,PV,20.6,19.2
12,068,Michoacán,La Unión de Isidoro Montes de Oca,2022,PV,20.3,19.9
12,070,Guerrero,Xochihuehuetlán,2022,PV,18.2,10.8
12,073,Guerrero,Zirándaro,2022,PV,11.6,14.5
13,002,Hidalgo,Acaxochitlán,2022,PV,11.0,6.8
13,003,Hidalgo,Actopan,2022,PV,10.2,2.9
13,006,Hidalgo,Alfajayucan,2022,PV,11.3,5.7
13,008,Hidalgo,Apan,2022,PV,7.1,0.5
13,011,Hidalgo,Atlapexco,2022,PV,21.5,15.0
13,013,Hidalgo,Atotonilco de Tula,2022,PV,9.3,4.4
13,016,Hidalgo,Cuautepec de Hinojosa,2022,PV,7.8,3.3
13,019,Hidalgo,Chilcuautla,2022,PV,11.7,5.8
13,027,Hidalgo,Huehuetla,2022,PV,20.2,13.5
13,028,Hidalgo,Huejutla de Reyes,2022,PV,15.5,15.8
13,028,Veracruz,Huejutla de Reyes,2022,PV,20.8,13.5
13,030,Hidalgo,Ixmiquilpan,2022,PV,12.8,6.6
13,037,Hidalgo,Metztitlán,2022,PV,14.5,9.4
13,038,Hidalgo,Mineral del Chico,2022,PV,6.4,4.3
13,046,Hidalgo,San Felipe Orizatlán,2022,PV,22.3,14.7
13,048,Hidalgo,Pachuca de Soto,2022,PV,10.0,4.1
13,058,Hidalgo,Tasquillo,2022,PV,14.1,7.4
13,064,Hidalgo,Tepetitlán,2022,PV,11.6,5.4
13,076,Hidalgo,Tula de Allende,2022,PV,12.6,
13,077,Hidalgo,Tulancingo de Bravo,2022,PV,10.5,6.3
13,081,Hidalgo,Zacualtipán de Ángeles,2022,PV,11.6,5.3
13,084,Hidalgo,Zimapán,2022,PV,14.8,7.1
14,002,Jalisco,Acatlán de Juárez,2022,PV,8.0,4.6
14,006,Jalisco,Ameca,2022,PV,10.7,5.7
14,013,Jalisco,Atotonilco el Alto,2022,PV,12.2,7.4
14,014,Jalisco,Atoyac,2022,PV,12.0,
14,015,Jalisco,Autlán de Navarro,2022,PV,13.4,11.1
14,017,Jalisco,Ayutla,2022,PV,11.3,8.5
14,018,Jalisco,La Barca,2022,PV,13.3,9.5
14,019,Jalisco,Bolaños,2022,PV,19.3,9.1
14,022,Jalisco,Cihuatlán,2022,PV,18.5,18.1
14,023,Jalisco,Zapotlán el Grande,2022,PV,11.4,7.8
14,025,Jalisco,Colotlán,2022,PV,9.8,3.0
14,030,Jalisco,Chapala,2022,PV,14.8,9.8
14,033,Jalisco,Degollado,2022,PV,12.2,7.2
14,039,Jalisco,Guadalajara,2022,PV,13.2,8.0
14,041,Jalisco,Huejúcar,2022,PV,7.0,0.8
14,046,Jalisco,Jalostotitlán,2022,PV,6.4,-0.8
14,047,Jalisco,Jamay,2022,PV,10.6,5.3
14,049,Jalisco,Jilotlán de los Dolores,2022,PV,19.4,16.8
14,050,Jalisco,Jocotepec,2022,PV,14.8,10.8
14,051,Jalisco,Juanacatlán,2022,PV,11.8,5.9
14,053,Jalisco,Lagos de Moreno,2022,PV,6.5,2.0
14,054,Jalisco,El Limón,2022,PV,12.7,10.1
14,058,Jalisco,Mascota,2022,PV,7.4,7.2
14,061,Jalisco,Mezquitic,2022,PV,9.9,1.6
14,063,Jalisco,Ocotlán,2022,PV,14.3,6.7
14,065,Jalisco,Pihuamo,2022,PV,17.8,15.7
14,066,Jalisco,Poncitlán,2022,PV,14.9,8.4
14,067,Jalisco,Puerto Vallarta,2022,PV,17.8,14.8
14,068,Jalisco,Villa Purificación,2022,PV,14.2,12.4
14,070,Jalisco,El Salto,2022,PV,16.4,10.0
14,071,Jalisco,San Cristóbal de la Barranca,2022,PV,16.3,9.0
14,081,Jalisco,Santa María de los Ángeles,2022,PV,9.2,2.4
14,083,Jalisco,Tala,2022,PV,13.2,9.2
14,091,Jalisco,Teocaltiche,2022,PV,5.9,0.8
14,095,Jalisco,Teuchitlán,2022,PV,13.6,6.1
14,096,Jalisco,Tizapán el Alto,2022,PV,16.7,11.3
14,097,Jalisco,Tlajomulco de Zúñiga,2022,PV,12.4,5.9
14,098,Jalisco,San Pedro Tlaquepaque,2022,PV,16.0,9.9
14,099,Jalisco,Tolimán,2022,PV,10.7,7.6
14,100,Jalisco,Tomatlán,2022,PV,18.7,17.9
14,107,Jalisco,Tuxcueca,2022,PV,23.8,
14,108,Jalisco,Tuxpan,2022,PV,6.3,3.5
14,120,Jalisco,Zapopan,2022,PV,11.7,7.0
14,124,Jalisco,Zapotlanejo,2022,PV,10.0,5.5
15,002,Estado de México,Acolman,2022,PV,8.5,1.8
15,003,Estado de México,Aculco,2022,PV,5.6,-0.6
15,003,Querétaro,Aculco,2022,PV,11.2,5.8
15,005,Estado de México,Almoloya de Juárez,2022,PV,3.2,-2.8
15,009,Estado de México,Amecameca,2022,PV,2.2,-0.1
15,011,Estado de México,Atenco,2022,PV,10.3,3.6
15,013,Estado de México,Atizapán de Zaragoza,2022,PV,7.9,4.5
15,014,Estado de México,Atlacomulco,2022,PV,3.7,0.5
15,032,Estado de México,Donato Guerra,2022,PV,8.5,5.5
15,033,Estado de México,Ecatepec de Morelos,2022,PV,9.7,4.6
15,038,Estado de México,Isidro Fabela,2022,PV,3.7,1.5
15,039,Estado de México,Ixtapaluca,2022,PV,4.6,1.3
15,042,Estado de México,Ixtlahuaca,2022,PV,5.6,-1.1
15,045,Estado de México,Jilotepec,2022,PV,4.9,-0.6
15,048,Estado de México,Jocotitlán,2022,PV,7.2,2.5
15,052,Estado de México,Malinalco,2022,PV,15.6,12.9
15,055,Estado de México,Mexicaltzingo,2022,PV,11.6,7.0
15,057,Estado de México,Naucalpan de Juárez,2022,PV,3.8,-0.5
15,063,Estado de México,Ocuilan,2022,PV,8.1,3.2
15,074,Estado de México,San Felipe del Progreso,2022,PV,6.8,0.5
15,078,Estado de México,Santo Tomás,2022,PV,18.5,17.6
15,083,Estado de México,Temamatla,2022,PV,10.0,3.1
15,085,Estado de México,Temascalcingo,2022,PV,8.7,3.8
15,087,Estado de México,Temoaya,2022,PV,3.0,-2.6
15,090,Estado de México,Tenango del Valle,2022,PV,2.4,0.3
15,091,Estado de México,Teoloyucan,2022,PV,7.0,2.0
15,093,Estado de México,Tepetlaoxtoc,2022,PV,15.3,9.5
15,095,Estado de México,Tepotzotlán,2022,PV,7.5,2.5
15,096,Estado de México,Tequixquiac,2022,PV,6.8,0.4
15,097,Estado de México,Texcaltitlán,2022,PV,6.6,2.5
15,099,Estado de México,Texcoco,2022,PV,10.1,3.7
15,100,Estado de México,Tezoyuca,2022,PV,10.2,7.0
15,101,Estado de México,Tianguistenco,2022,PV,5.3,-0.8
15,106,Estado de México,Toluca,2022,PV,4.7,-0.3
15,109,Estado de México,Tultitlán,2022,PV,10.5,5.8
15,111,Estado de México,Villa de Allende,2022,PV,2.8,-2.6
15,112,Estado de México,Villa del Carbón,2022,PV,5.1,0.8
15,113,Estado de México,Villa Guerrero,2022,PV,7.5,5.0
15,118,Estado de México,Zinacantepec,2022,PV,4.1,0.4
15,120,Estado de México,Zumpango,2022,PV,11.7,
15,121,Estado de México,Cuautitlán Izcalli,2022,PV,10.7,7.2
16,003,Michoacán,Álvaro Obregón,2022,PV,12.3,7.4
16,004,Michoacán,Angamacutiro,2022,PV,13.3,6.7
16,006,Michoacán,Apatzingán,2022,PV,18.5,15.3
16,010,Michoacán,Arteaga,2022,PV,20.6,18.8
16,017,Michoacán,Contepec,2022,PV,8.1,4.1
16,019,Michoacán,Cotija,2022,PV,11.0,6.9
16,034,Michoacán,Hidalgo,2022,PV,4.9,2.4
16,035,Michoacán,La Huacana,2022,PV,17.9,14.8
16,038,Michoacán,Huetamo,2022,PV,19.3,14.2
16,039,Michoacán,Huiramba,2022,PV,8.0,2.5
16,042,Michoacán,Ixtlán,2022,PV,9.5,6.5
16,043,Michoacán,Jacona,2022,PV,11.5,7.4
16,044,Michoacán,Jiménez,2022,PV,11.0,4.8
16,049,Michoacán,Madero,2022,PV,10.8,5.3
16,050,Michoacán,Maravatío,2022,PV,8.4,3.1
16,052,Michoacán,Lázaro Cárdenas,2022,PV,20.8,20.2
16,053,Michoacán,Morelia,2022,PV,10.1,5.4
16,061,Michoacán,Ocampo,2022,PV,4.7,1.1
16,067,Michoacán,Penjamillo,2022,PV,12.8,5.9
16,069,Michoacán,La Piedad,2022,PV,12.8,4.6
16,072,Michoacán,Queréndaro,2022,PV,10.6,4.3
16,076,Michoacán,Sahuayo,2022,PV,8.5,6.2
16,080,Michoacán,Senguio,2022,PV,9.5,2.1
16,085,Michoacán,Tangancícuaro,2022,PV,6.9,2.3
16,089,Michoacán,Tepalcatepec,2022,PV,18.1,14.5
16,102,Michoacán,Uruapan,2022,PV,9.1,5.4
16,103,Michoacán,Venustiano Carranza,2022,PV,14.8,8.5
16,104,Michoacán,Villamar,2022,PV,6.4,5.0
16,105,Michoacán,Vista Hermosa,2022,PV,9.7,3.2
16,106,Michoacán,Yurécuaro,2022,PV,12.9,8.1
16,107,Michoacán,Zacapu,2022,PV,10.7,12.7
16,108,Michoacán,Zamora,2022,PV,6.6,5.0
16,110,Michoacán,Zinapécuaro,2022,PV,11.1,4.2
16,113,Michoacán,José Sixto Verduzco,2022,PV,9.6,5.2
17,001,Morelos,Amacuzac,2022,PV,15.0,9.1
17,002,Morelos,Atlatlahucan,2022,PV,14.4,12.3
17,004,Morelos,Ayala,2022,PV,17.8,12.0
17,005,Morelos,Coatlán del Río,2022,PV,18.4,13.1
17,006,Morelos,Cuautla,2022,PV,14.7,10.6
17,007,Morelos,Cuernavaca,2022,PV,13.6,10.5
17,008,Morelos,Emiliano Zapata,2022,PV,16.3,12.2
17,009,Morelos,Huitzilac,2022,PV,3.4,-0.7
17,011,Morelos,Jiutepec,2022,PV,16.9,11.7
17,012,Morelos,Jojutla,2022,PV,18.7,12.1
17,013,Morelos,Jonacatepec de Leandro Valle,2022,PV,12.3,8.5
17,014,Morelos,Mazatepec,2022,PV,17.8,13.1
17,015,Morelos,Miacatlán,2022,PV,15.3,12.4
17,016,Morelos,Ocuituco,2022,PV,9.5,5.9
17,017,Morelos,Puente de Ixtla,2022,PV,17.5,10.7
17,018,Morelos,Temixco,2022,PV,15.8,13.4
17,019,Morelos,Tepalcingo,2022,PV,17.0,12.5
17,020,Morelos,Tepoztlán,2022,PV,15.3,11.0
17,021,Morelos,Tetecala,2022,PV,18.0,11.8
17,023,Morelos,Tlalnepantla,2022,PV,7.5,3.6
17,024,Morelos,Tlaltizapán de Zapata,2022,PV,17.1,10.9
17,025,Morelos,Tlaquiltenango,2022,PV,17.2,10.6
17,026,Morelos,Tlayacapan,2022,PV,12.7,8.7
17,027,Morelos,Totolapan,2022,PV,12.8,10.3
17,028,Morelos,Xochitepec,2022,PV,14.9,11.0
17,029,Morelos,Yautepec,2022,PV,15.0,11.2
17,030,Morelos,Yecapixtla,2022,PV,13.5,10.7
17,031,Morelos,Zacatepec,2022,PV,18.1,11.4
17,032,Morelos,Zacualpan de Amilpas,2022,PV,12.3,9.8
17,033,Morelos,Temoac,2022,PV,14.5,9.3
17,035,Morelos,Xoxocotla,2022,PV,17.8,10.4
18,001,Nayarit,Acaponeta,2022,PV,16.3,12.6
18,006,Nayarit,Ixtlán del Río,2022,PV,12.0,8.2
18,008,Nayarit,Xalisco,2022,PV,8.8,7.9
18,009,Nayarit,Del Nayar,2022,PV,16.8,10.6
18,010,Nayarit,Rosamorada,2022,PV,15.3,13.7
18,011,Nayarit,Ruíz,2022,PV,17.1,14.6
18,012,Nayarit,San Blas,2022,PV,16.9,15.4
18,015,Nayarit,Santiago Ixcuintla,2022,PV,15.3,12.2
18,017,Nayarit,Tepic,2022,PV,15.3,12.0
18,020,Nayarit,Bahía de Banderas,2022,PV,16.9,16.1
19,003,Nuevo León,Los Aldamas,2022,PV,20.8,8.7
19,006,Nuevo León,Apodaca,2022,PV,19.5,12.6
19,007,Nuevo León,Aramberri,2022,PV,10.1,2.5
19,011,Nuevo León,Cerralvo,2022,PV,17.8,6.2
19,013,Nuevo León,China,2022,PV,21.3,9.0
19,014,Nuevo León,Doctor Arroyo,2022,PV,13.2,5.9
19,017,Nuevo León,Galeana,2022,PV,6.3,-2.7
19,021,Nuevo León,General Escobedo,2022,PV,19.4,7.5
19,024,Nuevo León,General Zaragoza,2022,PV,13.4,5.2
19,025,Nuevo León,General Zuazua,2022,PV,18.6,12.3
19,026,Nuevo León,Guadalupe,2022,PV,19.7,9.2
19,033,Nuevo León,Linares,2022,PV,17.8,5.7
19,036,Nuevo León,Mier y Noriega,2022,PV,13.8,7.3
19,038,Nuevo León,Montemorelos,2022,PV,18.2,4.8
19,039,Nuevo León,Monterrey,2022,PV,16.2,4.0
19,042,Nuevo León,Los Ramones,2022,PV,21.3,7.5
19,046,Nuevo León,San Nicolás de los Garza,2022,PV,19.9,11.1
19,048,Nuevo León,Santa Catarina,2022,PV,16.0,7.7
19,049,Nuevo León,Santiago,2022,PV,19.1,7.3
20,006,Oaxaca,Asunción Nochixtlán,2022,PV,8.3,8.8
20,011,Oaxaca,Calihualá,2022,PV,15.5,9.7
20,014,Oaxaca,Ciudad Ixtepec,2022,PV,23.8,23.2
20,039,Oaxaca,Heroica Ciudad de Huajuapan de León,2022,PV,13.7,6.1
20,043,Oaxaca,Heroica Ciudad de Juchitán de Zaragoza,2022,PV,23.7,21.5
20,052,Oaxaca,Magdalena Tequisistlán,2022,PV,18.5,16.7
20,059,Oaxaca,Miahuatlán de Porfirio Díaz,2022,PV,13.3,7.7
20,067,Oaxaca,Oaxaca de Juárez,2022,PV,13.5,8.9
20,073,Oaxaca,Putla Villa de Guerrero,2022,PV,11.5,9.8
20,079,Oaxaca,Salina Cruz,2022,PV,24.0,21.6
20,083,Oaxaca,San Agustín de las Juntas,2022,PV,13.2,9.2
20,105,Oaxaca,San Antonino Monte Verde,2022,PV,12.6,10.1
20,136,Oaxaca,San Felipe Usila,2022,PV,19.3,15.0
20,173,Oaxaca,San Juan Atepec,2022,PV,11.1,7.8
20,184,Oaxaca,San Juan Bautista Tuxtepec,2022,PV,20.1,16.4
20,186,Oaxaca,San Juan Cieneguilla,2022,PV,16.4,
20,221,Oaxaca,San Juan Teposcolula,2022,PV,6.8,1.8
20,228,Oaxaca,San Lorenzo Cuaunecuiltitla,2022,PV,12.2,9.1
20,237,Oaxaca,San Marcos Arteaga,2022,PV,16.4,13.3
20,250,Oaxaca,San Mateo Etlatongo,2022,PV,9.0,3.2
20,262,Oaxaca,San Miguel Amatlán,2022,PV,4.4,2.3
20,278,Oaxaca,San Miguel Soyaltepec,2022,PV,22.5,18.1
20,307,Oaxaca,San Pedro Huamelula,2022,PV,21.6,18.3
20,318,Oaxaca,San Pedro Mixtepec,2022,PV,21.4,
20,324,Oaxaca,San Pedro Pochutla,2022,PV,22.7,21.1
20,327,Oaxaca,San Pedro Tapanatepec,2022,PV,17.9,18.2
20,357,Oaxaca,Santa Ana Tavela,2022,PV,18.5,12.0
20,363,Oaxaca,Santa Catarina Ixtepeji,2022,PV,12.2,7.3
20,385,Oaxaca,Santa Cruz Xoxocotlán,2022,PV,14.2,9.1
20,413,Oaxaca,Santa María Huatulco,2022,PV,23.3,22.8
20,417,Oaxaca,Santa María Jacatepec,2022,PV,21.5,16.8
20,418,Oaxaca,Santa María Jalapa del Marqués,2022,PV,21.0,16.3
20,439,Oaxaca,Santa María Tonameca,2022,PV,20.0,16.4
20,459,Oaxaca,Villa de Santiago Chazumba,2022,PV,11.0,6.7
20,468,Oaxaca,Santiago Jocotepec,2022,PV,21.8,18.5
20,498,Oaxaca,Santiago Yaveo,2022,PV,21.3,17.4
20,502,Oaxaca,Santiago Zacatepec,2022,PV,17.9,14.4
20,525,Oaxaca,Santo Domingo Zanatepec,2022,PV,18.4,14.8
20,537,Oaxaca,Silacayoápam,2022,PV,15.1,11.1
20,547,Oaxaca,Teotongo,2022,PV,8.3,2.9
20,549,Oaxaca,"Heroica Villa Tezoatlán de Segura y Luna, Cuna de la Independencia de Oaxaca",2022,PV,12.9,5.8
20,567,Oaxaca,Zapotitlán Lagunas,2022,PV,15.7,10.9
20,568,Oaxaca,Zapotitlán Palmas,2022,PV,13.6,10.7
21,001,Puebla,Acajete,2022,PV,9.2,4.0
21,002,Puebla,Acateno,2022,PV,21.0,15.2
21,003,Puebla,Acatlán,2022,PV,17.6,10.6
21,008,Puebla,Ahuazotepec,2022,PV,5.6,1.7
21,015,Puebla,Amozoc,2022,PV,9.0,6.1
21,019,Puebla,Atlixco,2022,PV,13.5,9.4
21,023,Puebla,Atzitzintla,2022,PV,3.7,2.8
21,025,Puebla,Ayotoxco de Guerrero,2022,PV,21.1,15.8
21,026,Puebla,Calpan,2022,PV,9.3,5.0
21,031,Puebla,Coatzingo,2022,PV,16.8,10.0
21,045,Puebla,Chalchicomula de Sesma,2022,PV,7.6,3.0
21,051,Morelos,Chietla,2022,PV,18.8,18.3
21,051,Puebla,Chietla,2022,PV,17.7,12.9
21,053,Puebla,Chignahuapan,2022,PV,5.4,1.5
21,059,Puebla,Chinantla,2022,PV,17.0,9.8
21,064,Puebla,Francisco Z. Mena,2022,PV,20.5,14.3
21,069,Puebla,Huaquechula,2022,PV,14.9,11.0
21,071,Puebla,Huauchinango,2022,PV,13.2,8.5
21,074,Puebla,Huejotzingo,2022,PV,10.5,4.9
21,083,Puebla,Ixtacamaxtitlán,2022,PV,7.2,1.6
21,085,Puebla,Izúcar de Matamoros,2022,PV,19.3,15.9
21,086,Puebla,Jalpan,2022,PV,21.2,14.7
21,094,Puebla,Libres,2022,PV,10.2,6.2
21,098,Puebla,Molcaxac,2022,PV,6.4,4.3
21,106,Puebla,Ocoyucan,2022,PV,10.3,5.1
21,108,Puebla,Oriental,2022,PV,11.6,8.7
21,109,Puebla,Pahuatlán,2022,PV,17.4,12.1
21,114,Puebla,Puebla,2022,PV,8.6,3.2
21,114,Tlaxcala,Puebla,2022,PV,6.7,2.8
21,132,Puebla,San Martín Texmelucan,2022,PV,8.3,2.4
21,140,Puebla,San Pedro Cholula,2022,PV,8.2,5.6
21,153,Puebla,Tecali de Herrera,2022,PV,9.3,3.7
21,154,Puebla,Tecamachalco,2022,PV,11.2,4.9
21,156,Puebla,Tehuacán,2022,PV,12.7,6.8
21,160,Puebla,Teotlalco,2022,PV,16.0,8.3
21,170,Puebla,Tepeyahualco,2022,PV,6.9,1.4
21,172,Puebla,Tetela de Ocampo,2022,PV,11.4,5.3
21,174,Puebla,Teziutlán,2022,PV,9.0,4.3
21,180,Puebla,Tlahuapan,2022,PV,8.2,4.6
21,184,Puebla,Tlapacoya,2022,PV,9.0,5.3
21,185,Puebla,Tlapanalá,2022,PV,17.8,11.1
21,186,Puebla,Tlatlauquitepec,2022,PV,2.3,0.5
21,187,Puebla,Tlaxco,2022,PV,18.2,17.7
21,188,Morelos,Tochimilco,2022,PV,12.0,9.2
21,193,Puebla,Tzicatlacoyan,2022,PV,7.9,3.4
21,197,Puebla,Xicotepec,2022,PV,19.4,10.0
21,198,Puebla,Xicotlán,2022,PV,16.6,10.1
21,207,Puebla,Zacapoaxtla,2022,PV,11.3,7.6
21,209,Puebla,Zapotitlán,2022,PV,14.5,9.2
22,006,Querétaro,Corregidora,2022,PV,12.2,5.6
22,008,Querétaro,Huimilpan,2022,PV,10.4,5.5
22,009,Querétaro,Jalpan de Serra,2022,PV,13.1,6.2
22,011,Querétaro,El Marqués,2022,PV,11.2,4.5
22,013,Querétaro,Peñamiller,2022,PV,17.0,9.6
22,014,Querétaro,Querétaro,2022,PV,12.9,6.2
22,016,Querétaro,San Juan del Río,2022,PV,13.8,7.3
23,001,Quintana Roo,Cozumel,2022,PV,21.2,19.3
23,002,Quintana Roo,Felipe Carrillo Puerto,2022,PV,21.3,17.6
23,004,Quintana Roo,Othón P. Blanco,2022,PV,21.0,18.5
23,005,Quintana Roo,Benito Juárez,2022,PV,22.9,19.7
23,006,Quintana Roo,José María Morelos,2022,PV,21.8,18.7
23,007,Quintana Roo,Lázaro Cárdenas,2022,PV,21.4,19.0
23,008,Quintana Roo,Solidaridad,2022,PV,21.4,17.4
23,009,Quintana Roo,Tulum,2022,PV,21.3,18.7
24,003,San Luis Potosí,Aquismón,2022,PV,19.7,11.5
24,008,San Luis Potosí,Cerritos,2022,PV,16.5,8.2
24,010,Tamaulipas,Ciudad del Maíz,2022,PV,22.4,13.6
24,011,San Luis Potosí,Ciudad Fernández,2022,PV,18.2,11.9
24,013,San Luis Potosí,Ciudad Valles,2022,PV,19.8,12.8
24,016,San Luis Potosí,Ebano,2022,PV,20.8,14.2
24,020,San Luis Potosí,Matehuala,2022,PV,12.9,5.3
24,024,San Luis Potosí,Rioverde,2022,PV,17.4,10.2
24,027,San Luis Potosí,San Ciro de Acosta,2022,PV,17.1,9.7
24,028,San Luis Potosí,San Luis Potosí,2022,PV,10.8,4.6
24,034,San Luis Potosí,San Vicente Tancuayalab,2022,PV,21.7,14.4
24,034,Veracruz,San Vicente Tancuayalab,2022,PV,21.1,13.4
24,037,San Luis Potosí,Tamazunchale,2022,PV,18.0,10.8
24,041,San Luis Potosí,Tanlajás,2022,PV,20.7,13.0
24,049,San Luis Potosí,Villa de Ramos,2022,PV,10.6,5.9
24,050,San Luis Potosí,Villa de Reyes,2022,PV,12.7,4.8
24,053,San Luis Potosí,Axtla de Terrazas,2022,PV,20.6,13.9
24,057,San Luis Potosí,Matlapa,2022,PV,21.8,14.2
24,058,San Luis Potosí,El Naranjo,2022,PV,18.6,9.3
25,001,Sinaloa,Ahome,2022,PV,14.7,7.6
25,003,Sinaloa,Badiraguato,2022,PV,13.2,6.2
25,005,Sinaloa,Cosalá,2022,PV,14.1,11.1
25,006,Sinaloa,Culiacán,2022,PV,11.5,6.0
25,007,Sinaloa,Choix,2022,PV,13.4,5.7
25,008,Sinaloa,Elota,2022,PV,15.6,11.1
25,010,Sinaloa,El Fuerte,2022,PV,12.4,6.8
25,011,Sinaloa,Guasave,2022,PV,15.2,9.4
25,012,Sinaloa,Mazatlán,2022,PV,14.7,10.2
25,013,Sinaloa,Mocorito,2022,PV,13.8,8.4
25,014,Sinaloa,Rosario,2022,PV,14.5,9.8
25,015,Sinaloa,Salvador Alvarado,2022,PV,14.9,10.3
25,016,Sinaloa,San Ignacio,2022,PV,15.0,8.1
25,017,Sinaloa,Sinaloa,2022,PV,14.2,7.2
25,019,Sinaloa,Eldorado,2022,PV,17.1,12.6
26,001,Sonora,Aconchi,2022,PV,9.7,2.6
26,002,Sonora,Agua Prieta,2022,PV,4.0,-2.9
26,003,Sonora,Álamos,2022,PV,9.9,4.3
26,004,Sonora,Altar,2022,PV,9.0,1.4
26,006,Sonora,Arizpe,2022,PV,4.8,-1.7
26,010,Sonora,Bacerac,2022,PV,7.5,-1.3
26,012,Sonora,Bácum,2022,PV,10.3,5.0
26,013,Sonora,Banámichi,2022,PV,5.1,-0.9
26,014,Sonora,Baviácora,2022,PV,7.8,0.9
26,015,Sonora,Bavispe,2022,PV,7.8,-1.4
26,016,Sonora,Benjamín Hill,2022,PV,8.3,0.8
26,017,Sonora,Caborca,2022,PV,11.2,3.5
26,018,Sonora,Cajeme,2022,PV,10.6,4.3
26,019,Sonora,Cananea,2022,PV,10.0,2.6
26,020,Sonora,Carbó,2022,PV,10.4,4.9
26,021,Sonora,La Colorada,2022,PV,21.4,
26,022,Sonora,Cucurpe,2022,PV,6.5,0.5
26,023,Sonora,Cumpas,2022,PV,9.1,2.4
26,025,Sonora,Empalme,2022,PV,12.0,7.1
26,026,Sonora,Etchojoa,2022,PV,9.9,4.8
26,029,Sonora,Guaymas,2022,PV,8.4,3.2
26,030,Sonora,Hermosillo,2022,PV,9.2,4.0
26,031,Sonora,Huachinera,2022,PV,5.0,-1.3
26,032,Sonora,Huásabas,2022,PV,10.9,1.1
26,033,Sonora,Huatabampo,2022,PV,10.7,5.8
26,035,Sonora,Imuris,2022,PV,6.4,1.0
26,036,Sonora,Magdalena,2022,PV,6.5,-0.2
26,037,Sonora,Mazatán,2022,PV,8.7,2.3
26,038,Sonora,Moctezuma,2022,PV,23.8,
26,040,Sonora,Nácori Chico,2022,PV,6.7,-0.8
26,041,Sonora,Nacozari de García,2022,PV,13.1,6.4
26,042,Sonora,Navojoa,2022,PV,10.6,5.4
26,043,Sonora,Nogales,2022,PV,12.2,3.7
26,044,Sonora,Ónavas,2022,PV,23.1,
26,045,Sonora,Opodepe,2022,PV,8.2,2.0
26,046,Sonora,Oquitoa,2022,PV,12.4,4.4
26,047,Sonora,Pitiquito,2022,PV,12.4,7.4
26,048,Sonora,Puerto Peñasco,2022,PV,13.5,8.3
26,049,Sonora,Quiriego,2022,PV,6.9,2.4
26,051,Sonora,Rosario,2022,PV,8.7,1.8
26,052,Sonora,Sahuaripa,2022,PV,11.3,1.3
26,055,Sonora,San Luis Río Colorado,2022,PV,9.8,4.1
26,056,Sonora,San Miguel de Horcasitas,2022,PV,10.9,3.4
26,058,Sonora,Santa Ana,2022,PV,9.1,4.5
26,059,Sonora,Santa Cruz,2022,PV,4.3,-2.2
26,061,Sonora,Soyopa,2022,PV,14.4,5.9
26,062,Sonora,Suaqui Grande,2022,PV,10.0,3.7
26,063,Sonora,Tepache,2022,PV,9.7,0.8
26,064,Sonora,Trincheras,2022,PV,9.2,2.4
26,065,Sonora,Tubutama,2022,PV,10.4,3.1
26,066,Sonora,Ures,2022,PV,5.5,2.6
26,067,Sonora,Villa Hidalgo,2022,PV,17.4,7.0
26,068,Sonora,Villa Pesqueira,2022,PV,10.2,4.2
26,069,Sonora,Yécora,2022,PV,2.7,-5.4
26,070,Sonora,General Plutarco Elías Calles,2022,PV,7.9,2.4
26,071,Sonora,Benito Juárez,2022,PV,10.9,5.3
26,072,Sonora,San Ignacio Río Muerto,2022,PV,11.9,6.1
27,001,Tabasco,Balancán,2022,PV,22.8,18.4
27,002,Tabasco,Cárdenas,2022,PV,22.9,19.2
27,003,Tabasco,Centla,2022,PV,23.5,19.9
27,004,Tabasco,Centro,2022,PV,22.3,19.1
27,006,Tabasco,Cunduacán,2022,PV,21.9,19.6
27,007,Tabasco,Emiliano Zapata,2022,PV,24.0,
27,008,Tabasco,Huimanguillo,2022,PV,22.9,23.6
27,011,Tabasco,Jonuta,2022,PV,23.5,24.3
27,012,Tabasco,Macuspana,2022,PV,23.1,19.7
27,013,Tabasco,Nacajuca,2022,PV,23.6,21.2
27,014,Tabasco,Paraíso,2022,PV,24.6,20.0
27,015,Tabasco,Tacotalpa,2022,PV,22.5,18.5
27,016,Tabasco,Teapa,2022,PV,22.4,18.5
27,017,Tabasco,Tenosique,2022,PV,22.0,19.5
28,001,Tamaulipas,Abasolo,2022,PV,21.3,11.1
28,002,Tamaulipas,Aldama,2022,PV,20.0,11.9
28,003,Tamaulipas,Altamira,2022,PV,22.9,14.0
28,005,Tamaulipas,Burgos,2022,PV,23.4,8.0
28,007,Tamaulipas,Camargo,2022,PV,19.8,9.5
28,008,Tamaulipas,Casas,2022,PV,20.4,10.9
28,009,Tamaulipas,Ciudad Madero,2022,PV,22.8,15.8
28,011,Tamaulipas,Gómez Farías,2022,PV,20.4,11.8
28,012,Tamaulipas,González,2022,PV,19.2,11.7
28,013,Tamaulipas,Güémez,2022,PV,18.4,9.5
28,015,Tamaulipas,Gustavo Díaz Ordaz,2022,PV,20.5,10.2
28,016,Tamaulipas,Hidalgo,2022,PV,16.8,6.7
28,017,Tamaulipas,Jaumave,2022,PV,18.7,11.7
28,019,Tamaulipas,Llera,2022,PV,19.0,10.3
28,020,Tamaulipas,Mainero,2022,PV,19.0,7.7
28,021,Tamaulipas,El Mante,2022,PV,20.5,14.1
28,022,Tamaulipas,Matamoros,2022,PV,20.7,9.3
28,023,Tamaulipas,Méndez,2022,PV,20.8,9.8
28,027,Tamaulipas,Nuevo Laredo,2022,PV,21.1,8.8
28,030,Tamaulipas,Padilla,2022,PV,20.8,11.2
28,032,Tamaulipas,Reynosa,2022,PV,19.8,9.5
28,034,Tamaulipas,San Carlos,2022,PV,20.7,11.0
28,035,Tamaulipas,San Fernando,2022,PV,20.9,9.8
28,037,Tamaulipas,Soto la Marina,2022,PV,21.3,10.7
28,038,Tamaulipas,Tampico,2022,PV,22.7,16.0
28,040,Tamaulipas,Valle Hermoso,2022,PV,20.7,9.3
28,041,Tamaulipas,Victoria,2022,PV,18.5,9.2
28,043,Tamaulipas,Xicoténcatl,2022,PV,20.4,8.9
29,003,Tlaxcala,Atlangatepec,2022,PV,7.2,0.5
29,006,Tlaxcala,Calpulalpan,2022,PV,6.2,1.6
29,007,Tlaxcala,El Carmen Tequexquitla,2022,PV,6.6,1.6
29,008,Tlaxcala,Cuapiaxtla,2022,PV,7.3,3.6
29,013,Tlaxcala,Huamantla,2022,PV,6.2,0.3
29,031,Tlaxcala,Tetla de la Solidaridad,2022,PV,7.5,3.6
29,033,Tlaxcala,Tlaxcala,2022,PV,9.1,4.1
29,037,Tlaxcala,Ziltlaltépec de Trinidad Sánchez Santos,2022,PV,8.6,4.0
29,044,Tlaxcala,Zacatelco,2022,PV,8.1,3.2
30,001,Veracruz,Acajete,2022,PV,7.8,3.8
30,002,Veracruz,Acatlán,2022,PV,10.9,7.6
30,003,Veracruz,Acayucan,2022,PV,22.2,18.1
30,004,Veracruz,Actopan,2022,PV,19.7,18.1
30,010,Veracruz,Altotonga,2022,PV,9.8,5.7
30,011,Veracruz,Alvarado,2022,PV,23.2,19.2
30,015,Veracruz,Angel R. Cabada,2022,PV,22.1,17.6
30,016,Veracruz,La Antigua,2022,PV,21.5,17.4
30,017,Veracruz,Apazapan,2022,PV,20.6,17.5
30,028,Veracruz,Boca del Río,2022,PV,22.7,19.6
30,032,Veracruz,Catemaco,2022,PV,15.4,11.9
30,038,Veracruz,Coatepec,2022,PV,12.9,7.9
30,039,Veracruz,Coatzacoalcos,2022,PV,22.3,19.1
30,044,Veracruz,Córdoba,2022,PV,19.2,14.5
30,045,Veracruz,Cosamaloapan de Carpio,2022,PV,22.6,18.6
30,047,Veracruz,Coscomatepec,2022,PV,13.5,9.3
30,048,Veracruz,Cosoleacaque,2022,PV,21.4,20.2
30,053,Veracruz,Cuitláhuac,2022,PV,21.5,17.1
30,061,Veracruz,Las Choapas,2022,PV,19.2,16.1
30,065,Veracruz,Emiliano Zapata,2022,PV,21.6,13.5
30,071,Veracruz,Huatusco,2022,PV,10.2,6.0
30,072,Veracruz,Huayacocotla,2022,PV,8.8,5.6
30,073,Veracruz,Hueyapan de Ocampo,2022,PV,21.0,17.1
30,077,Veracruz,Isla,2022,PV,22.4,18.7
30,087,Veracruz,Xalapa,2022,PV,15.2,11.0
30,091,Veracruz,Jesús Carranza,2022,PV,20.5,17.9
30,093,Veracruz,Jilotepec,2022,PV,14.6,9.5
30,101,Veracruz,Mariano Escobedo,2022,PV,3.4,2.8
30,102,Veracruz,Martínez de la Torre,2022,PV,21.1,16.2
30,104,Veracruz,Mecayapan,2022,PV,21.4,17.9
30,105,Veracruz,Medellín de Bravo,2022,PV,21.5,18.9
30,112,Veracruz,Naolinco,2022,PV,13.7,9.1
30,118,Veracruz,Orizaba,2022,PV,15.8,11.8
30,123,Veracruz,Pánuco,2022,PV,19.0,11.4
30,125,Veracruz,Paso del Macho,2022,PV,21.5,16.3
30,126,Veracruz,Paso de Ovejas,2022,PV,22.3,17.4
30,128,Veracruz,Perote,2022,PV,3.6,-2.7
30,132,Veracruz,Las Vigas de Ramírez,2022,PV,12.3,
30,141,Veracruz,San Andrés Tuxtla,2022,PV,21.1,16.4
30,142,Veracruz,San Juan Evangelista,2022,PV,22.1,18.6
30,143,Veracruz,Santiago Tuxtla,2022,PV,22.2,18.3
30,155,Veracruz,Tantoyuca,2022,PV,19.7,12.2
30,160,Veracruz,Álamo Temapache,2022,PV,20.1,13.8
30,161,Veracruz,Tempoal,2022,PV,21.1,13.5
30,163,Veracruz,Tenochtitlán,2022,PV,16.0,10.7
30,165,Veracruz,Tepatlaxco,2022,PV,16.6,12.5
30,169,Veracruz,José Azueta,2022,PV,22.6,19.7
30,175,Veracruz,Tihuatlán,2022,PV,17.5,17.7
30,182,Veracruz,Tlalnelhuayocan,2022,PV,14.4,10.2
30,188,Veracruz,Totutla,2022,PV,13.9,10.2
30,189,Veracruz,Tuxpan,2022,PV,22.2,16.2
30,193,Veracruz,Veracruz,2022,PV,23.0,19.5
31,010,Yucatán,Cantamayec,2022,PV,20.9,17.5
31,011,Yucatán,Celestún,2022,PV,22.8,19.7
31,013,Yucatán,Conkal,2022,PV,20.1,13.2
31,023,Yucatán,Chocholá,2022,PV,22.4,18.0
31,029,Yucatán,Dzilam González,2022,PV,22.3,
31,043,Yucatán,Kaua,2022,PV,23.8,
31,050,Yucatán,Mérida,2022,PV,19.2,12.3
31,051,Yucatán,Mocochá,2022,PV,18.7,15.3
31,052,Yucatán,Motul,2022,PV,18.2,14.6
31,053,Yucatán,Muna,2022,PV,21.0,17.4
31,056,Yucatán,Oxkutzcab,2022,PV,19.5,17.0
31,058,Yucatán,Peto,2022,PV,19.7,16.1
31,059,Yucatán,Progreso,2022,PV,22.0,19.5
31,061,Yucatán,Río Lagartos,2022,PV,21.7,17.9
31,079,Yucatán,Tekax,2022,PV,22.0,16.5
31,089,Yucatán,Ticul,2022,PV,21.1,17.2
31,096,Yucatán,Tizimín,2022,PV,20.0,17.5
31,098,Yucatán,Tzucacab,2022,PV,20.1,16.8
31,102,Yucatán,Valladolid,2022,PV,21.7,18.7
32,003,Zacatecas,Atolinga,2022,PV,6.1,2.0
32,005,Zacatecas,Calera,2022,PV,6.9,-1.1
32,007,Zacatecas,Concepción del Oro,2022,PV,13.1,4.7
32,008,Zacatecas,Cuauhtémoc,2022,PV,7.8,3.4
32,009,Zacatecas,Chalchihuites,2022,PV,9.7,3.9
32,010,Zacatecas,Fresnillo,2022,PV,6.3,-0.4
32,012,Zacatecas,Genaro Codina,2022,PV,8.5,1.0
32,014,Zacatecas,General Francisco R. Murguía,2022,PV,9.7,3.2
32,015,Jalisco,El Plateado de Joaquín Amaro,2022,PV,13.6,12.6
32,015,Zacatecas,El Plateado de Joaquín Amaro,2022,PV,10.0,
32,016,Zacatecas,General Pánfilo Natera,2022,PV,7.2,-3.4
32,017,Zacatecas,Guadalupe,2022,PV,11.5,4.1
32,018,Zacatecas,Huanusco,2022,PV,16.5,
32,019,Zacatecas,Jalpa,2022,PV,12.5,6.7
32,020,Zacatecas,Jerez,2022,PV,5.9,-0.2
32,022,Zacatecas,Juan Aldama,2022,PV,10.5,1.4
32,023,Zacatecas,Juchipila,2022,PV,11.5,2.5
32,024,Zacatecas,Loreto,2022,PV,10.6,1.1
32,025,Zacatecas,Luis Moya,2022,PV,8.6,1.3
32,026,Zacatecas,Mazapil,2022,PV,11.7,2.2
32,028,Zacatecas,Mezquital del Oro,2022,PV,12.8,6.1
32,029,Zacatecas,Miguel Auza,2022,PV,7.0,1.4
32,031,Zacatecas,Monte Escobedo,2022,PV,7.1,-2.1
32,032,Zacatecas,Morelos,2022,PV,9.8,5.1
32,034,Zacatecas,Nochistlán de Mejía,2022,PV,8.9,1.4
32,036,Zacatecas,Ojocaliente,2022,PV,10.8,1.4
32,038,Zacatecas,Pinos,2022,PV,7.7,0.2
32,039,Zacatecas,Río Grande,2022,PV,9.0,-1.0
32,040,Zacatecas,Sain Alto,2022,PV,8.3,-0.2
32,042,Zacatecas,Sombrerete,2022,PV,9.7,4.4
32,044,Zacatecas,Tabasco,2022,PV,15.5,9.3
32,045,Zacatecas,Tepechitlán,2022,PV,7.3,0.8
32,047,Zacatecas,Teúl de González Ortega,2022,PV,5.0,0.9
32,048,Zacatecas,Tlaltenango de Sánchez Román,2022,PV,8.3,1.9
32,049,Zacatecas,Valparaíso,2022,PV,4.1,-1.6
32,051,Zacatecas,Villa de Cos,2022,PV,13.0,7.0
32,053,Zacatecas,Villa González Ortega,2022,PV,10.2,4.1
32,054,Zacatecas,Villa Hidalgo,2022,PV,9.0,3.2
32,055,Zacatecas,Villanueva,2022,PV,7.0,0.0
32,056,Zacatecas,Zacatecas,2022,PV,10.5,5.3
01,001,Aguascalientes,Aguascalientes,2023,OI,-2.7,-2.1
01,002,Aguascalientes,Asientos,2023,OI,-1.9,-0.9
01,003,Aguascalientes,Calvillo,2023,OI,0.7,2.4
01,004,Aguascalientes,Cosío,2023,OI,-1.7,-1.2
01,005,Aguascalientes,Jesús María,2023,OI,4.6,5.1
01,006,Aguascalientes,Pabellón de Arteaga,2023,OI,3.2,4.2
01,007,Aguascalientes,Rincón de Romos,2023,OI,4.6,5.4
01,008,Aguascalientes,San José de Gracia,2023,OI,0.9,0.7
01,009,Aguascalientes,Tepezalá,2023,OI,6.6,7.1
01,010,Aguascalientes,El Llano,2023,OI,0.3,1.1
02,001,Baja California,Ensenada,2023,OI,-4.8,-1.8
02,002,Baja California,Mexicali,2023,OI,5.0,3.4
02,002,Sonora,Mexicali,2023,OI,3.7,3.8
02,003,Baja California,Tecate,2023,OI,-1.9,-1.8
02,004,Baja California,Tijuana,2023,OI,6.0,8.0
02,005,Baja California,Playas de Rosarito,2023,OI,8.8,9.8
02,006,Baja California,San Quintín,2023,OI,6.5,7.5
02,007,Baja California,San Felipe,2023,OI,7.4,7.8
03,001,Baja California Sur,Comondú,2023,OI,7.7,7.4
03,002,Baja California Sur,Mulegé,2023,OI,3.2,3.1
03,003,Baja California Sur,La Paz,2023,OI,7.3,7.8
03,008,Baja California Sur,Los Cabos,2023,OI,5.4,6.2
03,009,Baja California Sur,Loreto,2023,OI,11.4,11.8
04,002,Campeche,Campeche,2023,OI,18.4,15.1
04,003,Campeche,Carmen,2023,OI,18.5,18.2
04,004,Campeche,Champotón,2023,OI,17.1,17.5
04,005,Campeche,Hecelchakán,2023,OI,20.6,19.4
04,006,Campeche,Hopelchén,2023,OI,17.1,16.2
04,007,Campeche,Palizada,2023,OI,19.1,18.3
04,009,Campeche,Escárcega,2023,OI,20.2,19.5
04,010,Campeche,Calakmul,2023,OI,17.4,16.5
04,011,Campeche,Candelaria,2023,OI,19.3,17.6
05,002,Coahuila,Acuña,2023,OI,6.3,3.4
05,003,Coahuila,Allende,2023,OI,6.9,4.2
05,004,Coahuila,Arteaga,2023,OI,3.9,2.0
05,005,Coahuila,Candela,2023,OI,8.6,5.8
05,007,Coahuila,Cuatro Ciénegas,2023,OI,6.2,4.5
05,009,Coahuila,Francisco I. Madero,2023,OI,6.5,5.5
05,010,Coahuila,Frontera,2023,OI,9.2,5.6
05,014,Coahuila,Jiménez,2023,OI,6.3,2.9
05,015,Coahuila,Juárez,2023,OI,7.8,4.6
05,017,Coahuila,Matamoros,2023,OI,3.3,1.6
05,018,Coahuila,Monclova,2023,OI,9.4,7.1
05,020,Coahuila,Múzquiz,2023,OI,6.4,1.5
05,022,Coahuila,Nava,2023,OI,7.7,4.0
05,025,Coahuila,Piedras Negras,2023,OI,8.0,5.3
05,026,Coahuila,Progreso,2023,OI,4.5,3.3
05,027,Coahuila,Ramos Arizpe,2023,OI,7.4,3.6
05,028,Coahuila,Sabinas,2023,OI,6.6,3.7
05,030,Coahuila,Saltillo,2023,OI,6.0,3.5
05,032,Coahuila,San Juan de Sabinas,2023,OI,5.0,2.1
05,033,Coahuila,San Pedro,2023,OI,5.7,4.3
05,034,Coahuila,Sierra Mojada,2023,OI,7.2,5.0
05,035,Coahuila,Torreón,2023,OI,7.2,3.7
05,036,Coahuila,Viesca,2023,OI,5.4,3.4
05,038,Coahuila,Zaragoza,2023,OI,5.3,
06,001,Colima,Armería,2023,OI,17.5,16.0
06,002,Colima,Colima,2023,OI,15.8,14.6
06,003,Colima,Comala,2023,OI,17.5,17.4
06,004,Colima,Coquimatlán,2023,OI,12.0,11.9
06,005,Colima,Cuauhtémoc,2023,OI,14.1,13.9
06,006,Colima,Ixtlahuacán,2023,OI,18.8,14.8
06,007,Colima,Manzanillo,2023,OI,19.3,17.2
06,009,Colima,Tecomán,2023,OI,15.4,13.4
07,001,Chiapas,Acacoyagua,2023,OI,19.8,19.7
07,002,Chiapas,Acala,2023,OI,16.0,15.9
07,003,Chiapas,Acapetahua,2023,OI,18.5,19.7
07,004,Chiapas,Altamirano,2023,OI,10.1,11.3
07,005,Chiapas,Amatán,2023,OI,17.4,16.6
07,008,Chiapas,Ángel Albino Corzo,2023,OI,6.9,7.3
07,009,Chiapas,Arriaga,2023,OI,22.5,21.8
07,013,Chiapas,Bochil,2023,OI,9.4,8.0
07,014,Chiapas,El Bosque,2023,OI,16.0,16.0
07,015,Chiapas,Cacahoatán,2023,OI,14.7,15.0
07,019,Chiapas,Comitán de Domínguez,2023,OI,11.7,11.5
07,020,Chiapas,La Concordia,2023,OI,12.3,13.2
07,022,Chiapas,Chalchihuitán,2023,OI,12.9,13.3
07,025,Chiapas,Chapultenango,2023,OI,16.2,17.2
07,027,Chiapas,Chiapa de Corzo,2023,OI,15.1,15.3
07,028,Chiapas,Chiapilla,2023,OI,17.3,17.3
07,029,Chiapas,Chicoasén,2023,OI,15.7,16.4
07,030,Chiapas,Chicomuselo,2023,OI,12.4,12.5
07,031,Chiapas,Chilón,2023,OI,18.3,18.8
07,032,Chiapas,Escuintla,2023,OI,16.1,14.2
07,034,Chiapas,Frontera Comalapa,2023,OI,15.8,13.1
07,037,Chiapas,Huehuetán,2023,OI,21.1,23.2
07,038,Chiapas,Huixtán,2023,OI,5.5,6.7
07,040,Chiapas,Huixtla,2023,OI,19.8,22.1
07,044,Chiapas,Ixtapa,2023,OI,10.4,11.2
07,046,Chiapas,Jiquipilas,2023,OI,14.6,15.0
07,049,Chiapas,Larráinzar,2023,OI,7.9,10.0
07,051,Chiapas,Mapastepec,2023,OI,20.4,20.0
07,052,Chiapas,Las Margaritas,2023,OI,12.2,11.7
07,057,Chiapas,Motozintla,2023,OI,11.2,11.2
07,059,Chiapas,Ocosingo,2023,OI,14.0,14.3
07,061,Chiapas,Ocozocoautla de Espinosa,2023,OI,14.6,15.6
07,062,Chiapas,Ostuacán,2023,OI,17.9,17.6
07,063,Chiapas,Osumacinta,2023,OI,18.9,18.7
07,064,Chiapas,Oxchuc,2023,OI,9.6,6.5
07,065,Chiapas,Palenque,2023,OI,18.4,18.8
07,068,Chiapas,Pichucalco,2023,OI,19.0,18.1
07,071,Chiapas,Villa Comaltitlán,2023,OI,20.0,19.3
07,072,Chiapas,Pueblo Nuevo Solistahuacán,2023,OI,11.2,10.8
07,074,Chiapas,Reforma,2023,OI,20.1,20.9
07,076,Tabasco,Sabanilla,2023,OI,21.6,21.6
07,077,Chiapas,Salto de Agua,2023,OI,18.7,18.0
07,078,Chiapas,San Cristóbal de las Casas,2023,OI,4.6,4.2
07,080,Chiapas,Siltepec,2023,OI,13.0,13.0
07,085,Chiapas,Soyaló,2023,OI,16.6,16.5
07,086,Chiapas,Suchiapa,2023,OI,16.4,15.9
07,087,Chiapas,Suchiate,2023,OI,20.6,20.1
07,088,Chiapas,Sunuapa,2023,OI,19.4,19.6
07,089,Chiapas,Tapachula,2023,OI,16.7,16.5
07,091,Chiapas,Tapilula,2023,OI,16.6,15.8
07,092,Chiapas,Tecpatán,2023,OI,16.2,16.4
07,096,Chiapas,Tila,2023,OI,13.6,14.2
07,097,Chiapas,Tonalá,2023,OI,20.2,20.3
07,099,Chiapas,La Trinitaria,2023,OI,11.0,11.1
07,101,Chiapas,Tuxtla Gutiérrez,2023,OI,17.6,16.5
07,102,Chiapas,Tuxtla Chico,2023,OI,19.6,19.1
07,106,Chiapas,Venustiano Carranza,2023,OI,14.2,14.1
07,107,Chiapas,Villa Corzo,2023,OI,14.3,14.8
07,108,Chiapas,Villaflores,2023,OI,13.6,14.0
07,116,Chiapas,Marqués de Comillas,2023,OI,18.3,19.2
07,123,Chiapas,Emiliano Zapata,2023,OI,17.1,17.1
07,124,Chiapas,Mezcalapa,2023,OI,20.1,20.6
08,001,Chihuahua,Ahumada,2023,OI,-3.1,-2.7
08,002,Chihuahua,Aldama,2023,OI,0.0,0.4
08,006,Chihuahua,Bachíniva,2023,OI,-2.6,-2.6
08,007,Chihuahua,Balleza,2023,OI,-9.3,-4.4
08,008,Chihuahua,Batopilas de Manuel Gómez Morín,2023,OI,10.3,9.7
08,009,Chihuahua,Bocoyna,2023,OI,-3.1,-0.8
08,010,Chihuahua,Buenaventura,2023,OI,-1.7,-1.9
08,014,Chihuahua,Coronado,2023,OI,-0.2,-0.6
08,017,Chihuahua,Cuauhtémoc,2023,OI,3.4,2.2
08,019,Chihuahua,Chihuahua,2023,OI,-4.9,-6.6
08,020,Chihuahua,Chínipas,2023,OI,4.3,5.3
08,021,Chihuahua,Delicias,2023,OI,4.3,2.6
08,027,Chihuahua,Guachochi,2023,OI,-2.9,-6.4
08,029,Chihuahua,Guadalupe y Calvo,2023,OI,-3.0,-2.8
08,031,Chihuahua,Guerrero,2023,OI,-2.9,-4.5
08,032,Chihuahua,Hidalgo del Parral,2023,OI,2.7,2.8
08,035,Chihuahua,Janos,2023,OI,-1.6,-2.5
08,036,Chihuahua,Jiménez,2023,OI,0.8,0.4
08,037,Chihuahua,Juárez,2023,OI,0.7,0.4
08,040,Chihuahua,Madera,2023,OI,-9.1,-8.5
08,041,Chihuahua,Maguarichi,2023,OI,0.6,5.6
08,043,Chihuahua,Matachí,2023,OI,-7.4,-7.3
08,047,Chihuahua,Moris,2023,OI,1.2,1.9
08,050,Chihuahua,Nuevo Casas Grandes,2023,OI,1.3,-0.6
08,052,Chihuahua,Ojinaga,2023,OI,1.6,-1.0
08,055,Chihuahua,Rosales,2023,OI,3.8,2.6
08,058,Chihuahua,San Francisco de Conchos,2023,OI,-1.1,-0.8
08,063,Chihuahua,Temósachic,2023,OI,-6.7,-6.7
08,065,Chihuahua,Urique,2023,OI,6.4,7.5
08,067,Chihuahua,Valle de Zaragoza,2023,OI,0.5,0.9
09,002,Ciudad de México,Azcapotzalco,2023,OI,9.9,9.9
09,003,Ciudad de México,Coyoacán,2023,OI,4.9,10.5
09,004,Ciudad de México,Cuajimalpa de Morelos,2023,OI,8.4,8.4
09,005,Ciudad de México,Gustavo A. Madero,2023,OI,4.0,4.0
09,006,Ciudad de México,Iztacalco,2023,OI,9.3,9.4
09,007,Ciudad de México,Iztapalapa,2023,OI,10.0,10.0
09,009,Ciudad de México,Milpa Alta,2023,OI,10.0,8.0
09,010,Ciudad de México,Álvaro Obregón,2023,OI,7.8,7.1
09,012,Ciudad de México,Tlalpan,2023,OI,3.2,3.7
09,013,Ciudad de México,Xochimilco,2023,OI,6.7,7.0
09,014,Ciudad de México,Benito Juárez,2023,OI,9.8,10.0
09,015,Ciudad de México,Cuauhtémoc,2023,OI,9.8,10.3
09,016,Ciudad de México,Miguel Hidalgo,2023,OI,8.6,9.0
09,017,Ciudad de México,Venustiano Carranza,2023,OI,7.8,8.0
10,001,Durango,Canatlán,2023,OI,1.7,1.8
10,004,Durango,Cuencamé,2023,OI,5.4,5.4
10,005,Durango,Durango,2023,OI,-8.2,-8.2
10,008,Durango,Guadalupe Victoria,2023,OI,1.8,2.2
10,009,Durango,Guanaceví,2023,OI,-8.7,-11.2
10,010,Durango,Hidalgo,2023,OI,0.1,0.3
10,011,Durango,Indé,2023,OI,2.2,3.0
10,012,Durango,Lerdo,2023,OI,7.1,5.7
10,013,Durango,Mapimí,2023,OI,0.6,0.8
10,015,Durango,Nazas,2023,OI,-2.4,-1.6
10,017,Durango,Ocampo,2023,OI,0.2,-1.9
10,018,Durango,El Oro,2023,OI,-2.2,-1.3
10,020,Durango,Pánuco de Coronado,2023,OI,1.4,0.2
10,021,Durango,Peñón Blanco,2023,OI,0.6,-2.8
10,022,Durango,Poanas,2023,OI,2.6,2.3
10,023,Durango,Pueblo Nuevo,2023,OI,-4.5,-5.2
10,024,Durango,Rodeo,2023,OI,1.2,2.5
10,025,Durango,San Bernardo,2023,OI,-3.0,-3.0
10,026,Durango,San Dimas,2023,OI,-4.4,-4.2
10,027,Durango,San Juan de Guadalupe,2023,OI,2.8,2.3
10,028,Durango,San Juan del Río,2023,OI,5.5,3.9
10,030,Durango,San Pedro del Gallo,2023,OI,4.5,3.7
10,031,Durango,Santa Clara,2023,OI,-0.5,-0.6
10,032,Durango,Santiago Papasquiaro,2023,OI,0.8,-0.2
10,033,Durango,Súchil,2023,OI,-3.3,-3.0
10,034,Durango,Tamazula,2023,OI,10.9,11.2
10,035,Durango,Tepehuanes,2023,OI,-2.2,-1.5
10,036,Durango,Tlahualilo,2023,OI,2.9,2.1
10,037,Durango,Topia,2023,OI,12.6,12.8
10,038,Durango,Vicente Guerrero,2023,OI,1.9,0.9
10,039,Durango,Nuevo Ideal,2023,OI,-2.3,-2.1
11,001,Guanajuato,Abasolo,2023,OI,9.0,9.7
11,002,Guanajuato,Acámbaro,2023,OI,6.7,6.7
11,003,Guanajuato,San Miguel de Allende,2023,OI,3.0,4.1
11,004,Guanajuato,Apaseo el Alto,2023,OI,8.3,8.3
11,005,Guanajuato,Apaseo el Grande,2023,OI,4.8,5.9
11,006,Guanajuato,Atarjea,2023,OI,3.7,3.7
11,007,Guanajuato,Celaya,2023,OI,3.8,4.4
11,008,Guanajuato,Manuel Doblado,2023,OI,3.1,3.1
11,010,Guanajuato,Coroneo,2023,OI,0.3,1.3
11,011,Guanajuato,Cortazar,2023,OI,2.2,2.9
11,012,Guanajuato,Cuerámaro,2023,OI,7.7,6.8
11,014,Guanajuato,Dolores Hidalgo Cuna de la Independencia Nacional,2023,OI,2.9,2.6
11,015,Guanajuato,Guanajuato,2023,OI,4.2,4.5
11,017,Guanajuato,Irapuato,2023,OI,4.8,5.3
11,018,Guanajuato,Jaral del Progreso,2023,OI,4.5,5.7
11,019,Guanajuato,Jerécuaro,2023,OI,5.6,6.5
11,020,Guanajuato,León,2023,OI,7.3,6.7
11,022,Guanajuato,Ocampo,2023,OI,3.9,4.4
11,023,Guanajuato,Pénjamo,2023,OI,6.3,6.8
11,025,Guanajuato,Purísima del Rincón,2023,OI,3.7,4.4
11,027,Guanajuato,Salamanca,2023,OI,3.9,5.2
11,028,Guanajuato,Salvatierra,2023,OI,2.4,3.5
11,030,Guanajuato,San Felipe,2023,OI,0.9,1.4
11,031,Guanajuato,San Francisco del Rincón,2023,OI,7.4,
11,033,Guanajuato,San Luis de la Paz,2023,OI,1.9,0.5
11,037,Guanajuato,Silao de la Victoria,2023,OI,5.5,6.0
11,042,Guanajuato,Valle de Santiago,2023,OI,5.3,4.8
11,045,Guanajuato,Xichú,2023,OI,9.1,8.0
12,001,Guerrero,Acapulco de Juárez,2023,OI,17.2,17.2
12,003,Guerrero,Ajuchitlán del Progreso,2023,OI,14.0,14.0
12,005,Guerrero,Alpoyeca,2023,OI,14.0,11.4
12,011,Guerrero,Atoyac de Álvarez,2023,OI,21.3,19.0
12,012,Guerrero,Ayutla de los Libres,2023,OI,16.5,16.7
12,014,Guerrero,Benito Juárez,2023,OI,21.6,20.5
12,015,Guerrero,Buenavista de Cuéllar,2023,OI,11.9,11.9
12,017,Guerrero,Cocula,2023,OI,16.2,
12,018,Guerrero,Copala,2023,OI,21.7,
12,021,Guerrero,Coyuca de Benítez,2023,OI,19.7,19.6
12,023,Guerrero,Cuajinicuilapa,2023,OI,22.6,22.2
12,028,Guerrero,Chilapa de Álvarez,2023,OI,10.0,10.3
12,029,Guerrero,Chilpancingo de los Bravo,2023,OI,10.5,11.1
12,032,Guerrero,General Heliodoro Castillo,2023,OI,8.0,8.0
12,035,Guerrero,Iguala de la Independencia,2023,OI,12.7,14.8
12,036,Guerrero,Igualapa,2023,OI,17.8,17.7
12,038,Guerrero,Zihuatanejo de Azueta,2023,OI,19.5,17.6
12,039,Guerrero,Juan R. Escudero,2023,OI,18.0,18.5
12,040,Guerrero,Leonardo Bravo,2023,OI,8.5,9.3
12,044,Guerrero,Mochitlán,2023,OI,14.0,14.5
12,045,Guerrero,Olinalá,2023,OI,10.7,10.7
12,046,Guerrero,Ometepec,2023,OI,15.0,14.0
12,050,Guerrero,Pungarabato,2023,OI,16.5,17.1
12,053,Guerrero,San Marcos,2023,OI,12.7,12.3
12,055,Guerrero,Taxco de Alarcón,2023,OI,13.6,14.2
12,057,Guerrero,Técpan de Galeana,2023,OI,19.4,19.4
12,059,Guerrero,Tepecoacuilco de Trujano,2023,OI,17.6,17.7
12,061,Guerrero,Tixtla de Guerrero,2023,OI,11.7,12.1
12,066,Guerrero,Tlapa de Comonfort,2023,OI,12.1,12.1
12,068,Guerrero,La Unión de Isidoro Montes de Oca,2023,OI,22.1,18.4
12,068,Michoacán,La Unión de Isidoro Montes de Oca,2023,OI,20.4,19.6
12,070,Guerrero,Xochihuehuetlán,2023,OI,11.0,12.0
12,073,Guerrero,Zirándaro,2023,OI,8.6,9.3
13,002,Hidalgo,Acaxochitlán,2023,OI,6.9,6.9
13,003,Hidalgo,Actopan,2023,OI,2.0,3.0
13,006,Hidalgo,Alfajayucan,2023,OI,5.3,6.0
13,008,Hidalgo,Apan,2023,OI,1.2,1.3
13,011,Hidalgo,Atlapexco,2023,OI,14.7,13.5
13,013,Hidalgo,Atotonilco de Tula,2023,OI,4.0,4.7
13,016,Hidalgo,Cuautepec de Hinojosa,2023,OI,2.7,3.1
13,019,Hidalgo,Chilcuautla,2023,OI,4.4,6.3
13,027,Hidalgo,Huehuetla,2023,OI,13.6,12.5
13,028,Hidalgo,Huejutla de Reyes,2023,OI,14.2,14.6
13,028,Veracruz,Huejutla de Reyes,2023,OI,13.7,12.7
13,029,Hidalgo,Huichapan,2023,OI,5.0,
13,030,Hidalgo,Ixmiquilpan,2023,OI,6.3,6.7
13,037,Hidalgo,Metztitlán,2023,OI,9.6,9.2
13,038,Hidalgo,Mineral del Chico,2023,OI,4.1,4.1
13,046,Hidalgo,San Felipe Orizatlán,2023,OI,14.3,12.6
13,048,Hidalgo,Pachuca de Soto,2023,OI,3.7,4.3
13,058,Hidalgo,Tasquillo,2023,OI,8.2,7.9
13,064,Hidalgo,Tepetitlán,2023,OI,5.1,6.1
13,076,Hidalgo,Tula de Allende,2023,OI,4.7,9.1
13,077,Hidalgo,Tulancingo de Bravo,2023,OI,7.1,6.2
13,081,Hidalgo,Zacualtipán de Ángeles,2023,OI,5.7,5.7
13,084,Hidalgo,Zimapán,2023,OI,9.2,10.0
14,002,Jalisco,Acatlán de Juárez,2023,OI,3.5,4.1
14,006,Jalisco,Ameca,2023,OI,5.6,6.4
14,013,Jalisco,Atotonilco el Alto,2023,OI,10.7,8.0
14,015,Jalisco,Autlán de Navarro,2023,OI,9.8,10.9
14,017,Jalisco,Ayutla,2023,OI,6.2,8.0
14,019,Jalisco,Bolaños,2023,OI,8.7,11.6
14,022,Jalisco,Cihuatlán,2023,OI,19.4,16.8
14,023,Jalisco,Zapotlán el Grande,2023,OI,6.8,7.9
14,025,Jalisco,Colotlán,2023,OI,3.4,4.3
14,027,Jalisco,Cuautitlán de García Barragán,2023,OI,7.4,
14,030,Jalisco,Chapala,2023,OI,12.9,10.5
14,033,Jalisco,Degollado,2023,OI,7.4,8.5
14,039,Jalisco,Guadalajara,2023,OI,7.0,8.1
14,041,Jalisco,Huejúcar,2023,OI,1.0,1.8
14,046,Jalisco,Jalostotitlán,2023,OI,-1.6,-1.1
14,047,Jalisco,Jamay,2023,OI,4.9,5.5
14,049,Jalisco,Jilotlán de los Dolores,2023,OI,16.5,16.8
14,050,Jalisco,Jocotepec,2023,OI,10.2,11.1
14,051,Jalisco,Juanacatlán,2023,OI,5.9,6.3
14,053,Jalisco,Lagos de Moreno,2023,OI,1.4,2.3
14,054,Jalisco,El Limón,2023,OI,10.6,11.0
14,058,Jalisco,Mascota,2023,OI,5.4,4.8
14,061,Jalisco,Mezquitic,2023,OI,1.8,3.2
14,063,Jalisco,Ocotlán,2023,OI,5.5,5.7
14,065,Jalisco,Pihuamo,2023,OI,15.0,14.9
14,066,Jalisco,Poncitlán,2023,OI,6.8,6.8
14,067,Jalisco,Puerto Vallarta,2023,OI,14.7,14.1
14,068,Jalisco,Villa Purificación,2023,OI,13.0,12.0
14,070,Jalisco,El Salto,2023,OI,10.2,11.3
14,071,Jalisco,San Cristóbal de la Barranca,2023,OI,8.5,9.5
14,077,Jalisco,San Martín Hidalgo,2023,OI,7.8,7.8
14,081,Jalisco,Santa María de los Ángeles,2023,OI,3.2,5.3
14,083,Jalisco,Tala,2023,OI,10.9,9.9
14,091,Jalisco,Teocaltiche,2023,OI,-0.7,0.7
14,095,Jalisco,Teuchitlán,2023,OI,4.5,7.0
14,096,Jalisco,Tizapán el Alto,2023,OI,10.9,11.2
14,097,Jalisco,Tlajomulco de Zúñiga,2023,OI,5.0,6.4
14,098,Jalisco,San Pedro Tlaquepaque,2023,OI,10.2,10.5
14,099,Jalisco,Tolimán,2023,OI,7.5,7.8
14,100,Jalisco,Tomatlán,2023,OI,18.3,17.4
14,108,Jalisco,Tuxpan,2023,OI,3.3,3.2
14,120,Jalisco,Zapopan,2023,OI,4.8,6.4
14,124,Jalisco,Zapotlanejo,2023,OI,5.2,5.8
15,002,Estado de México,Acolman,2023,OI,2.0,2.2
15,003,Estado de México,Aculco,2023,OI,-0.9,1.6
15,003,Querétaro,Aculco,2023,OI,4.9,6.7
15,005,Estado de México,Almoloya de Juárez,2023,OI,-2.6,-1.7
15,009,Estado de México,Amecameca,2023,OI,-0.1,-0.2
15,011,Estado de México,Atenco,2023,OI,3.6,4.1
15,013,Estado de México,Atizapán de Zaragoza,2023,OI,5.1,5.0
15,014,Estado de México,Atlacomulco,2023,OI,-0.4,0.6
15,020,Estado de México,Coacalco de Berriozábal,2023,OI,11.3,
15,025,Estado de México,Chalco,2023,OI,12.2,
15,032,Estado de México,Donato Guerra,2023,OI,5.2,5.3
15,033,Estado de México,Ecatepec de Morelos,2023,OI,3.5,4.1
15,038,Estado de México,Isidro Fabela,2023,OI,1.4,1.2
15,039,Estado de México,Ixtapaluca,2023,OI,1.4,1.6
15,042,Estado de México,Ixtlahuaca,2023,OI,-3.0,-0.3
15,045,Estado de México,Jilotepec,2023,OI,-1.2,0.3
15,048,Estado de México,Jocotitlán,2023,OI,1.4,3.2
15,052,Estado de México,Malinalco,2023,OI,12.6,12.6
15,055,Estado de México,Mexicaltzingo,2023,OI,6.7,7.1
15,057,Estado de México,Naucalpan de Juárez,2023,OI,1.6,-0.6
15,058,Estado de México,Nezahualcóyotl,2023,OI,15.2,
15,062,Estado de México,Ocoyoacac,2023,OI,5.4,
15,063,Estado de México,Ocuilan,2023,OI,4.0,4.5
15,074,Estado de México,San Felipe del Progreso,2023,OI,1.6,1.1
15,078,Estado de México,Santo Tomás,2023,OI,17.6,17.6
15,083,Estado de México,Temamatla,2023,OI,3.7,4.7
15,085,Estado de México,Temascalcingo,2023,OI,2.8,4.4
15,087,Estado de México,Temoaya,2023,OI,-4.1,-2.3
15,090,Estado de México,Tenango del Valle,2023,OI,0.3,-0.3
15,091,Estado de México,Teoloyucan,2023,OI,2.5,2.9
15,093,Estado de México,Tepetlaoxtoc,2023,OI,7.6,8.4
15,095,Estado de México,Tepotzotlán,2023,OI,2.5,2.4
15,096,Estado de México,Tequixquiac,2023,OI,1.2,2.2
15,097,Estado de México,Texcaltitlán,2023,OI,3.1,2.8
15,099,Estado de México,Texcoco,2023,OI,4.0,4.0
15,100,Estado de México,Tezoyuca,2023,OI,7.1,6.9
15,101,Estado de México,Tianguistenco,2023,OI,-0.2,0.7
15,104,Estado de México,Tlalnepantla de Baz,2023,OI,13.8,
15,106,Estado de México,Toluca,2023,OI,-1.1,-0.2
15,109,Estado de México,Tultitlán,2023,OI,6.3,6.3
15,111,Estado de México,Villa de Allende,2023,OI,-1.6,-1.4
15,112,Estado de México,Villa del Carbón,2023,OI,3.1,1.2
15,113,Estado de México,Villa Guerrero,2023,OI,4.9,5.2
15,118,Estado de México,Zinacantepec,2023,OI,-0.1,0.8
15,120,Estado de México,Zumpango,2023,OI,2.0,2.8
15,121,Estado de México,Cuautitlán Izcalli,2023,OI,7.1,6.7
16,003,Michoacán,Álvaro Obregón,2023,OI,3.5,4.5
16,004,Michoacán,Angamacutiro,2023,OI,6.5,7.8
16,006,Michoacán,Apatzingán,2023,OI,14.8,15.1
16,010,Michoacán,Arteaga,2023,OI,18.6,18.5
16,017,Michoacán,Contepec,2023,OI,4.5,3.9
16,019,Michoacán,Cotija,2023,OI,7.0,8.2
16,034,Michoacán,Hidalgo,2023,OI,3.9,2.5
16,035,Michoacán,La Huacana,2023,OI,13.4,14.1
16,038,Michoacán,Huetamo,2023,OI,14.7,15.0
16,039,Michoacán,Huiramba,2023,OI,1.2,1.5
16,042,Michoacán,Ixtlán,2023,OI,4.8,5.7
16,043,Michoacán,Jacona,2023,OI,7.4,7.7
16,044,Michoacán,Jiménez,2023,OI,4.4,5.7
16,049,Michoacán,Madero,2023,OI,4.5,5.4
16,050,Michoacán,Maravatío,2023,OI,2.7,3.5
16,052,Michoacán,Lázaro Cárdenas,2023,OI,20.6,19.6
16,053,Michoacán,Morelia,2023,OI,5.0,6.2
16,061,Michoacán,Ocampo,2023,OI,1.5,2.2
16,067,Michoacán,Penjamillo,2023,OI,5.6,6.7
16,069,Michoacán,La Piedad,2023,OI,4.3,5.7
16,071,Michoacán,Puruándiro,2023,OI,11.5,
16,072,Michoacán,Queréndaro,2023,OI,5.9,6.1
16,076,Michoacán,Sahuayo,2023,OI,7.1,5.9
16,080,Michoacán,Senguio,2023,OI,5.4,2.8
16,085,Michoacán,Tangancícuaro,2023,OI,1.5,2.4
16,089,Michoacán,Tepalcatepec,2023,OI,15.1,14.1
16,102,Michoacán,Uruapan,2023,OI,5.9,6.4
16,103,Michoacán,Venustiano Carranza,2023,OI,9.1,10.0
16,104,Michoacán,Villamar,2023,OI,5.7,4.9
16,105,Michoacán,Vista Hermosa,2023,OI,5.3,5.3
16,106,Michoacán,Yurécuaro,2023,OI,7.7,9.3
16,107,Michoacán,Zacapu,2023,OI,8.1,9.4
16,108,Michoacán,Zamora,2023,OI,3.5,4.9
16,110,Michoacán,Zinapécuaro,2023,OI,5.7,5.5
16,113,Michoacán,José Sixto Verduzco,2023,OI,3.5,4.8
17,001,Morelos,Amacuzac,2023,OI,8.9,9.3
17,002,Morelos,Atlatlahucan,2023,OI,11.2,11.4
17,004,Morelos,Ayala,2023,OI,12.1,12.5
17,005,Morelos,Coatlán del Río,2023,OI,11.7,12.1
17,006,Morelos,Cuautla,2023,OI,11.2,11.2
17,007,Morelos,Cuernavaca,2023,OI,9.0,10.0
17,008,Morelos,Emiliano Zapata,2023,OI,12.1,12.1
17,009,Morelos,Huitzilac,2023,OI,-1.5,-0.9
17,011,Morelos,Jiutepec,2023,OI,12.9,12.1
17,012,Morelos,Jojutla,2023,OI,11.4,12.5
17,013,Morelos,Jonacatepec de Leandro Valle,2023,OI,8.1,8.5
17,014,Morelos,Mazatepec,2023,OI,13.2,13.1
17,015,Morelos,Miacatlán,2023,OI,12.2,12.2
17,016,Morelos,Ocuituco,2023,OI,5.8,6.1
17,017,Morelos,Puente de Ixtla,2023,OI,9.3,10.0
17,018,Morelos,Temixco,2023,OI,14.0,12.8
17,019,Morelos,Tepalcingo,2023,OI,12.0,12.7
17,020,Morelos,Tepoztlán,2023,OI,9.6,9.9
17,021,Morelos,Tetecala,2023,OI,10.6,11.9
17,023,Morelos,Tlalnepantla,2023,OI,4.0,4.0
17,024,Morelos,Tlaltizapán de Zapata,2023,OI,10.1,11.2
17,025,Morelos,Tlaquiltenango,2023,OI,9.9,10.4
17,026,Morelos,Tlayacapan,2023,OI,9.0,9.0
17,027,Morelos,Totolapan,2023,OI,10.2,10.0
17,028,Morelos,Xochitepec,2023,OI,13.5,12.3
17,029,Morelos,Yautepec,2023,OI,11.3,11.5
17,030,Morelos,Yecapixtla,2023,OI,9.6,9.6
17,031,Morelos,Zacatepec,2023,OI,11.4,12.3
17,032,Morelos,Zacualpan de Amilpas,2023,OI,9.6,9.6
17,033,Morelos,Temoac,2023,OI,10.0,10.0
17,035,Morelos,Xoxocotla,2023,OI,10.3,11.4
18,001,Nayarit,Acaponeta,2023,OI,13.7,11.6
18,006,Nayarit,Ixtlán del Río,2023,OI,8.9,9.0
18,008,Nayarit,Xalisco,2023,OI,5.9,6.4
18,009,Nayarit,Del Nayar,2023,OI,10.2,11.6
18,010,Nayarit,Rosamorada,2023,OI,12.4,10.9
18,011,Nayarit,Ruíz,2023,OI,14.1,12.9
18,012,Nayarit,San Blas,2023,OI,15.3,13.9
18,015,Nayarit,Santiago Ixcuintla,2023,OI,12.9,11.5
18,017,Nayarit,Tepic,2023,OI,11.9,12.4
18,020,Nayarit,Bahía de Banderas,2023,OI,15.1,14.3
19,006,Nuevo León,Apodaca,2023,OI,11.2,7.8
19,007,Nuevo León,Aramberri,2023,OI,1.3,2.6
19,011,Nuevo León,Cerralvo,2023,OI,9.4,5.9
19,013,Nuevo León,China,2023,OI,10.6,8.5
19,017,Nuevo León,Galeana,2023,OI,-0.2,-1.2
19,024,Nuevo León,General Zaragoza,2023,OI,7.3,5.6
19,025,Nuevo León,General Zuazua,2023,OI,11.3,7.5
19,026,Nuevo León,Guadalupe,2023,OI,10.5,7.5
19,033,Nuevo León,Linares,2023,OI,8.6,4.8
19,036,Nuevo León,Mier y Noriega,2023,OI,8.8,7.3
19,038,Nuevo León,Montemorelos,2023,OI,7.8,4.3
19,039,Nuevo León,Monterrey,2023,OI,7.0,3.1
19,042,Nuevo León,Los Ramones,2023,OI,9.3,4.7
19,046,Nuevo León,San Nicolás de los Garza,2023,OI,9.3,8.1
19,048,Nuevo León,Santa Catarina,2023,OI,5.3,5.3
19,049,Nuevo León,Santiago,2023,OI,9.8,5.6
20,006,Oaxaca,Asunción Nochixtlán,2023,OI,9.4,8.3
20,011,Oaxaca,Calihualá,2023,OI,9.0,9.2
20,014,Oaxaca,Ciudad Ixtepec,2023,OI,23.6,23.3
20,039,Oaxaca,Heroica Ciudad de Huajuapan de León,2023,OI,6.6,7.5
20,043,Oaxaca,Heroica Ciudad de Juchitán de Zaragoza,2023,OI,20.4,20.6
20,052,Oaxaca,Magdalena Tequisistlán,2023,OI,19.5,16.9
20,059,Oaxaca,Miahuatlán de Porfirio Díaz,2023,OI,8.8,9.4
20,067,Oaxaca,Oaxaca de Juárez,2023,OI,12.5,9.4
20,073,Oaxaca,Putla Villa de Guerrero,2023,OI,13.2,9.2
20,079,Oaxaca,Salina Cruz,2023,OI,21.6,22.1
20,083,Oaxaca,San Agustín de las Juntas,2023,OI,9.6,9.3
20,105,Oaxaca,San Antonino Monte Verde,2023,OI,9.9,9.9
20,136,Oaxaca,San Felipe Usila,2023,OI,15.4,13.9
20,173,Oaxaca,San Juan Atepec,2023,OI,7.5,7.8
20,184,Oaxaca,San Juan Bautista Tuxtepec,2023,OI,17.4,15.0
20,186,Oaxaca,San Juan Cieneguilla,2023,OI,11.2,11.2
20,221,Oaxaca,San Juan Teposcolula,2023,OI,0.9,2.9
20,228,Oaxaca,San Lorenzo Cuaunecuiltitla,2023,OI,8.7,8.7
20,237,Oaxaca,San Marcos Arteaga,2023,OI,9.6,9.6
20,262,Oaxaca,San Miguel Amatlán,2023,OI,2.9,2.5
20,278,Oaxaca,San Miguel Soyaltepec,2023,OI,18.9,16.6
20,293,Oaxaca,San Pablo Etla,2023,OI,10.0,
20,307,Oaxaca,San Pedro Huamelula,2023,OI,18.6,18.9
20,318,Oaxaca,San Pedro Mixtepec,2023,OI,20.7,18.5
20,324,Oaxaca,San Pedro Pochutla,2023,OI,18.0,18.0
20,327,Oaxaca,San Pedro Tapanatepec,2023,OI,16.0,17.3
20,357,Oaxaca,Santa Ana Tavela,2023,OI,13.0,12.5
20,363,Oaxaca,Santa Catarina Ixtepeji,2023,OI,7.3,7.8
20,385,Oaxaca,Santa Cruz Xoxocotlán,2023,OI,9.2,9.7
20,413,Oaxaca,Santa María Huatulco,2023,OI,22.1,22.1
20,417,Oaxaca,Santa María Jacatepec,2023,OI,18.6,16.4
20,418,Oaxaca,Santa María Jalapa del Marqués,2023,OI,16.6,15.8
20,439,Oaxaca,Santa María Tonameca,2023,OI,17.3,17.4
20,459,Oaxaca,Villa de Santiago Chazumba,2023,OI,7.4,7.4
20,468,Oaxaca,Santiago Jocotepec,2023,OI,18.7,17.6
20,498,Oaxaca,Santiago Yaveo,2023,OI,17.5,16.5
20,502,Oaxaca,Santiago Zacatepec,2023,OI,14.5,13.0
20,525,Oaxaca,Santo Domingo Zanatepec,2023,OI,15.6,14.2
20,537,Oaxaca,Silacayoápam,2023,OI,10.6,11.0
20,547,Oaxaca,Teotongo,2023,OI,3.6,4.8
20,549,Oaxaca,"Heroica Villa Tezoatlán de Segura y Luna, Cuna de la Independencia de Oaxaca",2023,OI,6.1,7.1
20,567,Oaxaca,Zapotitlán Lagunas,2023,OI,10.5,10.5
20,568,Oaxaca,Zapotitlán Palmas,2023,OI,10.0,10.1
21,001,Puebla,Acajete,2023,OI,4.5,4.8
21,002,Puebla,Acateno,2023,OI,16.8,15.6
21,003,Puebla,Acatlán,2023,OI,11.5,11.7
21,008,Puebla,Ahuazotepec,2023,OI,1.4,2.1
21,015,Puebla,Amozoc,2023,OI,11.4,7.1
21,019,Puebla,Atlixco,2023,OI,8.9,9.1
21,023,Puebla,Atzitzintla,2023,OI,3.1,3.1
21,025,Puebla,Ayotoxco de Guerrero,2023,OI,15.0,14.7
21,026,Puebla,Calpan,2023,OI,4.5,4.6
21,031,Puebla,Coatzingo,2023,OI,10.0,10.9
21,045,Puebla,Chalchicomula de Sesma,2023,OI,2.7,3.4
21,051,Puebla,Chietla,2023,OI,13.1,13.2
21,053,Puebla,Chignahuapan,2023,OI,1.4,1.8
21,059,Puebla,Chinantla,2023,OI,8.9,10.7
21,064,Puebla,Francisco Z. Mena,2023,OI,15.1,12.9
21,069,Puebla,Huaquechula,2023,OI,10.6,10.6
21,071,Puebla,Huauchinango,2023,OI,4.8,5.8
21,074,Puebla,Huejotzingo,2023,OI,4.5,5.2
21,083,Puebla,Ixtacamaxtitlán,2023,OI,2.2,2.7
21,085,Puebla,Izúcar de Matamoros,2023,OI,15.8,15.8
21,086,Puebla,Jalpan,2023,OI,14.6,13.3
21,094,Puebla,Libres,2023,OI,3.7,4.2
21,098,Puebla,Molcaxac,2023,OI,3.2,4.0
21,106,Puebla,Ocoyucan,2023,OI,5.4,5.9
21,108,Puebla,Oriental,2023,OI,8.6,8.1
21,109,Puebla,Pahuatlán,2023,OI,12.6,10.7
21,114,Puebla,Puebla,2023,OI,3.1,3.2
21,114,Tlaxcala,Puebla,2023,OI,2.7,3.2
21,132,Puebla,San Martín Texmelucan,2023,OI,3.2,3.5
21,140,Puebla,San Pedro Cholula,2023,OI,4.3,5.2
21,153,Puebla,Tecali de Herrera,2023,OI,5.4,4.2
21,154,Puebla,Tecamachalco,2023,OI,5.5,5.8
21,156,Puebla,Tehuacán,2023,OI,10.0,7.5
21,160,Puebla,Teotlalco,2023,OI,8.9,10.2
21,170,Puebla,Tepeyahualco,2023,OI,-0.4,0.6
21,172,Puebla,Tetela de Ocampo,2023,OI,7.1,6.5
21,174,Puebla,Teziutlán,2023,OI,4.6,4.3
21,180,Puebla,Tlahuapan,2023,OI,4.5,4.6
21,183,Puebla,Tlaola,2023,OI,10.4,
21,184,Puebla,Tlapacoya,2023,OI,4.9,4.9
21,185,Puebla,Tlapanalá,2023,OI,10.7,11.3
21,186,Puebla,Tlatlauquitepec,2023,OI,0.5,0.5
21,188,Morelos,Tochimilco,2023,OI,8.9,8.9
21,193,Puebla,Tzicatlacoyan,2023,OI,3.3,3.4
21,194,Puebla,Venustiano Carranza,2023,OI,10.2,
21,197,Puebla,Xicotepec,2023,OI,15.1,15.6
21,198,Puebla,Xicotlán,2023,OI,10.0,10.7
21,207,Puebla,Zacapoaxtla,2023,OI,7.1,6.0
21,209,Puebla,Zapotitlán,2023,OI,9.2,9.2
22,006,Querétaro,Corregidora,2023,OI,4.5,5.9
22,008,Querétaro,Huimilpan,2023,OI,4.7,5.7
22,009,Querétaro,Jalpan de Serra,2023,OI,7.3,6.6
22,011,Querétaro,El Marqués,2023,OI,4.1,5.3
22,013,Querétaro,Peñamiller,2023,OI,9.8,9.5
22,014,Querétaro,Querétaro,2023,OI,6.2,7.0
22,016,Querétaro,San Juan del Río,2023,OI,6.4,7.3
23,001,Quintana Roo,Cozumel,2023,OI,19.4,17.9
23,002,Quintana Roo,Felipe Carrillo Puerto,2023,OI,18.9,17.1
23,004,Quintana Roo,Othón P. Blanco,2023,OI,18.3,19.1
23,005,Quintana Roo,Benito Juárez,2023,OI,20.5,18.4
23,006,Quintana Roo,José María Morelos,2023,OI,19.0,18.1
23,007,Quintana Roo,Lázaro Cárdenas,2023,OI,19.2,18.2
23,008,Quintana Roo,Solidaridad,2023,OI,18.7,16.5
23,009,Quintana Roo,Tulum,2023,OI,18.8,17.5
24,003,San Luis Potosí,Aquismón,2023,OI,11.6,9.6
24,008,San Luis Potosí,Cerritos,2023,OI,8.8,8.3
24,010,Tamaulipas,Ciudad del Maíz,2023,OI,15.5,13.6
24,011,San Luis Potosí,Ciudad Fernández,2023,OI,11.6,10.7
24,013,San Luis Potosí,Ciudad Valles,2023,OI,13.6,11.8
24,016,San Luis Potosí,Ebano,2023,OI,14.2,12.6
24,020,San Luis Potosí,Matehuala,2023,OI,5.9,6.0
24,024,San Luis Potosí,Rioverde,2023,OI,10.5,10.2
24,027,San Luis Potosí,San Ciro de Acosta,2023,OI,9.9,9.1
24,028,San Luis Potosí,San Luis Potosí,2023,OI,4.7,4.7
24,034,San Luis Potosí,San Vicente Tancuayalab,2023,OI,14.1,13.5
24,034,Veracruz,San Vicente Tancuayalab,2023,OI,15.9,12.2
24,037,San Luis Potosí,Tamazunchale,2023,OI,11.6,9.8
24,041,San Luis Potosí,Tanlajás,2023,OI,13.6,11.6
24,049,San Luis Potosí,Villa de Ramos,2023,OI,3.4,4.2
24,050,San Luis Potosí,Villa de Reyes,2023,OI,6.1,6.4
24,053,San Luis Potosí,Axtla de Terrazas,2023,OI,14.0,12.5
24,057,San Luis Potosí,Matlapa,2023,OI,15.4,12.4
24,058,San Luis Potosí,El Naranjo,2023,OI,11.2,10.2
25,001,Sinaloa,Ahome,2023,OI,6.7,10.2
25,003,Sinaloa,Badiraguato,2023,OI,5.8,6.5
25,005,Sinaloa,Cosalá,2023,OI,12.4,11.2
25,006,Sinaloa,Culiacán,2023,OI,6.7,6.1
25,007,Sinaloa,Choix,2023,OI,7.6,7.5
25,008,Sinaloa,Elota,2023,OI,11.2,10.6
25,010,Sinaloa,El Fuerte,2023,OI,3.4,4.7
25,011,Sinaloa,Guasave,2023,OI,10.0,10.0
25,012,Sinaloa,Mazatlán,2023,OI,10.6,9.6
25,013,Sinaloa,Mocorito,2023,OI,9.0,8.6
25,014,Sinaloa,Rosario,2023,OI,11.3,9.9
25,015,Sinaloa,Salvador Alvarado,2023,OI,9.4,10.3
25,016,Sinaloa,San Ignacio,2023,OI,8.9,8.9
25,017,Sinaloa,Sinaloa,2023,OI,5.8,7.4
25,019,Sinaloa,Eldorado,2023,OI,11.5,10.4
26,001,Sonora,Aconchi,2023,OI,1.1,2.4
26,002,Sonora,Agua Prieta,2023,OI,-3.2,-3.0
26,003,Sonora,Álamos,2023,OI,3.0,3.4
26,004,Sonora,Altar,2023,OI,1.2,0.9
26,006,Sonora,Arizpe,2023,OI,-3.7,-3.1
26,010,Sonora,Bacerac,2023,OI,-1.3,-2.2
26,012,Sonora,Bácum,2023,OI,4.6,5.0
26,013,Sonora,Banámichi,2023,OI,-2.1,-1.9
26,014,Sonora,Baviácora,2023,OI,-0.4,0.1
26,015,Sonora,Bavispe,2023,OI,-0.6,-0.1
26,016,Sonora,Benjamín Hill,2023,OI,-1.6,0.0
26,017,Sonora,Caborca,2023,OI,3.0,4.1
26,018,Sonora,Cajeme,2023,OI,3.5,4.5
26,019,Sonora,Cananea,2023,OI,1.2,2.0
26,020,Sonora,Carbó,2023,OI,2.0,3.8
26,021,Sonora,La Colorada,2023,OI,2.7,5.2
26,022,Sonora,Cucurpe,2023,OI,-1.2,-0.8
26,023,Sonora,Cumpas,2023,OI,1.7,1.4
26,025,Sonora,Empalme,2023,OI,5.5,6.2
26,026,Sonora,Etchojoa,2023,OI,3.9,4.2
26,029,Sonora,Guaymas,2023,OI,1.5,2.4
26,030,Sonora,Hermosillo,2023,OI,2.6,3.4
26,031,Sonora,Huachinera,2023,OI,-1.0,-2.5
26,032,Sonora,Huásabas,2023,OI,0.6,2.3
26,033,Sonora,Huatabampo,2023,OI,5.3,5.3
26,035,Sonora,Imuris,2023,OI,0.0,0.9
26,036,Sonora,Magdalena,2023,OI,-0.4,-1.2
26,037,Sonora,Mazatán,2023,OI,-0.4,1.3
26,038,Sonora,Moctezuma,2023,OI,4.2,5.6
26,040,Sonora,Nácori Chico,2023,OI,-1.8,-0.9
26,041,Sonora,Nacozari de García,2023,OI,2.2,5.0
26,042,Sonora,Navojoa,2023,OI,3.3,3.6
26,043,Sonora,Nogales,2023,OI,2.1,2.6
26,044,Sonora,Ónavas,2023,OI,7.9,7.9
26,045,Sonora,Opodepe,2023,OI,0.0,1.7
26,046,Sonora,Oquitoa,2023,OI,4.1,4.1
26,047,Sonora,Pitiquito,2023,OI,4.1,6.2
26,048,Sonora,Puerto Peñasco,2023,OI,6.8,8.0
26,049,Sonora,Quiriego,2023,OI,-0.5,1.3
26,051,Sonora,Rosario,2023,OI,0.7,1.1
26,052,Sonora,Sahuaripa,2023,OI,1.2,2.1
26,055,Sonora,San Luis Río Colorado,2023,OI,3.6,3.1
26,056,Sonora,San Miguel de Horcasitas,2023,OI,0.6,0.8
26,059,Sonora,Santa Cruz,2023,OI,-3.4,-2.7
26,061,Sonora,Soyopa,2023,OI,6.2,6.7
26,062,Sonora,Suaqui Grande,2023,OI,1.3,3.2
26,063,Sonora,Tepache,2023,OI,5.9,1.3
26,064,Sonora,Trincheras,2023,OI,0.9,1.6
26,065,Sonora,Tubutama,2023,OI,3.2,3.6
26,066,Sonora,Ures,2023,OI,0.2,1.0
26,067,Sonora,Villa Hidalgo,2023,OI,7.7,7.5
26,068,Sonora,Villa Pesqueira,2023,OI,2.5,3.4
26,069,Sonora,Yécora,2023,OI,-3.8,-3.9
26,070,Sonora,General Plutarco Elías Calles,2023,OI,2.2,1.1
26,071,Sonora,Benito Juárez,2023,OI,4.7,5.1
26,072,Sonora,San Ignacio Río Muerto,2023,OI,5.9,6.2
27,001,Tabasco,Balancán,2023,OI,20.2,20.7
27,002,Tabasco,Cárdenas,2023,OI,20.5,18.9
27,003,Tabasco,Centla,2023,OI,19.1,21.1
27,004,Tabasco,Centro,2023,OI,19.6,18.3
27,006,Tabasco,Cunduacán,2023,OI,19.6,18.7
27,008,Tabasco,Huimanguillo,2023,OI,19.5,19.4
27,010,Tabasco,Jalpa de Méndez,2023,OI,20.5,
27,011,Tabasco,Jonuta,2023,OI,20.4,21.3
27,012,Tabasco,Macuspana,2023,OI,19.9,19.3
27,014,Tabasco,Paraíso,2023,OI,22.1,21.3
27,015,Tabasco,Tacotalpa,2023,OI,18.9,18.3
27,016,Tabasco,Teapa,2023,OI,19.0,19.0
27,017,Tabasco,Tenosique,2023,OI,16.5,18.2
28,001,Tamaulipas,Abasolo,2023,OI,12.6,10.5
28,002,Tamaulipas,Aldama,2023,OI,14.5,10.8
28,003,Tamaulipas,Altamira,2023,OI,16.4,14.1
28,005,Tamaulipas,Burgos,2023,OI,11.4,6.4
28,007,Tamaulipas,Camargo,2023,OI,11.6,7.2
28,008,Tamaulipas,Casas,2023,OI,12.7,9.4
28,009,Tamaulipas,Ciudad Madero,2023,OI,17.5,14.4
28,011,Tamaulipas,Gómez Farías,2023,OI,12.6,9.7
28,012,Tamaulipas,González,2023,OI,12.9,9.8
28,013,Tamaulipas,Güémez,2023,OI,10.1,7.4
28,015,Tamaulipas,Gustavo Díaz Ordaz,2023,OI,12.6,7.6
28,016,Tamaulipas,Hidalgo,2023,OI,8.6,5.1
28,019,Tamaulipas,Llera,2023,OI,11.7,10.5
28,020,Tamaulipas,Mainero,2023,OI,9.4,6.5
28,021,Tamaulipas,El Mante,2023,OI,13.9,11.1
28,022,Tamaulipas,Matamoros,2023,OI,12.6,7.8
28,023,Tamaulipas,Méndez,2023,OI,12.2,7.6
28,027,Tamaulipas,Nuevo Laredo,2023,OI,4.8,4.8
28,030,Tamaulipas,Padilla,2023,OI,12.8,8.6
28,032,Tamaulipas,Reynosa,2023,OI,12.4,7.2
28,034,Tamaulipas,San Carlos,2023,OI,12.8,8.8
28,035,Tamaulipas,San Fernando,2023,OI,12.4,8.2
28,037,Tamaulipas,Soto la Marina,2023,OI,12.4,9.9
28,038,Tamaulipas,Tampico,2023,OI,17.6,14.6
28,040,Tamaulipas,Valle Hermoso,2023,OI,12.9,7.8
28,041,Tamaulipas,Victoria,2023,OI,10.8,7.7
28,043,Tamaulipas,Xicoténcatl,2023,OI,12.2,10.7
29,003,Tlaxcala,Atlangatepec,2023,OI,-0.5,-0.5
29,006,Tlaxcala,Calpulalpan,2023,OI,2.8,2.3
29,007,Tlaxcala,El Carmen Tequexquitla,2023,OI,0.4,1.2
29,008,Tlaxcala,Cuapiaxtla,2023,OI,2.4,2.4
29,013,Tlaxcala,Huamantla,2023,OI,0.2,0.7
29,031,Tlaxcala,Tetla de la Solidaridad,2023,OI,3.3,3.8
29,033,Tlaxcala,Tlaxcala,2023,OI,4.1,4.8
29,037,Tlaxcala,Ziltlaltépec de Trinidad Sánchez Santos,2023,OI,3.6,4.3
29,044,Tlaxcala,Zacatelco,2023,OI,3.0,3.0
30,001,Veracruz,Acajete,2023,OI,3.4,3.9
30,003,Veracruz,Acayucan,2023,OI,18.9,18.4
30,004,Veracruz,Actopan,2023,OI,17.8,16.0
30,010,Veracruz,Altotonga,2023,OI,6.5,5.5
30,011,Veracruz,Alvarado,2023,OI,17.9,17.9
30,015,Veracruz,Angel R. Cabada,2023,OI,17.7,16.3
30,016,Veracruz,La Antigua,2023,OI,17.0,15.4
30,028,Veracruz,Boca del Río,2023,OI,18.7,17.8
30,032,Veracruz,Catemaco,2023,OI,8.7,8.7
30,035,Veracruz,Citlaltépetl,2023,OI,16.0,
30,038,Veracruz,Coatepec,2023,OI,8.8,8.3
30,039,Veracruz,Coatzacoalcos,2023,OI,19.8,18.5
30,044,Veracruz,Córdoba,2023,OI,15.4,14.1
30,045,Veracruz,Cosamaloapan de Carpio,2023,OI,19.4,17.8
30,048,Veracruz,Cosoleacaque,2023,OI,19.2,19.1
30,053,Veracruz,Cuitláhuac,2023,OI,17.5,16.2
30,061,Veracruz,Las Choapas,2023,OI,15.9,15.1
30,065,Veracruz,Emiliano Zapata,2023,OI,17.7,16.0
30,071,Veracruz,Huatusco,2023,OI,6.5,6.7
30,072,Veracruz,Huayacocotla,2023,OI,4.5,4.8
30,073,Veracruz,Hueyapan de Ocampo,2023,OI,17.3,16.1
30,077,Veracruz,Isla,2023,OI,18.4,16.8
30,087,Veracruz,Xalapa,2023,OI,8.7,10.8
30,091,Veracruz,Jesús Carranza,2023,OI,19.2,16.7
30,093,Veracruz,Jilotepec,2023,OI,12.0,10.5
30,101,Veracruz,Mariano Escobedo,2023,OI,3.0,3.0
30,102,Veracruz,Martínez de la Torre,2023,OI,17.1,13.5
30,104,Veracruz,Mecayapan,2023,OI,18.0,16.7
30,112,Veracruz,Naolinco,2023,OI,9.5,8.5
30,118,Veracruz,Orizaba,2023,OI,11.6,11.1
30,123,Veracruz,Pánuco,2023,OI,13.4,11.7
30,125,Veracruz,Paso del Macho,2023,OI,17.1,16.0
30,126,Veracruz,Paso de Ovejas,2023,OI,18.1,16.7
30,128,Veracruz,Perote,2023,OI,-1.9,-1.9
30,141,Veracruz,San Andrés Tuxtla,2023,OI,17.5,15.8
30,142,Veracruz,San Juan Evangelista,2023,OI,19.2,17.5
30,143,Veracruz,Santiago Tuxtla,2023,OI,18.7,17.3
30,155,Veracruz,Tantoyuca,2023,OI,13.2,11.8
30,160,Veracruz,Álamo Temapache,2023,OI,14.8,12.7
30,161,Veracruz,Tempoal,2023,OI,14.5,12.0
30,163,Veracruz,Tenochtitlán,2023,OI,12.0,9.5
30,175,Veracruz,Tihuatlán,2023,OI,18.0,11.1
30,182,Veracruz,Tlalnelhuayocan,2023,OI,11.1,10.0
30,188,Veracruz,Totutla,2023,OI,11.5,9.5
30,189,Veracruz,Tuxpan,2023,OI,15.8,15.1
30,193,Veracruz,Veracruz,2023,OI,18.8,18.5
31,010,Yucatán,Cantamayec,2023,OI,15.5,16.1
31,011,Yucatán,Celestún,2023,OI,20.1,19.5
31,013,Yucatán,Conkal,2023,OI,15.5,15.5
31,023,Yucatán,Chocholá,2023,OI,18.7,17.4
31,043,Yucatán,Kaua,2023,OI,21.2,22.5
31,050,Yucatán,Mérida,2023,OI,16.3,7.5
31,051,Yucatán,Mocochá,2023,OI,16.1,13.9
31,052,Yucatán,Motul,2023,OI,16.2,13.1
31,053,Yucatán,Muna,2023,OI,17.3,16.0
31,056,Yucatán,Oxkutzcab,2023,OI,16.8,16.2
31,058,Yucatán,Peto,2023,OI,16.1,15.6
31,059,Yucatán,Progreso,2023,OI,19.6,19.2
31,061,Yucatán,Río Lagartos,2023,OI,18.4,17.4
31,079,Yucatán,Tekax,2023,OI,16.8,16.4
31,089,Yucatán,Ticul,2023,OI,17.0,16.3
31,096,Yucatán,Tizimín,2023,OI,17.5,16.1
31,098,Yucatán,Tzucacab,2023,OI,12.9,13.5
31,102,Yucatán,Valladolid,2023,OI,19.2,17.9
32,003,Zacatecas,Atolinga,2023,OI,1.0,2.2
32,005,Zacatecas,Calera,2023,OI,-0.1,0.8
32,006,Zacatecas,Cañitas de Felipe Pescador,2023,OI,8.9,
32,007,Zacatecas,Concepción del Oro,2023,OI,5.9,5.4
32,008,Zacatecas,Cuauhtémoc,2023,OI,1.7,3.1
32,009,Zacatecas,Chalchihuites,2023,OI,5.4,5.0
32,010,Zacatecas,Fresnillo,2023,OI,0.3,0.3
32,012,Zacatecas,Genaro Codina,2023,OI,0.2,1.3
32,014,Zacatecas,General Francisco R. Murguía,2023,OI,5.1,2.3
32,015,Jalisco,El Plateado de Joaquín Amaro,2023,OI,8.6,12.2
32,015,Zacatecas,El Plateado de Joaquín Amaro,2023,OI,5.4,6.8
32,016,Zacatecas,General Pánfilo Natera,2023,OI,-1.6,-0.5
32,017,Zacatecas,Guadalupe,2023,OI,5.4,5.5
32,018,Zacatecas,Huanusco,2023,OI,6.2,7.2
32,020,Zacatecas,Jerez,2023,OI,2.9,2.1
32,022,Zacatecas,Juan Aldama,2023,OI,3.4,3.5
32,023,Zacatecas,Juchipila,2023,OI,3.3,4.4
32,024,Zacatecas,Loreto,2023,OI,2.7,3.0
32,025,Zacatecas,Luis Moya,2023,OI,1.0,2.2
32,026,Zacatecas,Mazapil,2023,OI,0.5,0.8
32,028,Zacatecas,Mezquital del Oro,2023,OI,5.6,6.4
32,029,Zacatecas,Miguel Auza,2023,OI,3.6,3.8
32,031,Zacatecas,Monte Escobedo,2023,OI,-1.7,-0.4
32,032,Zacatecas,Morelos,2023,OI,3.7,4.4
32,034,Zacatecas,Nochistlán de Mejía,2023,OI,1.5,1.9
32,036,Zacatecas,Ojocaliente,2023,OI,2.5,3.3
32,038,Zacatecas,Pinos,2023,OI,0.5,1.7
32,039,Zacatecas,Río Grande,2023,OI,1.2,1.2
32,042,Zacatecas,Sombrerete,2023,OI,4.8,4.6
32,044,Zacatecas,Tabasco,2023,OI,9.2,9.9
32,045,Zacatecas,Tepechitlán,2023,OI,0.8,1.6
32,047,Zacatecas,Teúl de González Ortega,2023,OI,-0.3,0.6
32,048,Zacatecas,Tlaltenango de Sánchez Román,2023,OI,1.4,2.6
32,049,Zacatecas,Valparaíso,2023,OI,-3.2,-2.3
32,051,Zacatecas,Villa de Cos,2023,OI,4.9,4.8
32,053,Zacatecas,Villa González Ortega,2023,OI,3.3,3.2
32,054,Zacatecas,Villa Hidalgo,2023,OI,3.6,2.8
32,055,Zacatecas,Villanueva,2023,OI,0.1,1.3
32,056,Zacatecas,Zacatecas,2023,OI,6.3,6.6
01,001,Aguascalientes,Aguascalientes,2023,PV,7.0,-2.1
01,002,Aguascalientes,Asientos,2023,PV,11.125,-0.9
01,003,Aguascalientes,Calvillo,2023,PV,10.2,2.4
01,004,Aguascalientes,Cosío,2023,PV,5.0,-1.2
01,006,Aguascalientes,Pabellón de Arteaga,2023,PV,10.5,4.2
01,007,Aguascalientes,Rincón de Romos,2023,PV,12.0,5.4
01,008,Aguascalientes,San José de Gracia,2023,PV,6.3,0.7
01,009,Aguascalientes,Tepezalá,2023,PV,10.0,7.1
01,010,Aguascalientes,El Llano,2023,PV,5.928571429,1.1
02,001,Baja California,Ensenada,2023,PV,4.2,-1.8
02,002,Baja California,Mexicali,2023,PV,13.4,3.4
02,002,Sonora,Mexicali,2023,PV,9.7,3.8
02,003,Baja California,Tecate,2023,PV,2.1,-1.8
02,004,Baja California,Tijuana,2023,PV,10.2,8.0
02,005,Baja California,Playas de Rosarito,2023,PV,9.6,9.8
02,006,Baja California,San Quintín,2023,PV,9.3,7.5
02,007,Baja California,San Felipe,2023,PV,8.1,7.8
03,001,Baja California Sur,Comondú,2023,PV,11.8,7.4
03,002,Baja California Sur,Mulegé,2023,PV,8.98,3.1
03,003,Baja California Sur,La Paz,2023,PV,11.9,7.8
03,008,Baja California Sur,Los Cabos,2023,PV,14.44,6.2
03,009,Baja California Sur,Loreto,2023,PV,15.7,11.8
04,002,Campeche,Campeche,2023,PV,22.4,15.1
04,003,Campeche,Carmen,2023,PV,20.0,18.2
04,004,Campeche,Champotón,2023,PV,20.8,17.5
04,005,Campeche,Hecelchakán,2023,PV,21.0,19.4
04,006,Campeche,Hopelchén,2023,PV,21.5,16.2
04,007,Campeche,Palizada,2023,PV,23.0,18.3
04,009,Campeche,Escárcega,2023,PV,24.0,19.5
04,010,Campeche,Calakmul,2023,PV,19.8,16.5
04,011,Campeche,Candelaria,2023,PV,22.6,17.6
05,002,Coahuila,Acuña,2023,PV,21.0,3.4
05,003,Coahuila,Allende,2023,PV,17.0,4.2
05,005,Coahuila,Candela,2023,PV,22.0,5.8
05,007,Coahuila,Cuatro Ciénegas,2023,PV,15.8,4.5
05,010,Coahuila,Frontera,2023,PV,20.1,5.6
05,014,Coahuila,Jiménez,2023,PV,20.0,2.9
05,015,Coahuila,Juárez,2023,PV,18.2,4.6
05,018,Coahuila,Monclova,2023,PV,21.5,7.1
05,020,Coahuila,Múzquiz,2023,PV,11.0,1.5
05,022,Coahuila,Nava,2023,PV,17.7,4.0
05,025,Coahuila,Piedras Negras,2023,PV,22.0,5.3
05,027,Coahuila,Ramos Arizpe,2023,PV,12.0,3.6
05,028,Coahuila,Sabinas,2023,PV,23.0,3.7
05,030,Coahuila,Saltillo,2023,PV,14.0,3.5
05,032,Coahuila,San Juan de Sabinas,2023,PV,15.4,2.1
05,033,Coahuila,San Pedro,2023,PV,14.7,4.3
05,034,Coahuila,Sierra Mojada,2023,PV,24.6,5.0
05,035,Coahuila,Torreón,2023,PV,9.5,3.7
05,038,Coahuila,Zaragoza,2023,PV,14.3,
06,001,Colima,Armería,2023,PV,22.0,16.0
06,002,Colima,Colima,2023,PV,20.7,14.6
06,003,Colima,Comala,2023,PV,20.5,17.4
06,004,Colima,Coquimatlán,2023,PV,19.53333333,11.9
06,005,Colima,Cuauhtémoc,2023,PV,19.0,13.9
06,007,Colima,Manzanillo,2023,PV,20.9,17.2
06,009,Colima,Tecomán,2023,PV,20.5,13.4
07,001,Chiapas,Acacoyagua,2023,PV,21.5,19.7
07,002,Chiapas,Acala,2023,PV,21.5,15.9
07,003,Chiapas,Acapetahua,2023,PV,22.9,19.7
07,008,Chiapas,Ángel Albino Corzo,2023,PV,9.2,7.3
07,009,Chiapas,Arriaga,2023,PV,26.51818182,21.8
07,015,Chiapas,Cacahoatán,2023,PV,16.1,15.0
07,019,Chiapas,Comitán de Domínguez,2023,PV,14.5,11.5
07,020,Chiapas,La Concordia,2023,PV,17.0,13.2
07,027,Chiapas,Chiapa de Corzo,2023,PV,20.0,15.3
07,029,Chiapas,Chicoasén,2023,PV,20.0,16.4
07,030,Chiapas,Chicomuselo,2023,PV,16.6,12.5
07,032,Chiapas,Escuintla,2023,PV,16.0,14.2
07,034,Chiapas,Frontera Comalapa,2023,PV,18.0,13.1
07,037,Chiapas,Huehuetán,2023,PV,23.0,23.2
07,040,Chiapas,Huixtla,2023,PV,23.0,22.1
07,046,Chiapas,Jiquipilas,2023,PV,20.0,15.0
07,049,Chiapas,Larráinzar,2023,PV,18.0,10.0
07,051,Chiapas,Mapastepec,2023,PV,22.0,20.0
07,052,Chiapas,Las Margaritas,2023,PV,16.1,11.7
07,057,Chiapas,Motozintla,2023,PV,17.1,11.2
07,059,Chiapas,Ocosingo,2023,PV,15.8,14.3
07,062,Chiapas,Ostuacán,2023,PV,21.0,17.6
07,063,Chiapas,Osumacinta,2023,PV,21.5,18.7
07,065,Chiapas,Palenque,2023,PV,22.2,18.8
07,068,Chiapas,Pichucalco,2023,PV,22.0,18.1
07,069,Chiapas,Pijijiapan,2023,PV,22.5,22.7
07,071,Chiapas,Villa Comaltitlán,2023,PV,21.0,19.3
07,072,Chiapas,Pueblo Nuevo Solistahuacán,2023,PV,15.04545455,10.8
07,077,Chiapas,Salto de Agua,2023,PV,21.0,18.0
07,078,Chiapas,San Cristóbal de las Casas,2023,PV,10.0,4.2
07,086,Chiapas,Suchiapa,2023,PV,19.0,15.9
07,087,Chiapas,Suchiate,2023,PV,25.09047619,20.1
07,089,Chiapas,Tapachula,2023,PV,18.0,16.5
07,092,Chiapas,Tecpatán,2023,PV,19.0,16.4
07,097,Chiapas,Tonalá,2023,PV,22.5,20.3
07,099,Chiapas,La Trinitaria,2023,PV,14.1,11.1
07,101,Chiapas,Tuxtla Gutiérrez,2023,PV,16.4,16.5
07,102,Chiapas,Tuxtla Chico,2023,PV,22.65454545,19.1
07,106,Chiapas,Venustiano Carranza,2023,PV,18.5,14.1
07,107,Chiapas,Villa Corzo,2023,PV,19.0,14.8
07,108,Chiapas,Villaflores,2023,PV,20.0,14.0
07,123,Chiapas,Emiliano Zapata,2023,PV,19.0,17.1
07,124,Chiapas,Mezcalapa,2023,PV,21.5,20.6
08,001,Chihuahua,Ahumada,2023,PV,7.5,-2.7
08,002,Chihuahua,Aldama,2023,PV,21.0,0.4
08,007,Chihuahua,Balleza,2023,PV,1.7,-4.4
08,008,Chihuahua,Batopilas de Manuel Gómez Morín,2023,PV,15.88888889,9.7
08,009,Chihuahua,Bocoyna,2023,PV,6.0,-0.8
08,010,Chihuahua,Buenaventura,2023,PV,15.0,-1.9
08,014,Chihuahua,Coronado,2023,PV,14.3,-0.6
08,017,Chihuahua,Cuauhtémoc,2023,PV,9.8,2.2
08,019,Chihuahua,Chihuahua,2023,PV,1.5,-6.6
08,020,Chihuahua,Chínipas,2023,PV,11.8,5.3
08,021,Chihuahua,Delicias,2023,PV,13.9,2.6
08,027,Chihuahua,Guachochi,2023,PV,2.4,-6.4
08,029,Chihuahua,Guadalupe y Calvo,2023,PV,3.1,-2.8
08,031,Chihuahua,Guerrero,2023,PV,5.0625,-4.5
08,032,Chihuahua,Hidalgo del Parral,2023,PV,15.4,2.8
08,035,Chihuahua,Janos,2023,PV,6.7,-2.5
08,036,Chihuahua,Jiménez,2023,PV,9.5,0.4
08,037,Chihuahua,Juárez,2023,PV,12.5,0.4
08,040,Chihuahua,Madera,2023,PV,7.05,-8.5
08,041,Chihuahua,Maguarichi,2023,PV,4.2,5.6
08,047,Chihuahua,Moris,2023,PV,20.7,1.9
08,050,Chihuahua,Nuevo Casas Grandes,2023,PV,10.5,-0.6
08,052,Chihuahua,Ojinaga,2023,PV,12.9,-1.0
08,055,Chihuahua,Rosales,2023,PV,14.0,2.6
08,058,Chihuahua,San Francisco de Conchos,2023,PV,13.0,-0.8
08,063,Chihuahua,Temósachic,2023,PV,10.2,-6.7
08,065,Chihuahua,Urique,2023,PV,14.9,7.5
09,002,Ciudad de México,Azcapotzalco,2023,PV,11.3,9.9
09,003,Ciudad de México,Coyoacán,2023,PV,11.4,10.5
09,004,Ciudad de México,Cuajimalpa de Morelos,2023,PV,10.8,8.4
09,005,Ciudad de México,Gustavo A. Madero,2023,PV,8.0,4.0
09,006,Ciudad de México,Iztacalco,2023,PV,13.9,9.4
09,007,Ciudad de México,Iztapalapa,2023,PV,13.1,10.0
09,009,Ciudad de México,Milpa Alta,2023,PV,9.766666667,8.0
09,010,Ciudad de México,Álvaro Obregón,2023,PV,10.1,7.1
09,012,Ciudad de México,Tlalpan,2023,PV,5.7,3.7
09,013,Ciudad de México,Xochimilco,2023,PV,11.2,7.0
09,014,Ciudad de México,Benito Juárez,2023,PV,12.5,10.0
09,015,Ciudad de México,Cuauhtémoc,2023,PV,13.4,10.3
09,016,Ciudad de México,Miguel Hidalgo,2023,PV,12.2,9.0
09,017,Ciudad de México,Venustiano Carranza,2023,PV,13.0,8.0
10,001,Durango,Canatlán,2023,PV,10.0,1.8
10,004,Durango,Cuencamé,2023,PV,17.2,5.4
10,005,Durango,Durango,2023,PV,4.0,-8.2
10,008,Durango,Guadalupe Victoria,2023,PV,12.0,2.2
10,009,Durango,Guanaceví,2023,PV,0.4,-11.2
10,010,Durango,Hidalgo,2023,PV,8.5,0.3
10,011,Durango,Indé,2023,PV,13.9,3.0
10,012,Durango,Lerdo,2023,PV,13.0,5.7
10,013,Durango,Mapimí,2023,PV,13.4,0.8
10,015,Durango,Nazas,2023,PV,9.3,-1.6
10,017,Durango,Ocampo,2023,PV,9.0,-1.9
10,018,Durango,El Oro,2023,PV,10.7,-1.3
10,022,Durango,Poanas,2023,PV,13.2,2.3
10,024,Durango,Rodeo,2023,PV,10.7,2.5
10,025,Durango,San Bernardo,2023,PV,0.4,-3.0
10,026,Durango,San Dimas,2023,PV,0.5,-4.2
10,027,Durango,San Juan de Guadalupe,2023,PV,15.5,2.3
10,030,Durango,San Pedro del Gallo,2023,PV,11.2,3.7
10,031,Zacatecas,Santa Clara,2023,PV,13.88076923,3.4
10,032,Durango,Santiago Papasquiaro,2023,PV,6.3,-0.2
10,033,Durango,Súchil,2023,PV,0.8,-3.0
10,034,Durango,Tamazula,2023,PV,22.0,11.2
10,035,Durango,Tepehuanes,2023,PV,11.5,-1.5
10,036,Durango,Tlahualilo,2023,PV,14.9,2.1
10,037,Durango,Topia,2023,PV,19.4,12.8
10,038,Durango,Vicente Guerrero,2023,PV,13.5,0.9
10,039,Durango,Nuevo Ideal,2023,PV,8.5,-2.1
11,001,Guanajuato,Abasolo,2023,PV,15.5,9.7
11,002,Guanajuato,Acámbaro,2023,PV,12.0,6.7
11,003,Guanajuato,San Miguel de Allende,2023,PV,10.68333333,4.1
11,004,Guanajuato,Apaseo el Alto,2023,PV,15.0,8.3
11,005,Guanajuato,Apaseo el Grande,2023,PV,12.3,5.9
11,006,Guanajuato,Atarjea,2023,PV,11.6,3.7
11,007,Guanajuato,Celaya,2023,PV,11.0,4.4
11,008,Guanajuato,Manuel Doblado,2023,PV,9.5,3.1
11,010,Guanajuato,Coroneo,2023,PV,6.5,1.3
11,011,Guanajuato,Cortazar,2023,PV,5.0,2.9
11,012,Guanajuato,Cuerámaro,2023,PV,15.0,6.8
11,014,Guanajuato,Dolores Hidalgo Cuna de la Independencia Nacional,2023,PV,10.0,2.6
11,015,Guanajuato,Guanajuato,2023,PV,10.5,4.5
11,017,Guanajuato,Irapuato,2023,PV,11.0,5.3
11,018,Guanajuato,Jaral del Progreso,2023,PV,11.0,5.7
11,019,Guanajuato,Jerécuaro,2023,PV,10.7,6.5
11,020,Guanajuato,León,2023,PV,12.6,6.7
11,022,Guanajuato,Ocampo,2023,PV,10.0,4.4
11,023,Guanajuato,Pénjamo,2023,PV,14.0,6.8
11,025,Guanajuato,Purísima del Rincón,2023,PV,10.5,4.4
11,027,Guanajuato,Salamanca,2023,PV,11.6,5.2
11,028,Guanajuato,Salvatierra,2023,PV,9.3,3.5
11,030,Guanajuato,San Felipe,2023,PV,9.0,1.4
11,033,Guanajuato,San Luis de la Paz,2023,PV,11.0,0.5
11,037,Guanajuato,Silao de la Victoria,2023,PV,10.8,6.0
11,042,Guanajuato,Valle de Santiago,2023,PV,13.0,4.8
11,045,Guanajuato,Xichú,2023,PV,16.0,8.0
12,001,Guerrero,Acapulco de Juárez,2023,PV,21.0,17.2
12,003,Guerrero,Ajuchitlán del Progreso,2023,PV,15.28571429,14.0
12,005,Guerrero,Alpoyeca,2023,PV,19.3,11.4
12,011,Guerrero,Atoyac de Álvarez,2023,PV,21.0,19.0
12,012,Guerrero,Ayutla de los Libres,2023,PV,20.3,16.7
12,014,Guerrero,Benito Juárez,2023,PV,23.0,20.5
12,015,Guerrero,Buenavista de Cuéllar,2023,PV,13.0,11.9
12,017,Guerrero,Cocula,2023,PV,18.7,
12,018,Guerrero,Copala,2023,PV,23.9,
12,021,Guerrero,Coyuca de Benítez,2023,PV,20.6,19.6
12,023,Guerrero,Cuajinicuilapa,2023,PV,21.5,22.2
12,027,Estado de México,Cutzamala de Pinzón,2023,PV,20.4,
12,028,Guerrero,Chilapa de Álvarez,2023,PV,12.5,10.3
12,029,Guerrero,Chilpancingo de los Bravo,2023,PV,13.0,11.1
12,032,Guerrero,General Heliodoro Castillo,2023,PV,10.0,8.0
12,035,Guerrero,Iguala de la Independencia,2023,PV,15.86956522,14.8
12,036,Guerrero,Igualapa,2023,PV,22.8,17.7
12,038,Guerrero,Zihuatanejo de Azueta,2023,PV,22.0,17.6
12,039,Guerrero,Juan R. Escudero,2023,PV,19.0,18.5
12,040,Guerrero,Leonardo Bravo,2023,PV,14.0,9.3
12,044,Guerrero,Mochitlán,2023,PV,18.5,14.5
12,045,Guerrero,Olinalá,2023,PV,17.0,10.7
12,046,Guerrero,Ometepec,2023,PV,15.88636364,14.0
12,050,Guerrero,Pungarabato,2023,PV,20.0,17.1
12,053,Guerrero,San Marcos,2023,PV,13.1,12.3
12,055,Guerrero,Taxco de Alarcón,2023,PV,13.0,14.2
12,057,Guerrero,Técpan de Galeana,2023,PV,19.0,19.4
12,059,Guerrero,Tepecoacuilco de Trujano,2023,PV,26.48571429,17.7
12,061,Guerrero,Tixtla de Guerrero,2023,PV,12.0,12.1
12,066,Guerrero,Tlapa de Comonfort,2023,PV,17.0,12.1
12,068,Michoacán,La Unión de Isidoro Montes de Oca,2023,PV,23.5,19.6
12,070,Guerrero,Xochihuehuetlán,2023,PV,18.0,12.0
12,073,Guerrero,Zirándaro,2023,PV,9.0,9.3
13,003,Hidalgo,Actopan,2023,PV,9.0,3.0
13,006,Hidalgo,Alfajayucan,2023,PV,11.0,6.0
13,008,Hidalgo,Apan,2023,PV,6.8,1.3
13,011,Hidalgo,Atlapexco,2023,PV,20.5,13.5
13,013,Hidalgo,Atotonilco de Tula,2023,PV,10.0,4.7
13,016,Hidalgo,Cuautepec de Hinojosa,2023,PV,7.0,3.1
13,019,Hidalgo,Chilcuautla,2023,PV,12.0,6.3
13,027,Hidalgo,Huehuetla,2023,PV,19.5,12.5
13,028,Hidalgo,Huejutla de Reyes,2023,PV,21.1,14.6
13,028,Veracruz,Huejutla de Reyes,2023,PV,20.0,12.7
13,029,Hidalgo,Huichapan,2023,PV,11.1,
13,030,Hidalgo,Ixmiquilpan,2023,PV,13.2,6.7
13,037,Hidalgo,Metztitlán,2023,PV,15.0,9.2
13,038,Hidalgo,Mineral del Chico,2023,PV,5.6,4.1
13,046,Hidalgo,San Felipe Orizatlán,2023,PV,22.5,12.6
13,048,Hidalgo,Pachuca de Soto,2023,PV,9.0,4.3
13,058,Hidalgo,Tasquillo,2023,PV,16.71052632,7.9
13,064,Hidalgo,Tepetitlán,2023,PV,11.0,6.1
13,076,Hidalgo,Tula de Allende,2023,PV,12.5,9.1
13,077,Hidalgo,Tulancingo de Bravo,2023,PV,8.5,6.2
13,081,Hidalgo,Zacualtipán de Ángeles,2023,PV,10.0,5.7
13,084,Hidalgo,Zimapán,2023,PV,14.05263158,10.0
14,002,Jalisco,Acatlán de Juárez,2023,PV,7.6,4.1
14,006,Jalisco,Ameca,2023,PV,11.2,6.4
14,015,Jalisco,Autlán de Navarro,2023,PV,19.7,10.9
14,017,Jalisco,Ayutla,2023,PV,12.0,8.0
14,019,Jalisco,Bolaños,2023,PV,18.90909091,11.6
14,022,Jalisco,Cihuatlán,2023,PV,20.2,16.8
14,023,Jalisco,Zapotlán el Grande,2023,PV,11.5,7.9
14,025,Jalisco,Colotlán,2023,PV,16.6,4.3
14,027,Jalisco,Cuautitlán de García Barragán,2023,PV,9.1,
14,030,Jalisco,Chapala,2023,PV,17.0,10.5
14,033,Jalisco,Degollado,2023,PV,13.2,8.5
14,037,Jalisco,El Grullo,2023,PV,19.0,
14,039,Jalisco,Guadalajara,2023,PV,12.4,8.1
14,041,Jalisco,Huejúcar,2023,PV,8.4,1.8
14,046,Jalisco,Jalostotitlán,2023,PV,7.6,-1.1
14,047,Jalisco,Jamay,2023,PV,10.6,5.5
14,050,Jalisco,Jocotepec,2023,PV,15.3,11.1
14,051,Jalisco,Juanacatlán,2023,PV,12.8,6.3
14,053,Jalisco,Lagos de Moreno,2023,PV,6.7,2.3
14,058,Jalisco,Mascota,2023,PV,14.2,4.8
14,061,Jalisco,Mezquitic,2023,PV,9.7,3.2
14,063,Jalisco,Ocotlán,2023,PV,12.0,5.7
14,066,Jalisco,Poncitlán,2023,PV,13.0,6.8
14,067,Jalisco,Puerto Vallarta,2023,PV,16.5,14.1
14,068,Jalisco,Villa Purificación,2023,PV,22.0,12.0
14,070,Jalisco,El Salto,2023,PV,16.4,11.3
14,071,Jalisco,San Cristóbal de la Barranca,2023,PV,15.8,9.5
14,077,Jalisco,San Martín Hidalgo,2023,PV,18.0,7.8
14,081,Jalisco,Santa María de los Ángeles,2023,PV,10.0,5.3
14,083,Jalisco,Tala,2023,PV,13.4,9.9
14,091,Jalisco,Teocaltiche,2023,PV,5.9,0.7
14,095,Jalisco,Teuchitlán,2023,PV,10.3,7.0
14,096,Jalisco,Tizapán el Alto,2023,PV,15.8,11.2
14,097,Jalisco,Tlajomulco de Zúñiga,2023,PV,12.5,6.4
14,098,Jalisco,San Pedro Tlaquepaque,2023,PV,15.0,10.5
14,099,Jalisco,Tolimán,2023,PV,10.2,7.8
14,100,Jalisco,Tomatlán,2023,PV,19.2,17.4
14,108,Jalisco,Tuxpan,2023,PV,5.2,3.2
14,120,Jalisco,Zapopan,2023,PV,14.38125,6.4
14,124,Jalisco,Zapotlanejo,2023,PV,13.0,5.8
15,002,Estado de México,Acolman,2023,PV,8.0,2.2
15,003,Estado de México,Aculco,2023,PV,6.0,1.6
15,003,Querétaro,Aculco,2023,PV,9.0,6.7
15,005,Estado de México,Almoloya de Juárez,2023,PV,6.0,-1.7
15,009,Estado de México,Amecameca,2023,PV,1.5,-0.2
15,011,Estado de México,Atenco,2023,PV,10.0,4.1
15,013,Estado de México,Atizapán de Zaragoza,2023,PV,9.0,5.0
15,014,Estado de México,Atlacomulco,2023,PV,5.0,0.6
15,020,Estado de México,Coacalco de Berriozábal,2023,PV,11.3,
15,025,Estado de México,Chalco,2023,PV,12.2,
15,032,Estado de México,Donato Guerra,2023,PV,9.003333333,5.3
15,033,Estado de México,Ecatepec de Morelos,2023,PV,6.0,4.1
15,038,Estado de México,Isidro Fabela,2023,PV,2.2,1.2
15,039,Estado de México,Ixtapaluca,2023,PV,4.526666667,1.6
15,042,Estado de México,Ixtlahuaca,2023,PV,7.0,-0.3
15,045,Estado de México,Jilotepec,2023,PV,4.0,0.3
15,052,Estado de México,Malinalco,2023,PV,17.73888889,12.6
15,055,Estado de México,Mexicaltzingo,2023,PV,10.6,7.1
15,057,Estado de México,Naucalpan de Juárez,2023,PV,6.5,-0.6
15,058,Estado de México,Nezahualcóyotl,2023,PV,15.2,
15,062,Estado de México,Ocoyoacac,2023,PV,5.4,
15,063,Estado de México,Ocuilan,2023,PV,8.0,4.5
15,074,Estado de México,San Felipe del Progreso,2023,PV,6.0,1.1
15,078,Estado de México,Santo Tomás,2023,PV,20.6,17.6
15,083,Estado de México,Temamatla,2023,PV,9.0,4.7
15,087,Estado de México,Temoaya,2023,PV,6.0,-2.3
15,090,Estado de México,Tenango del Valle,2023,PV,2.9,-0.3
15,091,Estado de México,Teoloyucan,2023,PV,8.941176471,2.9
15,095,Estado de México,Tepotzotlán,2023,PV,8.066666667,2.4
15,096,Estado de México,Tequixquiac,2023,PV,7.0,2.2
15,097,Estado de México,Texcaltitlán,2023,PV,8.0,2.8
15,099,Estado de México,Texcoco,2023,PV,9.794117647,4.0
15,100,Estado de México,Tezoyuca,2023,PV,9.0,6.9
15,101,Estado de México,Tianguistenco,2023,PV,7.0,0.7
15,104,Estado de México,Tlalnepantla de Baz,2023,PV,13.8,
15,106,Estado de México,Toluca,2023,PV,6.0,-0.2
15,109,Estado de México,Tultitlán,2023,PV,9.0,6.3
15,111,Estado de México,Villa de Allende,2023,PV,2.8,-1.4
15,112,Estado de México,Villa del Carbón,2023,PV,8.0,1.2
15,113,Estado de México,Villa Guerrero,2023,PV,9.0,5.2
15,118,Estado de México,Zinacantepec,2023,PV,7.0,0.8
15,120,Estado de México,Zumpango,2023,PV,9.9,2.8
15,121,Estado de México,Cuautitlán Izcalli,2023,PV,10.5,6.7
16,003,Michoacán,Álvaro Obregón,2023,PV,10.3,4.5
16,004,Michoacán,Angamacutiro,2023,PV,11.5,7.8
16,006,Michoacán,Apatzingán,2023,PV,19.5,15.1
16,010,Michoacán,Arteaga,2023,PV,10.5,18.5
16,011,Michoacán,Briseñas,2023,PV,12.0,
16,017,Michoacán,Contepec,2023,PV,5.0,3.9
16,019,Michoacán,Cotija,2023,PV,13.0,8.2
16,034,Michoacán,Hidalgo,2023,PV,7.454545455,2.5
16,035,Michoacán,La Huacana,2023,PV,16.0,14.1
16,038,Michoacán,Huetamo,2023,PV,22.5,15.0
16,039,Michoacán,Huiramba,2023,PV,10.0,1.5
16,042,Michoacán,Ixtlán,2023,PV,9.866666667,5.7
16,043,Michoacán,Jacona,2023,PV,15.5,7.7
16,044,Michoacán,Jiménez,2023,PV,11.9,5.7
16,049,Michoacán,Madero,2023,PV,11.0,5.4
16,050,Michoacán,Maravatío,2023,PV,9.0,3.5
16,052,Michoacán,Lázaro Cárdenas,2023,PV,21.9,19.6
16,053,Michoacán,Morelia,2023,PV,6.5,6.2
16,061,Michoacán,Ocampo,2023,PV,4.7,2.2
16,067,Michoacán,Penjamillo,2023,PV,13.0,6.7
16,069,Michoacán,La Piedad,2023,PV,14.23809524,5.7
16,072,Michoacán,Queréndaro,2023,PV,12.5,6.1
16,076,Michoacán,Sahuayo,2023,PV,9.0,5.9
16,085,Michoacán,Tangancícuaro,2023,PV,10.0,2.4
16,089,Michoacán,Tepalcatepec,2023,PV,19.5,14.1
16,102,Michoacán,Uruapan,2023,PV,9.7,6.4
16,103,Michoacán,Venustiano Carranza,2023,PV,15.2,10.0
16,104,Michoacán,Villamar,2023,PV,8.0,4.9
16,105,Michoacán,Vista Hermosa,2023,PV,8.0,5.3
16,106,Michoacán,Yurécuaro,2023,PV,13.5,9.3
16,107,Michoacán,Zacapu,2023,PV,14.0,9.4
16,108,Michoacán,Zamora,2023,PV,9.0,4.9
16,109,Michoacán,Zináparo,2023,PV,7.5,
16,110,Michoacán,Zinapécuaro,2023,PV,12.0,5.5
16,113,Michoacán,José Sixto Verduzco,2023,PV,7.0,4.8
17,001,Morelos,Amacuzac,2023,PV,15.8,9.3
17,002,Morelos,Atlatlahucan,2023,PV,14.0,11.4
17,005,Morelos,Coatlán del Río,2023,PV,18.5,12.1
17,006,Morelos,Cuautla,2023,PV,15.6,11.2
17,007,Morelos,Cuernavaca,2023,PV,13.0,10.0
17,008,Morelos,Emiliano Zapata,2023,PV,16.0,12.1
17,009,Morelos,Huitzilac,2023,PV,2.5,-0.9
17,011,Morelos,Jiutepec,2023,PV,13.0,12.1
17,012,Morelos,Jojutla,2023,PV,19.4,12.5
17,013,Morelos,Jonacatepec de Leandro Valle,2023,PV,14.0,8.5
17,015,Morelos,Miacatlán,2023,PV,19.30357143,12.2
17,017,Morelos,Puente de Ixtla,2023,PV,18.0,10.0
17,018,Morelos,Temixco,2023,PV,18.0,12.8
17,019,Morelos,Tepalcingo,2023,PV,18.43809524,12.7
17,020,Morelos,Tepoztlán,2023,PV,15.6,9.9
17,021,Morelos,Tetecala,2023,PV,17.0,11.9
17,024,Morelos,Tlaltizapán de Zapata,2023,PV,18.3,11.2
17,025,Morelos,Tlaquiltenango,2023,PV,19.0,10.4
17,027,Morelos,Totolapan,2023,PV,14.0,10.0
17,028,Morelos,Xochitepec,2023,PV,12.0,12.3
17,029,Morelos,Yautepec,2023,PV,16.6,11.5
17,030,Morelos,Yecapixtla,2023,PV,15.0,9.6
17,031,Morelos,Zacatepec,2023,PV,13.0,12.3
17,033,Morelos,Temoac,2023,PV,12.0,10.0
17,034,Morelos,Coatetelco,2023,PV,18.0,
18,001,Nayarit,Acaponeta,2023,PV,15.1,11.6
18,006,Nayarit,Ixtlán del Río,2023,PV,12.2,9.0
18,008,Nayarit,Xalisco,2023,PV,8.5,6.4
18,009,Nayarit,Del Nayar,2023,PV,20.0,11.6
18,010,Nayarit,Rosamorada,2023,PV,13.4,10.9
18,011,Nayarit,Ruíz,2023,PV,15.2,12.9
18,012,Nayarit,San Blas,2023,PV,25.6,13.9
18,017,Nayarit,Tepic,2023,PV,14.8,12.4
18,020,Nayarit,Bahía de Banderas,2023,PV,16.7,14.3
19,003,Nuevo León,Los Aldamas,2023,PV,24.2,6.2
19,005,Nuevo León,Anáhuac,2023,PV,21.01,3.6
19,006,Nuevo León,Apodaca,2023,PV,17.9,7.8
19,007,Nuevo León,Aramberri,2023,PV,9.0,2.6
19,011,Nuevo León,Cerralvo,2023,PV,22.0,5.9
19,013,Nuevo León,China,2023,PV,20.3,8.5
19,017,Nuevo León,Galeana,2023,PV,8.0,-1.2
19,024,Nuevo León,General Zaragoza,2023,PV,16.7,5.6
19,025,Nuevo León,General Zuazua,2023,PV,17.9,7.5
19,026,Nuevo León,Guadalupe,2023,PV,22.5,7.5
19,033,Nuevo León,Linares,2023,PV,18.5,4.8
19,036,Nuevo León,Mier y Noriega,2023,PV,13.0,7.3
19,038,Nuevo León,Montemorelos,2023,PV,21.0,4.3
19,039,Nuevo León,Monterrey,2023,PV,14.7,3.1
19,042,Nuevo León,Los Ramones,2023,PV,21.0,4.7
19,046,Nuevo León,San Nicolás de los Garza,2023,PV,21.8,8.1
19,049,Nuevo León,Santiago,2023,PV,22.0,5.6
20,006,Oaxaca,Asunción Nochixtlán,2023,PV,10.8,8.3
20,011,Oaxaca,Calihualá,2023,PV,15.0,9.2
20,014,Oaxaca,Ciudad Ixtepec,2023,PV,22.55357143,23.3
20,039,Oaxaca,Heroica Ciudad de Huajuapan de León,2023,PV,12.0,7.5
20,043,Oaxaca,Heroica Ciudad de Juchitán de Zaragoza,2023,PV,23.0,20.6
20,052,Oaxaca,Magdalena Tequisistlán,2023,PV,18.0,16.9
20,059,Oaxaca,Miahuatlán de Porfirio Díaz,2023,PV,12.5,9.4
20,067,Oaxaca,Oaxaca de Juárez,2023,PV,12.0,9.4
20,073,Oaxaca,Putla Villa de Guerrero,2023,PV,13.0,9.2
20,079,Oaxaca,Salina Cruz,2023,PV,24.0,22.1
20,083,Oaxaca,San Agustín de las Juntas,2023,PV,9.5,9.3
20,105,Oaxaca,San Antonino Monte Verde,2023,PV,12.0,9.9
20,136,Oaxaca,San Felipe Usila,2023,PV,20.0,13.9
20,184,Oaxaca,San Juan Bautista Tuxtepec,2023,PV,16.5,15.0
20,221,Oaxaca,San Juan Teposcolula,2023,PV,7.0,2.9
20,237,Oaxaca,San Marcos Arteaga,2023,PV,14.0,9.6
20,240,Oaxaca,San Martín Itunyoso,2023,PV,11.4,
20,262,Oaxaca,San Miguel Amatlán,2023,PV,4.0,2.5
20,278,Oaxaca,San Miguel Soyaltepec,2023,PV,14.0,16.6
20,293,Oaxaca,San Pablo Etla,2023,PV,12.0,
20,307,Oaxaca,San Pedro Huamelula,2023,PV,22.0,18.9
20,318,Oaxaca,San Pedro Mixtepec,2023,PV,23.0,18.5
20,324,Oaxaca,San Pedro Pochutla,2023,PV,21.4,18.0
20,327,Oaxaca,San Pedro Tapanatepec,2023,PV,20.0,17.3
20,357,Oaxaca,Santa Ana Tavela,2023,PV,13.0,12.5
20,363,Oaxaca,Santa Catarina Ixtepeji,2023,PV,4.0,7.8
20,385,Oaxaca,Santa Cruz Xoxocotlán,2023,PV,12.0,9.7
20,413,Oaxaca,Santa María Huatulco,2023,PV,23.0,22.1
20,417,Oaxaca,Santa María Jacatepec,2023,PV,18.5,16.4
20,418,Oaxaca,Santa María Jalapa del Marqués,2023,PV,18.0,15.8
20,439,Oaxaca,Santa María Tonameca,2023,PV,17.75,17.4
20,459,Oaxaca,Villa de Santiago Chazumba,2023,PV,12.0,7.4
20,468,Oaxaca,Santiago Jocotepec,2023,PV,21.0,17.6
20,498,Oaxaca,Santiago Yaveo,2023,PV,17.0,16.5
20,502,Oaxaca,Santiago Zacatepec,2023,PV,18.6,13.0
20,525,Oaxaca,Santo Domingo Zanatepec,2023,PV,20.0,14.2
20,537,Oaxaca,Silacayoápam,2023,PV,13.59615385,11.0
20,547,Oaxaca,Teotongo,2023,PV,8.0,4.8
20,549,Oaxaca,"Heroica Villa Tezoatlán de Segura y Luna, Cuna de la Independencia de Oaxaca",2023,PV,14.0,7.1
20,559,Oaxaca,San Juan Bautista Valle Nacional,2023,PV,23.0,
20,567,Oaxaca,Zapotitlán Lagunas,2023,PV,16.0,10.5
20,568,Oaxaca,Zapotitlán Palmas,2023,PV,14.0,10.1
21,001,Puebla,Acajete,2023,PV,8.0,4.8
21,002,Puebla,Acateno,2023,PV,21.1,15.6
21,003,Puebla,Acatlán,2023,PV,17.0,11.7
21,008,Puebla,Ahuazotepec,2023,PV,4.5,2.1
21,015,Puebla,Amozoc,2023,PV,15.0,7.1
21,019,Puebla,Atlixco,2023,PV,13.0,9.1
21,025,Puebla,Ayotoxco de Guerrero,2023,PV,20.2,14.7
21,026,Puebla,Calpan,2023,PV,10.0,4.6
21,031,Puebla,Coatzingo,2023,PV,15.0,10.9
21,045,Puebla,Chalchicomula de Sesma,2023,PV,6.0,3.4
21,051,Morelos,Chietla,2023,PV,19.9,18.8
21,051,Puebla,Chietla,2023,PV,17.0,13.2
21,053,Puebla,Chignahuapan,2023,PV,3.0,1.8
21,059,Puebla,Chinantla,2023,PV,16.0,10.7
21,064,Puebla,Francisco Z. Mena,2023,PV,19.0,12.9
21,069,Puebla,Huaquechula,2023,PV,4.0,10.6
21,071,Puebla,Huauchinango,2023,PV,11.0,5.8
21,074,Puebla,Huejotzingo,2023,PV,9.0,5.2
21,083,Puebla,Ixtacamaxtitlán,2023,PV,6.0,2.7
21,085,Puebla,Izúcar de Matamoros,2023,PV,17.0,15.8
21,086,Puebla,Jalpan,2023,PV,20.0,13.3
21,094,Puebla,Libres,2023,PV,6.0,4.2
21,098,Puebla,Molcaxac,2023,PV,6.0,4.0
21,106,Puebla,Ocoyucan,2023,PV,11.0,5.9
21,108,Puebla,Oriental,2023,PV,11.0,8.1
21,114,Puebla,Puebla,2023,PV,6.0,3.2
21,132,Puebla,San Martín Texmelucan,2023,PV,10.0,3.5
21,140,Puebla,San Pedro Cholula,2023,PV,10.0,5.2
21,153,Puebla,Tecali de Herrera,2023,PV,8.0,4.2
21,154,Puebla,Tecamachalco,2023,PV,10.7,5.8
21,156,Puebla,Tehuacán,2023,PV,16.5,7.5
21,160,Puebla,Teotlalco,2023,PV,18.0,10.2
21,170,Puebla,Tepeyahualco,2023,PV,5.0,0.6
21,172,Puebla,Tetela de Ocampo,2023,PV,10.0,6.5
21,174,Puebla,Teziutlán,2023,PV,9.2,4.3
21,180,Puebla,Tlahuapan,2023,PV,7.0,4.6
21,183,Puebla,Tlaola,2023,PV,10.4,
21,184,Puebla,Tlapacoya,2023,PV,5.0,4.9
21,186,Puebla,Tlatlauquitepec,2023,PV,1.0,0.5
21,193,Puebla,Tzicatlacoyan,2023,PV,8.5,3.4
21,194,Puebla,Venustiano Carranza,2023,PV,10.2,
21,197,Puebla,Xicotepec,2023,PV,8.343333333,15.6
21,198,Puebla,Xicotlán,2023,PV,17.0,10.7
21,207,Puebla,Zacapoaxtla,2023,PV,10.0,6.0
21,209,Puebla,Zapotitlán,2023,PV,14.2,9.2
21,217,Puebla,Zoquitlán,2023,PV,9.0,
22,006,Querétaro,Corregidora,2023,PV,13.64,5.9
22,008,Querétaro,Huimilpan,2023,PV,11.3,5.7
22,009,Querétaro,Jalpan de Serra,2023,PV,13.2,6.6
22,011,Querétaro,El Marqués,2023,PV,11.0,5.3
22,013,Querétaro,Peñamiller,2023,PV,16.78571429,9.5
22,014,Querétaro,Querétaro,2023,PV,14.0,7.0
22,016,Querétaro,San Juan del Río,2023,PV,12.5,7.3
23,001,Quintana Roo,Cozumel,2023,PV,20.6,17.9
23,002,Quintana Roo,Felipe Carrillo Puerto,2023,PV,20.3,17.1
23,004,Quintana Roo,Othón P. Blanco,2023,PV,19.7,19.1
23,005,Quintana Roo,Benito Juárez,2023,PV,21.9,18.4
23,006,Quintana Roo,José María Morelos,2023,PV,20.8,18.1
23,007,Quintana Roo,Lázaro Cárdenas,2023,PV,20.3,18.2
23,008,Quintana Roo,Solidaridad,2023,PV,21.4,16.5
23,009,Quintana Roo,Tulum,2023,PV,21.6,17.5
24,003,San Luis Potosí,Aquismón,2023,PV,19.2,9.6
24,003,Veracruz,Aquismón,2023,PV,11.39285714,
24,008,San Luis Potosí,Cerritos,2023,PV,17.0,8.3
24,010,Tamaulipas,Ciudad del Maíz,2023,PV,21.3,13.6
24,011,San Luis Potosí,Ciudad Fernández,2023,PV,18.5,10.7
24,013,San Luis Potosí,Ciudad Valles,2023,PV,18.5,11.8
24,016,San Luis Potosí,Ebano,2023,PV,19.6,12.6
24,020,San Luis Potosí,Matehuala,2023,PV,12.0,6.0
24,024,San Luis Potosí,Rioverde,2023,PV,17.0,10.2
24,027,San Luis Potosí,San Ciro de Acosta,2023,PV,18.0,9.1
24,028,San Luis Potosí,San Luis Potosí,2023,PV,11.0,4.7
24,034,San Luis Potosí,San Vicente Tancuayalab,2023,PV,20.2,13.5
24,034,Veracruz,San Vicente Tancuayalab,2023,PV,20.0,12.2
24,037,San Luis Potosí,Tamazunchale,2023,PV,19.4,9.8
24,041,San Luis Potosí,Tanlajás,2023,PV,20.6,11.6
24,049,San Luis Potosí,Villa de Ramos,2023,PV,10.0,4.2
24,050,San Luis Potosí,Villa de Reyes,2023,PV,11.9,6.4
24,053,San Luis Potosí,Axtla de Terrazas,2023,PV,20.3,12.5
24,057,San Luis Potosí,Matlapa,2023,PV,21.9,12.4
24,058,San Luis Potosí,El Naranjo,2023,PV,17.9,10.2
25,001,Sinaloa,Ahome,2023,PV,8.0,10.2
25,003,Sinaloa,Badiraguato,2023,PV,13.8,6.5
25,005,Sinaloa,Cosalá,2023,PV,14.0,11.2
25,006,Sinaloa,Culiacán,2023,PV,12.2,6.1
25,007,Sinaloa,Choix,2023,PV,15.0,7.5
25,008,Sinaloa,Elota,2023,PV,15.6,10.6
25,010,Sinaloa,El Fuerte,2023,PV,10.1,4.7
25,011,Sinaloa,Guasave,2023,PV,14.5,10.0
25,012,Sinaloa,Mazatlán,2023,PV,14.5,9.6
25,013,Sinaloa,Mocorito,2023,PV,11.9,8.6
25,014,Sinaloa,Rosario,2023,PV,22.0,9.9
25,015,Sinaloa,Salvador Alvarado,2023,PV,15.1,10.3
25,016,Sinaloa,San Ignacio,2023,PV,12.0,8.9
25,017,Sinaloa,Sinaloa,2023,PV,11.7,7.4
25,019,Sinaloa,Eldorado,2023,PV,24.0,10.4
26,001,Sonora,Aconchi,2023,PV,12.78571429,2.4
26,002,Sonora,Agua Prieta,2023,PV,3.3,-3.0
26,003,Sonora,Álamos,2023,PV,8.3,3.4
26,004,Sonora,Altar,2023,PV,6.8,0.9
26,006,Sonora,Arizpe,2023,PV,7.107142857,-3.1
26,010,Sonora,Bacerac,2023,PV,6.5,-2.2
26,012,Sonora,Bácum,2023,PV,7.3,5.0
26,013,Sonora,Banámichi,2023,PV,3.3,-1.9
26,014,Sonora,Baviácora,2023,PV,6.5,0.1
26,015,Sonora,Bavispe,2023,PV,6.1,-0.1
26,016,Sonora,Benjamín Hill,2023,PV,4.2,0.0
26,017,Sonora,Caborca,2023,PV,9.5,4.1
26,018,Sonora,Cajeme,2023,PV,7.6,4.5
26,019,Sonora,Cananea,2023,PV,12.10714286,2.0
26,020,Sonora,Carbó,2023,PV,7.6,3.8
26,022,Sonora,Cucurpe,2023,PV,5.6,-0.8
26,023,Sonora,Cumpas,2023,PV,7.6,1.4
26,025,Sonora,Empalme,2023,PV,10.7,6.2
26,026,Sonora,Etchojoa,2023,PV,7.6,4.2
26,029,Sonora,Guaymas,2023,PV,8.3,2.4
26,030,Sonora,Hermosillo,2023,PV,8.0,3.4
26,031,Sonora,Huachinera,2023,PV,11.0,-2.5
26,032,Sonora,Huásabas,2023,PV,7.9,2.3
26,033,Sonora,Huatabampo,2023,PV,8.5,5.3
26,035,Sonora,Imuris,2023,PV,6.1,0.9
26,036,Sonora,Magdalena,2023,PV,5.1,-1.2
26,037,Sonora,Mazatán,2023,PV,5.9,1.3
26,038,Sonora,Moctezuma,2023,PV,23.36129032,5.6
26,040,Sonora,Nácori Chico,2023,PV,4.8,-0.9
26,041,Sonora,Nacozari de García,2023,PV,12.71428571,5.0
26,042,Sonora,Navojoa,2023,PV,7.6,3.6
26,043,Sonora,Nogales,2023,PV,10.7,2.6
26,044,Sonora,Ónavas,2023,PV,17.2,7.9
26,045,Sonora,Opodepe,2023,PV,5.5,1.7
26,046,Sonora,Oquitoa,2023,PV,14.18181818,4.1
26,047,Sonora,Pitiquito,2023,PV,10.9,6.2
26,048,Sonora,Puerto Peñasco,2023,PV,11.5,8.0
26,049,Sonora,Quiriego,2023,PV,9.233333333,1.3
26,051,Sonora,Rosario,2023,PV,6.8,1.1
26,052,Sonora,Sahuaripa,2023,PV,9.7,2.1
26,055,Sonora,San Luis Río Colorado,2023,PV,9.1,3.1
26,056,Sonora,San Miguel de Horcasitas,2023,PV,9.1,0.8
26,058,Sonora,Santa Ana,2023,PV,15.6,1.1
26,059,Sonora,Santa Cruz,2023,PV,2.7,-2.7
26,061,Sonora,Soyopa,2023,PV,15.9375,6.7
26,062,Sonora,Suaqui Grande,2023,PV,7.7,3.2
26,063,Sonora,Tepache,2023,PV,7.6,1.3
26,064,Sonora,Trincheras,2023,PV,7.3,1.6
26,065,Sonora,Tubutama,2023,PV,13.78571429,3.6
26,066,Sonora,Ures,2023,PV,3.2,1.0
26,068,Sonora,Villa Pesqueira,2023,PV,8.6,3.4
26,069,Sonora,Yécora,2023,PV,2.5,-3.9
26,070,Sonora,General Plutarco Elías Calles,2023,PV,5.9,1.1
26,071,Sonora,Benito Juárez,2023,PV,8.4,5.1
26,072,Sonora,San Ignacio Río Muerto,2023,PV,9.4,6.2
27,001,Tabasco,Balancán,2023,PV,24.0,20.7
27,002,Tabasco,Cárdenas,2023,PV,22.4,18.9
27,003,Tabasco,Centla,2023,PV,22.9,21.1
27,004,Tabasco,Centro,2023,PV,15.8,18.3
27,006,Tabasco,Cunduacán,2023,PV,18.5,18.7
27,012,Tabasco,Macuspana,2023,PV,23.0,19.3
27,014,Tabasco,Paraíso,2023,PV,23.8,21.3
27,015,Tabasco,Tacotalpa,2023,PV,22.5,18.3
27,016,Tabasco,Teapa,2023,PV,22.0,19.0
27,017,Tabasco,Tenosique,2023,PV,21.0,18.2
28,001,Tamaulipas,Abasolo,2023,PV,19.5,10.5
28,002,Tamaulipas,Aldama,2023,PV,18.9,10.8
28,003,Tamaulipas,Altamira,2023,PV,21.7,14.1
28,005,Tamaulipas,Burgos,2023,PV,23.7,6.4
28,007,Tamaulipas,Camargo,2023,PV,17.6,7.2
28,008,Tamaulipas,Casas,2023,PV,19.3,9.4
28,009,Tamaulipas,Ciudad Madero,2023,PV,23.1,14.4
28,011,Tamaulipas,Gómez Farías,2023,PV,19.0,9.7
28,012,Tamaulipas,González,2023,PV,18.4,9.8
28,013,Tamaulipas,Güémez,2023,PV,16.7,7.4
28,015,Tamaulipas,Gustavo Díaz Ordaz,2023,PV,18.1,7.6
28,016,Tamaulipas,Hidalgo,2023,PV,17.3,5.1
28,019,Tamaulipas,Llera,2023,PV,18.3,10.5
28,020,Tamaulipas,Mainero,2023,PV,16.6,6.5
28,021,Tamaulipas,El Mante,2023,PV,22.0,11.1
28,022,Tamaulipas,Matamoros,2023,PV,19.2,7.8
28,023,Tamaulipas,Méndez,2023,PV,18.8,7.6
28,027,Tamaulipas,Nuevo Laredo,2023,PV,19.5,4.8
28,030,Tamaulipas,Padilla,2023,PV,19.2,8.6
28,032,Tamaulipas,Reynosa,2023,PV,19.5,7.2
28,034,Tamaulipas,San Carlos,2023,PV,18.7,8.8
28,035,Tamaulipas,San Fernando,2023,PV,19.33333333,8.2
28,037,Tamaulipas,Soto la Marina,2023,PV,20.2,9.9
28,038,Tamaulipas,Tampico,2023,PV,22.3,14.6
28,040,Tamaulipas,Valle Hermoso,2023,PV,18.4,7.8
28,041,Tamaulipas,Victoria,2023,PV,17.2,7.7
28,043,Tamaulipas,Xicoténcatl,2023,PV,19.1,10.7
29,003,Tlaxcala,Atlangatepec,2023,PV,8.0,-0.5
29,006,Tlaxcala,Calpulalpan,2023,PV,3.0,2.3
29,007,Tlaxcala,El Carmen Tequexquitla,2023,PV,6.0,1.2
29,008,Tlaxcala,Cuapiaxtla,2023,PV,4.0,2.4
29,013,Tlaxcala,Huamantla,2023,PV,6.73,0.7
29,031,Tlaxcala,Tetla de la Solidaridad,2023,PV,9.0,3.8
29,033,Tlaxcala,Tlaxcala,2023,PV,9.4,4.8
29,037,Tlaxcala,Ziltlaltépec de Trinidad Sánchez Santos,2023,PV,8.0,4.3
29,044,Tlaxcala,Zacatelco,2023,PV,8.0,3.0
30,001,Veracruz,Acajete,2023,PV,6.0,3.9
30,003,Veracruz,Acayucan,2023,PV,23.1,18.4
30,004,Veracruz,Actopan,2023,PV,22.0,16.0
30,010,Veracruz,Altotonga,2023,PV,7.0,5.5
30,011,Veracruz,Alvarado,2023,PV,22.0,17.9
30,015,Veracruz,Angel R. Cabada,2023,PV,21.0,16.3
30,016,Veracruz,La Antigua,2023,PV,21.6,15.4
30,028,Veracruz,Boca del Río,2023,PV,21.0,17.8
30,032,Veracruz,Catemaco,2023,PV,16.5,8.7
30,038,Veracruz,Coatepec,2023,PV,12.0,8.3
30,039,Veracruz,Coatzacoalcos,2023,PV,22.0,18.5
30,044,Veracruz,Córdoba,2023,PV,19.7,14.1
30,045,Oaxaca,Cosamaloapan de Carpio,2023,PV,22.5,
30,045,Veracruz,Cosamaloapan de Carpio,2023,PV,23.2,17.8
30,048,Veracruz,Cosoleacaque,2023,PV,21.0,19.1
30,053,Veracruz,Cuitláhuac,2023,PV,22.67272727,16.2
30,055,Hidalgo,Chalma,2023,PV,21.4,
30,061,Veracruz,Las Choapas,2023,PV,19.0,15.1
30,065,Veracruz,Emiliano Zapata,2023,PV,21.5,16.0
30,071,Veracruz,Huatusco,2023,PV,10.0,6.7
30,072,Veracruz,Huayacocotla,2023,PV,8.0,4.8
30,073,Veracruz,Hueyapan de Ocampo,2023,PV,19.5,16.1
30,077,Veracruz,Isla,2023,PV,21.5,16.8
30,087,Veracruz,Xalapa,2023,PV,12.1,10.8
30,091,Veracruz,Jesús Carranza,2023,PV,20.0,16.7
30,099,Veracruz,Maltrata,2023,PV,8.5,
30,101,Veracruz,Mariano Escobedo,2023,PV,9.277777778,3.0
30,102,Veracruz,Martínez de la Torre,2023,PV,22.6,13.5
30,104,Veracruz,Mecayapan,2023,PV,14.0,16.7
30,109,Veracruz,Misantla,2023,PV,20.0,
30,112,Veracruz,Naolinco,2023,PV,12.0,8.5
30,118,Veracruz,Orizaba,2023,PV,15.3,11.1
30,123,Veracruz,Pánuco,2023,PV,18.1,11.7
30,125,Veracruz,Paso del Macho,2023,PV,22.63809524,16.0
30,126,Veracruz,Paso de Ovejas,2023,PV,21.0,16.7
30,128,Veracruz,Perote,2023,PV,3.0,-1.9
30,141,Veracruz,San Andrés Tuxtla,2023,PV,20.5,15.8
30,142,Veracruz,San Juan Evangelista,2023,PV,20.0,17.5
30,143,Veracruz,Santiago Tuxtla,2023,PV,22.0,17.3
30,155,Veracruz,Tantoyuca,2023,PV,18.3,11.8
30,160,Veracruz,Álamo Temapache,2023,PV,7.0,12.7
30,161,Veracruz,Tempoal,2023,PV,20.7,12.0
30,163,Veracruz,Tenochtitlán,2023,PV,16.0,9.5
30,175,Veracruz,Tihuatlán,2023,PV,23.0,11.1
30,182,Veracruz,Tlalnelhuayocan,2023,PV,14.0,10.0
30,188,Veracruz,Totutla,2023,PV,15.85714286,9.5
30,189,Veracruz,Tuxpan,2023,PV,21.9,15.1
30,193,Veracruz,Veracruz,2023,PV,22.0,18.5
31,001,Yucatán,Abalá,2023,PV,23.48148148,
31,010,Yucatán,Cantamayec,2023,PV,19.5,16.1
31,011,Yucatán,Celestún,2023,PV,21.8,19.5
31,013,Yucatán,Conkal,2023,PV,20.3,15.5
31,023,Yucatán,Chocholá,2023,PV,22.96666667,17.4
31,043,Yucatán,Kaua,2023,PV,23.0,22.5
31,050,Yucatán,Mérida,2023,PV,20.0,7.5
31,051,Yucatán,Mocochá,2023,PV,22.68965517,13.9
31,052,Yucatán,Motul,2023,PV,22.1,13.1
31,053,Yucatán,Muna,2023,PV,21.5,16.0
31,056,Yucatán,Oxkutzcab,2023,PV,20.5,16.2
31,058,Yucatán,Peto,2023,PV,20.2,15.6
31,059,Yucatán,Progreso,2023,PV,22.0,19.2
31,061,Yucatán,Río Lagartos,2023,PV,19.7,17.4
31,079,Yucatán,Tekax,2023,PV,23.5,16.4
31,089,Yucatán,Ticul,2023,PV,20.8,16.3
31,096,Yucatán,Tizimín,2023,PV,19.3,16.1
31,098,Yucatán,Tzucacab,2023,PV,19.2,13.5
31,102,Yucatán,Valladolid,2023,PV,21.5,17.9
32,003,Zacatecas,Atolinga,2023,PV,5.7,2.2
32,005,Zacatecas,Calera,2023,PV,6.5,0.8
32,006,Zacatecas,Cañitas de Felipe Pescador,2023,PV,8.9,
32,007,Zacatecas,Concepción del Oro,2023,PV,14.0,5.4
32,008,Zacatecas,Cuauhtémoc,2023,PV,7.4,3.1
32,009,Zacatecas,Chalchihuites,2023,PV,10.8,5.0
32,010,Zacatecas,Fresnillo,2023,PV,6.0,0.3
32,014,Zacatecas,General Francisco R. Murguía,2023,PV,11.1,2.3
32,015,Jalisco,El Plateado de Joaquín Amaro,2023,PV,10.0,12.2
32,015,Zacatecas,El Plateado de Joaquín Amaro,2023,PV,9.3,6.8
32,016,Zacatecas,General Pánfilo Natera,2023,PV,6.9,-0.5
32,017,Zacatecas,Guadalupe,2023,PV,10.8,5.5
32,018,Zacatecas,Huanusco,2023,PV,12.5,7.2
32,019,Zacatecas,Jalpa,2023,PV,16.57407407,7.8
32,020,Zacatecas,Jerez,2023,PV,8.8,2.1
32,022,Zacatecas,Juan Aldama,2023,PV,10.1,3.5
32,023,Zacatecas,Juchipila,2023,PV,10.6,4.4
32,024,Zacatecas,Loreto,2023,PV,11.1,3.0
32,025,Zacatecas,Luis Moya,2023,PV,12.5,2.2
32,026,Zacatecas,Mazapil,2023,PV,14.0,0.8
32,028,Zacatecas,Mezquital del Oro,2023,PV,15.0,6.4
32,029,Zacatecas,Miguel Auza,2023,PV,10.7,3.8
32,031,Zacatecas,Monte Escobedo,2023,PV,9.0,-0.4
32,032,Zacatecas,Morelos,2023,PV,9.3,4.4
32,034,Zacatecas,Nochistlán de Mejía,2023,PV,10.0,1.9
32,036,Zacatecas,Ojocaliente,2023,PV,15.0,3.3
32,038,Zacatecas,Pinos,2023,PV,8.0,1.7
32,039,Zacatecas,Río Grande,2023,PV,9.2,1.2
32,040,Zacatecas,Sain Alto,2023,PV,14.49666667,2.0
32,042,Zacatecas,Sombrerete,2023,PV,9.4,4.6
32,044,Zacatecas,Tabasco,2023,PV,15.4,9.9
32,045,Zacatecas,Tepechitlán,2023,PV,8.0,1.6
32,047,Zacatecas,Teúl de González Ortega,2023,PV,4.7,0.6
32,048,Zacatecas,Tlaltenango de Sánchez Román,2023,PV,7.8,2.6
32,049,Zacatecas,Valparaíso,2023,PV,3.8,-2.3
32,051,Zacatecas,Villa de Cos,2023,PV,11.1,4.8
32,053,Zacatecas,Villa González Ortega,2023,PV,10.6,3.2
32,054,Zacatecas,Villa Hidalgo,2023,PV,9.8,2.8
32,055,Zacatecas,Villanueva,2023,PV,4.2,1.3
32,056,Zacatecas,Zacatecas,2023,PV,10.0,6.6
01,001,Aguascalientes,Aguascalientes,2024,OI,0.4,-2.7
01,002,Aguascalientes,Asientos,2024,OI,0.5,-1.9
01,003,Aguascalientes,Calvillo,2024,OI,4.4,0.7
01,004,Aguascalientes,Cosío,2024,OI,-1.4,-1.7
01,005,Aguascalientes,Jesús María,2024,OI,6.8,4.6
01,006,Aguascalientes,Pabellón de Arteaga,2024,OI,5.4,3.2
01,007,Aguascalientes,Rincón de Romos,2024,OI,6.0,4.6
01,008,Aguascalientes,San José de Gracia,2024,OI,2.2,0.9
01,009,Aguascalientes,Tepezalá,2024,OI,6.8,6.6
01,010,Aguascalientes,El Llano,2024,OI,1.9,0.3
02,001,Baja California,Ensenada,2024,OI,-3.2,-4.8
02,002,Baja California,Mexicali,2024,OI,4.9,4.9
02,002,Sonora,Mexicali,2024,OI,4.4,3.7
02,003,Baja California,Tecate,2024,OI,0.3,-1.9
02,004,Baja California,Tijuana,2024,OI,8.5,6.0
02,005,Baja California,Playas de Rosarito,2024,OI,10.7,8.8
02,006,Baja California,San Quintín,2024,OI,6.2,6.2
02,007,Baja California,San Felipe,2024,OI,9.2,7.4
03,001,Baja California Sur,Comondú,2024,OI,9.8,7.7
03,002,Baja California Sur,Mulegé,2024,OI,3.4,3.4
03,003,Baja California Sur,La Paz,2024,OI,9.9,7.3
03,008,Baja California Sur,Los Cabos,2024,OI,7.7,5.4
03,009,Baja California Sur,Loreto,2024,OI,13.1,11.4
04,002,Campeche,Campeche,2024,OI,13.9,18.2
04,003,Campeche,Carmen,2024,OI,16.9,18.5
04,004,Campeche,Champotón,2024,OI,15.7,17.1
04,005,Campeche,Hecelchakán,2024,OI,19.6,20.4
04,006,Campeche,Hopelchén,2024,OI,14.6,17.1
04,007,Campeche,Palizada,2024,OI,19.0,19.1
04,007,Tabasco,Palizada,2024,OI,23.8,
04,009,Campeche,Escárcega,2024,OI,18.9,20.5
04,010,Campeche,Calakmul,2024,OI,16.8,17.4
04,011,Campeche,Candelaria,2024,OI,18.0,19.3
05,002,Coahuila,Acuña,2024,OI,7.1,6.3
05,003,Coahuila,Allende,2024,OI,8.0,6.9
05,005,Coahuila,Candela,2024,OI,10.3,8.6
05,007,Coahuila,Cuatro Ciénegas,2024,OI,7.3,6.7
05,009,Coahuila,Francisco I. Madero,2024,OI,10.1,6.5
05,010,Coahuila,Frontera,2024,OI,10.5,10.1
05,014,Coahuila,Jiménez,2024,OI,5.8,5.8
05,015,Coahuila,Juárez,2024,OI,8.3,7.9
05,018,Coahuila,Monclova,2024,OI,9.7,9.7
05,022,Coahuila,Nava,2024,OI,8.6,8.6
05,025,Coahuila,Piedras Negras,2024,OI,8.9,8.5
05,027,Coahuila,Ramos Arizpe,2024,OI,7.2,7.2
05,028,Coahuila,Sabinas,2024,OI,6.7,6.6
05,030,Coahuila,Saltillo,2024,OI,6.8,6.5
05,032,Coahuila,San Juan de Sabinas,2024,OI,6.4,5.0
05,033,Coahuila,San Pedro,2024,OI,6.7,5.7
05,034,Coahuila,Sierra Mojada,2024,OI,8.1,7.2
05,035,Coahuila,Torreón,2024,OI,8.9,7.2
05,038,Coahuila,Zaragoza,2024,OI,5.6,5.3
06,001,Colima,Armería,2024,OI,17.7,17.5
06,002,Colima,Colima,2024,OI,16.0,15.8
06,003,Colima,Comala,2024,OI,18.0,17.5
06,004,Colima,Coquimatlán,2024,OI,13.7,12.0
06,005,Colima,Cuauhtémoc,2024,OI,15.0,14.1
06,007,Colima,Manzanillo,2024,OI,18.2,19.3
06,008,Colima,Minatitlán,2024,OI,10.7,14.9
06,009,Colima,Tecomán,2024,OI,15.4,15.4
07,001,Chiapas,Acacoyagua,2024,OI,19.5,19.8
07,002,Chiapas,Acala,2024,OI,15.2,16.0
07,003,Chiapas,Acapetahua,2024,OI,20.3,18.5
07,008,Chiapas,Ángel Albino Corzo,2024,OI,5.7,6.9
07,009,Chiapas,Arriaga,2024,OI,21.9,22.5
07,015,Chiapas,Cacahoatán,2024,OI,17.3,14.7
07,017,Chiapas,Cintalapa de Figueroa,2024,OI,15.5,17.2
07,019,Chiapas,Comitán de Domínguez,2024,OI,10.8,11.7
07,020,Chiapas,La Concordia,2024,OI,11.5,12.3
07,027,Chiapas,Chiapa de Corzo,2024,OI,15.1,15.1
07,029,Chiapas,Chicoasén,2024,OI,15.3,15.7
07,030,Chiapas,Chicomuselo,2024,OI,11.9,12.4
07,032,Chiapas,Escuintla,2024,OI,17.2,16.0
07,037,Chiapas,Huehuetán,2024,OI,22.3,21.1
07,040,Chiapas,Huixtla,2024,OI,20.8,19.8
07,046,Chiapas,Jiquipilas,2024,OI,13.4,14.6
07,049,Chiapas,Larráinzar,2024,OI,16.7,7.9
07,051,Chiapas,Mapastepec,2024,OI,20.7,20.4
07,057,Chiapas,Motozintla,2024,OI,13.0,11.4
07,059,Chiapas,Ocosingo,2024,OI,12.0,14.0
07,062,Chiapas,Ostuacán,2024,OI,18.0,17.9
07,063,Chiapas,Osumacinta,2024,OI,18.8,18.8
07,065,Chiapas,Palenque,2024,OI,17.9,18.4
07,068,Chiapas,Pichucalco,2024,OI,17.1,19.0
07,069,Chiapas,Pijijiapan,2024,OI,21.3,22.5
07,071,Chiapas,Villa Comaltitlán,2024,OI,20.6,20.0
07,072,Chiapas,Pueblo Nuevo Solistahuacán,2024,OI,10.2,11.2
07,077,Chiapas,Salto de Agua,2024,OI,17.5,18.7
07,078,Chiapas,San Cristóbal de las Casas,2024,OI,3.7,4.6
07,086,Chiapas,Suchiapa,2024,OI,16.5,16.4
07,089,Chiapas,Tapachula,2024,OI,17.0,16.7
07,092,Chiapas,Tecpatán,2024,OI,15.4,16.2
07,097,Chiapas,Tonalá,2024,OI,20.2,20.2
07,099,Chiapas,La Trinitaria,2024,OI,11.3,11.0
07,101,Chiapas,Tuxtla Gutiérrez,2024,OI,17.2,16.4
07,106,Chiapas,Venustiano Carranza,2024,OI,13.3,14.2
07,107,Chiapas,Villa Corzo,2024,OI,13.3,14.3
07,108,Chiapas,Villaflores,2024,OI,,13.6
07,114,Chiapas,Benemérito de las Américas,2024,OI,18.2,20.6
07,123,Chiapas,Emiliano Zapata,2024,OI,16.8,16.8
07,124,Chiapas,Mezcalapa,2024,OI,19.5,20.1
08,001,Chihuahua,Ahumada,2024,OI,-3.0,-3.1
08,002,Chihuahua,Aldama,2024,OI,4.2,0.0
08,005,Chihuahua,Ascensión,2024,OI,-0.4,-0.4
08,007,Chihuahua,Balleza,2024,OI,-4.4,-9.3
08,008,Chihuahua,Batopilas de Manuel Gómez Morín,2024,OI,12.5,10.3
08,009,Chihuahua,Bocoyna,2024,OI,-4.2,-4.0
08,010,Chihuahua,Buenaventura,2024,OI,-1.4,-1.7
08,011,Chihuahua,Camargo,2024,OI,3.7,3.7
08,014,Chihuahua,Coronado,2024,OI,1.3,-0.2
08,015,Chihuahua,Coyame del Sotol,2024,OI,6.1,8.1
08,017,Chihuahua,Cuauhtémoc,2024,OI,-0.7,-0.7
08,019,Chihuahua,Chihuahua,2024,OI,-6.7,-6.7
08,020,Chihuahua,Chínipas,2024,OI,4.6,4.3
08,021,Chihuahua,Delicias,2024,OI,5.1,5.1
08,024,Chihuahua,Santa Isabel,2024,OI,-0.3,-0.3
08,027,Chihuahua,Guachochi,2024,OI,-3.3,-3.3
08,029,Chihuahua,Guadalupe y Calvo,2024,OI,-2.1,-3.0
08,030,Chihuahua,Guazapares,2024,OI,6.5,7.0
08,031,Chihuahua,Guerrero,2024,OI,-2.5,-2.9
08,032,Chihuahua,Hidalgo del Parral,2024,OI,3.6,2.7
08,035,Chihuahua,Janos,2024,OI,-1.4,-1.6
08,036,Chihuahua,Jiménez,2024,OI,2.2,0.8
08,037,Chihuahua,Juárez,2024,OI,0.2,0.2
08,040,Chihuahua,Madera,2024,OI,-2.9,-9.1
08,041,Chihuahua,Maguarichi,2024,OI,-3.6,-3.6
08,042,Chihuahua,Manuel Benavides,2024,OI,5.9,5.9
08,048,Chihuahua,Namiquipa,2024,OI,-2.0,-2.0
08,050,Chihuahua,Nuevo Casas Grandes,2024,OI,0.5,0.5
08,052,Chihuahua,Ojinaga,2024,OI,0.1,0.1
08,053,Chihuahua,Praxedis G. Guerrero,2024,OI,-0.1,-0.1
08,055,Chihuahua,Rosales,2024,OI,4.7,3.8
08,057,Chihuahua,San Francisco de Borja,2024,OI,-0.1,-0.1
08,058,Chihuahua,San Francisco de Conchos,2024,OI,0.6,-1.1
08,061,Chihuahua,Satevó,2024,OI,2.0,2.0
08,063,Chihuahua,Temósachic,2024,OI,-5.8,-6.7
08,065,Chihuahua,Urique,2024,OI,11.9,6.4
08,067,Chihuahua,Valle de Zaragoza,2024,OI,1.2,0.5
09,002,Ciudad de México,Azcapotzalco,2024,OI,8.0,8.0
09,003,Ciudad de México,Coyoacán,2024,OI,8.4,4.9
09,005,Ciudad de México,Gustavo A. Madero,2024,OI,5.0,4.2
09,006,Ciudad de México,Iztacalco,2024,OI,9.8,9.3
09,007,Ciudad de México,Iztapalapa,2024,OI,9.2,10.3
09,010,Ciudad de México,Álvaro Obregón,2024,OI,7.2,7.2
09,012,Ciudad de México,Tlalpan,2024,OI,5.8,3.2
09,013,Ciudad de México,Xochimilco,2024,OI,9.5,6.7
09,014,Ciudad de México,Benito Juárez,2024,OI,9.0,9.8
09,015,Ciudad de México,Cuauhtémoc,2024,OI,10.0,9.8
09,016,Ciudad de México,Miguel Hidalgo,2024,OI,8.6,8.6
09,017,Ciudad de México,Venustiano Carranza,2024,OI,8.3,7.8
10,001,Durango,Canatlán,2024,OI,3.4,1.7
10,004,Durango,Cuencamé,2024,OI,11.1,6.9
10,005,Durango,Durango,2024,OI,-4.4,-7.6
10,008,Durango,Guadalupe Victoria,2024,OI,4.0,1.8
10,009,Durango,Guanaceví,2024,OI,-2.5,-8.4
10,010,Durango,Hidalgo,2024,OI,1.3,0.1
10,011,Durango,Indé,2024,OI,10.7,2.2
10,012,Durango,Lerdo,2024,OI,7.7,7.1
10,013,Durango,Mapimí,2024,OI,4.9,0.6
10,015,Durango,Nazas,2024,OI,2.2,-2.4
10,017,Durango,Ocampo,2024,OI,-0.2,-0.2
10,018,Durango,El Oro,2024,OI,6.0,-2.2
10,022,Durango,Poanas,2024,OI,4.3,13.2
10,024,Durango,Rodeo,2024,OI,3.5,1.2
10,025,Durango,San Bernardo,2024,OI,-4.2,-4.2
10,026,Durango,San Dimas,2024,OI,-3.3,-4.4
10,027,Durango,San Juan de Guadalupe,2024,OI,4.3,2.8
10,030,Durango,San Pedro del Gallo,2024,OI,4.5,4.5
10,031,Zacatecas,Santa Clara,2024,OI,3.1,3.1
10,032,Durango,Santiago Papasquiaro,2024,OI,0.5,0.5
10,033,Durango,Súchil,2024,OI,-2.1,-3.3
10,034,Durango,Tamazula,2024,OI,12.1,10.9
10,035,Durango,Tepehuanes,2024,OI,-0.6,-2.2
10,036,Durango,Tlahualilo,2024,OI,6.5,2.9
10,037,Durango,Topia,2024,OI,13.5,12.6
10,038,Durango,Vicente Guerrero,2024,OI,3.8,1.9
10,039,Durango,Nuevo Ideal,2024,OI,-2.2,-2.3
11,001,Guanajuato,Abasolo,2024,OI,9.8,9.0
11,002,Guanajuato,Acámbaro,2024,OI,7.6,6.7
11,003,Guanajuato,San Miguel de Allende,2024,OI,5.7,3.0
11,004,Guanajuato,Apaseo el Alto,2024,OI,8.8,8.3
11,005,Guanajuato,Apaseo el Grande,2024,OI,6.7,4.8
11,006,Guanajuato,Atarjea,2024,OI,6.8,6.8
11,007,Guanajuato,Celaya,2024,OI,6.3,3.8
11,008,Guanajuato,Manuel Doblado,2024,OI,5.1,3.2
11,010,Guanajuato,Coroneo,2024,OI,2.1,0.3
11,011,Guanajuato,Cortazar,2024,OI,4.2,2.2
11,012,Guanajuato,Cuerámaro,2024,OI,10.4,7.7
11,013,Guanajuato,Doctor Mora,2024,OI,8.1,
11,014,Guanajuato,Dolores Hidalgo Cuna de la Independencia Nacional,2024,OI,6.6,2.9
11,015,Guanajuato,Guanajuato,2024,OI,6.9,4.2
11,017,Guanajuato,Irapuato,2024,OI,1.9,2.1
11,018,Guanajuato,Jaral del Progreso,2024,OI,6.2,4.5
11,019,Guanajuato,Jerécuaro,2024,OI,6.5,5.6
11,020,Guanajuato,León,2024,OI,7.8,7.3
11,022,Guanajuato,Ocampo,2024,OI,4.5,3.9
11,023,Guanajuato,Pénjamo,2024,OI,9.6,6.3
11,025,Guanajuato,Purísima del Rincón,2024,OI,6.0,3.7
11,027,Guanajuato,Salamanca,2024,OI,6.5,3.9
11,028,Guanajuato,Salvatierra,2024,OI,5.4,2.4
11,029,Guanajuato,San Diego de la Unión,2024,OI,7.4,
11,030,Guanajuato,San Felipe,2024,OI,2.9,0.9
11,033,Guanajuato,San Luis de la Paz,2024,OI,4.2,2.9
11,037,Guanajuato,Silao de la Victoria,2024,OI,9.8,5.5
11,040,Guanajuato,Tierra Blanca,2024,OI,9.4,
11,042,Guanajuato,Valle de Santiago,2024,OI,8.3,5.7
11,045,Guanajuato,Xichú,2024,OI,9.9,9.1
12,001,Guerrero,Acapulco de Juárez,2024,OI,19.5,17.2
12,003,Guerrero,Ajuchitlán del Progreso,2024,OI,19.6,15.0
12,005,Guerrero,Alpoyeca,2024,OI,14.2,14.0
12,011,Guerrero,Atoyac de Álvarez,2024,OI,19.4,21.0
12,014,Guerrero,Benito Juárez,2024,OI,20.6,21.6
12,015,Guerrero,Buenavista de Cuéllar,2024,OI,12.6,12.1
12,017,Guerrero,Cocula,2024,OI,12.9,12.9
12,018,Guerrero,Copala,2024,OI,22.3,21.7
12,021,Guerrero,Coyuca de Benítez,2024,OI,22.0,19.7
12,023,Guerrero,Cuajinicuilapa,2024,OI,23.3,21.5
12,027,Estado de México,Cutzamala de Pinzón,2024,OI,15.0,19.0
12,028,Guerrero,Chilapa de Álvarez,2024,OI,9.8,10.0
12,029,Guerrero,Chilpancingo de los Bravo,2024,OI,12.2,10.5
12,032,Guerrero,General Heliodoro Castillo,2024,OI,9.5,8.7
12,035,Guerrero,Iguala de la Independencia,2024,OI,15.4,12.7
12,036,Guerrero,Igualapa,2024,OI,17.5,17.8
12,038,Guerrero,Zihuatanejo de Azueta,2024,OI,19.1,19.5
12,039,Guerrero,Juan R. Escudero,2024,OI,15.2,16.1
12,040,Guerrero,Leonardo Bravo,2024,OI,9.3,8.5
12,044,Guerrero,Mochitlán,2024,OI,14.6,14.0
12,045,Guerrero,Olinalá,2024,OI,11.9,10.9
12,046,Guerrero,Ometepec,2024,OI,18.6,15.0
12,050,Guerrero,Pungarabato,2024,OI,16.5,16.5
12,053,Guerrero,San Marcos,2024,OI,12.3,12.3
12,055,Guerrero,Taxco de Alarcón,2024,OI,13.9,13.0
12,057,Guerrero,Técpan de Galeana,2024,OI,19.3,19.0
12,061,Guerrero,Tixtla de Guerrero,2024,OI,13.0,11.7
12,066,Guerrero,Tlapa de Comonfort,2024,OI,12.9,12.2
12,068,Michoacán,La Unión de Isidoro Montes de Oca,2024,OI,20.5,20.4
12,070,Guerrero,Xochihuehuetlán,2024,OI,11.6,11.0
12,073,Guerrero,Zirándaro,2024,OI,10.1,8.6
13,003,Hidalgo,Actopan,2024,OI,2.7,2.0
13,006,Hidalgo,Alfajayucan,2024,OI,5.9,5.3
13,008,Hidalgo,Apan,2024,OI,1.4,1.2
13,011,Hidalgo,Atlapexco,2024,OI,14.6,14.7
13,013,Hidalgo,Atotonilco de Tula,2024,OI,5.1,4.0
13,019,Hidalgo,Chilcuautla,2024,OI,6.7,4.4
13,027,Hidalgo,Huehuetla,2024,OI,14.0,13.6
13,028,Hidalgo,Huejutla de Reyes,2024,OI,14.5,14.2
13,028,Veracruz,Huejutla de Reyes,2024,OI,14.6,13.7
13,029,Hidalgo,Huichapan,2024,OI,6.7,5.0
13,030,Hidalgo,Ixmiquilpan,2024,OI,7.3,6.3
13,037,Hidalgo,Metztitlán,2024,OI,10.2,9.6
13,038,Hidalgo,Mineral del Chico,2024,OI,4.3,4.3
13,046,Hidalgo,San Felipe Orizatlán,2024,OI,15.9,14.3
13,048,Hidalgo,Pachuca de Soto,2024,OI,6.4,3.7
13,064,Hidalgo,Tepetitlán,2024,OI,5.9,5.1
13,076,Hidalgo,Tula de Allende,2024,OI,5.9,4.7
13,077,Hidalgo,Tulancingo de Bravo,2024,OI,7.3,7.2
13,081,Hidalgo,Zacualtipán de Ángeles,2024,OI,7.0,5.7
13,084,Hidalgo,Zimapán,2024,OI,11.8,9.2
14,002,Jalisco,Acatlán de Juárez,2024,OI,4.8,3.5
14,006,Jalisco,Ameca,2024,OI,7.5,5.6
14,012,Jalisco,Atenguillo,2024,OI,4.4,
14,015,Jalisco,Autlán de Navarro,2024,OI,16.1,9.8
14,017,Jalisco,Ayutla,2024,OI,7.6,6.2
14,019,Jalisco,Bolaños,2024,OI,11.9,8.7
14,022,Jalisco,Cihuatlán,2024,OI,18.6,19.4
14,023,Jalisco,Zapotlán el Grande,2024,OI,8.5,6.8
14,025,Jalisco,Colotlán,2024,OI,6.4,3.4
14,027,Jalisco,Cuautitlán de García Barragán,2024,OI,6.7,6.7
14,030,Jalisco,Chapala,2024,OI,13.0,12.9
14,033,Jalisco,Degollado,2024,OI,10.7,7.4
14,039,Jalisco,Guadalajara,2024,OI,9.6,7.0
14,041,Jalisco,Huejúcar,2024,OI,3.6,1.0
14,043,Jalisco,La Huerta,2024,OI,16.0,23.3
14,046,Jalisco,Jalostotitlán,2024,OI,2.1,-1.6
14,047,Jalisco,Jamay,2024,OI,6.4,4.9
14,049,Jalisco,Jilotlán de los Dolores,2024,OI,17.4,16.5
14,050,Jalisco,Jocotepec,2024,OI,11.3,10.2
14,051,Jalisco,Juanacatlán,2024,OI,7.7,5.9
14,053,Jalisco,Lagos de Moreno,2024,OI,3.6,1.4
14,054,Jalisco,El Limón,2024,OI,12.0,10.6
14,058,Jalisco,Mascota,2024,OI,5.8,5.4
14,061,Jalisco,Mezquitic,2024,OI,4.8,1.8
14,062,Jalisco,Mixtlán,2024,OI,-0.5,
14,063,Jalisco,Ocotlán,2024,OI,8.8,5.5
14,066,Jalisco,Poncitlán,2024,OI,10.2,6.8
14,067,Jalisco,Puerto Vallarta,2024,OI,15.5,14.7
14,068,Jalisco,Villa Purificación,2024,OI,12.8,13.0
14,070,Jalisco,El Salto,2024,OI,11.4,10.2
14,071,Jalisco,San Cristóbal de la Barranca,2024,OI,11.0,8.5
14,081,Jalisco,Santa María de los Ángeles,2024,OI,5.4,3.2
14,091,Jalisco,Teocaltiche,2024,OI,2.3,-0.7
14,095,Jalisco,Teuchitlán,2024,OI,7.8,4.5
14,096,Jalisco,Tizapán el Alto,2024,OI,11.5,10.9
14,097,Jalisco,Tlajomulco de Zúñiga,2024,OI,7.9,5.0
14,098,Jalisco,San Pedro Tlaquepaque,2024,OI,11.0,10.2
14,099,Jalisco,Tolimán,2024,OI,7.8,7.5
14,100,Jalisco,Tomatlán,2024,OI,18.1,18.3
14,108,Jalisco,Tuxpan,2024,OI,3.2,3.2
14,120,Jalisco,Zapopan,2024,OI,7.7,4.8
14,124,Jalisco,Zapotlanejo,2024,OI,6.5,5.2
15,002,Estado de México,Acolman,2024,OI,3.5,2.0
15,003,Estado de México,Aculco,2024,OI,-0.1,-0.9
15,003,Querétaro,Aculco,2024,OI,7.2,4.9
15,005,Estado de México,Almoloya de Juárez,2024,OI,-2.0,-2.6
15,009,Estado de México,Amecameca,2024,OI,0.9,0.1
15,011,Estado de México,Atenco,2024,OI,5.6,3.6
15,013,Estado de México,Atizapán de Zaragoza,2024,OI,7.0,5.1
15,014,Estado de México,Atlacomulco,2024,OI,0.6,-0.4
15,032,Estado de México,Donato Guerra,2024,OI,5.7,5.2
15,033,Estado de México,Ecatepec de Morelos,2024,OI,4.0,3.5
15,038,Estado de México,Isidro Fabela,2024,OI,1.7,1.5
15,039,Estado de México,Ixtapaluca,2024,OI,2.3,1.4
15,042,Estado de México,Ixtlahuaca,2024,OI,2.4,-3.0
15,045,Estado de México,Jilotepec,2024,OI,0.4,-1.2
15,052,Estado de México,Malinalco,2024,OI,15.6,12.8
15,057,Estado de México,Naucalpan de Juárez,2024,OI,2.5,1.6
15,063,Estado de México,Ocuilan,2024,OI,5.7,4.0
15,074,Estado de México,San Felipe del Progreso,2024,OI,3.3,1.6
15,083,Estado de México,Temamatla,2024,OI,4.1,3.7
15,086,Estado de México,Temascaltepec,2024,OI,5.7,
15,087,Estado de México,Temoaya,2024,OI,-2.0,-4.1
15,090,Estado de México,Tenango del Valle,2024,OI,1.1,0.6
15,091,Estado de México,Teoloyucan,2024,OI,3.3,2.5
15,095,Estado de México,Tepotzotlán,2024,OI,4.0,2.5
15,096,Estado de México,Tequixquiac,2024,OI,1.9,1.2
15,097,Estado de México,Texcaltitlán,2024,OI,3.2,3.1
15,099,Estado de México,Texcoco,2024,OI,5.3,4.0
15,100,Estado de México,Tezoyuca,2024,OI,6.9,6.9
15,101,Estado de México,Tianguistenco,2024,OI,2.0,-0.2
15,106,Estado de México,Toluca,2024,OI,1.4,-1.1
15,109,Estado de México,Tultitlán,2024,OI,6.4,6.5
15,111,Estado de México,Villa de Allende,2024,OI,-1.1,-1.6
15,112,Estado de México,Villa del Carbón,2024,OI,4.3,3.1
15,118,Estado de México,Zinacantepec,2024,OI,1.5,-0.1
15,120,Estado de México,Zumpango,2024,OI,4.3,2.0
15,121,Estado de México,Cuautitlán Izcalli,2024,OI,7.1,7.1
16,003,Michoacán,Álvaro Obregón,2024,OI,5.8,3.5
16,004,Michoacán,Angamacutiro,2024,OI,9.4,6.5
16,006,Michoacán,Apatzingán,2024,OI,16.3,14.8
16,010,Michoacán,Arteaga,2024,OI,20.0,10.5
16,017,Michoacán,Contepec,2024,OI,5.8,4.5
16,019,Michoacán,Cotija,2024,OI,8.4,7.0
16,034,Michoacán,Hidalgo,2024,OI,0.3,1.6
16,035,Michoacán,La Huacana,2024,OI,17.7,13.4
16,038,Michoacán,Huetamo,2024,OI,16.6,14.7
16,039,Michoacán,Huiramba,2024,OI,3.4,1.2
16,042,Michoacán,Ixtlán,2024,OI,5.8,4.8
16,044,Michoacán,Jiménez,2024,OI,11.2,4.4
16,049,Michoacán,Madero,2024,OI,6.7,4.5
16,050,Michoacán,Maravatío,2024,OI,3.7,2.7
16,052,Michoacán,Lázaro Cárdenas,2024,OI,20.6,20.6
16,053,Michoacán,Morelia,2024,OI,6.4,5.0
16,061,Michoacán,Ocampo,2024,OI,2.8,1.5
16,067,Michoacán,Penjamillo,2024,OI,7.8,5.6
16,069,Michoacán,La Piedad,2024,OI,7.1,4.3
16,072,Michoacán,Queréndaro,2024,OI,7.4,5.9
16,076,Michoacán,Sahuayo,2024,OI,6.6,7.2
16,085,Michoacán,Tangancícuaro,2024,OI,3.7,1.5
16,089,Michoacán,Tepalcatepec,2024,OI,16.7,15.1
16,102,Michoacán,Uruapan,2024,OI,6.5,5.9
16,103,Michoacán,Venustiano Carranza,2024,OI,10.7,9.1
16,104,Michoacán,Villamar,2024,OI,5.9,5.7
16,105,Michoacán,Vista Hermosa,2024,OI,6.1,5.8
16,106,Michoacán,Yurécuaro,2024,OI,9.3,7.7
16,108,Michoacán,Zamora,2024,OI,8.5,3.5
16,109,Michoacán,Zináparo,2024,OI,2.8,7.5
16,113,Michoacán,José Sixto Verduzco,2024,OI,5.4,3.5
17,001,Morelos,Amacuzac,2024,OI,10.9,8.9
17,002,Morelos,Atlatlahucan,2024,OI,14.1,11.2
17,004,Morelos,Ayala,2024,OI,13.7,12.1
17,005,Morelos,Coatlán del Río,2024,OI,12.9,11.7
17,006,Morelos,Cuautla,2024,OI,12.0,11.2
17,007,Morelos,Cuernavaca,2024,OI,9.1,9.0
17,008,Morelos,Emiliano Zapata,2024,OI,13.0,12.1
17,009,Morelos,Huitzilac,2024,OI,-1.8,-1.5
17,011,Morelos,Jiutepec,2024,OI,12.8,12.8
17,012,Morelos,Jojutla,2024,OI,13.6,11.4
17,013,Morelos,Jonacatepec de Leandro Valle,2024,OI,10.7,8.1
17,014,Morelos,Mazatepec,2024,OI,14.2,13.4
17,015,Morelos,Miacatlán,2024,OI,12.9,12.9
17,016,Morelos,Ocuituco,2024,OI,5.9,5.8
17,017,Morelos,Puente de Ixtla,2024,OI,11.8,9.3
17,018,Morelos,Temixco,2024,OI,14.7,14.0
17,019,Morelos,Tepalcingo,2024,OI,13.1,12.0
17,020,Morelos,Tepoztlán,2024,OI,11.6,9.6
17,021,Morelos,Tetecala,2024,OI,12.4,10.6
17,023,Morelos,Tlalnepantla,2024,OI,5.3,4.2
17,024,Morelos,Tlaltizapán de Zapata,2024,OI,12.5,10.1
17,025,Morelos,Tlaquiltenango,2024,OI,11.7,9.9
17,026,Morelos,Tlayacapan,2024,OI,9.9,9.1
17,027,Morelos,Totolapan,2024,OI,12.5,10.2
17,028,Morelos,Xochitepec,2024,OI,13.8,12.0
17,029,Morelos,Yautepec,2024,OI,12.0,11.3
17,030,Morelos,Yecapixtla,2024,OI,11.5,9.9
17,031,Morelos,Zacatepec,2024,OI,13.4,11.4
17,032,Morelos,Zacualpan de Amilpas,2024,OI,11.2,9.7
17,033,Morelos,Temoac,2024,OI,12.5,12.0
17,035,Morelos,Xoxocotla,2024,OI,11.8,10.3
18,001,Nayarit,Acaponeta,2024,OI,14.4,13.7
18,006,Nayarit,Ixtlán del Río,2024,OI,9.1,8.9
18,008,Nayarit,Xalisco,2024,OI,7.0,5.9
18,009,Nayarit,Del Nayar,2024,OI,19.7,10.2
18,010,Nayarit,Rosamorada,2024,OI,13.6,12.4
18,011,Nayarit,Ruíz,2024,OI,15.0,14.1
18,012,Nayarit,San Blas,2024,OI,16.8,15.3
18,017,Nayarit,Tepic,2024,OI,13.2,11.9
19,005,Nuevo León,Anáhuac,2024,OI,8.4,8.4
19,006,Nuevo León,Apodaca,2024,OI,10.7,10.7
19,007,Nuevo León,Aramberri,2024,OI,2.6,1.3
19,011,Nuevo León,Cerralvo,2024,OI,9.8,9.8
19,013,Nuevo León,China,2024,OI,12.5,10.6
19,017,Nuevo León,Galeana,2024,OI,3.2,-0.2
19,024,Nuevo León,General Zaragoza,2024,OI,9.6,7.3
19,025,Nuevo León,General Zuazua,2024,OI,11.0,11.0
19,026,Nuevo León,Guadalupe,2024,OI,11.7,11.7
19,033,Nuevo León,Linares,2024,OI,9.1,8.6
19,036,Nuevo León,Mier y Noriega,2024,OI,10.3,8.8
19,038,Nuevo León,Montemorelos,2024,OI,8.6,7.8
19,039,Nuevo León,Monterrey,2024,OI,9.1,7.0
19,042,Nuevo León,Los Ramones,2024,OI,10.1,9.3
19,046,Nuevo León,San Nicolás de los Garza,2024,OI,12.6,12.1
19,049,Nuevo León,Santiago,2024,OI,10.2,9.8
20,006,Oaxaca,Asunción Nochixtlán,2024,OI,4.0,4.5
20,011,Oaxaca,Calihualá,2024,OI,9.0,9.0
20,014,Oaxaca,Ciudad Ixtepec,2024,OI,19.3,20.3
20,039,Oaxaca,Heroica Ciudad de Huajuapan de León,2024,OI,7.6,6.6
20,052,Oaxaca,Magdalena Tequisistlán,2024,OI,18.1,18.0
20,059,Oaxaca,Miahuatlán de Porfirio Díaz,2024,OI,9.3,8.8
20,067,Oaxaca,Oaxaca de Juárez,2024,OI,12.6,12.0
20,073,Oaxaca,Putla Villa de Guerrero,2024,OI,13.7,13.0
20,079,Oaxaca,Salina Cruz,2024,OI,21.8,21.6
20,083,Oaxaca,San Agustín de las Juntas,2024,OI,10.7,9.5
20,105,Oaxaca,San Antonino Monte Verde,2024,OI,10.9,9.9
20,136,Oaxaca,San Felipe Usila,2024,OI,14.2,15.4
20,184,Oaxaca,San Juan Bautista Tuxtepec,2024,OI,16.4,16.4
20,186,Oaxaca,San Juan Cieneguilla,2024,OI,12.5,11.4
20,221,Oaxaca,San Juan Teposcolula,2024,OI,0.3,0.9
20,237,Oaxaca,San Marcos Arteaga,2024,OI,8.1,10.4
20,240,Oaxaca,San Martín Itunyoso,2024,OI,7.3,11.4
20,262,Oaxaca,San Miguel Amatlán,2024,OI,5.2,3.3
20,278,Oaxaca,San Miguel Soyaltepec,2024,OI,18.3,14.0
20,293,Oaxaca,San Pablo Etla,2024,OI,9.5,9.5
20,307,Oaxaca,San Pedro Huamelula,2024,OI,18.3,18.6
20,318,Oaxaca,San Pedro Mixtepec,2024,OI,21.6,21.2
20,324,Oaxaca,San Pedro Pochutla,2024,OI,21.9,18.1
20,327,Oaxaca,San Pedro Tapanatepec,2024,OI,16.8,16.0
20,357,Oaxaca,Santa Ana Tavela,2024,OI,11.9,12.8
20,363,Oaxaca,Santa Catarina Ixtepeji,2024,OI,6.6,4.0
20,385,Oaxaca,Santa Cruz Xoxocotlán,2024,OI,9.3,9.2
20,397,Oaxaca,Heroica Ciudad de Tlaxiaco,2024,OI,0.1,
20,413,Oaxaca,Santa María Huatulco,2024,OI,22.5,22.1
20,417,Oaxaca,Santa María Jacatepec,2024,OI,17.5,17.5
20,418,Oaxaca,Santa María Jalapa del Marqués,2024,OI,15.5,16.6
20,439,Oaxaca,Santa María Tonameca,2024,OI,18.1,17.3
20,459,Oaxaca,Villa de Santiago Chazumba,2024,OI,9.6,7.7
20,468,Oaxaca,Santiago Jocotepec,2024,OI,23.1,18.7
20,498,Oaxaca,Santiago Yaveo,2024,OI,16.7,16.9
20,502,Oaxaca,Santiago Zacatepec,2024,OI,14.0,14.5
20,525,Oaxaca,Santo Domingo Zanatepec,2024,OI,14.3,15.6
20,537,Oaxaca,Silacayoápam,2024,OI,10.3,10.3
20,547,Oaxaca,Teotongo,2024,OI,4.4,3.6
20,549,Oaxaca,"Heroica Villa Tezoatlán de Segura y Luna, Cuna de la Independencia de Oaxaca",2024,OI,6.7,6.1
20,559,Oaxaca,San Juan Bautista Valle Nacional,2024,OI,15.8,15.8
20,567,Oaxaca,Zapotitlán Lagunas,2024,OI,11.1,10.8
20,568,Oaxaca,Zapotitlán Palmas,2024,OI,12.7,10.0
21,001,Puebla,Acajete,2024,OI,6.0,4.5
21,002,Puebla,Acateno,2024,OI,16.0,16.5
21,003,Puebla,Acatlán,2024,OI,12.4,11.5
21,008,Puebla,Ahuazotepec,2024,OI,3.1,1.4
21,015,Puebla,Amozoc,2024,OI,18.4,11.4
21,019,Puebla,Atlixco,2024,OI,10.6,8.9
21,025,Puebla,Ayotoxco de Guerrero,2024,OI,22.5,15.0
21,026,Puebla,Calpan,2024,OI,6.8,4.5
21,031,Puebla,Coatzingo,2024,OI,11.5,10.0
21,045,Puebla,Chalchicomula de Sesma,2024,OI,3.8,2.7
21,051,Puebla,Chietla,2024,OI,13.9,13.1
21,053,Puebla,Chignahuapan,2024,OI,1.5,1.4
21,059,Puebla,Chinantla,2024,OI,11.6,8.9
21,064,Puebla,Francisco Z. Mena,2024,OI,14.3,14.3
21,069,Puebla,Huaquechula,2024,OI,12.2,4.0
21,071,Puebla,Huauchinango,2024,OI,8.4,4.8
21,074,Puebla,Huejotzingo,2024,OI,7.1,4.5
21,083,Puebla,Ixtacamaxtitlán,2024,OI,2.3,2.2
21,085,Puebla,Izúcar de Matamoros,2024,OI,17.2,16.8
21,086,Puebla,Jalpan,2024,OI,15.5,14.6
21,094,Puebla,Libres,2024,OI,3.1,3.7
21,098,Puebla,Molcaxac,2024,OI,5.2,3.2
21,106,Puebla,Ocoyucan,2024,OI,6.6,5.4
21,108,Puebla,Oriental,2024,OI,8.6,8.6
21,114,Puebla,Puebla,2024,OI,3.9,3.1
21,132,Puebla,San Martín Texmelucan,2024,OI,4.8,3.2
21,140,Puebla,San Pedro Cholula,2024,OI,6.1,4.3
21,153,Puebla,Tecali de Herrera,2024,OI,5.0,5.6
21,154,Puebla,Tecamachalco,2024,OI,6.4,5.5
21,156,Puebla,Tehuacán,2024,OI,11.9,10.6
21,160,Puebla,Teotlalco,2024,OI,10.7,8.9
21,170,Puebla,Tepeyahualco,2024,OI,0.5,-0.4
21,172,Puebla,Tetela de Ocampo,2024,OI,6.8,7.2
21,174,Puebla,Teziutlán,2024,OI,4.2,4.6
21,180,Puebla,Tlahuapan,2024,OI,5.5,4.5
21,184,Puebla,Tlapacoya,2024,OI,5.7,5.0
21,185,Puebla,Tlapanalá,2024,OI,12.1,10.7
21,186,Puebla,Tlatlauquitepec,2024,OI,1.2,1.0
21,188,Morelos,Tochimilco,2024,OI,10.1,9.3
21,193,Puebla,Tzicatlacoyan,2024,OI,4.2,3.3
21,197,Puebla,Xicotepec,2024,OI,4.4,4.4
21,198,Puebla,Xicotlán,2024,OI,12.5,10.0
21,207,Puebla,Zacapoaxtla,2024,OI,7.5,7.7
21,209,Puebla,Zapotitlán,2024,OI,10.4,9.3
22,006,Querétaro,Corregidora,2024,OI,7.8,4.5
22,008,Querétaro,Huimilpan,2024,OI,6.8,4.7
22,009,Querétaro,Jalpan de Serra,2024,OI,7.3,7.3
22,011,Querétaro,El Marqués,2024,OI,6.9,4.1
22,013,Querétaro,Peñamiller,2024,OI,11.1,9.8
22,014,Querétaro,Querétaro,2024,OI,9.6,6.2
22,016,Querétaro,San Juan del Río,2024,OI,8.4,6.4
23,001,Quintana Roo,Cozumel,2024,OI,20.3,19.4
23,002,Quintana Roo,Felipe Carrillo Puerto,2024,OI,16.9,18.9
23,004,Quintana Roo,Othón P. Blanco,2024,OI,19.5,18.3
23,005,Quintana Roo,Benito Juárez,2024,OI,17.8,20.5
23,006,Quintana Roo,José María Morelos,2024,OI,17.8,19.0
23,007,Quintana Roo,Lázaro Cárdenas,2024,OI,17.3,19.2
23,008,Quintana Roo,Solidaridad,2024,OI,17.5,18.4
23,009,Quintana Roo,Tulum,2024,OI,21.3,18.8
24,003,San Luis Potosí,Aquismón,2024,OI,11.8,11.6
24,008,San Luis Potosí,Cerritos,2024,OI,8.9,8.8
24,011,San Luis Potosí,Ciudad Fernández,2024,OI,12.5,11.6
24,013,San Luis Potosí,Ciudad Valles,2024,OI,13.6,13.6
24,016,San Luis Potosí,Ebano,2024,OI,14.7,14.2
24,020,San Luis Potosí,Matehuala,2024,OI,6.2,5.9
24,024,San Luis Potosí,Rioverde,2024,OI,11.6,10.5
24,027,San Luis Potosí,San Ciro de Acosta,2024,OI,11.0,9.9
24,028,San Luis Potosí,San Luis Potosí,2024,OI,6.5,4.7
24,034,San Luis Potosí,San Vicente Tancuayalab,2024,OI,15.7,14.1
24,034,Veracruz,San Vicente Tancuayalab,2024,OI,14.0,14.9
24,037,San Luis Potosí,Tamazunchale,2024,OI,15.9,11.6
24,041,San Luis Potosí,Tanlajás,2024,OI,14.4,13.6
24,049,San Luis Potosí,Villa de Ramos,2024,OI,5.8,3.4
24,050,San Luis Potosí,Villa de Reyes,2024,OI,7.7,6.1
24,053,San Luis Potosí,Axtla de Terrazas,2024,OI,14.7,14.0
24,057,San Luis Potosí,Matlapa,2024,OI,14.5,15.4
24,058,San Luis Potosí,El Naranjo,2024,OI,11.8,11.2
25,001,Sinaloa,Ahome,2024,OI,9.0,6.7
25,003,Sinaloa,Badiraguato,2024,OI,7.2,5.8
25,005,Sinaloa,Cosalá,2024,OI,14.2,12.4
25,006,Sinaloa,Culiacán,2024,OI,7.2,6.7
25,007,Sinaloa,Choix,2024,OI,9.5,7.6
25,008,Sinaloa,Elota,2024,OI,12.4,11.2
25,009,Sinaloa,Escuinapa,2024,OI,16.6,
25,010,Sinaloa,El Fuerte,2024,OI,8.3,3.4
25,011,Sinaloa,Guasave,2024,OI,11.7,10.0
25,012,Sinaloa,Mazatlán,2024,OI,11.7,10.6
25,013,Sinaloa,Mocorito,2024,OI,9.2,9.0
25,014,Sinaloa,Rosario,2024,OI,10.2,11.3
25,015,Sinaloa,Salvador Alvarado,2024,OI,11.6,9.4
25,016,Sinaloa,San Ignacio,2024,OI,7.2,9.1
25,017,Sinaloa,Sinaloa,2024,OI,8.1,5.8
25,019,Sinaloa,Eldorado,2024,OI,12.0,11.5
26,001,Sonora,Aconchi,2024,OI,2.9,1.1
26,002,Sonora,Agua Prieta,2024,OI,-1.7,-3.2
26,003,Sonora,Álamos,2024,OI,5.6,3.0
26,004,Sonora,Altar,2024,OI,2.2,1.2
26,006,Sonora,Arizpe,2024,OI,-1.5,-3.7
26,010,Sonora,Bacerac,2024,OI,-1.5,-1.5
26,012,Sonora,Bácum,2024,OI,7.5,4.6
26,013,Sonora,Banámichi,2024,OI,-1.0,-2.1
26,014,Sonora,Baviácora,2024,OI,1.2,-0.4
26,015,Sonora,Bavispe,2024,OI,-1.2,-1.2
26,016,Sonora,Benjamín Hill,2024,OI,2.5,-1.6
26,017,Sonora,Caborca,2024,OI,5.5,3.0
26,018,Sonora,Cajeme,2024,OI,5.2,3.5
26,019,Sonora,Cananea,2024,OI,3.7,1.2
26,020,Sonora,Carbó,2024,OI,4.9,2.0
26,021,Sonora,La Colorada,2024,OI,5.7,2.7
26,022,Sonora,Cucurpe,2024,OI,1.7,-1.2
26,023,Sonora,Cumpas,2024,OI,4.2,1.7
26,025,Sonora,Empalme,2024,OI,8.3,5.5
26,026,Sonora,Etchojoa,2024,OI,7.1,3.9
26,029,Sonora,Guaymas,2024,OI,3.0,1.5
26,030,Sonora,Hermosillo,2024,OI,5.3,2.6
26,031,Sonora,Huachinera,2024,OI,0.7,-1.0
26,033,Sonora,Huatabampo,2024,OI,8.2,5.3
26,035,Sonora,Imuris,2024,OI,2.7,0.0
26,036,Sonora,Magdalena,2024,OI,1.2,-0.4
26,037,Sonora,Mazatán,2024,OI,2.8,-0.4
26,040,Sonora,Nácori Chico,2024,OI,-0.5,-1.8
26,041,Sonora,Nacozari de García,2024,OI,7.4,2.2
26,042,Sonora,Navojoa,2024,OI,6.2,3.3
26,043,Sonora,Nogales,2024,OI,5.5,2.1
26,045,Sonora,Opodepe,2024,OI,2.7,0.0
26,046,Sonora,Oquitoa,2024,OI,5.2,4.3
26,047,Sonora,Pitiquito,2024,OI,8.5,4.1
26,048,Sonora,Puerto Peñasco,2024,OI,9.0,6.8
26,049,Sonora,Quiriego,2024,OI,1.6,-0.5
26,051,Sonora,Rosario,2024,OI,3.4,0.7
26,052,Sonora,Sahuaripa,2024,OI,1.8,1.2
26,055,Sonora,San Luis Río Colorado,2024,OI,5.0,3.6
26,056,Sonora,San Miguel de Horcasitas,2024,OI,6.6,0.6
26,058,Sonora,Santa Ana,2024,OI,2.0,2.0
26,059,Sonora,Santa Cruz,2024,OI,-0.9,-3.4
26,061,Sonora,Soyopa,2024,OI,8.6,6.2
26,062,Sonora,Suaqui Grande,2024,OI,4.9,1.3
26,064,Sonora,Trincheras,2024,OI,3.4,0.9
26,065,Sonora,Tubutama,2024,OI,5.4,3.2
26,066,Sonora,Ures,2024,OI,2.0,0.2
26,068,Sonora,Villa Pesqueira,2024,OI,6.2,2.5
26,069,Sonora,Yécora,2024,OI,-4.1,-4.1
26,070,Sonora,General Plutarco Elías Calles,2024,OI,2.9,2.2
26,071,Sonora,Benito Juárez,2024,OI,6.5,4.7
26,072,Sonora,San Ignacio Río Muerto,2024,OI,8.5,5.9
27,001,Tabasco,Balancán,2024,OI,19.6,20.2
27,002,Tabasco,Cárdenas,2024,OI,18.8,20.5
27,003,Tabasco,Centla,2024,OI,18.9,19.1
27,004,Tabasco,Centro,2024,OI,17.8,15.8
27,006,Tabasco,Cunduacán,2024,OI,18.1,18.5
27,012,Tabasco,Macuspana,2024,OI,18.7,19.9
27,014,Tabasco,Paraíso,2024,OI,21.2,22.1
27,015,Tabasco,Tacotalpa,2024,OI,17.9,18.7
27,016,Tabasco,Teapa,2024,OI,18.1,19.0
27,017,Tabasco,Tenosique,2024,OI,17.2,16.5
29,003,Tlaxcala,Atlangatepec,2024,OI,1.5,0.7
29,006,Tlaxcala,Calpulalpan,2024,OI,4.0,3.0
29,007,Tlaxcala,El Carmen Tequexquitla,2024,OI,0.7,0.4
29,008,Tlaxcala,Cuapiaxtla,2024,OI,3.9,2.6
29,013,Tlaxcala,Huamantla,2024,OI,1.8,0.2
29,031,Tlaxcala,Tetla de la Solidaridad,2024,OI,4.3,3.3
29,033,Tlaxcala,Tlaxcala,2024,OI,5.9,4.1
29,037,Tlaxcala,Ziltlaltépec de Trinidad Sánchez Santos,2024,OI,5.0,3.6
29,044,Tlaxcala,Zacatelco,2024,OI,5.3,3.0
29,052,Tlaxcala,San José Teacalco,2024,OI,3.9,3.9
30,001,Veracruz,Acajete,2024,OI,4.3,3.4
30,003,Veracruz,Acayucan,2024,OI,19.0,19.0
30,004,Veracruz,Actopan,2024,OI,18.3,17.8
30,009,Veracruz,Alto Lucero de Gutiérrez Barrios,2024,OI,23.0,
30,010,Veracruz,Altotonga,2024,OI,5.7,5.7
30,011,Veracruz,Alvarado,2024,OI,20.1,18.1
30,015,Veracruz,Angel R. Cabada,2024,OI,16.3,17.3
30,016,Veracruz,La Antigua,2024,OI,16.7,17.5
30,028,Veracruz,Boca del Río,2024,OI,19.2,18.8
30,032,Veracruz,Catemaco,2024,OI,13.5,9.6
30,038,Veracruz,Coatepec,2024,OI,8.3,8.8
30,039,Veracruz,Coatzacoalcos,2024,OI,22.5,19.8
30,044,Veracruz,Córdoba,2024,OI,15.1,15.5
30,045,Oaxaca,Cosamaloapan de Carpio,2024,OI,18.4,18.6
30,048,Veracruz,Cosoleacaque,2024,OI,17.7,19.2
30,058,Veracruz,Chicontepec,2024,OI,19.6,
30,061,Veracruz,Las Choapas,2024,OI,14.6,15.9
30,065,Veracruz,Emiliano Zapata,2024,OI,16.5,17.9
30,071,Veracruz,Huatusco,2024,OI,6.2,6.5
30,073,Veracruz,Hueyapan de Ocampo,2024,OI,15.8,17.0
30,077,Veracruz,Isla,2024,OI,17.4,18.4
30,087,Veracruz,Xalapa,2024,OI,9.3,8.7
30,091,Veracruz,Jesús Carranza,2024,OI,18.9,19.1
30,101,Veracruz,Mariano Escobedo,2024,OI,6.2,6.2
30,102,Veracruz,Martínez de la Torre,2024,OI,16.4,17.1
30,104,Veracruz,Mecayapan,2024,OI,16.8,14.0
30,112,Veracruz,Naolinco,2024,OI,9.7,9.5
30,118,Veracruz,Orizaba,2024,OI,12.1,11.6
30,123,Veracruz,Pánuco,2024,OI,13.2,13.2
30,128,Veracruz,Perote,2024,OI,-2.4,-1.6
30,141,Veracruz,San Andrés Tuxtla,2024,OI,16.3,17.0
30,142,Veracruz,San Juan Evangelista,2024,OI,18.3,18.5
30,143,Veracruz,Santiago Tuxtla,2024,OI,16.8,18.0
30,155,Veracruz,Tantoyuca,2024,OI,13.2,13.2
30,160,Veracruz,Álamo Temapache,2024,OI,14.1,7.0
30,161,Veracruz,Tempoal,2024,OI,14.1,14.2
30,163,Veracruz,Tenochtitlán,2024,OI,11.7,12.3
30,175,Veracruz,Tihuatlán,2024,OI,17.6,17.6
30,182,Veracruz,Tlalnelhuayocan,2024,OI,11.0,11.1
30,188,Veracruz,Totutla,2024,OI,11.8,11.6
30,189,Veracruz,Tuxpan,2024,OI,15.8,15.8
30,193,Veracruz,Veracruz,2024,OI,17.6,18.8
31,001,Yucatán,Abalá,2024,OI,15.8,19.0
31,010,Yucatán,Cantamayec,2024,OI,15.0,15.5
31,011,Yucatán,Celestún,2024,OI,17.3,20.1
31,013,Yucatán,Conkal,2024,OI,15.3,16.2
31,023,Yucatán,Chocholá,2024,OI,15.6,18.3
31,043,Yucatán,Kaua,2024,OI,19.0,21.2
31,050,Yucatán,Mérida,2024,OI,14.4,16.6
31,051,Yucatán,Mocochá,2024,OI,15.9,18.1
31,052,Yucatán,Motul,2024,OI,14.8,18.0
31,053,Yucatán,Muna,2024,OI,14.5,17.3
31,056,Yucatán,Oxkutzcab,2024,OI,13.9,16.8
31,058,Yucatán,Peto,2024,OI,13.8,16.1
31,059,Yucatán,Progreso,2024,OI,17.7,19.6
31,061,Yucatán,Río Lagartos,2024,OI,16.1,18.4
31,079,Yucatán,Tekax,2024,OI,13.0,16.8
31,089,Yucatán,Ticul,2024,OI,15.5,17.0
31,096,Yucatán,Tizimín,2024,OI,15.1,17.5
31,102,Yucatán,Valladolid,2024,OI,17.2,19.2
32,003,Zacatecas,Atolinga,2024,OI,3.1,1.0
32,005,Zacatecas,Calera,2024,OI,2.6,-0.1
32,006,Zacatecas,Cañitas de Felipe Pescador,2024,OI,1.8,7.1
32,007,Zacatecas,Concepción del Oro,2024,OI,6.8,5.9
32,009,Zacatecas,Chalchihuites,2024,OI,5.1,5.1
32,010,Zacatecas,Fresnillo,2024,OI,2.7,0.4
32,014,Zacatecas,General Francisco R. Murguía,2024,OI,5.8,5.1
32,015,Jalisco,El Plateado de Joaquín Amaro,2024,OI,8.7,8.6
32,016,Zacatecas,General Pánfilo Natera,2024,OI,2.4,-1.6
32,017,Zacatecas,Guadalupe,2024,OI,5.5,5.4
32,019,Zacatecas,Jalpa,2024,OI,8.7,8.9
32,020,Zacatecas,Jerez,2024,OI,3.4,2.9
32,022,Zacatecas,Juan Aldama,2024,OI,4.9,3.4
32,024,Zacatecas,Loreto,2024,OI,5.2,2.7
32,026,Zacatecas,Mazapil,2024,OI,5.3,0.5
32,029,Zacatecas,Miguel Auza,2024,OI,5.9,3.6
32,031,Zacatecas,Monte Escobedo,2024,OI,4.8,-1.7
32,032,Zacatecas,Morelos,2024,OI,5.5,3.7
32,034,Zacatecas,Nochistlán de Mejía,2024,OI,2.8,1.5
32,038,Zacatecas,Pinos,2024,OI,2.3,0.5
32,039,Zacatecas,Río Grande,2024,OI,2.3,1.2
32,040,Zacatecas,Sain Alto,2024,OI,3.6,3.6
32,042,Zacatecas,Sombrerete,2024,OI,5.4,4.8
32,044,Zacatecas,Tabasco,2024,OI,9.9,9.2
32,045,Zacatecas,Tepechitlán,2024,OI,3.7,0.8
32,047,Zacatecas,Teúl de González Ortega,2024,OI,4.5,-0.3
32,048,Zacatecas,Tlaltenango de Sánchez Román,2024,OI,3.5,1.4
32,049,Zacatecas,Valparaíso,2024,OI,-0.7,-3.2
32,054,Zacatecas,Villa Hidalgo,2024,OI,4.3,3.6
32,055,Zacatecas,Villanueva,2024,OI,3.8,0.1
32,056,Zacatecas,Zacatecas,2024,OI,5.2,5.2
01,001,Aguascalientes,Aguascalientes,2024,PV,9.4,-2.7
01,003,Aguascalientes,Calvillo,2024,PV,9.5,0.7
01,004,Aguascalientes,Cosío,2024,PV,4.8,-1.7
01,005,Aguascalientes,Jesús María,2024,PV,11.3,4.6
01,006,Aguascalientes,Pabellón de Arteaga,2024,PV,9.7,3.2
01,007,Aguascalientes,Rincón de Romos,2024,PV,14.3,4.6
01,008,Aguascalientes,San José de Gracia,2024,PV,7.7,0.9
01,009,Aguascalientes,Tepezalá,2024,PV,12.0,6.6
01,010,Aguascalientes,El Llano,2024,PV,8.7,0.3
02,001,Baja California,Ensenada,2024,PV,0.1,-4.8
02,002,Baja California,Mexicali,2024,PV,9.5,4.9
02,002,Sonora,Mexicali,2024,PV,9.7,3.7
02,003,Baja California,Tecate,2024,PV,1.9,-1.9
02,004,Baja California,Tijuana,2024,PV,10.3,6.0
02,005,Baja California,Playas de Rosarito,2024,PV,11.4,8.8
02,006,Baja California,San Quintín,2024,PV,8.4,6.2
02,007,Baja California,San Felipe,2024,PV,13.6,7.4
03,001,Baja California Sur,Comondú,2024,PV,11.0,7.7
03,002,Baja California Sur,Mulegé,2024,PV,7.0,3.4
03,003,Baja California Sur,La Paz,2024,PV,11.3,7.3
03,008,Baja California Sur,Los Cabos,2024,PV,11.2,5.4
03,009,Baja California Sur,Loreto,2024,PV,16.4,11.4
04,002,Campeche,Campeche,2024,PV,22.3,18.2
04,003,Campeche,Carmen,2024,PV,22.1,18.5
04,004,Campeche,Champotón,2024,PV,21.9,17.1
04,005,Campeche,Hecelchakán,2024,PV,23.9,20.4
04,006,Campeche,Hopelchén,2024,PV,21.2,17.1
04,007,Campeche,Palizada,2024,PV,23.9,19.1
04,007,Tabasco,Palizada,2024,PV,24.8,
04,009,Campeche,Escárcega,2024,PV,24.9,20.5
04,010,Campeche,Calakmul,2024,PV,21.8,17.4
04,011,Campeche,Candelaria,2024,PV,23.1,19.3
05,002,Coahuila,Acuña,2024,PV,16.8,6.3
05,003,Coahuila,Allende,2024,PV,17.1,6.9
05,005,Coahuila,Candela,2024,PV,19.3,8.6
05,007,Coahuila,Cuatro Ciénegas,2024,PV,18.1,6.7
05,009,Coahuila,Francisco I. Madero,2024,PV,19.0,6.5
05,010,Coahuila,Frontera,2024,PV,20.2,10.1
05,014,Coahuila,Jiménez,2024,PV,18.1,5.8
05,015,Coahuila,Juárez,2024,PV,18.4,7.9
05,017,Coahuila,Matamoros,2024,PV,18.9,8.2
05,018,Coahuila,Monclova,2024,PV,19.3,9.7
05,020,Coahuila,Múzquiz,2024,PV,20.3,7.4
05,022,Coahuila,Nava,2024,PV,19.3,8.6
05,025,Coahuila,Piedras Negras,2024,PV,19.4,8.5
05,027,Coahuila,Ramos Arizpe,2024,PV,16.5,7.2
05,028,Coahuila,Sabinas,2024,PV,18.5,6.6
05,030,Coahuila,Saltillo,2024,PV,13.8,6.5
05,032,Coahuila,San Juan de Sabinas,2024,PV,16.9,5.0
05,033,Coahuila,San Pedro,2024,PV,17.9,5.7
05,034,Coahuila,Sierra Mojada,2024,PV,19.5,7.2
05,035,Coahuila,Torreón,2024,PV,14.9,7.2
05,038,Coahuila,Zaragoza,2024,PV,15.2,5.3
06,001,Colima,Armería,2024,PV,18.6,17.5
06,002,Colima,Colima,2024,PV,18.8,15.8
06,003,Colima,Comala,2024,PV,19.7,17.5
06,004,Colima,Coquimatlán,2024,PV,14.6,12.0
06,005,Colima,Cuauhtémoc,2024,PV,17.1,14.1
06,007,Colima,Manzanillo,2024,PV,19.4,19.3
06,008,Colima,Minatitlán,2024,PV,14.2,14.9
06,009,Colima,Tecomán,2024,PV,16.4,15.4
07,001,Chiapas,Acacoyagua,2024,PV,23.2,19.8
07,002,Chiapas,Acala,2024,PV,22.4,16.0
07,003,Chiapas,Acapetahua,2024,PV,24.2,18.5
07,008,Chiapas,Ángel Albino Corzo,2024,PV,11.4,6.9
07,009,Chiapas,Arriaga,2024,PV,23.9,22.5
07,015,Chiapas,Cacahoatán,2024,PV,16.8,14.7
07,017,Chiapas,Cintalapa de Figueroa,2024,PV,21.2,17.2
07,019,Chiapas,Comitán de Domínguez,2024,PV,15.8,11.7
07,020,Chiapas,La Concordia,2024,PV,17.8,12.3
07,027,Chiapas,Chiapa de Corzo,2024,PV,21.3,15.1
07,029,Chiapas,Chicoasén,2024,PV,21.06451613,15.7
07,030,Chiapas,Chicomuselo,2024,PV,17.5,12.4
07,032,Chiapas,Escuintla,2024,PV,19.4,16.0
07,034,Chiapas,Frontera Comalapa,2024,PV,20.55357143,17.3
07,037,Chiapas,Huehuetán,2024,PV,24.1,21.1
07,040,Chiapas,Huixtla,2024,PV,23.1,19.8
07,046,Chiapas,Jiquipilas,2024,PV,20.3,14.6
07,049,Chiapas,Larráinzar,2024,PV,22.3,7.9
07,051,Chiapas,Mapastepec,2024,PV,22.88709677,20.4
07,059,Chiapas,Ocosingo,2024,PV,16.7,14.0
07,062,Chiapas,Ostuacán,2024,PV,21.9,17.9
07,063,Chiapas,Osumacinta,2024,PV,22.7,18.8
07,065,Chiapas,Palenque,2024,PV,23.1,18.4
07,068,Chiapas,Pichucalco,2024,PV,22.2,19.0
07,069,Chiapas,Pijijiapan,2024,PV,23.6,22.5
07,071,Chiapas,Villa Comaltitlán,2024,PV,23.2,20.0
07,072,Chiapas,Pueblo Nuevo Solistahuacán,2024,PV,15.2,11.2
07,077,Chiapas,Salto de Agua,2024,PV,22.2,18.7
07,078,Chiapas,San Cristóbal de las Casas,2024,PV,10.3,4.6
07,086,Chiapas,Suchiapa,2024,PV,21.3,16.4
07,089,Chiapas,Tapachula,2024,PV,18.6,16.7
07,092,Chiapas,Tecpatán,2024,PV,20.9,16.2
07,097,Chiapas,Tonalá,2024,PV,23.8,20.2
07,099,Chiapas,La Trinitaria,2024,PV,20.3,11.0
07,101,Chiapas,Tuxtla Gutiérrez,2024,PV,21.0,16.4
07,106,Chiapas,Venustiano Carranza,2024,PV,20.1,14.2
07,107,Chiapas,Villa Corzo,2024,PV,19.8,14.3
07,114,Chiapas,Benemérito de las Américas,2024,PV,22.7,20.6
07,123,Chiapas,Emiliano Zapata,2024,PV,21.0,16.8
07,124,Chiapas,Mezcalapa,2024,PV,23.90322581,20.1
08,001,Chihuahua,Ahumada,2024,PV,6.6,-3.1
08,002,Chihuahua,Aldama,2024,PV,12.6,0.0
08,004,Chihuahua,Aquiles Serdán,2024,PV,19.4,
08,005,Chihuahua,Ascensión,2024,PV,8.7,-0.4
08,006,Chihuahua,Bachíniva,2024,PV,14.0952381,-1.9
08,007,Chihuahua,Balleza,2024,PV,2.0,-9.3
08,008,Chihuahua,Batopilas de Manuel Gómez Morín,2024,PV,15.8,10.3
08,009,Chihuahua,Bocoyna,2024,PV,-0.3,-4.0
08,010,Chihuahua,Buenaventura,2024,PV,6.7,-1.7
08,011,Chihuahua,Camargo,2024,PV,12.5,3.7
08,014,Chihuahua,Coronado,2024,PV,10.1,-0.2
08,015,Chihuahua,Coyame del Sotol,2024,PV,12.7,8.1
08,017,Chihuahua,Cuauhtémoc,2024,PV,9.7,-0.7
08,019,Chihuahua,Chihuahua,2024,PV,0.6,-6.7
08,020,Chihuahua,Chínipas,2024,PV,12.8,4.3
08,021,Chihuahua,Delicias,2024,PV,12.0,5.1
08,024,Chihuahua,Santa Isabel,2024,PV,8.0,-0.3
08,027,Chihuahua,Guachochi,2024,PV,2.8,-3.3
08,029,Chihuahua,Guadalupe y Calvo,2024,PV,2.8,-3.0
08,030,Chihuahua,Guazapares,2024,PV,10.1,7.0
08,031,Chihuahua,Guerrero,2024,PV,2.6,-2.9
08,032,Chihuahua,Hidalgo del Parral,2024,PV,12.6,2.7
08,035,Chihuahua,Janos,2024,PV,6.8,-1.6
08,036,Chihuahua,Jiménez,2024,PV,8.8,0.8
08,037,Chihuahua,Juárez,2024,PV,11.7,0.2
08,040,Chihuahua,Madera,2024,PV,2.7,-9.1
08,041,Chihuahua,Maguarichi,2024,PV,11.3,-3.6
08,042,Chihuahua,Manuel Benavides,2024,PV,15.5,5.9
08,043,Chihuahua,Matachí,2024,PV,13.1,-7.4
08,048,Chihuahua,Namiquipa,2024,PV,5.2,-2.0
08,050,Chihuahua,Nuevo Casas Grandes,2024,PV,6.9,0.5
08,052,Chihuahua,Ojinaga,2024,PV,11.3,0.1
08,053,Chihuahua,Praxedis G. Guerrero,2024,PV,17.3,-0.1
08,055,Chihuahua,Rosales,2024,PV,11.5,3.8
08,057,Chihuahua,San Francisco de Borja,2024,PV,12.6,-0.1
08,058,Chihuahua,San Francisco de Conchos,2024,PV,6.8,-1.1
08,061,Chihuahua,Satevó,2024,PV,12.3,2.0
08,063,Chihuahua,Temósachic,2024,PV,2.4,-6.7
08,065,Chihuahua,Urique,2024,PV,16.2,6.4
08,067,Chihuahua,Valle de Zaragoza,2024,PV,10.0,0.5
09,002,Ciudad de México,Azcapotzalco,2024,PV,13.0,8.0
09,003,Ciudad de México,Coyoacán,2024,PV,13.1,4.9
09,005,Ciudad de México,Gustavo A. Madero,2024,PV,10.1,4.2
09,006,Ciudad de México,Iztacalco,2024,PV,14.6,9.3
09,007,Ciudad de México,Iztapalapa,2024,PV,14.4,10.3
09,010,Ciudad de México,Álvaro Obregón,2024,PV,11.4,7.2
09,012,Ciudad de México,Tlalpan,2024,PV,8.75862069,3.2
09,013,Ciudad de México,Xochimilco,2024,PV,13.7,6.7
09,014,Ciudad de México,Benito Juárez,2024,PV,13.8,9.8
09,015,Ciudad de México,Cuauhtémoc,2024,PV,15.07777778,9.8
09,016,Ciudad de México,Miguel Hidalgo,2024,PV,13.8,8.6
09,017,Ciudad de México,Venustiano Carranza,2024,PV,14.3,7.8
10,001,Durango,Canatlán,2024,PV,9.2,1.7
10,004,Durango,Cuencamé,2024,PV,17.5,6.9
10,005,Durango,Durango,2024,PV,-0.6,-7.6
10,008,Durango,Guadalupe Victoria,2024,PV,8.3,1.8
10,009,Durango,Guanaceví,2024,PV,3.1,-8.4
10,010,Durango,Hidalgo,2024,PV,7.7,0.1
10,011,Durango,Indé,2024,PV,12.6,2.2
10,012,Durango,Lerdo,2024,PV,16.0,7.1
10,013,Durango,Mapimí,2024,PV,14.2,0.6
10,015,Durango,Nazas,2024,PV,9.2,-2.4
10,017,Durango,Ocampo,2024,PV,9.2,-0.2
10,018,Durango,El Oro,2024,PV,14.3,-2.2
10,022,Durango,Poanas,2024,PV,9.2,13.2
10,024,Durango,Rodeo,2024,PV,9.2,1.2
10,025,Durango,San Bernardo,2024,PV,4.0,-4.2
10,026,Durango,San Dimas,2024,PV,-0.4,-4.4
10,027,Durango,San Juan de Guadalupe,2024,PV,11.6,2.8
10,030,Durango,San Pedro del Gallo,2024,PV,10.7,4.5
10,031,Durango,Santa Clara,2024,PV,14.4,-0.5
10,031,Zacatecas,Santa Clara,2024,PV,10.8,3.1
10,032,Durango,Santiago Papasquiaro,2024,PV,6.6,0.5
10,033,Durango,Súchil,2024,PV,1.5,-3.3
10,034,Durango,Tamazula,2024,PV,20.0,10.9
10,035,Durango,Tepehuanes,2024,PV,6.4,-2.2
10,036,Durango,Tlahualilo,2024,PV,15.4,2.9
10,037,Durango,Topia,2024,PV,20.7,12.6
10,038,Durango,Vicente Guerrero,2024,PV,7.6,1.9
10,039,Durango,Nuevo Ideal,2024,PV,6.7,-2.3
11,001,Guanajuato,Abasolo,2024,PV,16.2,9.0
11,002,Guanajuato,Acámbaro,2024,PV,8.9,6.7
11,003,Guanajuato,San Miguel de Allende,2024,PV,11.4,3.0
11,004,Guanajuato,Apaseo el Alto,2024,PV,14.6,8.3
11,005,Guanajuato,Apaseo el Grande,2024,PV,12.1,4.8
11,006,Guanajuato,Atarjea,2024,PV,12.2,6.8
11,007,Guanajuato,Celaya,2024,PV,10.8,3.8
11,008,Guanajuato,Manuel Doblado,2024,PV,10.8,3.2
11,010,Guanajuato,Coroneo,2024,PV,6.9,0.3
11,011,Guanajuato,Cortazar,2024,PV,6.7,2.2
11,012,Guanajuato,Cuerámaro,2024,PV,15.5,7.7
11,013,Guanajuato,Doctor Mora,2024,PV,12.5,
11,014,Guanajuato,Dolores Hidalgo Cuna de la Independencia Nacional,2024,PV,11.3,2.9
11,015,Guanajuato,Guanajuato,2024,PV,10.1,4.2
11,017,Guanajuato,Irapuato,2024,PV,6.8,2.1
11,018,Guanajuato,Jaral del Progreso,2024,PV,11.7,4.5
11,019,Guanajuato,Jerécuaro,2024,PV,10.3,5.6
11,020,Guanajuato,León,2024,PV,10.1,7.3
11,022,Guanajuato,Ocampo,2024,PV,10.2,3.9
11,023,Guanajuato,Pénjamo,2024,PV,15.0,6.3
11,024,Guanajuato,Pueblo Nuevo,2024,PV,16.4,
11,025,Guanajuato,Purísima del Rincón,2024,PV,11.0,3.7
11,027,Guanajuato,Salamanca,2024,PV,11.9,3.9
11,028,Guanajuato,Salvatierra,2024,PV,9.4,2.4
11,029,Guanajuato,San Diego de la Unión,2024,PV,12.0,
11,030,Guanajuato,San Felipe,2024,PV,8.2,0.9
11,033,Guanajuato,San Luis de la Paz,2024,PV,14.9,2.9
11,037,Guanajuato,Silao de la Victoria,2024,PV,13.3,5.5
11,040,Guanajuato,Tierra Blanca,2024,PV,16.1,
11,042,Guanajuato,Valle de Santiago,2024,PV,14.2,5.7
11,045,Guanajuato,Xichú,2024,PV,17.2,9.1
12,001,Guerrero,Acapulco de Juárez,2024,PV,20.8,17.2
12,003,Guerrero,Ajuchitlán del Progreso,2024,PV,21.9,15.0
12,005,Guerrero,Alpoyeca,2024,PV,19.5,14.0
12,011,Guerrero,Atoyac de Álvarez,2024,PV,20.7,21.0
12,012,Guerrero,Ayutla de los Libres,2024,PV,21.2,16.5
12,014,Guerrero,Benito Juárez,2024,PV,22.4,21.6
12,015,Guerrero,Buenavista de Cuéllar,2024,PV,15.44827586,12.1
12,017,Guerrero,Cocula,2024,PV,19.6,12.9
12,018,Guerrero,Copala,2024,PV,23.3,21.7
12,021,Guerrero,Coyuca de Benítez,2024,PV,23.1,19.7
12,023,Guerrero,Cuajinicuilapa,2024,PV,23.0,21.5
12,027,Estado de México,Cutzamala de Pinzón,2024,PV,20.8,19.0
12,028,Guerrero,Chilapa de Álvarez,2024,PV,11.5,10.0
12,029,Guerrero,Chilpancingo de los Bravo,2024,PV,14.9,10.5
12,032,Guerrero,General Heliodoro Castillo,2024,PV,9.3,8.7
12,033,Guerrero,Huamuxtitlán,2024,PV,13.5,
12,035,Guerrero,Iguala de la Independencia,2024,PV,16.9,12.7
12,036,Guerrero,Igualapa,2024,PV,19.9,17.8
12,038,Guerrero,Zihuatanejo de Azueta,2024,PV,20.9,19.5
12,039,Guerrero,Juan R. Escudero,2024,PV,17.8,16.1
12,040,Guerrero,Leonardo Bravo,2024,PV,13.2,8.5
12,044,Guerrero,Mochitlán,2024,PV,15.2,14.0
12,045,Guerrero,Olinalá,2024,PV,18.6,10.9
12,046,Guerrero,Ometepec,2024,PV,22.2,15.0
12,050,Guerrero,Pungarabato,2024,PV,21.37096774,16.5
12,053,Guerrero,San Marcos,2024,PV,13.5,12.3
12,055,Guerrero,Taxco de Alarcón,2024,PV,15.5,13.0
12,057,Guerrero,Técpan de Galeana,2024,PV,19.7,19.0
12,061,Guerrero,Tixtla de Guerrero,2024,PV,17.9,11.7
12,066,Guerrero,Tlapa de Comonfort,2024,PV,18.6,12.2
12,070,Guerrero,Xochihuehuetlán,2024,PV,19.1,11.0
12,073,Guerrero,Zirándaro,2024,PV,12.1,8.6
12,082,Guerrero,Las Vigas,2024,PV,23.7,
13,003,Hidalgo,Actopan,2024,PV,9.0,2.0
13,006,Hidalgo,Alfajayucan,2024,PV,11.6,5.3
13,008,Hidalgo,Apan,2024,PV,7.8,1.2
13,011,Hidalgo,Atlapexco,2024,PV,21.1,14.7
13,013,Hidalgo,Atotonilco de Tula,2024,PV,9.5,4.0
13,019,Hidalgo,Chilcuautla,2024,PV,12.0,4.4
13,027,Hidalgo,Huehuetla,2024,PV,19.0,13.6
13,028,Hidalgo,Huejutla de Reyes,2024,PV,20.0,14.2
13,028,Veracruz,Huejutla de Reyes,2024,PV,20.1,13.7
13,029,Hidalgo,Huichapan,2024,PV,11.5,5.0
13,030,Hidalgo,Ixmiquilpan,2024,PV,13.4,6.3
13,037,Hidalgo,Metztitlán,2024,PV,15.5,9.6
13,038,Hidalgo,Mineral del Chico,2024,PV,7.2,4.3
13,046,Hidalgo,San Felipe Orizatlán,2024,PV,23.4,14.3
13,048,Hidalgo,Pachuca de Soto,2024,PV,11.6,3.7
13,064,Hidalgo,Tepetitlán,2024,PV,11.6,5.1
13,076,Hidalgo,Tula de Allende,2024,PV,11.3,4.7
13,077,Hidalgo,Tulancingo de Bravo,2024,PV,11.7,7.2
13,081,Hidalgo,Zacualtipán de Ángeles,2024,PV,13.3,5.7
13,084,Hidalgo,Zimapán,2024,PV,11.9,9.2
14,002,Jalisco,Acatlán de Juárez,2024,PV,7.1,3.5
14,006,Jalisco,Ameca,2024,PV,11.2,5.6
14,012,Jalisco,Atenguillo,2024,PV,5.7,
14,015,Jalisco,Autlán de Navarro,2024,PV,16.2,9.8
14,017,Jalisco,Ayutla,2024,PV,11.1,6.2
14,019,Jalisco,Bolaños,2024,PV,19.1,8.7
14,022,Jalisco,Cihuatlán,2024,PV,18.7,19.4
14,023,Jalisco,Zapotlán el Grande,2024,PV,13.6,6.8
14,025,Jalisco,Colotlán,2024,PV,10.4,3.4
14,027,Jalisco,Cuautitlán de García Barragán,2024,PV,10.2,6.7
14,030,Jalisco,Chapala,2024,PV,17.7,12.9
14,033,Jalisco,Degollado,2024,PV,12.7,7.4
14,039,Jalisco,Guadalajara,2024,PV,14.4,7.0
14,041,Jalisco,Huejúcar,2024,PV,8.4,1.0
14,043,Jalisco,La Huerta,2024,PV,17.3,23.3
14,046,Jalisco,Jalostotitlán,2024,PV,14.3,-1.6
14,047,Jalisco,Jamay,2024,PV,10.5,4.9
14,049,Jalisco,Jilotlán de los Dolores,2024,PV,20.8,16.5
14,050,Jalisco,Jocotepec,2024,PV,14.9,10.2
14,051,Jalisco,Juanacatlán,2024,PV,12.2,5.9
14,053,Jalisco,Lagos de Moreno,2024,PV,7.2,1.4
14,054,Jalisco,El Limón,2024,PV,15.0,10.6
14,058,Jalisco,Mascota,2024,PV,15.0,5.4
14,061,Jalisco,Mezquitic,2024,PV,9.8,1.8
14,063,Jalisco,Ocotlán,2024,PV,16.84210526,5.5
14,065,Jalisco,Pihuamo,2024,PV,22.2,15.0
14,066,Jalisco,Poncitlán,2024,PV,17.1,6.8
14,067,Jalisco,Puerto Vallarta,2024,PV,16.7,14.7
14,068,Jalisco,Villa Purificación,2024,PV,15.0,13.0
14,070,Jalisco,El Salto,2024,PV,16.7,10.2
14,071,Jalisco,San Cristóbal de la Barranca,2024,PV,20.3,8.5
14,077,Jalisco,San Martín Hidalgo,2024,PV,19.03052632,8.8
14,081,Jalisco,Santa María de los Ángeles,2024,PV,9.3,3.2
14,083,Jalisco,Tala,2024,PV,16.6,10.9
14,091,Jalisco,Teocaltiche,2024,PV,6.2,-0.7
14,095,Jalisco,Teuchitlán,2024,PV,11.0,4.5
14,096,Jalisco,Tizapán el Alto,2024,PV,17.2,10.9
14,097,Jalisco,Tlajomulco de Zúñiga,2024,PV,12.3,5.0
14,098,Jalisco,San Pedro Tlaquepaque,2024,PV,15.4,10.2
14,099,Jalisco,Tolimán,2024,PV,11.1,7.5
14,100,Jalisco,Tomatlán,2024,PV,18.8,18.3
14,108,Jalisco,Tuxpan,2024,PV,6.85,3.2
14,111,Jalisco,Valle de Guadalupe,2024,PV,15.6,
14,118,Jalisco,Yahualica de González Gallo,2024,PV,13.7,
14,120,Jalisco,Zapopan,2024,PV,11.8,4.8
14,124,Jalisco,Zapotlanejo,2024,PV,10.5,5.2
15,002,Estado de México,Acolman,2024,PV,8.7,2.0
15,003,Estado de México,Aculco,2024,PV,4.3,-0.9
15,003,Querétaro,Aculco,2024,PV,11.9,4.9
15,005,Estado de México,Almoloya de Juárez,2024,PV,3.0,-2.6
15,009,Estado de México,Amecameca,2024,PV,3.0,0.1
15,011,Estado de México,Atenco,2024,PV,11.5,3.6
15,013,Estado de México,Atizapán de Zaragoza,2024,PV,12.0,5.1
15,014,Estado de México,Atlacomulco,2024,PV,4.3,-0.4
15,032,Estado de México,Donato Guerra,2024,PV,9.6,5.2
15,033,Estado de México,Ecatepec de Morelos,2024,PV,9.6,3.5
15,038,Estado de México,Isidro Fabela,2024,PV,4.4,1.5
15,042,Estado de México,Ixtlahuaca,2024,PV,6.0,-3.0
15,045,Estado de México,Jilotepec,2024,PV,5.4,-1.2
15,052,Estado de México,Malinalco,2024,PV,16.7,12.8
15,057,Estado de México,Naucalpan de Juárez,2024,PV,7.4,1.6
15,063,Estado de México,Ocuilan,2024,PV,9.2,4.0
15,074,Estado de México,San Felipe del Progreso,2024,PV,8.2,1.6
15,083,Estado de México,Temamatla,2024,PV,11.8,3.7
15,086,Estado de México,Temascaltepec,2024,PV,12.2,
15,087,Estado de México,Temoaya,2024,PV,6.6,-4.1
15,090,Estado de México,Tenango del Valle,2024,PV,3.7,0.6
15,095,Estado de México,Tepotzotlán,2024,PV,8.8,2.5
15,096,Estado de México,Tequixquiac,2024,PV,7.1,1.2
15,097,Estado de México,Texcaltitlán,2024,PV,7.7,3.1
15,099,Estado de México,Texcoco,2024,PV,11.1,4.0
15,100,Estado de México,Tezoyuca,2024,PV,12.0,6.9
15,101,Estado de México,Tianguistenco,2024,PV,6.7,-0.2
15,106,Estado de México,Toluca,2024,PV,6.1,-1.1
15,109,Estado de México,Tultitlán,2024,PV,10.6,6.5
15,111,Estado de México,Villa de Allende,2024,PV,2.9,-1.6
15,112,Estado de México,Villa del Carbón,2024,PV,9.2,3.1
15,113,Estado de México,Villa Guerrero,2024,PV,11.6,4.9
15,118,Estado de México,Zinacantepec,2024,PV,6.5,-0.1
15,120,Estado de México,Zumpango,2024,PV,10.4,2.0
15,121,Estado de México,Cuautitlán Izcalli,2024,PV,11.3,7.1
16,003,Michoacán,Álvaro Obregón,2024,PV,10.9,3.5
16,004,Michoacán,Angamacutiro,2024,PV,13.3,6.5
16,006,Michoacán,Apatzingán,2024,PV,19.5,14.8
16,017,Michoacán,Contepec,2024,PV,10.6,4.5
16,019,Michoacán,Cotija,2024,PV,12.0,7.0
16,034,Michoacán,Hidalgo,2024,PV,3.5,1.6
16,035,Michoacán,La Huacana,2024,PV,20.8,13.4
16,039,Michoacán,Huiramba,2024,PV,8.5,1.2
16,042,Michoacán,Ixtlán,2024,PV,8.2,4.8
16,043,Michoacán,Jacona,2024,PV,18.4,7.4
16,044,Michoacán,Jiménez,2024,PV,11.2,4.4
16,049,Michoacán,Madero,2024,PV,12.1,4.5
16,050,Michoacán,Maravatío,2024,PV,8.5,2.7
16,052,Michoacán,Lázaro Cárdenas,2024,PV,21.7,20.6
16,053,Michoacán,Morelia,2024,PV,10.4,5.0
16,061,Michoacán,Ocampo,2024,PV,5.7,1.5
16,067,Michoacán,Penjamillo,2024,PV,13.7,5.6
16,069,Michoacán,La Piedad,2024,PV,16.2,4.3
16,072,Michoacán,Queréndaro,2024,PV,14.9,5.9
16,076,Michoacán,Sahuayo,2024,PV,8.8,7.2
16,085,Michoacán,Tangancícuaro,2024,PV,8.1,1.5
16,089,Michoacán,Tepalcatepec,2024,PV,20.1,15.1
16,102,Michoacán,Uruapan,2024,PV,9.8,5.9
16,103,Michoacán,Venustiano Carranza,2024,PV,15.3,9.1
16,104,Michoacán,Villamar,2024,PV,8.2,5.7
16,105,Michoacán,Vista Hermosa,2024,PV,8.957142857,5.8
16,106,Michoacán,Yurécuaro,2024,PV,14.2,7.7
16,107,Michoacán,Zacapu,2024,PV,15.1,8.1
16,108,Michoacán,Zamora,2024,PV,12.8,3.5
16,109,Michoacán,Zináparo,2024,PV,8.5,7.5
16,113,Michoacán,José Sixto Verduzco,2024,PV,13.2,3.5
17,001,Morelos,Amacuzac,2024,PV,17.4,8.9
17,002,Morelos,Atlatlahucan,2024,PV,16.27777778,11.2
17,004,Morelos,Ayala,2024,PV,19.4,12.1
17,005,Morelos,Coatlán del Río,2024,PV,19.5,11.7
17,006,Morelos,Cuautla,2024,PV,15.83870968,11.2
17,007,Morelos,Cuernavaca,2024,PV,11.0,9.0
17,008,Morelos,Emiliano Zapata,2024,PV,17.1,12.1
17,009,Morelos,Huitzilac,2024,PV,2.4,-1.5
17,011,Morelos,Jiutepec,2024,PV,16.17916667,12.8
17,012,Morelos,Jojutla,2024,PV,20.2,11.4
17,013,Morelos,Jonacatepec de Leandro Valle,2024,PV,16.4,8.1
17,014,Morelos,Mazatepec,2024,PV,19.8,13.4
17,015,Morelos,Miacatlán,2024,PV,16.89655172,12.9
17,016,Morelos,Ocuituco,2024,PV,10.8,5.8
17,017,Morelos,Puente de Ixtla,2024,PV,18.1,9.3
17,018,Morelos,Temixco,2024,PV,19.1,14.0
17,019,Morelos,Tepalcingo,2024,PV,19.3,12.0
17,020,Morelos,Tepoztlán,2024,PV,17.0,9.6
17,021,Morelos,Tetecala,2024,PV,19.7,10.6
17,023,Morelos,Tlalnepantla,2024,PV,8.1,4.2
17,024,Morelos,Tlaltizapán de Zapata,2024,PV,18.6,10.1
17,025,Morelos,Tlaquiltenango,2024,PV,18.2,9.9
17,026,Morelos,Tlayacapan,2024,PV,13.7,9.1
17,027,Morelos,Totolapan,2024,PV,14.8,10.2
17,028,Morelos,Xochitepec,2024,PV,14.2,12.0
17,029,Morelos,Yautepec,2024,PV,16.6,11.3
17,030,Morelos,Yecapixtla,2024,PV,15.3,9.9
17,031,Morelos,Zacatepec,2024,PV,20.25789474,11.4
17,032,Morelos,Zacualpan de Amilpas,2024,PV,14.5,9.7
17,033,Morelos,Temoac,2024,PV,16.4,12.0
17,035,Morelos,Xoxocotla,2024,PV,19.1,10.3
18,001,Nayarit,Acaponeta,2024,PV,15.3,13.7
18,006,Nayarit,Ixtlán del Río,2024,PV,12.3,8.9
18,008,Nayarit,Xalisco,2024,PV,10.0,5.9
18,009,Nayarit,Del Nayar,2024,PV,20.0,10.2
18,010,Nayarit,Rosamorada,2024,PV,14.1,12.4
18,011,Nayarit,Ruíz,2024,PV,16.0,14.1
18,012,Nayarit,San Blas,2024,PV,17.3,15.3
18,017,Nayarit,Tepic,2024,PV,15.7,11.9
18,020,Nayarit,Bahía de Banderas,2024,PV,24.5,15.1
19,005,Nuevo León,Anáhuac,2024,PV,17.1,8.4
19,006,Nuevo León,Apodaca,2024,PV,19.7,10.7
19,007,Nuevo León,Aramberri,2024,PV,9.8,1.3
19,011,Nuevo León,Cerralvo,2024,PV,19.1,9.8
19,013,Nuevo León,China,2024,PV,19.8,10.6
19,017,Nuevo León,Galeana,2024,PV,9.6,-0.2
19,025,Nuevo León,General Zuazua,2024,PV,19.1,11.0
19,026,Nuevo León,Guadalupe,2024,PV,19.4,11.7
19,033,Nuevo León,Linares,2024,PV,17.4,8.6
19,036,Nuevo León,Mier y Noriega,2024,PV,16.83333333,8.8
19,038,Nuevo León,Montemorelos,2024,PV,17.3,7.8
19,039,Nuevo León,Monterrey,2024,PV,15.7,7.0
19,042,Nuevo León,Los Ramones,2024,PV,18.6,9.3
19,046,Nuevo León,San Nicolás de los Garza,2024,PV,20.2,12.1
19,049,Nuevo León,Santiago,2024,PV,18.3,9.8
20,006,Oaxaca,Asunción Nochixtlán,2024,PV,9.3,4.5
20,011,Oaxaca,Calihualá,2024,PV,16.3,9.0
20,014,Oaxaca,Ciudad Ixtepec,2024,PV,23.5,20.3
20,039,Oaxaca,Heroica Ciudad de Huajuapan de León,2024,PV,14.1,6.6
20,052,Oaxaca,Magdalena Tequisistlán,2024,PV,19.8,18.0
20,059,Oaxaca,Miahuatlán de Porfirio Díaz,2024,PV,14.5,8.8
20,067,Oaxaca,Oaxaca de Juárez,2024,PV,14.7,12.0
20,079,Oaxaca,Salina Cruz,2024,PV,25.6,21.6
20,083,Oaxaca,San Agustín de las Juntas,2024,PV,16.1,9.5
20,105,Oaxaca,San Antonino Monte Verde,2024,PV,13.6,9.9
20,130,Oaxaca,San Dionisio del Mar,2024,PV,25.4,
20,136,Oaxaca,San Felipe Usila,2024,PV,19.5,15.4
20,184,Oaxaca,San Juan Bautista Tuxtepec,2024,PV,21.1,16.4
20,186,Oaxaca,San Juan Cieneguilla,2024,PV,16.4,11.4
20,221,Oaxaca,San Juan Teposcolula,2024,PV,6.6,0.9
20,237,Oaxaca,San Marcos Arteaga,2024,PV,12.7,10.4
20,240,Oaxaca,San Martín Itunyoso,2024,PV,11.35714286,11.4
20,262,Oaxaca,San Miguel Amatlán,2024,PV,5.4,3.3
20,278,Oaxaca,San Miguel Soyaltepec,2024,PV,23.0,14.0
20,293,Oaxaca,San Pablo Etla,2024,PV,13.4,9.5
20,307,Oaxaca,San Pedro Huamelula,2024,PV,22.5,18.6
20,318,Oaxaca,San Pedro Mixtepec,2024,PV,25.0,21.2
20,324,Oaxaca,San Pedro Pochutla,2024,PV,24.1,18.1
20,327,Oaxaca,San Pedro Tapanatepec,2024,PV,19.01612903,16.0
20,339,Oaxaca,San Pedro y San Pablo Teposcolula,2024,PV,10.5,
20,357,Oaxaca,Santa Ana Tavela,2024,PV,19.1,12.8
20,363,Oaxaca,Santa Catarina Ixtepeji,2024,PV,13.2,4.0
20,385,Oaxaca,Santa Cruz Xoxocotlán,2024,PV,15.7,9.2
20,397,Oaxaca,Heroica Ciudad de Tlaxiaco,2024,PV,7.7,
20,413,Oaxaca,Santa María Huatulco,2024,PV,25.0,22.1
20,417,Oaxaca,Santa María Jacatepec,2024,PV,22.8,17.5
20,418,Oaxaca,Santa María Jalapa del Marqués,2024,PV,21.6,16.6
20,439,Oaxaca,Santa María Tonameca,2024,PV,21.2,17.3
20,459,Oaxaca,Villa de Santiago Chazumba,2024,PV,15.1,7.7
20,468,Oaxaca,Santiago Jocotepec,2024,PV,23.1,18.7
20,498,Oaxaca,Santiago Yaveo,2024,PV,22.1,16.9
20,502,Oaxaca,Santiago Zacatepec,2024,PV,18.86111111,14.5
20,525,Oaxaca,Santo Domingo Zanatepec,2024,PV,21.0,15.6
20,537,Oaxaca,Silacayoápam,2024,PV,15.8,10.3
20,547,Oaxaca,Teotongo,2024,PV,9.6,3.6
20,549,Oaxaca,"Heroica Villa Tezoatlán de Segura y Luna, Cuna de la Independencia de Oaxaca",2024,PV,14.3,6.1
20,559,Oaxaca,San Juan Bautista Valle Nacional,2024,PV,24.8,15.8
20,567,Oaxaca,Zapotitlán Lagunas,2024,PV,16.4,10.8
20,568,Oaxaca,Zapotitlán Palmas,2024,PV,14.9,10.0
21,001,Puebla,Acajete,2024,PV,9.5,4.5
21,002,Puebla,Acateno,2024,PV,21.7,16.5
21,003,Puebla,Acatlán,2024,PV,18.17857143,11.5
21,008,Puebla,Ahuazotepec,2024,PV,7.7,1.4
21,015,Puebla,Amozoc,2024,PV,9.9,11.4
21,019,Puebla,Atlixco,2024,PV,15.0,8.9
21,025,Puebla,Ayotoxco de Guerrero,2024,PV,22.5,15.0
21,026,Puebla,Calpan,2024,PV,10.7,4.5
21,031,Puebla,Coatzingo,2024,PV,17.7,10.0
21,045,Puebla,Chalchicomula de Sesma,2024,PV,9.0,2.7
21,051,Puebla,Chietla,2024,PV,18.0,13.1
21,053,Puebla,Chignahuapan,2024,PV,6.3,1.4
21,059,Puebla,Chinantla,2024,PV,18.7,8.9
21,064,Puebla,Francisco Z. Mena,2024,PV,19.9,14.3
21,069,Puebla,Huaquechula,2024,PV,16.5,4.0
21,071,Puebla,Huauchinango,2024,PV,14.1,4.8
21,074,Puebla,Huejotzingo,2024,PV,11.6,4.5
21,083,Puebla,Ixtacamaxtitlán,2024,PV,9.1,2.2
21,085,Puebla,Izúcar de Matamoros,2024,PV,18.2,16.8
21,086,Puebla,Jalpan,2024,PV,21.2,14.6
21,094,Puebla,Libres,2024,PV,7.2,3.7
21,098,Puebla,Molcaxac,2024,PV,8.2,3.2
21,106,Puebla,Ocoyucan,2024,PV,11.5,5.4
21,108,Puebla,Oriental,2024,PV,12.9,8.6
21,114,Puebla,Puebla,2024,PV,8.1,3.1
21,114,Tlaxcala,Puebla,2024,PV,9.8,2.7
21,132,Puebla,San Martín Texmelucan,2024,PV,9.6,3.2
21,140,Puebla,San Pedro Cholula,2024,PV,10.9,4.3
21,153,Puebla,Tecali de Herrera,2024,PV,10.8,5.6
21,154,Puebla,Tecamachalco,2024,PV,11.4,5.5
21,156,Puebla,Tehuacán,2024,PV,17.4,10.6
21,160,Puebla,Teotlalco,2024,PV,19.0,8.9
21,170,Puebla,Tepeyahualco,2024,PV,6.0,-0.4
21,172,Puebla,Tetela de Ocampo,2024,PV,12.0,7.2
21,174,Puebla,Teziutlán,2024,PV,9.9,4.6
21,180,Puebla,Tlahuapan,2024,PV,9.3,4.5
21,184,Puebla,Tlapacoya,2024,PV,9.7,5.0
21,185,Puebla,Tlapanalá,2024,PV,16.9,10.7
21,186,Puebla,Tlatlauquitepec,2024,PV,2.258064516,1.0
21,188,Morelos,Tochimilco,2024,PV,13.3,9.3
21,193,Puebla,Tzicatlacoyan,2024,PV,8.6,3.3
21,197,Puebla,Xicotepec,2024,PV,9.9,4.4
21,198,Puebla,Xicotlán,2024,PV,16.8,10.0
21,207,Puebla,Zacapoaxtla,2024,PV,12.3,7.7
21,209,Puebla,Zapotitlán,2024,PV,15.0,9.3
22,006,Querétaro,Corregidora,2024,PV,13.3,4.5
22,008,Querétaro,Huimilpan,2024,PV,11.4,4.7
22,009,Querétaro,Jalpan de Serra,2024,PV,13.4,7.3
22,011,Querétaro,El Marqués,2024,PV,12.7,4.1
22,013,Querétaro,Peñamiller,2024,PV,17.5,9.8
22,014,Querétaro,Querétaro,2024,PV,14.0,6.2
22,016,Querétaro,San Juan del Río,2024,PV,13.7,6.4
23,001,Quintana Roo,Cozumel,2024,PV,22.4,19.4
23,002,Quintana Roo,Felipe Carrillo Puerto,2024,PV,19.3,18.9
23,004,Quintana Roo,Othón P. Blanco,2024,PV,23.1,18.3
23,005,Quintana Roo,Benito Juárez,2024,PV,23.4,20.5
23,006,Quintana Roo,José María Morelos,2024,PV,22.6,19.0
23,007,Quintana Roo,Lázaro Cárdenas,2024,PV,21.5,19.2
23,008,Quintana Roo,Solidaridad,2024,PV,21.7,18.4
23,009,Quintana Roo,Tulum,2024,PV,21.6,18.8
24,003,San Luis Potosí,Aquismón,2024,PV,19.6,11.6
24,011,San Luis Potosí,Ciudad Fernández,2024,PV,19.3,11.6
24,013,San Luis Potosí,Ciudad Valles,2024,PV,19.6,13.6
24,016,San Luis Potosí,Ebano,2024,PV,20.7,14.2
24,020,San Luis Potosí,Matehuala,2024,PV,13.8,5.9
24,024,San Luis Potosí,Rioverde,2024,PV,18.0,10.5
24,028,San Luis Potosí,San Luis Potosí,2024,PV,11.6,4.7
24,032,San Luis Potosí,Santa María del Río,2024,PV,11.4,
24,034,San Luis Potosí,San Vicente Tancuayalab,2024,PV,23.025,14.1
24,034,Veracruz,San Vicente Tancuayalab,2024,PV,20.1,14.9
24,037,San Luis Potosí,Tamazunchale,2024,PV,21.8,11.6
24,041,San Luis Potosí,Tanlajás,2024,PV,21.5,13.6
24,050,San Luis Potosí,Villa de Reyes,2024,PV,13.4,6.1
24,057,San Luis Potosí,Matlapa,2024,PV,20.9,15.4
24,058,San Luis Potosí,El Naranjo,2024,PV,19.6,11.2
25,001,Sinaloa,Ahome,2024,PV,11.4,6.7
25,003,Sinaloa,Badiraguato,2024,PV,9.9,5.8
25,005,Sinaloa,Cosalá,2024,PV,16.9,12.4
25,006,Sinaloa,Culiacán,2024,PV,11.1,6.7
25,007,Sinaloa,Choix,2024,PV,12.9,7.6
25,008,Sinaloa,Elota,2024,PV,14.8,11.2
25,009,Sinaloa,Escuinapa,2024,PV,16.9,
25,010,Sinaloa,El Fuerte,2024,PV,11.2,3.4
25,011,Sinaloa,Guasave,2024,PV,15.2,10.0
25,012,Sinaloa,Mazatlán,2024,PV,14.0,10.6
25,013,Sinaloa,Mocorito,2024,PV,10.8,9.0
25,014,Sinaloa,Rosario,2024,PV,13.0,11.3
25,015,Sinaloa,Salvador Alvarado,2024,PV,14.3,9.4
25,016,Sinaloa,San Ignacio,2024,PV,11.9,9.1
25,017,Sinaloa,Sinaloa,2024,PV,12.2,5.8
25,019,Sinaloa,Eldorado,2024,PV,13.7,11.5
26,001,Sonora,Aconchi,2024,PV,9.0,1.1
26,002,Sonora,Agua Prieta,2024,PV,4.4,-3.2
26,003,Sonora,Álamos,2024,PV,8.6,3.0
26,004,Sonora,Altar,2024,PV,7.5,1.2
26,006,Sonora,Arizpe,2024,PV,3.2,-3.7
26,010,Sonora,Bacerac,2024,PV,5.7,-1.5
26,012,Sonora,Bácum,2024,PV,8.4,4.6
26,013,Sonora,Banámichi,2024,PV,4.9,-2.1
26,014,Sonora,Baviácora,2024,PV,7.9,-0.4
26,015,Sonora,Bavispe,2024,PV,5.9,-1.2
26,016,Sonora,Benjamín Hill,2024,PV,7.7,-1.6
26,017,Sonora,Caborca,2024,PV,10.4,3.0
26,018,Sonora,Cajeme,2024,PV,9.8,3.5
26,019,Sonora,Cananea,2024,PV,7.4,1.2
26,020,Sonora,Carbó,2024,PV,9.8,2.0
26,021,Sonora,La Colorada,2024,PV,10.4,2.7
26,022,Sonora,Cucurpe,2024,PV,6.8,-1.2
26,023,Sonora,Cumpas,2024,PV,8.6,1.7
26,025,Sonora,Empalme,2024,PV,11.9,5.5
26,026,Sonora,Etchojoa,2024,PV,8.5,3.9
26,029,Sonora,Guaymas,2024,PV,9.0,1.5
26,030,Sonora,Hermosillo,2024,PV,9.2,2.6
26,031,Sonora,Huachinera,2024,PV,8.7,-1.0
26,033,Sonora,Huatabampo,2024,PV,9.2,5.3
26,035,Sonora,Imuris,2024,PV,5.7,0.0
26,036,Sonora,Magdalena,2024,PV,6.1,-0.4
26,037,Sonora,Mazatán,2024,PV,7.7,-0.4
26,040,Sonora,Nácori Chico,2024,PV,6.1,-1.8
26,041,Sonora,Nacozari de García,2024,PV,14.2,2.2
26,042,Sonora,Navojoa,2024,PV,8.3,3.3
26,043,Sonora,Nogales,2024,PV,10.2,2.1
26,045,Sonora,Opodepe,2024,PV,7.5,0.0
26,046,Sonora,Oquitoa,2024,PV,9.3,4.3
26,047,Sonora,Pitiquito,2024,PV,11.8,4.1
26,048,Sonora,Puerto Peñasco,2024,PV,11.1,6.8
26,049,Sonora,Quiriego,2024,PV,7.4,-0.5
26,050,Sonora,Rayón,2024,PV,20.2,
26,051,Sonora,Rosario,2024,PV,7.9,0.7
26,052,Sonora,Sahuaripa,2024,PV,10.4,1.2
26,055,Sonora,San Luis Río Colorado,2024,PV,8.8,3.6
26,056,Sonora,San Miguel de Horcasitas,2024,PV,10.3,0.6
26,058,Sonora,Santa Ana,2024,PV,7.9,2.0
26,059,Sonora,Santa Cruz,2024,PV,3.2,-3.4
26,061,Sonora,Soyopa,2024,PV,12.4,6.2
26,062,Sonora,Suaqui Grande,2024,PV,10.2,1.3
26,063,Sonora,Tepache,2024,PV,21.1,5.9
26,064,Sonora,Trincheras,2024,PV,8.2,0.9
26,065,Sonora,Tubutama,2024,PV,7.9,3.2
26,066,Sonora,Ures,2024,PV,5.7,0.2
26,068,Sonora,Villa Pesqueira,2024,PV,9.7,2.5
26,069,Sonora,Yécora,2024,PV,2.0,-4.1
26,070,Sonora,General Plutarco Elías Calles,2024,PV,6.1,2.2
26,071,Sonora,Benito Juárez,2024,PV,8.5,4.7
26,072,Sonora,San Ignacio Río Muerto,2024,PV,10.4,5.9
27,001,Tabasco,Balancán,2024,PV,25.4,20.2
27,002,Tabasco,Cárdenas,2024,PV,24.18181818,20.5
27,003,Tabasco,Centla,2024,PV,23.6,19.1
27,004,Tabasco,Centro,2024,PV,23.1,15.8
27,006,Tabasco,Cunduacán,2024,PV,23.4,18.5
27,012,Tabasco,Macuspana,2024,PV,24.0,19.9
27,014,Tabasco,Paraíso,2024,PV,25.7,22.1
27,015,Tabasco,Tacotalpa,2024,PV,23.05172414,18.7
27,016,Tabasco,Teapa,2024,PV,23.0,19.0
27,017,Tabasco,Tenosique,2024,PV,22.3,16.5
29,003,Tlaxcala,Atlangatepec,2024,PV,9.2,0.7
29,006,Tlaxcala,Calpulalpan,2024,PV,9.3,3.0
29,007,Tlaxcala,El Carmen Tequexquitla,2024,PV,7.2,0.4
29,008,Tlaxcala,Cuapiaxtla,2024,PV,8.2,2.6
29,013,Tlaxcala,Huamantla,2024,PV,6.5,0.2
29,031,Tlaxcala,Tetla de la Solidaridad,2024,PV,9.0,3.3
29,033,Tlaxcala,Tlaxcala,2024,PV,9.7,4.1
29,037,Tlaxcala,Ziltlaltépec de Trinidad Sánchez Santos,2024,PV,10.0,3.6
29,044,Tlaxcala,Zacatelco,2024,PV,10.0,3.0
29,052,Tlaxcala,San José Teacalco,2024,PV,7.7,3.9
30,001,Veracruz,Acajete,2024,PV,8.7,3.4
30,002,Veracruz,Acatlán,2024,PV,12.6,
30,003,Veracruz,Acayucan,2024,PV,24.3,19.0
30,004,Veracruz,Actopan,2024,PV,22.41935484,17.8
30,009,Veracruz,Alto Lucero de Gutiérrez Barrios,2024,PV,24.2,
30,010,Veracruz,Altotonga,2024,PV,9.7,5.7
30,011,Veracruz,Alvarado,2024,PV,25.30833333,18.1
30,015,Veracruz,Angel R. Cabada,2024,PV,22.3,17.3
30,016,Veracruz,La Antigua,2024,PV,22.5,17.5
30,028,Veracruz,Boca del Río,2024,PV,22.5,18.8
30,032,Veracruz,Catemaco,2024,PV,17.6,9.6
30,035,Veracruz,Citlaltépetl,2024,PV,23.4,16.0
30,038,Veracruz,Coatepec,2024,PV,14.1,8.8
30,039,Veracruz,Coatzacoalcos,2024,PV,23.7,19.8
30,044,Veracruz,Córdoba,2024,PV,20.7,15.5
30,045,Oaxaca,Cosamaloapan de Carpio,2024,PV,24.3,18.6
30,045,Veracruz,Cosamaloapan de Carpio,2024,PV,24.5,19.4
30,048,Veracruz,Cosoleacaque,2024,PV,22.7,19.2
30,058,Veracruz,Chicontepec,2024,PV,19.6,
30,061,Veracruz,Las Choapas,2024,PV,19.5,15.9
30,065,Veracruz,Emiliano Zapata,2024,PV,21.5,17.9
30,071,Veracruz,Huatusco,2024,PV,11.2,6.5
30,073,Veracruz,Hueyapan de Ocampo,2024,PV,21.6,17.0
30,077,Veracruz,Isla,2024,PV,23.2,18.4
30,085,Veracruz,Ixtaczoquitlán,2024,PV,18.5,
30,087,Veracruz,Xalapa,2024,PV,14.9,8.7
30,091,Veracruz,Jesús Carranza,2024,PV,21.9,19.1
30,101,Veracruz,Mariano Escobedo,2024,PV,9.3,6.2
30,102,Veracruz,Martínez de la Torre,2024,PV,22.6,17.1
30,104,Veracruz,Mecayapan,2024,PV,22.1,14.0
30,105,Veracruz,Medellín de Bravo,2024,PV,24.1,
30,109,Veracruz,Misantla,2024,PV,23.0,20.0
30,112,Veracruz,Naolinco,2024,PV,14.73684211,9.5
30,118,Veracruz,Orizaba,2024,PV,16.4,11.6
30,123,Veracruz,Pánuco,2024,PV,19.0,13.2
30,128,Veracruz,Perote,2024,PV,4.3,-1.6
30,132,Veracruz,Las Vigas de Ramírez,2024,PV,9.8,
30,141,Veracruz,San Andrés Tuxtla,2024,PV,21.6,17.0
30,142,Veracruz,San Juan Evangelista,2024,PV,23.9,18.5
30,143,Veracruz,Santiago Tuxtla,2024,PV,23.33870968,18.0
30,155,Veracruz,Tantoyuca,2024,PV,20.3,13.2
30,160,Veracruz,Álamo Temapache,2024,PV,19.3,7.0
30,161,Veracruz,Tempoal,2024,PV,21.1,14.2
30,163,Veracruz,Tenochtitlán,2024,PV,16.5,12.3
30,175,Veracruz,Tihuatlán,2024,PV,23.6,17.6
30,182,Veracruz,Tlalnelhuayocan,2024,PV,14.7,11.1
30,188,Veracruz,Totutla,2024,PV,15.74074074,11.6
30,189,Veracruz,Tuxpan,2024,PV,21.8,15.8
30,193,Veracruz,Veracruz,2024,PV,23.4,18.8
31,001,Yucatán,Abalá,2024,PV,22.7,19.0
31,010,Yucatán,Cantamayec,2024,PV,22.5,15.5
31,011,Yucatán,Celestún,2024,PV,23.9,20.1
31,013,Yucatán,Conkal,2024,PV,21.8,16.2
31,023,Yucatán,Chocholá,2024,PV,22.1,18.3
31,028,Yucatán,Dzilam de Bravo,2024,PV,24.7,
31,043,Yucatán,Kaua,2024,PV,26.0,21.2
31,050,Yucatán,Mérida,2024,PV,19.9,16.6
31,051,Yucatán,Mocochá,2024,PV,23.6,18.1
31,052,Yucatán,Motul,2024,PV,22.1,18.0
31,053,Yucatán,Muna,2024,PV,21.8,17.3
31,056,Yucatán,Oxkutzcab,2024,PV,20.6,16.8
31,058,Yucatán,Peto,2024,PV,20.1,16.1
31,059,Yucatán,Progreso,2024,PV,22.6,19.6
31,061,Yucatán,Río Lagartos,2024,PV,21.5,18.4
31,079,Yucatán,Tekax,2024,PV,23.6,16.8
31,089,Yucatán,Ticul,2024,PV,20.4,17.0
31,096,Yucatán,Tizimín,2024,PV,20.4,17.5
31,098,Yucatán,Tzucacab,2024,PV,22.6,12.9
31,102,Yucatán,Valladolid,2024,PV,22.2,19.2
32,003,Zacatecas,Atolinga,2024,PV,6.7,1.0
32,005,Zacatecas,Calera,2024,PV,6.3,-0.1
32,006,Zacatecas,Cañitas de Felipe Pescador,2024,PV,8.6,7.1
32,007,Zacatecas,Concepción del Oro,2024,PV,14.3,5.9
32,009,Zacatecas,Chalchihuites,2024,PV,10.9,5.1
32,010,Zacatecas,Fresnillo,2024,PV,7.3,0.4
32,014,Zacatecas,General Francisco R. Murguía,2024,PV,11.5,5.1
32,015,Jalisco,El Plateado de Joaquín Amaro,2024,PV,10.9,8.6
32,015,Zacatecas,El Plateado de Joaquín Amaro,2024,PV,10.6,5.4
32,016,Zacatecas,General Pánfilo Natera,2024,PV,7.0,-1.6
32,017,Zacatecas,Guadalupe,2024,PV,11.7,5.4
32,019,Zacatecas,Jalpa,2024,PV,13.2,8.9
32,020,Zacatecas,Jerez,2024,PV,9.3,2.9
32,022,Zacatecas,Juan Aldama,2024,PV,14.3,3.4
32,024,Zacatecas,Loreto,2024,PV,11.8,2.7
32,026,Zacatecas,Mazapil,2024,PV,12.0,0.5
32,028,Zacatecas,Mezquital del Oro,2024,PV,17.6,5.6
32,029,Zacatecas,Miguel Auza,2024,PV,10.2,3.6
32,031,Zacatecas,Monte Escobedo,2024,PV,10.3,-1.7
32,032,Zacatecas,Morelos,2024,PV,10.2,3.7
32,034,Zacatecas,Nochistlán de Mejía,2024,PV,7.6,1.5
32,038,Zacatecas,Pinos,2024,PV,8.0,0.5
32,039,Zacatecas,Río Grande,2024,PV,8.1,1.2
32,040,Zacatecas,Sain Alto,2024,PV,7.9,3.6
32,042,Zacatecas,Sombrerete,2024,PV,10.6,4.8
32,044,Zacatecas,Tabasco,2024,PV,15.0,9.2
32,045,Zacatecas,Tepechitlán,2024,PV,8.3,0.8
32,047,Zacatecas,Teúl de González Ortega,2024,PV,9.7,-0.3
32,048,Zacatecas,Tlaltenango de Sánchez Román,2024,PV,7.6,1.4
32,049,Zacatecas,Valparaíso,2024,PV,4.9,-3.2
32,053,Zacatecas,Villa González Ortega,2024,PV,14.08947368,3.3
32,054,Zacatecas,Villa Hidalgo,2024,PV,10.3,3.6
32,055,Zacatecas,Villanueva,2024,PV,6.8,0.1
32,056,Zacatecas,Zacatecas,2024,PV,11.2,5.2
