anio,idestado,idmunicipio,nomestado,nommunicipio,nomcicloproductivo
2016,1,11,Aguascalientes,San Francisco de Los Romo,PV
2016,4,1,Campeche,Calkiní,OI
2016,4,1,Campeche,Calkiní,PV
2016,4,8,Campeche,Tenabo,OI
2016,4,8,Campeche,Tenabo,PV
2016,5,1,Coahuila,Abasolo,PV
2016,5,6,Coahuila,Castaños,PV
2016,5,8,Coahuila,Escobedo,PV
2016,5,10,Coahuila,Frontera,PV
2016,5,11,Coahuila,General Cepeda,PV
2016,5,12,Coahuila,Guerrero,PV
2016,5,13,Coahuila,Hidalgo,PV
2016,5,16,Coahuila,Lamadrid,PV
2016,5,19,Coahuila,Morelos,PV
2016,5,20,Coahuila,Múzquiz,PV
2016,5,21,Coahuila,Nadadores,PV
2016,5,22,Coahuila,Nava,PV
2016,5,23,Coahuila,Ocampo,PV
2016,5,24,Coahuila,Parras,PV
2016,5,29,Coahuila,Sacramento,PV
2016,5,31,Coahuila,San Buenaventura,PV
2016,5,32,Coahuila,San Juan de Sabinas,PV
2016,5,36,Coahuila,Viesca,PV
2016,5,37,Coahuila,Villa Unión,PV
2016,5,38,Coahuila,Zaragoza,PV
2016,6,8,Colima,Minatitlán,OI
2016,6,8,Colima,Minatitlán,PV
2016,6,10,Colima,Villa de Álvarez,OI
2016,6,10,Colima,Villa de Álvarez,PV
2016,7,3,Chiapas,Acapetahua,OI
2016,7,6,Chiapas,Amatenango de La Frontera,PV
2016,7,7,Chiapas,Amatenango del Valle,PV
2016,7,10,Chiapas,Bejucal de Ocampo,PV
2016,7,11,Chiapas,Bella Vista,PV
2016,7,12,Chiapas,Berriozábal,PV
2016,7,18,Chiapas,Coapilla,PV
2016,7,21,Chiapas,Copainalá,OI
2016,7,21,Chiapas,Copainalá,PV
2016,7,22,Chiapas,Chalchihuitán,OI
2016,7,22,Chiapas,Chalchihuitán,PV
2016,7,23,Chiapas,Chamula,PV
2016,7,24,Chiapas,Chanal,PV
2016,7,25,Chiapas,Chapultenango,OI
2016,7,25,Chiapas,Chapultenango,PV
2016,7,26,Chiapas,Chenalhó,OI
2016,7,26,Chiapas,Chenalhó,PV
2016,7,33,Chiapas,Francisco León,OI
2016,7,33,Chiapas,Francisco León,PV
2016,7,35,Chiapas,Frontera Hidalgo,OI
2016,7,35,Chiapas,Frontera Hidalgo,PV
2016,7,36,Chiapas,La Grandeza,PV
2016,7,39,Chiapas,Huitiupán,OI
2016,7,39,Chiapas,Huitiupán,PV
2016,7,41,Chiapas,La Independencia,OI
2016,7,41,Chiapas,La Independencia,PV
2016,7,42,Chiapas,Ixhuatán,OI
2016,7,42,Chiapas,Ixhuatán,PV
2016,7,43,Chiapas,Ixtacomitán,OI
2016,7,43,Chiapas,Ixtacomitán,PV
2016,7,45,Chiapas,Ixtapangajoya,OI
2016,7,45,Chiapas,Ixtapangajoya,PV
2016,7,47,Chiapas,Jitotol,OI
2016,7,47,Chiapas,Jitotol,PV
2016,7,48,Chiapas,Juárez,OI
2016,7,48,Chiapas,Juárez,PV
2016,7,50,Chiapas,La Libertad,OI
2016,7,50,Chiapas,La Libertad,PV
2016,7,53,Chiapas,Mazapa de Madero,PV
2016,7,54,Chiapas,Mazatán,OI
2016,7,54,Chiapas,Mazatán,PV
2016,7,55,Chiapas,Metapa,OI
2016,7,55,Chiapas,Metapa,PV
2016,7,56,Chiapas,Mitontic,OI
2016,7,56,Chiapas,Mitontic,PV
2016,7,58,Chiapas,Nicolás Ruíz,PV
2016,7,66,Chiapas,Pantelhó,OI
2016,7,66,Chiapas,Pantelhó,PV
2016,7,67,Chiapas,Pantepec,OI
2016,7,67,Chiapas,Pantepec,PV
2016,7,70,Chiapas,El Porvenir,PV
2016,7,73,Chiapas,Rayón,OI
2016,7,73,Chiapas,Rayón,PV
2016,7,75,Chiapas,Las Rosas,OI
2016,7,75,Chiapas,Las Rosas,PV
2016,7,76,Chiapas,Sabanilla,OI
2016,7,76,Chiapas,Sabanilla,PV
2016,7,79,Chiapas,San Fernando,PV
2016,7,81,Chiapas,Simojovel,OI
2016,7,81,Chiapas,Simojovel,PV
2016,7,82,Chiapas,Sitalá,OI
2016,7,83,Chiapas,Socoltenango,OI
2016,7,83,Chiapas,Socoltenango,PV
2016,7,90,Chiapas,Tapalapa,OI
2016,7,90,Chiapas,Tapalapa,PV
2016,7,91,Chiapas,Tapilula,OI
2016,7,91,Chiapas,Tapilula,PV
2016,7,93,Chiapas,Tenejapa,OI
2016,7,93,Chiapas,Tenejapa,PV
2016,7,94,Chiapas,Teopisca,PV
2016,7,98,Chiapas,Totolapa,OI
2016,7,98,Chiapas,Totolapa,PV
2016,7,100,Chiapas,Tumbalá,OI
2016,7,100,Chiapas,Tumbalá,PV
2016,7,103,Chiapas,Tuzantán,OI
2016,7,103,Chiapas,Tuzantán,PV
2016,7,104,Chiapas,Tzimol,OI
2016,7,104,Chiapas,Tzimol,PV
2016,7,109,Chiapas,Yajalón,OI
2016,7,109,Chiapas,Yajalón,PV
2016,7,110,Chiapas,San Lucas,OI
2016,7,110,Chiapas,San Lucas,PV
2016,7,111,Chiapas,Zinacantán,PV
2016,7,112,Chiapas,San Juan Cancuc,OI
2016,7,112,Chiapas,San Juan Cancuc,PV
2016,7,113,Chiapas,Aldama,PV
2016,7,114,Chiapas,Benemérito de Las Américas,OI
2016,7,114,Chiapas,Benemérito de Las Américas,PV
2016,7,115,Chiapas,Maravilla Tenejapa,OI
2016,7,115,Chiapas,Maravilla Tenejapa,PV
2016,7,116,Chiapas,Marqués de Comillas,OI
2016,7,116,Chiapas,Marqués de Comillas,PV
2016,7,117,Chiapas,Montecristo de Guerrero,PV
2016,7,118,Chiapas,San Andrés Duraznal,OI
2016,7,118,Chiapas,San Andrés Duraznal,PV
2016,7,119,Chiapas,Santiago El Pinar,PV
2016,8,1,Chihuahua,Ahumada,PV
2016,8,3,Chihuahua,Allende,PV
2016,8,5,Chihuahua,Ascensión,PV
2016,8,13,Chihuahua,Casas Grandes,PV
2016,8,16,Chihuahua,La Cruz,PV
2016,8,18,Chihuahua,Cusihuiriachi,PV
2016,8,23,Chihuahua,Galeana,PV
2016,8,25,Chihuahua,Gómez Farías,PV
2016,8,30,Chihuahua,Guazapares,PV
2016,8,33,Chihuahua,Huejotitán,PV
2016,8,34,Chihuahua,Ignacio Zaragoza,PV
2016,8,44,Chihuahua,Matamoros,PV
2016,8,46,Chihuahua,Morelos,PV
2016,8,47,Chihuahua,Moris,PV
2016,8,54,Chihuahua,Riva Palacio,PV
2016,8,56,Chihuahua,Rosario,PV
2016,8,62,Chihuahua,Saucillo,PV
2016,8,64,Chihuahua,El Tule,PV
2016,8,66,Chihuahua,Uruachi,PV
2016,10,2,Durango,Canelas,OI
2016,10,2,Durango,Canelas,PV
2016,10,3,Durango,Coneto de Comonfort,PV
2016,10,6,Durango,General Simón Bolívar,PV
2016,10,14,Durango,Mezquital,PV
2016,10,16,Durango,Nombre de Dios,PV
2016,10,19,Durango,Otáez,PV
2016,10,21,Durango,Peñón Blanco,PV
2016,10,23,Durango,Pueblo Nuevo,PV
2016,10,28,Durango,San Juan del Río,PV
2016,10,29,Durango,San Luis del Cordero,PV
2016,10,37,Durango,Topia,OI
2016,10,37,Durango,Topia,PV
2016,10,38,Durango,Vicente Guerrero,PV
2016,10,39,Durango,Nuevo Ideal,PV
2016,11,9,Guanajuato,Comonfort,OI
2016,11,13,Guanajuato,Doctor Mora,PV
2016,11,16,Guanajuato,Huanímaro,OI
2016,11,16,Guanajuato,Huanímaro,PV
2016,11,21,Guanajuato,Moroleón,PV
2016,11,24,Guanajuato,Pueblo Nuevo,PV
2016,11,29,Guanajuato,San Diego de La Unión,PV
2016,11,31,Guanajuato,San Francisco del Rincón,PV
2016,11,32,Guanajuato,San José Iturbide,PV
2016,11,34,Guanajuato,Santa Catarina,PV
2016,11,35,Guanajuato,Santa Cruz de Juventino Rosas,PV
2016,11,36,Guanajuato,Santiago Maravatío,PV
2016,11,38,Guanajuato,Tarandacuao,PV
2016,11,40,Guanajuato,Tierra Blanca,PV
2016,11,41,Guanajuato,Uriangato,PV
2016,11,43,Guanajuato,Victoria,PV
2016,11,44,Guanajuato,Villagrán,PV
2016,12,4,Guerrero,Alcozauca de Guerrero,OI
2016,12,4,Guerrero,Alcozauca de Guerrero,PV
2016,12,6,Guerrero,Apaxtla,PV
2016,12,9,Guerrero,Atlamajalcingo del Monte,PV
2016,12,10,Guerrero,Atlixtac,OI
2016,12,10,Guerrero,Atlixtac,PV
2016,12,13,Guerrero,Azoyú,OI
2016,12,13,Guerrero,Azoyú,PV
2016,12,16,Guerrero,Coahuayutla de José María Izazaga,OI
2016,12,16,Guerrero,Coahuayutla de José María Izazaga,PV
2016,12,17,Guerrero,Cocula,OI
2016,12,17,Guerrero,Cocula,PV
2016,12,19,Guerrero,Copalillo,OI
2016,12,19,Guerrero,Copalillo,PV
2016,12,20,Guerrero,Copanatoyac,OI
2016,12,20,Guerrero,Copanatoyac,PV
2016,12,24,Guerrero,Cualác,PV
2016,12,25,Guerrero,Cuautepec,OI
2016,12,25,Guerrero,Cuautepec,PV
2016,12,26,Guerrero,Cuetzala del Progreso,OI
2016,12,26,Guerrero,Cuetzala del Progreso,PV
2016,12,27,Guerrero,Cutzamala de Pinzón,OI
2016,12,27,Guerrero,Cutzamala de Pinzón,PV
2016,12,30,Guerrero,Florencio Villarreal,OI
2016,12,30,Guerrero,Florencio Villarreal,PV
2016,12,31,Guerrero,General Canuto A. Neri,PV
2016,12,33,Guerrero,Huamuxtitlán,OI
2016,12,33,Guerrero,Huamuxtitlán,PV
2016,12,37,Guerrero,Ixcateopan de Cuauhtémoc,PV
2016,12,41,Guerrero,Malinaltepec,OI
2016,12,41,Guerrero,Malinaltepec,PV
2016,12,42,Guerrero,Mártir de Cuilapan,PV
2016,12,43,Guerrero,Metlatónoc,OI
2016,12,43,Guerrero,Metlatónoc,PV
2016,12,47,Guerrero,Pedro Ascencio Alquisiras,PV
2016,12,49,Guerrero,Pilcaya,OI
2016,12,49,Guerrero,Pilcaya,PV
2016,12,51,Guerrero,Quechultenango,OI
2016,12,51,Guerrero,Quechultenango,PV
2016,12,52,Guerrero,San Luis Acatlán,OI
2016,12,52,Guerrero,San Luis Acatlán,PV
2016,12,54,Guerrero,San Miguel Totolapan,OI
2016,12,54,Guerrero,San Miguel Totolapan,PV
2016,12,56,Guerrero,Tecoanapa,OI
2016,12,56,Guerrero,Tecoanapa,PV
2016,12,58,Guerrero,Teloloapan,OI
2016,12,58,Guerrero,Teloloapan,PV
2016,12,60,Guerrero,Tetipac,OI
2016,12,60,Guerrero,Tetipac,PV
2016,12,62,Guerrero,Tlacoachistlahuaca,OI
2016,12,62,Guerrero,Tlacoachistlahuaca,PV
2016,12,63,Guerrero,Tlacoapa,OI
2016,12,63,Guerrero,Tlacoapa,PV
2016,12,64,Guerrero,Tlalchapa,OI
2016,12,64,Guerrero,Tlalchapa,PV
2016,12,65,Guerrero,Tlalixtaquilla de Maldonado,OI
2016,12,65,Guerrero,Tlalixtaquilla de Maldonado,PV
2016,12,67,Guerrero,Tlapehuala,OI
2016,12,67,Guerrero,Tlapehuala,PV
2016,12,69,Guerrero,Xalpatláhuac,OI
2016,12,69,Guerrero,Xalpatláhuac,PV
2016,12,71,Guerrero,Xochistlahuaca,OI
2016,12,71,Guerrero,Xochistlahuaca,PV
2016,12,72,Guerrero,Zapotitlán Tablas,OI
2016,12,72,Guerrero,Zapotitlán Tablas,PV
2016,12,74,Guerrero,Zitlala,OI
2016,12,74,Guerrero,Zitlala,PV
2016,12,75,Guerrero,Eduardo Neri,OI
2016,12,75,Guerrero,Eduardo Neri,PV
2016,12,76,Guerrero,Acatepec,OI
2016,12,76,Guerrero,Acatepec,PV
2016,12,77,Guerrero,Marquelia,OI
2016,12,77,Guerrero,Marquelia,PV
2016,12,78,Guerrero,Cochoapa El Grande,OI
2016,12,78,Guerrero,Cochoapa El Grande,PV
2016,12,79,Guerrero,José Joaquín de Herrera,PV
2016,12,80,Guerrero,Juchitán,OI
2016,12,80,Guerrero,Juchitán,PV
2016,12,81,Guerrero,Iliatenco,PV
2016,13,1,Hidalgo,Acatlán,PV
2016,13,2,Hidalgo,Acaxochitlán,PV
2016,13,4,Hidalgo,Agua Blanca de Iturbide,PV
2016,13,5,Hidalgo,Ajacuba,PV
2016,13,7,Hidalgo,Almoloya,PV
2016,13,8,Hidalgo,Apan,PV
2016,13,9,Hidalgo,El Arenal,PV
2016,13,10,Hidalgo,Atitalaquia,PV
2016,13,12,Hidalgo,Atotonilco El Grande,PV
2016,13,14,Hidalgo,Calnali,OI
2016,13,14,Hidalgo,Calnali,PV
2016,13,15,Hidalgo,Cardonal,PV
2016,13,17,Hidalgo,Chapantongo,PV
2016,13,18,Hidalgo,Chapulhuacán,OI
2016,13,18,Hidalgo,Chapulhuacán,PV
2016,13,20,Hidalgo,Eloxochitlán,OI
2016,13,20,Hidalgo,Eloxochitlán,PV
2016,13,21,Hidalgo,Emiliano Zapata,PV
2016,13,22,Hidalgo,Epazoyucan,PV
2016,13,23,Hidalgo,Francisco I. Madero,PV
2016,13,24,Hidalgo,Huasca de Ocampo,PV
2016,13,26,Hidalgo,Huazalingo,OI
2016,13,26,Hidalgo,Huazalingo,PV
2016,13,27,Hidalgo,Huehuetla,OI
2016,13,27,Hidalgo,Huehuetla,PV
2016,13,31,Hidalgo,Jacala de Ledezma,OI
2016,13,31,Hidalgo,Jacala de Ledezma,PV
2016,13,32,Hidalgo,Jaltocán,OI
2016,13,32,Hidalgo,Jaltocán,PV
2016,13,33,Hidalgo,Juárez Hidalgo,PV
2016,13,34,Hidalgo,Lolotla,OI
2016,13,34,Hidalgo,Lolotla,PV
2016,13,35,Hidalgo,Metepec,PV
2016,13,36,Hidalgo,San Agustín Metzquititlán,OI
2016,13,36,Hidalgo,San Agustín Metzquititlán,PV
2016,13,39,Hidalgo,Mineral del Monte,PV
2016,13,40,Hidalgo,La Misión,PV
2016,13,42,Hidalgo,Molango de Escamilla,OI
2016,13,42,Hidalgo,Molango de Escamilla,PV
2016,13,43,Hidalgo,Nicolás Flores,OI
2016,13,43,Hidalgo,Nicolás Flores,PV
2016,13,44,Hidalgo,Nopala de Villagrán,PV
2016,13,45,Hidalgo,Omitlán de Juárez,PV
2016,13,47,Hidalgo,Pacula,OI
2016,13,47,Hidalgo,Pacula,PV
2016,13,49,Hidalgo,Pisaflores,PV
2016,13,50,Hidalgo,Progreso de Obregón,PV
2016,13,51,Hidalgo,Mineral de La Reforma,PV
2016,13,52,Hidalgo,San Agustín Tlaxiaca,PV
2016,13,53,Hidalgo,San Bartolo Tutotepec,OI
2016,13,53,Hidalgo,San Bartolo Tutotepec,PV
2016,13,54,Hidalgo,San Salvador,PV
2016,13,55,Hidalgo,Santiago de Anaya,PV
2016,13,56,Hidalgo,Santiago Tulantepec de Lugo Guerrero,PV
2016,13,57,Hidalgo,Singuilucan,PV
2016,13,58,Hidalgo,Tasquillo,PV
2016,13,59,Hidalgo,Tecozautla,OI
2016,13,59,Hidalgo,Tecozautla,PV
2016,13,60,Hidalgo,Tenango de Doria,OI
2016,13,60,Hidalgo,Tenango de Doria,PV
2016,13,61,Hidalgo,Tepeapulco,PV
2016,13,62,Hidalgo,Tepehuacán de Guerrero,OI
2016,13,62,Hidalgo,Tepehuacán de Guerrero,PV
2016,13,63,Hidalgo,Tepeji del Río de Ocampo,PV
2016,13,65,Hidalgo,Tetepango,PV
2016,13,66,Hidalgo,Villa de Tezontepec,PV
2016,13,67,Hidalgo,Tezontepec de Aldama,PV
2016,13,68,Hidalgo,Tianguistengo,OI
2016,13,68,Hidalgo,Tianguistengo,PV
2016,13,69,Hidalgo,Tizayuca,PV
2016,13,70,Hidalgo,Tlahuelilpan,PV
2016,13,71,Hidalgo,Tlahuiltepa,OI
2016,13,71,Hidalgo,Tlahuiltepa,PV
2016,13,72,Hidalgo,Tlanalapa,PV
2016,13,74,Hidalgo,Tlaxcoapan,PV
2016,13,75,Hidalgo,Tolcayuca,PV
2016,13,78,Hidalgo,Xochiatipan,OI
2016,13,78,Hidalgo,Xochiatipan,PV
2016,13,79,Hidalgo,Xochicoatlán,OI
2016,13,79,Hidalgo,Xochicoatlán,PV
2016,13,80,Hidalgo,Yahualica,OI
2016,13,80,Hidalgo,Yahualica,PV
2016,13,82,Hidalgo,Zapotlán de Juárez,PV
2016,13,83,Hidalgo,Zempoala,PV
2016,14,1,Jalisco,Acatic,PV
2016,14,3,Jalisco,Ahualulco de Mercado,PV
2016,14,4,Jalisco,Amacueca,PV
2016,14,7,Jalisco,San Juanito de Escobedo,PV
2016,14,8,Jalisco,Arandas,PV
2016,14,9,Jalisco,El Arenal,PV
2016,14,10,Jalisco,Atemajac de Brizuela,PV
2016,14,11,Jalisco,Atengo,PV
2016,14,12,Jalisco,Atenguillo,PV
2016,14,13,Jalisco,Atotonilco El Alto,PV
2016,14,14,Jalisco,Atoyac,OI
2016,14,14,Jalisco,Atoyac,PV
2016,14,15,Jalisco,Autlán de Navarro,PV
2016,14,20,Jalisco,Cabo Corrientes,OI
2016,14,20,Jalisco,Cabo Corrientes,PV
2016,14,21,Jalisco,Casimiro Castillo,OI
2016,14,21,Jalisco,Casimiro Castillo,PV
2016,14,24,Jalisco,Cocula,PV
2016,14,26,Jalisco,Concepción de Buenos Aires,PV
2016,14,27,Jalisco,Cuautitlán de García Barragán,OI
2016,14,27,Jalisco,Cuautitlán de García Barragán,PV
2016,14,28,Jalisco,Cuautla,PV
2016,14,29,Jalisco,Cuquío,PV
2016,14,31,Jalisco,Chimaltitán,OI
2016,14,32,Jalisco,Chiquilistlán,PV
2016,14,35,Jalisco,Encarnación de Díaz,PV
2016,14,36,Jalisco,Etzatlán,PV
2016,14,37,Jalisco,El Grullo,PV
2016,14,38,Jalisco,Guachinango,OI
2016,14,38,Jalisco,Guachinango,PV
2016,14,42,Jalisco,Huejuquilla El Alto,PV
2016,14,43,Jalisco,La Huerta,OI
2016,14,43,Jalisco,La Huerta,PV
2016,14,44,Jalisco,Ixtlahuacán de Los Membrillos,PV
2016,14,45,Jalisco,Ixtlahuacán del Río,PV
2016,14,48,Jalisco,Jesús María,PV
2016,14,50,Jalisco,Jocotepec,PV
2016,14,52,Jalisco,Juchitlán,PV
2016,14,55,Jalisco,Magdalena,PV
2016,14,56,Jalisco,Santa María del Oro,PV
2016,14,57,Jalisco,La Manzanilla de la Paz,PV
2016,14,59,Jalisco,Mazamitla,PV
2016,14,60,Jalisco,Mexticacán,PV
2016,14,62,Jalisco,Mixtlán,PV
2016,14,64,Jalisco,Ojuelos de Jalisco,PV
2016,14,68,Jalisco,Villa Purificación,OI
2016,14,68,Jalisco,Villa Purificación,PV
2016,14,69,Jalisco,Quitupan,PV
2016,14,72,Jalisco,San Diego de Alejandría,PV
2016,14,73,Jalisco,San Juan de Los Lagos,PV
2016,14,74,Jalisco,San Julián,PV
2016,14,75,Jalisco,San Marcos,PV
2016,14,77,Jalisco,San Martín Hidalgo,PV
2016,14,78,Jalisco,San Miguel El Alto,PV
2016,14,79,Jalisco,Gómez Farías,PV
2016,14,80,Jalisco,San Sebastián del Oeste,OI
2016,14,80,Jalisco,San Sebastián del Oeste,PV
2016,14,82,Jalisco,Sayula,PV
2016,14,84,Jalisco,Talpa de Allende,OI
2016,14,84,Jalisco,Talpa de Allende,PV
2016,14,85,Jalisco,Tamazula de Gordiano,OI
2016,14,85,Jalisco,Tamazula de Gordiano,PV
2016,14,86,Jalisco,Tapalpa,PV
2016,14,87,Jalisco,Tecalitlán,OI
2016,14,87,Jalisco,Tecalitlán,PV
2016,14,88,Jalisco,Tecolotlán,PV
2016,14,89,Jalisco,Techaluta de Montenegro,PV
2016,14,90,Jalisco,Tenamaxtlán,PV
2016,14,92,Jalisco,Teocuitatlán de Corona,OI
2016,14,92,Jalisco,Teocuitatlán de Corona,PV
2016,14,93,Jalisco,Tepatitlán de Morelos,PV
2016,14,94,Jalisco,Tequila,OI
2016,14,94,Jalisco,Tequila,PV
2016,14,96,Jalisco,Tizapán El Alto,PV
2016,14,97,Jalisco,Tlajomulco de Zúñiga,PV
2016,14,101,Jalisco,Tonalá,PV
2016,14,102,Jalisco,Tonaya,PV
2016,14,103,Jalisco,Tonila,PV
2016,14,104,Jalisco,Totatiche,PV
2016,14,105,Jalisco,Tototlán,PV
2016,14,106,Jalisco,Tuxcacuesco,PV
2016,14,107,Jalisco,Tuxcueca,PV
2016,14,109,Jalisco,Unión de San Antonio,PV
2016,14,113,Jalisco,San Gabriel,PV
2016,14,114,Jalisco,Villa Corona,PV
2016,14,115,Jalisco,Villa Guerrero,PV
2016,14,116,Jalisco,Villa Hidalgo,PV
2016,14,117,Jalisco,Cañadas de Obregón,PV
2016,14,119,Jalisco,Zacoalco de Torres,OI
2016,14,119,Jalisco,Zacoalco de Torres,PV
2016,14,121,Jalisco,Zapotiltic,PV
2016,14,122,Jalisco,Zapotitlán de Vadillo,OI
2016,14,122,Jalisco,Zapotitlán de Vadillo,PV
2016,14,123,Jalisco,Zapotlán del Rey,PV
2016,14,124,Jalisco,Zapotlanejo,OI
2016,14,124,Jalisco,Zapotlanejo,PV
2016,15,1,México,Acambay de Ruíz Castañeda,PV
2016,15,4,México,Almoloya de Alquisiras,OI
2016,15,4,México,Almoloya de Alquisiras,PV
2016,15,6,México,Almoloya del Río,PV
2016,15,7,México,Amanalco,PV
2016,15,8,México,Amatepec,PV
2016,15,10,México,Apaxco,PV
2016,15,12,México,Atizapán,PV
2016,15,15,México,Atlautla,PV
2016,15,16,México,Axapusco,PV
2016,15,17,México,Ayapango,PV
2016,15,18,México,Calimaya,PV
2016,15,19,México,Capulhuac,PV
2016,15,21,México,Coatepec Harinas,OI
2016,15,21,México,Coatepec Harinas,PV
2016,15,22,México,Cocotitlán,PV
2016,15,23,México,Coyotepec,PV
2016,15,24,México,Cuautitlán,PV
2016,15,26,México,Chapa de Mota,PV
2016,15,27,México,Chapultepec,PV
2016,15,28,México,Chiautla,PV
2016,15,29,México,Chicoloapan,PV
2016,15,30,México,Chiconcuac,PV
2016,15,31,México,Chimalhuacán,PV
2016,15,32,México,Donato Guerra,OI
2016,15,32,México,Donato Guerra,PV
2016,15,34,México,Ecatzingo,PV
2016,15,35,México,Huehuetoca,PV
2016,15,36,México,Hueypoxtla,PV
2016,15,38,México,Isidro Fabela,PV
2016,15,39,México,Ixtapaluca,PV
2016,15,40,México,Ixtapan de La Sal,OI
2016,15,40,México,Ixtapan de La Sal,PV
2016,15,41,México,Ixtapan del Oro,OI
2016,15,41,México,Ixtapan del Oro,PV
2016,15,43,México,Xalatlaco,PV
2016,15,44,México,Jaltenco,PV
2016,15,46,México,Jilotzingo,PV
2016,15,47,México,Jiquipilco,PV
2016,15,48,México,Jocotitlán,PV
2016,15,49,México,Joquicingo,PV
2016,15,50,México,Juchitepec,PV
2016,15,51,México,Lerma,PV
2016,15,52,México,Malinalco,OI
2016,15,52,México,Malinalco,PV
2016,15,53,México,Melchor Ocampo,PV
2016,15,54,México,Metepec,PV
2016,15,56,México,Morelos,PV
2016,15,59,México,Nextlalpan,PV
2016,15,60,México,Nicolás Romero,PV
2016,15,61,México,Nopaltepec,PV
2016,15,63,México,Ocuilan,PV
2016,15,64,México,El Oro,PV
2016,15,65,México,Otumba,PV
2016,15,66,México,Otzoloapan,PV
2016,15,67,México,Otzolotepec,PV
2016,15,68,México,Ozumba,PV
2016,15,69,México,Papalotla,PV
2016,15,70,México,La Paz,PV
2016,15,71,México,Polotitlán,PV
2016,15,72,México,Rayón,PV
2016,15,73,México,San Antonio La Isla,PV
2016,15,75,México,San Martín de Las Pirámides,PV
2016,15,76,México,San Mateo Atenco,PV
2016,15,77,México,San Simón de Guerrero,PV
2016,15,78,México,Santo Tomás,OI
2016,15,78,México,Santo Tomás,PV
2016,15,79,México,Soyaniquilpan de Juárez,PV
2016,15,80,México,Sultepec,OI
2016,15,80,México,Sultepec,PV
2016,15,82,México,Tejupilco,OI
2016,15,82,México,Tejupilco,PV
2016,15,84,México,Temascalapa,PV
2016,15,85,México,Temascalcingo,PV
2016,15,86,México,Temascaltepec,PV
2016,15,88,México,Tenancingo,PV
2016,15,89,México,Tenango del Aire,PV
2016,15,92,México,Teotihuacán,PV
2016,15,93,México,Tepetlaoxtoc,PV
2016,15,94,México,Tepetlixpa,PV
2016,15,98,México,Texcalyacac,PV
2016,15,103,México,Tlalmanalco,PV
2016,15,105,México,Tlatlaya,OI
2016,15,105,México,Tlatlaya,PV
2016,15,107,México,Tonatico,OI
2016,15,107,México,Tonatico,PV
2016,15,108,México,Tultepec,PV
2016,15,115,México,Xonacatlán,PV
2016,15,116,México,Zacazonapan,PV
2016,15,117,México,Zacualpan,OI
2016,15,117,México,Zacualpan,PV
2016,15,119,México,Zumpahuacán,OI
2016,15,119,México,Zumpahuacán,PV
2016,15,120,México,Zumpango,PV
2016,15,121,México,Cuautitlán Izcalli,PV
2016,15,122,México,Valle de Chalco Solidaridad,PV
2016,15,123,México,Luvianos,PV
2016,15,124,México,San José del Rincón,PV
2016,15,125,México,Tonanitla,PV
2016,16,1,Michoacán,Acuitzio,PV
2016,16,2,Michoacán,Aguililla,OI
2016,16,2,Michoacán,Aguililla,PV
2016,16,5,Michoacán,Angangueo,PV
2016,16,7,Michoacán,Aporo,PV
2016,16,8,Michoacán,Aquila,OI
2016,16,8,Michoacán,Aquila,PV
2016,16,9,Michoacán,Ario,OI
2016,16,9,Michoacán,Ario,PV
2016,16,12,Michoacán,Buenavista,OI
2016,16,12,Michoacán,Buenavista,PV
2016,16,13,Michoacán,Carácuaro,OI
2016,16,13,Michoacán,Carácuaro,PV
2016,16,14,Michoacán,Coahuayana,OI
2016,16,14,Michoacán,Coahuayana,PV
2016,16,15,Michoacán,Coalcomán de Vázquez Pallares,OI
2016,16,15,Michoacán,Coalcomán de Vázquez Pallares,PV
2016,16,16,Michoacán,Coeneo,PV
2016,16,18,Michoacán,Copándaro,PV
2016,16,20,Michoacán,Cuitzeo,PV
2016,16,21,Michoacán,Charapan,PV
2016,16,22,Michoacán,Charo,PV
2016,16,23,Michoacán,Chavinda,PV
2016,16,24,Michoacán,Cherán,PV
2016,16,25,Michoacán,Chilchota,PV
2016,16,26,Michoacán,Chinicuila,OI
2016,16,26,Michoacán,Chinicuila,PV
2016,16,27,Michoacán,Chucándiro,OI
2016,16,27,Michoacán,Chucándiro,PV
2016,16,28,Michoacán,Churintzio,PV
2016,16,29,Michoacán,Churumuco,OI
2016,16,29,Michoacán,Churumuco,PV
2016,16,30,Michoacán,Ecuandureo,PV
2016,16,31,Michoacán,Epitacio Huerta,PV
2016,16,32,Michoacán,Erongarícuaro,PV
2016,16,33,Michoacán,Gabriel Zamora,OI
2016,16,33,Michoacán,Gabriel Zamora,PV
2016,16,36,Michoacán,Huandacareo,OI
2016,16,36,Michoacán,Huandacareo,PV
2016,16,37,Michoacán,Huaniqueo,PV
2016,16,40,Michoacán,Indaparapeo,PV
2016,16,41,Michoacán,Irimbo,PV
2016,16,45,Michoacán,Jiquilpan,PV
2016,16,46,Michoacán,Juárez,PV
2016,16,47,Michoacán,Jungapeo,OI
2016,16,47,Michoacán,Jungapeo,PV
2016,16,48,Michoacán,Lagunillas,PV
2016,16,51,Michoacán,Marcos Castellanos,PV
2016,16,52,Michoacán,Lázaro Cárdenas,OI
2016,16,52,Michoacán,Lázaro Cárdenas,PV
2016,16,54,Michoacán,Morelos,PV
2016,16,56,Michoacán,Nahuatzen,PV
2016,16,57,Michoacán,Nocupétaro,OI
2016,16,57,Michoacán,Nocupétaro,PV
2016,16,58,Michoacán,Nuevo Parangaricutiro,PV
2016,16,59,Michoacán,Nuevo Urecho,OI
2016,16,59,Michoacán,Nuevo Urecho,PV
2016,16,61,Michoacán,Ocampo,PV
2016,16,62,Michoacán,Pajacuarán,PV
2016,16,63,Michoacán,Panindícuaro,OI
2016,16,63,Michoacán,Panindícuaro,PV
2016,16,64,Michoacán,Parácuaro,OI
2016,16,64,Michoacán,Parácuaro,PV
2016,16,65,Michoacán,Paracho,PV
2016,16,66,Michoacán,Pátzcuaro,PV
2016,16,68,Michoacán,Peribán,PV
2016,16,70,Michoacán,Purépero,PV
2016,16,71,Michoacán,Puruándiro,PV
2016,16,73,Michoacán,Quiroga,PV
2016,16,74,Michoacán,Cojumatlán de Régules,PV
2016,16,75,Michoacán,Los Reyes,PV
2016,16,77,Michoacán,San Lucas,OI
2016,16,77,Michoacán,San Lucas,PV
2016,16,78,Michoacán,Santa Ana Maya,OI
2016,16,78,Michoacán,Santa Ana Maya,PV
2016,16,79,Michoacán,Salvador Escalante,PV
2016,16,81,Michoacán,Susupuato,OI
2016,16,81,Michoacán,Susupuato,PV
2016,16,82,Michoacán,Tacámbaro,PV
2016,16,83,Michoacán,Tancítaro,OI
2016,16,83,Michoacán,Tancítaro,PV
2016,16,84,Michoacán,Tangamandapio,PV
2016,16,86,Michoacán,Tanhuato,PV
2016,16,87,Michoacán,Taretan,OI
2016,16,87,Michoacán,Taretan,PV
2016,16,88,Michoacán,Tarímbaro,PV
2016,16,90,Michoacán,Tingambato,PV
2016,16,91,Michoacán,Tingüindín,PV
2016,16,92,Michoacán,Tiquicheo de Nicolás Romero,OI
2016,16,92,Michoacán,Tiquicheo de Nicolás Romero,PV
2016,16,93,Michoacán,Tlalpujahua,PV
2016,16,95,Michoacán,Tocumbo,PV
2016,16,96,Michoacán,Tumbiscatío,OI
2016,16,96,Michoacán,Tumbiscatío,PV
2016,16,97,Michoacán,Turicato,OI
2016,16,97,Michoacán,Turicato,PV
2016,16,98,Michoacán,Tuxpan,OI
2016,16,98,Michoacán,Tuxpan,PV
2016,16,99,Michoacán,Tuzantla,OI
2016,16,99,Michoacán,Tuzantla,PV
2016,16,100,Michoacán,Tzintzuntzan,PV
2016,16,101,Michoacán,Tzitzio,PV
2016,16,111,Michoacán,Ziracuaretiro,PV
2016,17,3,Morelos,Axochiapan,PV
2016,17,5,Morelos,Coatlán del Río,PV
2016,17,10,Morelos,Jantetelco,PV
2016,17,22,Morelos,Tetela del Volcán,PV
2016,18,2,Nayarit,Ahuacatlán,PV
2016,18,3,Nayarit,Amatlán de Cañas,OI
2016,18,3,Nayarit,Amatlán de Cañas,PV
2016,18,4,Nayarit,Compostela,OI
2016,18,4,Nayarit,Compostela,PV
2016,18,7,Nayarit,Jala,PV
2016,18,8,Nayarit,Xalisco,PV
2016,18,13,Nayarit,San Pedro Lagunillas,OI
2016,18,13,Nayarit,San Pedro Lagunillas,PV
2016,18,14,Nayarit,Santa María del Oro,PV
2016,18,16,Nayarit,Tecuala,OI
2016,18,16,Nayarit,Tecuala,PV
2016,18,18,Nayarit,Tuxpan,PV
2016,19,18,Nuevo León,García,PV
2016,19,20,Nuevo León,General Bravo,PV
2016,19,22,Nuevo León,General Terán,PV
2016,19,27,Nuevo León,Los Herreras,PV
2016,19,29,Nuevo León,Hualahuises,OI
2016,19,29,Nuevo León,Hualahuises,PV
2016,19,30,Nuevo León,Iturbide,PV
2016,19,31,Nuevo León,Juárez,OI
2016,19,31,Nuevo León,Juárez,PV
2016,19,32,Nuevo León,Lampazos de Naranjo,OI
2016,19,32,Nuevo León,Lampazos de Naranjo,PV
2016,19,37,Nuevo León,Mina,PV
2016,19,41,Nuevo León,Pesquería,OI
2016,19,41,Nuevo León,Pesquería,PV
2016,19,44,Nuevo León,Sabinas Hidalgo,PV
2016,19,45,Nuevo León,Salinas Victoria,PV
2016,19,47,Nuevo León,Hidalgo,PV
2016,19,51,Nuevo León,Villaldama,PV
2016,20,1,Oaxaca,Abejones,PV
2016,20,3,Oaxaca,Asunción Cacalotepec,OI
2016,20,3,Oaxaca,Asunción Cacalotepec,PV
2016,20,4,Oaxaca,Asunción Cuyotepeji,OI
2016,20,4,Oaxaca,Asunción Cuyotepeji,PV
2016,20,5,Oaxaca,Asunción Ixtaltepec,PV
2016,20,6,Oaxaca,Asunción Nochixtlán,OI
2016,20,6,Oaxaca,Asunción Nochixtlán,PV
2016,20,7,Oaxaca,Asunción Ocotlán,OI
2016,20,7,Oaxaca,Asunción Ocotlán,PV
2016,20,8,Oaxaca,Asunción Tlacolulita,OI
2016,20,8,Oaxaca,Asunción Tlacolulita,PV
2016,20,9,Oaxaca,Ayotzintepec,OI
2016,20,9,Oaxaca,Ayotzintepec,PV
2016,20,10,Oaxaca,El Barrio de la Soledad,OI
2016,20,10,Oaxaca,El Barrio de la Soledad,PV
2016,20,11,Oaxaca,Calihualá,OI
2016,20,11,Oaxaca,Calihualá,PV
2016,20,12,Oaxaca,Candelaria Loxicha,OI
2016,20,12,Oaxaca,Candelaria Loxicha,PV
2016,20,13,Oaxaca,Ciénega de Zimatlán,OI
2016,20,13,Oaxaca,Ciénega de Zimatlán,PV
2016,20,15,Oaxaca,Coatecas Altas,OI
2016,20,15,Oaxaca,Coatecas Altas,PV
2016,20,16,Oaxaca,Coicoyán de Las Flores,OI
2016,20,16,Oaxaca,Coicoyán de Las Flores,PV
2016,20,17,Oaxaca,La Compañía,OI
2016,20,17,Oaxaca,La Compañía,PV
2016,20,18,Oaxaca,Concepción Buenavista,PV
2016,20,19,Oaxaca,Concepción Pápalo,OI
2016,20,19,Oaxaca,Concepción Pápalo,PV
2016,20,20,Oaxaca,Constancia del Rosario,OI
2016,20,20,Oaxaca,Constancia del Rosario,PV
2016,20,21,Oaxaca,Cosolapa,OI
2016,20,21,Oaxaca,Cosolapa,PV
2016,20,22,Oaxaca,Cosoltepec,PV
2016,20,23,Oaxaca,Cuilápam de Guerrero,OI
2016,20,23,Oaxaca,Cuilápam de Guerrero,PV
2016,20,24,Oaxaca,Cuyamecalco Villa de Zaragoza,PV
2016,20,25,Oaxaca,Chahuites,PV
2016,20,26,Oaxaca,Chalcatongo de Hidalgo,PV
2016,20,27,Oaxaca,Chiquihuitlán de Benito Juárez,PV
2016,20,28,Oaxaca,Heroica Ciudad de Ejutla de Crespo,OI
2016,20,28,Oaxaca,Heroica Ciudad de Ejutla de Crespo,PV
2016,20,29,Oaxaca,Eloxochitlán de Flores Magón,PV
2016,20,30,Oaxaca,El Espinal,OI
2016,20,30,Oaxaca,El Espinal,PV
2016,20,31,Oaxaca,Tamazulápam del Espíritu Santo,PV
2016,20,32,Oaxaca,Fresnillo de Trujano,PV
2016,20,33,Oaxaca,Guadalupe Etla,OI
2016,20,33,Oaxaca,Guadalupe Etla,PV
2016,20,34,Oaxaca,Guadalupe de Ramírez,PV
2016,20,35,Oaxaca,Guelatao de Juárez,OI
2016,20,35,Oaxaca,Guelatao de Juárez,PV
2016,20,36,Oaxaca,Guevea de Humboldt,OI
2016,20,36,Oaxaca,Guevea de Humboldt,PV
2016,20,37,Oaxaca,Mesones Hidalgo,OI
2016,20,37,Oaxaca,Mesones Hidalgo,PV
2016,20,38,Oaxaca,Villa Hidalgo,OI
2016,20,38,Oaxaca,Villa Hidalgo,PV
2016,20,40,Oaxaca,Huautepec,PV
2016,20,41,Oaxaca,Huautla de Jiménez,OI
2016,20,41,Oaxaca,Huautla de Jiménez,PV
2016,20,42,Oaxaca,Ixtlán de Juárez,OI
2016,20,42,Oaxaca,Ixtlán de Juárez,PV
2016,20,44,Oaxaca,Loma Bonita,OI
2016,20,44,Oaxaca,Loma Bonita,PV
2016,20,45,Oaxaca,Magdalena Apasco,OI
2016,20,45,Oaxaca,Magdalena Apasco,PV
2016,20,46,Oaxaca,Magdalena Jaltepec,PV
2016,20,47,Oaxaca,Santa Magdalena Jicotlán,PV
2016,20,48,Oaxaca,Magdalena Mixtepec,OI
2016,20,48,Oaxaca,Magdalena Mixtepec,PV
2016,20,49,Oaxaca,Magdalena Ocotlán,OI
2016,20,49,Oaxaca,Magdalena Ocotlán,PV
2016,20,50,Oaxaca,Magdalena Peñasco,PV
2016,20,51,Oaxaca,Magdalena Teitipac,PV
2016,20,53,Oaxaca,Magdalena Tlacotepec,OI
2016,20,53,Oaxaca,Magdalena Tlacotepec,PV
2016,20,54,Oaxaca,Magdalena Zahuatlán,PV
2016,20,55,Oaxaca,Mariscala de Juárez,OI
2016,20,55,Oaxaca,Mariscala de Juárez,PV
2016,20,56,Oaxaca,Mártires de Tacubaya,OI
2016,20,56,Oaxaca,Mártires de Tacubaya,PV
2016,20,57,Oaxaca,Matías Romero Avendaño,PV
2016,20,58,Oaxaca,Mazatlán Villa de Flores,OI
2016,20,58,Oaxaca,Mazatlán Villa de Flores,PV
2016,20,59,Oaxaca,Miahuatlán de Porfirio Díaz,OI
2016,20,59,Oaxaca,Miahuatlán de Porfirio Díaz,PV
2016,20,60,Oaxaca,Mixistlán de La Reforma,PV
2016,20,61,Oaxaca,Monjas,OI
2016,20,61,Oaxaca,Monjas,PV
2016,20,62,Oaxaca,Natividad,PV
2016,20,63,Oaxaca,Nazareno Etla,OI
2016,20,63,Oaxaca,Nazareno Etla,PV
2016,20,64,Oaxaca,Nejapa de Madero,OI
2016,20,64,Oaxaca,Nejapa de Madero,PV
2016,20,65,Oaxaca,Ixpantepec Nieves,PV
2016,20,66,Oaxaca,Santiago Niltepec,OI
2016,20,66,Oaxaca,Santiago Niltepec,PV
2016,20,68,Oaxaca,Ocotlán de Morelos,OI
2016,20,68,Oaxaca,Ocotlán de Morelos,PV
2016,20,69,Oaxaca,La Pe,OI
2016,20,69,Oaxaca,La Pe,PV
2016,20,70,Oaxaca,Pinotepa de Don Luis,OI
2016,20,70,Oaxaca,Pinotepa de Don Luis,PV
2016,20,71,Oaxaca,Pluma Hidalgo,PV
2016,20,72,Oaxaca,San José del Progreso,OI
2016,20,72,Oaxaca,San José del Progreso,PV
2016,20,73,Oaxaca,Putla Villa de Guerrero,OI
2016,20,73,Oaxaca,Putla Villa de Guerrero,PV
2016,20,74,Oaxaca,Santa Catarina Quioquitani,PV
2016,20,75,Oaxaca,Reforma de Pineda,OI
2016,20,75,Oaxaca,Reforma de Pineda,PV
2016,20,76,Oaxaca,La Reforma,OI
2016,20,76,Oaxaca,La Reforma,PV
2016,20,77,Oaxaca,Reyes Etla,OI
2016,20,77,Oaxaca,Reyes Etla,PV
2016,20,78,Oaxaca,Rojas de Cuauhtémoc,OI
2016,20,78,Oaxaca,Rojas de Cuauhtémoc,PV
2016,20,80,Oaxaca,San Agustín Amatengo,OI
2016,20,80,Oaxaca,San Agustín Amatengo,PV
2016,20,81,Oaxaca,San Agustín Atenango,OI
2016,20,81,Oaxaca,San Agustín Atenango,PV
2016,20,82,Oaxaca,San Agustín Chayuco,OI
2016,20,82,Oaxaca,San Agustín Chayuco,PV
2016,20,84,Oaxaca,San Agustín Etla,PV
2016,20,85,Oaxaca,San Agustín Loxicha,PV
2016,20,86,Oaxaca,San Agustín Tlacotepec,PV
2016,20,87,Oaxaca,San Agustín Yatareni,PV
2016,20,88,Oaxaca,San Andrés Cabecera Nueva,PV
2016,20,89,Oaxaca,San Andrés Dinicuiti,OI
2016,20,89,Oaxaca,San Andrés Dinicuiti,PV
2016,20,90,Oaxaca,San Andrés Huaxpaltepec,OI
2016,20,90,Oaxaca,San Andrés Huaxpaltepec,PV
2016,20,91,Oaxaca,San Andrés Huayápam,OI
2016,20,91,Oaxaca,San Andrés Huayápam,PV
2016,20,92,Oaxaca,San Andrés Ixtlahuaca,OI
2016,20,92,Oaxaca,San Andrés Ixtlahuaca,PV
2016,20,93,Oaxaca,San Andrés Lagunas,PV
2016,20,94,Oaxaca,San Andrés Nuxiño,OI
2016,20,94,Oaxaca,San Andrés Nuxiño,PV
2016,20,95,Oaxaca,San Andrés Paxtlán,PV
2016,20,96,Oaxaca,San Andrés Sinaxtla,PV
2016,20,97,Oaxaca,San Andrés Solaga,OI
2016,20,97,Oaxaca,San Andrés Solaga,PV
2016,20,98,Oaxaca,San Andrés Teotilálpam,OI
2016,20,98,Oaxaca,San Andrés Teotilálpam,PV
2016,20,99,Oaxaca,San Andrés Tepetlapa,PV
2016,20,100,Oaxaca,San Andrés Yaá,PV
2016,20,101,Oaxaca,San Andrés Zabache,OI
2016,20,101,Oaxaca,San Andrés Zabache,PV
2016,20,102,Oaxaca,San Andrés Zautla,OI
2016,20,102,Oaxaca,San Andrés Zautla,PV
2016,20,103,Oaxaca,San Antonino Castillo Velasco,OI
2016,20,103,Oaxaca,San Antonino Castillo Velasco,PV
2016,20,104,Oaxaca,San Antonino El Alto,OI
2016,20,104,Oaxaca,San Antonino El Alto,PV
2016,20,105,Oaxaca,San Antonino Monte Verde,PV
2016,20,106,Oaxaca,San Antonio Acutla,PV
2016,20,107,Oaxaca,San Antonio de La Cal,OI
2016,20,107,Oaxaca,San Antonio de La Cal,PV
2016,20,108,Oaxaca,San Antonio Huitepec,OI
2016,20,108,Oaxaca,San Antonio Huitepec,PV
2016,20,109,Oaxaca,San Antonio Nanahuatípam,OI
2016,20,109,Oaxaca,San Antonio Nanahuatípam,PV
2016,20,110,Oaxaca,San Antonio Sinicahua,PV
2016,20,111,Oaxaca,San Antonio Tepetlapa,OI
2016,20,111,Oaxaca,San Antonio Tepetlapa,PV
2016,20,112,Oaxaca,San Baltazar Chichicápam,OI
2016,20,112,Oaxaca,San Baltazar Chichicápam,PV
2016,20,113,Oaxaca,San Baltazar Loxicha,OI
2016,20,113,Oaxaca,San Baltazar Loxicha,PV
2016,20,114,Oaxaca,San Baltazar Yatzachi El Bajo,PV
2016,20,115,Oaxaca,San Bartolo Coyotepec,OI
2016,20,115,Oaxaca,San Bartolo Coyotepec,PV
2016,20,116,Oaxaca,San Bartolomé Ayautla,OI
2016,20,116,Oaxaca,San Bartolomé Ayautla,PV
2016,20,117,Oaxaca,San Bartolomé Loxicha,OI
2016,20,117,Oaxaca,San Bartolomé Loxicha,PV
2016,20,118,Oaxaca,San Bartolomé Quialana,PV
2016,20,119,Oaxaca,San Bartolomé Yucuañe,PV
2016,20,120,Oaxaca,San Bartolomé Zoogocho,PV
2016,20,121,Oaxaca,San Bartolo Soyaltepec,PV
2016,20,122,Oaxaca,San Bartolo Yautepec,PV
2016,20,123,Oaxaca,San Bernardo Mixtepec,OI
2016,20,123,Oaxaca,San Bernardo Mixtepec,PV
2016,20,124,Oaxaca,San Blas Atempa,OI
2016,20,124,Oaxaca,San Blas Atempa,PV
2016,20,125,Oaxaca,San Carlos Yautepec,OI
2016,20,125,Oaxaca,San Carlos Yautepec,PV
2016,20,126,Oaxaca,San Cristóbal Amatlán,OI
2016,20,126,Oaxaca,San Cristóbal Amatlán,PV
2016,20,127,Oaxaca,San Cristóbal Amoltepec,PV
2016,20,128,Oaxaca,San Cristóbal Lachirioag,OI
2016,20,128,Oaxaca,San Cristóbal Lachirioag,PV
2016,20,129,Oaxaca,San Cristóbal Suchixtlahuaca,PV
2016,20,130,Oaxaca,San Dionisio del Mar,PV
2016,20,131,Oaxaca,San Dionisio Ocotepec,OI
2016,20,131,Oaxaca,San Dionisio Ocotepec,PV
2016,20,132,Oaxaca,San Dionisio Ocotlán,OI
2016,20,132,Oaxaca,San Dionisio Ocotlán,PV
2016,20,133,Oaxaca,San Esteban Atatlahuca,PV
2016,20,135,Oaxaca,San Felipe Tejalápam,OI
2016,20,135,Oaxaca,San Felipe Tejalápam,PV
2016,20,137,Oaxaca,San Francisco Cahuacuá,OI
2016,20,137,Oaxaca,San Francisco Cahuacuá,PV
2016,20,138,Oaxaca,San Francisco Cajonos,PV
2016,20,139,Oaxaca,San Francisco Chapulapa,PV
2016,20,140,Oaxaca,San Francisco Chindúa,PV
2016,20,141,Oaxaca,San Francisco del Mar,OI
2016,20,141,Oaxaca,San Francisco del Mar,PV
2016,20,142,Oaxaca,San Francisco Huehuetlán,PV
2016,20,143,Oaxaca,San Francisco Ixhuatán,OI
2016,20,143,Oaxaca,San Francisco Ixhuatán,PV
2016,20,144,Oaxaca,San Francisco Jaltepetongo,PV
2016,20,145,Oaxaca,San Francisco Lachigoló,OI
2016,20,145,Oaxaca,San Francisco Lachigoló,PV
2016,20,146,Oaxaca,San Francisco Logueche,PV
2016,20,147,Oaxaca,San Francisco Nuxaño,PV
2016,20,148,Oaxaca,San Francisco Ozolotepec,PV
2016,20,149,Oaxaca,San Francisco Sola,OI
2016,20,149,Oaxaca,San Francisco Sola,PV
2016,20,150,Oaxaca,San Francisco Telixtlahuaca,OI
2016,20,150,Oaxaca,San Francisco Telixtlahuaca,PV
2016,20,151,Oaxaca,San Francisco Teopan,PV
2016,20,152,Oaxaca,San Francisco Tlapancingo,OI
2016,20,152,Oaxaca,San Francisco Tlapancingo,PV
2016,20,153,Oaxaca,San Gabriel Mixtepec,OI
2016,20,153,Oaxaca,San Gabriel Mixtepec,PV
2016,20,154,Oaxaca,San Ildefonso Amatlán,OI
2016,20,154,Oaxaca,San Ildefonso Amatlán,PV
2016,20,155,Oaxaca,San Ildefonso Sola,OI
2016,20,155,Oaxaca,San Ildefonso Sola,PV
2016,20,156,Oaxaca,San Ildefonso Villa Alta,OI
2016,20,156,Oaxaca,San Ildefonso Villa Alta,PV
2016,20,157,Oaxaca,San Jacinto Amilpas,OI
2016,20,157,Oaxaca,San Jacinto Amilpas,PV
2016,20,158,Oaxaca,San Jacinto Tlacotepec,OI
2016,20,158,Oaxaca,San Jacinto Tlacotepec,PV
2016,20,159,Oaxaca,San Jerónimo Coatlán,PV
2016,20,160,Oaxaca,San Jerónimo Silacayoapilla,PV
2016,20,161,Oaxaca,San Jerónimo Sosola,PV
2016,20,162,Oaxaca,San Jerónimo Taviche,PV
2016,20,163,Oaxaca,San Jerónimo Tecóatl,PV
2016,20,164,Oaxaca,San Jorge Nuchita,OI
2016,20,164,Oaxaca,San Jorge Nuchita,PV
2016,20,165,Oaxaca,San José Ayuquila,PV
2016,20,166,Oaxaca,San José Chiltepec,OI
2016,20,166,Oaxaca,San José Chiltepec,PV
2016,20,167,Oaxaca,San José del Peñasco,OI
2016,20,167,Oaxaca,San José del Peñasco,PV
2016,20,168,Oaxaca,San José Estancia Grande,PV
2016,20,169,Oaxaca,San José Independencia,OI
2016,20,169,Oaxaca,San José Independencia,PV
2016,20,170,Oaxaca,San José Lachiguiri,PV
2016,20,171,Oaxaca,San José Tenango,OI
2016,20,171,Oaxaca,San José Tenango,PV
2016,20,172,Oaxaca,San Juan Achiutla,PV
2016,20,174,Oaxaca,Ánimas Trujano,OI
2016,20,174,Oaxaca,Ánimas Trujano,PV
2016,20,175,Oaxaca,San Juan Bautista Atatlahuca,OI
2016,20,175,Oaxaca,San Juan Bautista Atatlahuca,PV
2016,20,176,Oaxaca,San Juan Bautista Coixtlahuaca,PV
2016,20,178,Oaxaca,San Juan Bautista Guelache,OI
2016,20,178,Oaxaca,San Juan Bautista Guelache,PV
2016,20,179,Oaxaca,San Juan Bautista Jayacatlán,OI
2016,20,179,Oaxaca,San Juan Bautista Jayacatlán,PV
2016,20,180,Oaxaca,San Juan Bautista Lo de Soto,OI
2016,20,180,Oaxaca,San Juan Bautista Lo de Soto,PV
2016,20,181,Oaxaca,San Juan Bautista Suchitepec,OI
2016,20,181,Oaxaca,San Juan Bautista Suchitepec,PV
2016,20,182,Oaxaca,San Juan Bautista Tlacoatzintepec,PV
2016,20,183,Oaxaca,San Juan Bautista Tlachichilco,OI
2016,20,183,Oaxaca,San Juan Bautista Tlachichilco,PV
2016,20,185,Oaxaca,San Juan Cacahuatepec,OI
2016,20,185,Oaxaca,San Juan Cacahuatepec,PV
2016,20,186,Oaxaca,San Juan Cieneguilla,PV
2016,20,187,Oaxaca,San Juan Coatzóspam,PV
2016,20,188,Oaxaca,San Juan Colorado,OI
2016,20,188,Oaxaca,San Juan Colorado,PV
2016,20,189,Oaxaca,San Juan Comaltepec,OI
2016,20,189,Oaxaca,San Juan Comaltepec,PV
2016,20,190,Oaxaca,San Juan Cotzocón,OI
2016,20,190,Oaxaca,San Juan Cotzocón,PV
2016,20,191,Oaxaca,San Juan Chicomezúchil,OI
2016,20,191,Oaxaca,San Juan Chicomezúchil,PV
2016,20,192,Oaxaca,San Juan Chilateca,OI
2016,20,192,Oaxaca,San Juan Chilateca,PV
2016,20,193,Oaxaca,San Juan del Estado,OI
2016,20,193,Oaxaca,San Juan del Estado,PV
2016,20,194,Oaxaca,San Juan del Río,OI
2016,20,194,Oaxaca,San Juan del Río,PV
2016,20,195,Oaxaca,San Juan Diuxi,PV
2016,20,196,Oaxaca,San Juan Evangelista Analco,PV
2016,20,197,Oaxaca,San Juan Guelavía,OI
2016,20,197,Oaxaca,San Juan Guelavía,PV
2016,20,198,Oaxaca,San Juan Guichicovi,OI
2016,20,198,Oaxaca,San Juan Guichicovi,PV
2016,20,199,Oaxaca,San Juan Ihualtepec,PV
2016,20,200,Oaxaca,San Juan Juquila Mixes,OI
2016,20,200,Oaxaca,San Juan Juquila Mixes,PV
2016,20,201,Oaxaca,San Juan Juquila Vijanos,OI
2016,20,201,Oaxaca,San Juan Juquila Vijanos,PV
2016,20,202,Oaxaca,San Juan Lachao,PV
2016,20,203,Oaxaca,San Juan Lachigalla,PV
2016,20,204,Oaxaca,San Juan Lajarcia,PV
2016,20,205,Oaxaca,San Juan Lalana,OI
2016,20,205,Oaxaca,San Juan Lalana,PV
2016,20,206,Oaxaca,San Juan de Los Cués,OI
2016,20,206,Oaxaca,San Juan de Los Cués,PV
2016,20,207,Oaxaca,San Juan Mazatlán,OI
2016,20,207,Oaxaca,San Juan Mazatlán,PV
2016,20,208,Oaxaca,San Juan Mixtepec,OI
2016,20,208,Oaxaca,San Juan Mixtepec,PV
2016,20,209,Oaxaca,San Juan Mixtepec,PV
2016,20,210,Oaxaca,San Juan Ñumí,OI
2016,20,210,Oaxaca,San Juan Ñumí,PV
2016,20,211,Oaxaca,San Juan Ozolotepec,PV
2016,20,212,Oaxaca,San Juan Petlapa,OI
2016,20,212,Oaxaca,San Juan Petlapa,PV
2016,20,213,Oaxaca,San Juan Quiahije,PV
2016,20,214,Oaxaca,San Juan Quiotepec,OI
2016,20,214,Oaxaca,San Juan Quiotepec,PV
2016,20,215,Oaxaca,San Juan Sayultepec,PV
2016,20,216,Oaxaca,San Juan Tabaá,OI
2016,20,216,Oaxaca,San Juan Tabaá,PV
2016,20,217,Oaxaca,San Juan Tamazola,PV
2016,20,218,Oaxaca,San Juan Teita,OI
2016,20,218,Oaxaca,San Juan Teita,PV
2016,20,219,Oaxaca,San Juan Teitipac,OI
2016,20,219,Oaxaca,San Juan Teitipac,PV
2016,20,220,Oaxaca,San Juan Tepeuxila,OI
2016,20,220,Oaxaca,San Juan Tepeuxila,PV
2016,20,221,Oaxaca,San Juan Teposcolula,PV
2016,20,222,Oaxaca,San Juan Yaeé,OI
2016,20,222,Oaxaca,San Juan Yaeé,PV
2016,20,223,Oaxaca,San Juan Yatzona,OI
2016,20,223,Oaxaca,San Juan Yatzona,PV
2016,20,224,Oaxaca,San Juan Yucuita,PV
2016,20,225,Oaxaca,San Lorenzo,OI
2016,20,225,Oaxaca,San Lorenzo,PV
2016,20,226,Oaxaca,San Lorenzo Albarradas,OI
2016,20,226,Oaxaca,San Lorenzo Albarradas,PV
2016,20,227,Oaxaca,San Lorenzo Cacaotepec,OI
2016,20,227,Oaxaca,San Lorenzo Cacaotepec,PV
2016,20,229,Oaxaca,San Lorenzo Texmelúcan,OI
2016,20,229,Oaxaca,San Lorenzo Texmelúcan,PV
2016,20,230,Oaxaca,San Lorenzo Victoria,OI
2016,20,230,Oaxaca,San Lorenzo Victoria,PV
2016,20,231,Oaxaca,San Lucas Camotlán,OI
2016,20,231,Oaxaca,San Lucas Camotlán,PV
2016,20,233,Oaxaca,San Lucas Quiaviní,OI
2016,20,233,Oaxaca,San Lucas Quiaviní,PV
2016,20,234,Oaxaca,San Lucas Zoquiápam,PV
2016,20,235,Oaxaca,San Luis Amatlán,OI
2016,20,235,Oaxaca,San Luis Amatlán,PV
2016,20,236,Oaxaca,San Marcial Ozolotepec,PV
2016,20,238,Oaxaca,San Martín de Los Cansecos,PV
2016,20,239,Oaxaca,San Martín Huamelúlpam,PV
2016,20,240,Oaxaca,San Martín Itunyoso,PV
2016,20,241,Oaxaca,San Martín Lachilá,OI
2016,20,241,Oaxaca,San Martín Lachilá,PV
2016,20,242,Oaxaca,San Martín Peras,PV
2016,20,243,Oaxaca,San Martín Tilcajete,PV
2016,20,244,Oaxaca,San Martín Toxpalan,OI
2016,20,244,Oaxaca,San Martín Toxpalan,PV
2016,20,245,Oaxaca,San Martín Zacatepec,OI
2016,20,245,Oaxaca,San Martín Zacatepec,PV
2016,20,246,Oaxaca,San Mateo Cajonos,PV
2016,20,247,Oaxaca,Capulálpam de Méndez,OI
2016,20,247,Oaxaca,Capulálpam de Méndez,PV
2016,20,248,Oaxaca,San Mateo del Mar,OI
2016,20,248,Oaxaca,San Mateo del Mar,PV
2016,20,249,Oaxaca,San Mateo Yoloxochitlán,OI
2016,20,249,Oaxaca,San Mateo Yoloxochitlán,PV
2016,20,251,Oaxaca,San Mateo Nejápam,OI
2016,20,251,Oaxaca,San Mateo Nejápam,PV
2016,20,252,Oaxaca,San Mateo Peñasco,OI
2016,20,252,Oaxaca,San Mateo Peñasco,PV
2016,20,253,Oaxaca,San Mateo Piñas,PV
2016,20,254,Oaxaca,San Mateo Río Hondo,PV
2016,20,255,Oaxaca,San Mateo Sindihui,OI
2016,20,255,Oaxaca,San Mateo Sindihui,PV
2016,20,256,Oaxaca,San Mateo Tlapiltepec,PV
2016,20,257,Oaxaca,San Melchor Betaza,OI
2016,20,257,Oaxaca,San Melchor Betaza,PV
2016,20,258,Oaxaca,San Miguel Achiutla,PV
2016,20,259,Oaxaca,San Miguel Ahuehuetitlán,OI
2016,20,259,Oaxaca,San Miguel Ahuehuetitlán,PV
2016,20,260,Oaxaca,San Miguel Aloápam,PV
2016,20,261,Oaxaca,San Miguel Amatitlán,PV
2016,20,263,Oaxaca,San Miguel Coatlán,OI
2016,20,263,Oaxaca,San Miguel Coatlán,PV
2016,20,264,Oaxaca,San Miguel Chicahua,PV
2016,20,265,Oaxaca,San Miguel Chimalapa,OI
2016,20,265,Oaxaca,San Miguel Chimalapa,PV
2016,20,266,Oaxaca,San Miguel del Puerto,OI
2016,20,266,Oaxaca,San Miguel del Puerto,PV
2016,20,267,Oaxaca,San Miguel del Río,PV
2016,20,268,Oaxaca,San Miguel Ejutla,OI
2016,20,268,Oaxaca,San Miguel Ejutla,PV
2016,20,269,Oaxaca,San Miguel El Grande,PV
2016,20,270,Oaxaca,San Miguel Huautla,PV
2016,20,271,Oaxaca,San Miguel Mixtepec,OI
2016,20,271,Oaxaca,San Miguel Mixtepec,PV
2016,20,272,Oaxaca,San Miguel Panixtlahuaca,OI
2016,20,272,Oaxaca,San Miguel Panixtlahuaca,PV
2016,20,273,Oaxaca,San Miguel Peras,OI
2016,20,273,Oaxaca,San Miguel Peras,PV
2016,20,274,Oaxaca,San Miguel Piedras,PV
2016,20,275,Oaxaca,San Miguel Quetzaltepec,OI
2016,20,275,Oaxaca,San Miguel Quetzaltepec,PV
2016,20,276,Oaxaca,San Miguel Santa Flor,PV
2016,20,277,Oaxaca,Villa Sola de Vega,OI
2016,20,277,Oaxaca,Villa Sola de Vega,PV
2016,20,279,Oaxaca,San Miguel Suchixtepec,PV
2016,20,280,Oaxaca,Villa Talea de Castro,OI
2016,20,280,Oaxaca,Villa Talea de Castro,PV
2016,20,281,Oaxaca,San Miguel Tecomatlán,PV
2016,20,282,Oaxaca,San Miguel Tenango,PV
2016,20,283,Oaxaca,San Miguel Tequixtepec,PV
2016,20,284,Oaxaca,San Miguel Tilquiápam,OI
2016,20,284,Oaxaca,San Miguel Tilquiápam,PV
2016,20,285,Oaxaca,San Miguel Tlacamama,OI
2016,20,285,Oaxaca,San Miguel Tlacamama,PV
2016,20,286,Oaxaca,San Miguel Tlacotepec,PV
2016,20,287,Oaxaca,San Miguel Tulancingo,PV
2016,20,288,Oaxaca,San Miguel Yotao,PV
2016,20,289,Oaxaca,San Nicolás,OI
2016,20,289,Oaxaca,San Nicolás,PV
2016,20,290,Oaxaca,San Nicolás Hidalgo,OI
2016,20,290,Oaxaca,San Nicolás Hidalgo,PV
2016,20,291,Oaxaca,San Pablo Coatlán,OI
2016,20,291,Oaxaca,San Pablo Coatlán,PV
2016,20,292,Oaxaca,San Pablo Cuatro Venados,PV
2016,20,294,Oaxaca,San Pablo Huitzo,OI
2016,20,294,Oaxaca,San Pablo Huitzo,PV
2016,20,295,Oaxaca,San Pablo Huixtepec,OI
2016,20,295,Oaxaca,San Pablo Huixtepec,PV
2016,20,296,Oaxaca,San Pablo Macuiltianguis,PV
2016,20,297,Oaxaca,San Pablo Tijaltepec,PV
2016,20,298,Oaxaca,San Pablo Villa de Mitla,PV
2016,20,299,Oaxaca,San Pablo Yaganiza,OI
2016,20,299,Oaxaca,San Pablo Yaganiza,PV
2016,20,300,Oaxaca,San Pedro Amuzgos,OI
2016,20,300,Oaxaca,San Pedro Amuzgos,PV
2016,20,301,Oaxaca,San Pedro Apóstol,OI
2016,20,301,Oaxaca,San Pedro Apóstol,PV
2016,20,302,Oaxaca,San Pedro Atoyac,OI
2016,20,302,Oaxaca,San Pedro Atoyac,PV
2016,20,303,Oaxaca,San Pedro Cajonos,PV
2016,20,304,Oaxaca,San Pedro Coxcaltepec Cántaros,PV
2016,20,305,Oaxaca,San Pedro Comitancillo,OI
2016,20,305,Oaxaca,San Pedro Comitancillo,PV
2016,20,306,Oaxaca,San Pedro El Alto,PV
2016,20,308,Oaxaca,San Pedro Huilotepec,OI
2016,20,308,Oaxaca,San Pedro Huilotepec,PV
2016,20,309,Oaxaca,San Pedro Ixcatlán,OI
2016,20,309,Oaxaca,San Pedro Ixcatlán,PV
2016,20,310,Oaxaca,San Pedro Ixtlahuaca,OI
2016,20,310,Oaxaca,San Pedro Ixtlahuaca,PV
2016,20,311,Oaxaca,San Pedro Jaltepetongo,PV
2016,20,312,Oaxaca,San Pedro Jicayán,OI
2016,20,312,Oaxaca,San Pedro Jicayán,PV
2016,20,313,Oaxaca,San Pedro Jocotipac,PV
2016,20,314,Oaxaca,San Pedro Juchatengo,OI
2016,20,314,Oaxaca,San Pedro Juchatengo,PV
2016,20,315,Oaxaca,San Pedro Mártir,OI
2016,20,315,Oaxaca,San Pedro Mártir,PV
2016,20,316,Oaxaca,San Pedro Mártir Quiechapa,OI
2016,20,316,Oaxaca,San Pedro Mártir Quiechapa,PV
2016,20,317,Oaxaca,San Pedro Mártir Yucuxaco,PV
2016,20,318,Oaxaca,San Pedro Mixtepec,OI
2016,20,318,Oaxaca,San Pedro Mixtepec,PV
2016,20,319,Oaxaca,San Pedro Mixtepec,PV
2016,20,320,Oaxaca,San Pedro Molinos,PV
2016,20,321,Oaxaca,San Pedro Nopala,PV
2016,20,322,Oaxaca,San Pedro Ocopetatillo,PV
2016,20,323,Oaxaca,San Pedro Ocotepec,OI
2016,20,323,Oaxaca,San Pedro Ocotepec,PV
2016,20,325,Oaxaca,San Pedro Quiatoni,PV
2016,20,326,Oaxaca,San Pedro Sochiápam,OI
2016,20,326,Oaxaca,San Pedro Sochiápam,PV
2016,20,328,Oaxaca,San Pedro Taviche,OI
2016,20,328,Oaxaca,San Pedro Taviche,PV
2016,20,329,Oaxaca,San Pedro Teozacoalco,OI
2016,20,329,Oaxaca,San Pedro Teozacoalco,PV
2016,20,330,Oaxaca,San Pedro Teutila,PV
2016,20,331,Oaxaca,San Pedro Tidaá,PV
2016,20,332,Oaxaca,San Pedro Topiltepec,PV
2016,20,333,Oaxaca,San Pedro Totolápam,OI
2016,20,333,Oaxaca,San Pedro Totolápam,PV
2016,20,335,Oaxaca,San Pedro Yaneri,OI
2016,20,335,Oaxaca,San Pedro Yaneri,PV
2016,20,336,Oaxaca,San Pedro Yólox,OI
2016,20,336,Oaxaca,San Pedro Yólox,PV
2016,20,338,Oaxaca,Villa de Etla,OI
2016,20,338,Oaxaca,Villa de Etla,PV
2016,20,339,Oaxaca,San Pedro Y San Pablo Teposcolula,PV
2016,20,340,Oaxaca,San Pedro Y San Pablo Tequixtepec,OI
2016,20,340,Oaxaca,San Pedro Y San Pablo Tequixtepec,PV
2016,20,341,Oaxaca,San Pedro Yucunama,PV
2016,20,342,Oaxaca,San Raymundo Jalpan,OI
2016,20,342,Oaxaca,San Raymundo Jalpan,PV
2016,20,343,Oaxaca,San Sebastián Abasolo,OI
2016,20,343,Oaxaca,San Sebastián Abasolo,PV
2016,20,344,Oaxaca,San Sebastián Coatlán,PV
2016,20,345,Oaxaca,San Sebastián Ixcapa,OI
2016,20,345,Oaxaca,San Sebastián Ixcapa,PV
2016,20,346,Oaxaca,San Sebastián Nicananduta,PV
2016,20,347,Oaxaca,San Sebastián Río Hondo,PV
2016,20,348,Oaxaca,San Sebastián Tecomaxtlahuaca,OI
2016,20,348,Oaxaca,San Sebastián Tecomaxtlahuaca,PV
2016,20,349,Oaxaca,San Sebastián Teitipac,OI
2016,20,349,Oaxaca,San Sebastián Teitipac,PV
2016,20,350,Oaxaca,San Sebastián Tutla,PV
2016,20,351,Oaxaca,San Simón Almolongas,PV
2016,20,352,Oaxaca,San Simón Zahuatlán,PV
2016,20,353,Oaxaca,Santa Ana,OI
2016,20,353,Oaxaca,Santa Ana,PV
2016,20,355,Oaxaca,Santa Ana Cuauhtémoc,PV
2016,20,356,Oaxaca,Santa Ana del Valle,PV
2016,20,358,Oaxaca,Santa Ana Tlapacoyan,OI
2016,20,358,Oaxaca,Santa Ana Tlapacoyan,PV
2016,20,359,Oaxaca,Santa Ana Yareni,PV
2016,20,360,Oaxaca,Santa Ana Zegache,OI
2016,20,360,Oaxaca,Santa Ana Zegache,PV
2016,20,361,Oaxaca,Santa Catalina Quierí,PV
2016,20,362,Oaxaca,Santa Catarina Cuixtla,PV
2016,20,364,Oaxaca,Santa Catarina Juquila,OI
2016,20,364,Oaxaca,Santa Catarina Juquila,PV
2016,20,365,Oaxaca,Santa Catarina Lachatao,OI
2016,20,365,Oaxaca,Santa Catarina Lachatao,PV
2016,20,366,Oaxaca,Santa Catarina Loxicha,PV
2016,20,367,Oaxaca,Santa Catarina Mechoacán,OI
2016,20,367,Oaxaca,Santa Catarina Mechoacán,PV
2016,20,368,Oaxaca,Santa Catarina Minas,OI
2016,20,368,Oaxaca,Santa Catarina Minas,PV
2016,20,369,Oaxaca,Santa Catarina Quiané,OI
2016,20,369,Oaxaca,Santa Catarina Quiané,PV
2016,20,370,Oaxaca,Santa Catarina Tayata,PV
2016,20,371,Oaxaca,Santa Catarina Ticuá,PV
2016,20,372,Oaxaca,Santa Catarina Yosonotú,PV
2016,20,373,Oaxaca,Santa Catarina Zapoquila,OI
2016,20,373,Oaxaca,Santa Catarina Zapoquila,PV
2016,20,374,Oaxaca,Santa Cruz Acatepec,OI
2016,20,374,Oaxaca,Santa Cruz Acatepec,PV
2016,20,375,Oaxaca,Santa Cruz Amilpas,PV
2016,20,376,Oaxaca,Santa Cruz de Bravo,PV
2016,20,377,Oaxaca,Santa Cruz Itundujia,OI
2016,20,377,Oaxaca,Santa Cruz Itundujia,PV
2016,20,378,Oaxaca,Santa Cruz Mixtepec,OI
2016,20,378,Oaxaca,Santa Cruz Mixtepec,PV
2016,20,379,Oaxaca,Santa Cruz Nundaco,PV
2016,20,380,Oaxaca,Santa Cruz Papalutla,PV
2016,20,381,Oaxaca,Santa Cruz Tacache de Mina,OI
2016,20,381,Oaxaca,Santa Cruz Tacache de Mina,PV
2016,20,382,Oaxaca,Santa Cruz Tacahua,PV
2016,20,383,Oaxaca,Santa Cruz Tayata,PV
2016,20,384,Oaxaca,Santa Cruz Xitla,PV
2016,20,386,Oaxaca,Santa Cruz Zenzontepec,OI
2016,20,386,Oaxaca,Santa Cruz Zenzontepec,PV
2016,20,387,Oaxaca,Santa Gertrudis,OI
2016,20,387,Oaxaca,Santa Gertrudis,PV
2016,20,388,Oaxaca,Santa Inés del Monte,OI
2016,20,388,Oaxaca,Santa Inés del Monte,PV
2016,20,389,Oaxaca,Santa Inés Yatzeche,OI
2016,20,389,Oaxaca,Santa Inés Yatzeche,PV
2016,20,390,Oaxaca,Santa Lucía del Camino,PV
2016,20,391,Oaxaca,Santa Lucía Miahuatlán,PV
2016,20,392,Oaxaca,Santa Lucía Monteverde,PV
2016,20,393,Oaxaca,Santa Lucía Ocotlán,OI
2016,20,393,Oaxaca,Santa Lucía Ocotlán,PV
2016,20,394,Oaxaca,Santa María Alotepec,OI
2016,20,394,Oaxaca,Santa María Alotepec,PV
2016,20,395,Oaxaca,Santa María Apazco,PV
2016,20,396,Oaxaca,Santa María La Asunción,PV
2016,20,397,Oaxaca,Heroica Ciudad de Tlaxiaco,PV
2016,20,398,Oaxaca,Ayoquezco de Aldama,OI
2016,20,398,Oaxaca,Ayoquezco de Aldama,PV
2016,20,399,Oaxaca,Santa María Atzompa,OI
2016,20,399,Oaxaca,Santa María Atzompa,PV
2016,20,400,Oaxaca,Santa María Camotlán,OI
2016,20,400,Oaxaca,Santa María Camotlán,PV
2016,20,401,Oaxaca,Santa María Colotepec,OI
2016,20,401,Oaxaca,Santa María Colotepec,PV
2016,20,402,Oaxaca,Santa María Cortijo,OI
2016,20,402,Oaxaca,Santa María Cortijo,PV
2016,20,403,Oaxaca,Santa María Coyotepec,OI
2016,20,403,Oaxaca,Santa María Coyotepec,PV
2016,20,404,Oaxaca,Santa María Chachoápam,PV
2016,20,405,Oaxaca,Villa de Chilapa de Díaz,OI
2016,20,405,Oaxaca,Villa de Chilapa de Díaz,PV
2016,20,406,Oaxaca,Santa María Chilchotla,OI
2016,20,406,Oaxaca,Santa María Chilchotla,PV
2016,20,407,Oaxaca,Santa María Chimalapa,OI
2016,20,407,Oaxaca,Santa María Chimalapa,PV
2016,20,408,Oaxaca,Santa María del Rosario,PV
2016,20,409,Oaxaca,Santa María del Tule,OI
2016,20,409,Oaxaca,Santa María del Tule,PV
2016,20,410,Oaxaca,Santa María Ecatepec,PV
2016,20,411,Oaxaca,Santa María Guelacé,OI
2016,20,411,Oaxaca,Santa María Guelacé,PV
2016,20,412,Oaxaca,Santa María Guienagati,OI
2016,20,412,Oaxaca,Santa María Guienagati,PV
2016,20,414,Oaxaca,Santa María Huazolotitlán,OI
2016,20,414,Oaxaca,Santa María Huazolotitlán,PV
2016,20,415,Oaxaca,Santa María Ipalapa,OI
2016,20,415,Oaxaca,Santa María Ipalapa,PV
2016,20,416,Oaxaca,Santa María Ixcatlán,PV
2016,20,419,Oaxaca,Santa María Jaltianguis,PV
2016,20,420,Oaxaca,Santa María Lachixío,PV
2016,20,422,Oaxaca,Santa María Nativitas,PV
2016,20,423,Oaxaca,Santa María Nduayaco,PV
2016,20,424,Oaxaca,Santa María Ozolotepec,PV
2016,20,425,Oaxaca,Santa María Pápalo,PV
2016,20,426,Oaxaca,Santa María Peñoles,OI
2016,20,426,Oaxaca,Santa María Peñoles,PV
2016,20,427,Oaxaca,Santa María Petapa,OI
2016,20,427,Oaxaca,Santa María Petapa,PV
2016,20,428,Oaxaca,Santa María Quiegolani,PV
2016,20,429,Oaxaca,Santa María Sola,OI
2016,20,429,Oaxaca,Santa María Sola,PV
2016,20,430,Oaxaca,Santa María Tataltepec,PV
2016,20,431,Oaxaca,Santa María Tecomavaca,OI
2016,20,431,Oaxaca,Santa María Tecomavaca,PV
2016,20,432,Oaxaca,Santa María Temaxcalapa,OI
2016,20,432,Oaxaca,Santa María Temaxcalapa,PV
2016,20,433,Oaxaca,Santa María Temaxcaltepec,OI
2016,20,433,Oaxaca,Santa María Temaxcaltepec,PV
2016,20,434,Oaxaca,Santa María Teopoxco,PV
2016,20,435,Oaxaca,Santa María Tepantlali,PV
2016,20,436,Oaxaca,Santa María Texcatitlán,OI
2016,20,436,Oaxaca,Santa María Texcatitlán,PV
2016,20,437,Oaxaca,Santa María Tlahuitoltepec,PV
2016,20,438,Oaxaca,Santa María Tlalixtac,PV
2016,20,440,Oaxaca,Santa María Totolapilla,PV
2016,20,441,Oaxaca,Santa María Xadani,OI
2016,20,441,Oaxaca,Santa María Xadani,PV
2016,20,442,Oaxaca,Santa María Yalina,PV
2016,20,443,Oaxaca,Santa María Yavesía,PV
2016,20,444,Oaxaca,Santa María Yolotepec,PV
2016,20,445,Oaxaca,Santa María Yosoyúa,OI
2016,20,445,Oaxaca,Santa María Yosoyúa,PV
2016,20,446,Oaxaca,Santa María Yucuhiti,OI
2016,20,446,Oaxaca,Santa María Yucuhiti,PV
2016,20,447,Oaxaca,Santa María Zacatepec,OI
2016,20,447,Oaxaca,Santa María Zacatepec,PV
2016,20,448,Oaxaca,Santa María Zaniza,OI
2016,20,448,Oaxaca,Santa María Zaniza,PV
2016,20,449,Oaxaca,Santa María Zoquitlán,OI
2016,20,449,Oaxaca,Santa María Zoquitlán,PV
2016,20,450,Oaxaca,Santiago Amoltepec,PV
2016,20,451,Oaxaca,Santiago Apoala,OI
2016,20,451,Oaxaca,Santiago Apoala,PV
2016,20,452,Oaxaca,Santiago Apóstol,OI
2016,20,452,Oaxaca,Santiago Apóstol,PV
2016,20,453,Oaxaca,Santiago Astata,OI
2016,20,453,Oaxaca,Santiago Astata,PV
2016,20,454,Oaxaca,Santiago Atitlán,OI
2016,20,454,Oaxaca,Santiago Atitlán,PV
2016,20,455,Oaxaca,Santiago Ayuquililla,PV
2016,20,456,Oaxaca,Santiago Cacaloxtepec,PV
2016,20,457,Oaxaca,Santiago Camotlán,OI
2016,20,457,Oaxaca,Santiago Camotlán,PV
2016,20,458,Oaxaca,Santiago Comaltepec,OI
2016,20,458,Oaxaca,Santiago Comaltepec,PV
2016,20,459,Oaxaca,Santiago Chazumba,OI
2016,20,459,Oaxaca,Santiago Chazumba,PV
2016,20,460,Oaxaca,Santiago Choápam,OI
2016,20,460,Oaxaca,Santiago Choápam,PV
2016,20,461,Oaxaca,Santiago del Río,OI
2016,20,461,Oaxaca,Santiago del Río,PV
2016,20,462,Oaxaca,Santiago Huajolotitlán,OI
2016,20,462,Oaxaca,Santiago Huajolotitlán,PV
2016,20,463,Oaxaca,Santiago Huauclilla,OI
2016,20,463,Oaxaca,Santiago Huauclilla,PV
2016,20,464,Oaxaca,Santiago Ihuitlán Plumas,PV
2016,20,465,Oaxaca,Santiago Ixcuintepec,OI
2016,20,465,Oaxaca,Santiago Ixcuintepec,PV
2016,20,466,Oaxaca,Santiago Ixtayutla,OI
2016,20,466,Oaxaca,Santiago Ixtayutla,PV
2016,20,467,Oaxaca,Santiago Jamiltepec,OI
2016,20,467,Oaxaca,Santiago Jamiltepec,PV
2016,20,469,Oaxaca,Santiago Juxtlahuaca,OI
2016,20,469,Oaxaca,Santiago Juxtlahuaca,PV
2016,20,470,Oaxaca,Santiago Lachiguiri,OI
2016,20,470,Oaxaca,Santiago Lachiguiri,PV
2016,20,471,Oaxaca,Santiago Lalopa,OI
2016,20,471,Oaxaca,Santiago Lalopa,PV
2016,20,473,Oaxaca,Santiago Laxopa,PV
2016,20,474,Oaxaca,Santiago Llano Grande,OI
2016,20,474,Oaxaca,Santiago Llano Grande,PV
2016,20,475,Oaxaca,Santiago Matatlán,PV
2016,20,476,Oaxaca,Santiago Miltepec,OI
2016,20,476,Oaxaca,Santiago Miltepec,PV
2016,20,477,Oaxaca,Santiago Minas,OI
2016,20,477,Oaxaca,Santiago Minas,PV
2016,20,479,Oaxaca,Santiago Nejapilla,PV
2016,20,480,Oaxaca,Santiago Nundiche,PV
2016,20,481,Oaxaca,Santiago Nuyoó,OI
2016,20,481,Oaxaca,Santiago Nuyoó,PV
2016,20,482,Oaxaca,Santiago Pinotepa Nacional,PV
2016,20,483,Oaxaca,Santiago Suchilquitongo,OI
2016,20,483,Oaxaca,Santiago Suchilquitongo,PV
2016,20,484,Oaxaca,Santiago Tamazola,OI
2016,20,484,Oaxaca,Santiago Tamazola,PV
2016,20,485,Oaxaca,Santiago Tapextla,OI
2016,20,485,Oaxaca,Santiago Tapextla,PV
2016,20,486,Oaxaca,Villa Tejúpam de La Unión,PV
2016,20,487,Oaxaca,Santiago Tenango,PV
2016,20,488,Oaxaca,Santiago Tepetlapa,PV
2016,20,489,Oaxaca,Santiago Tetepec,OI
2016,20,489,Oaxaca,Santiago Tetepec,PV
2016,20,490,Oaxaca,Santiago Texcalcingo,PV
2016,20,491,Oaxaca,Santiago Textitlán,OI
2016,20,491,Oaxaca,Santiago Textitlán,PV
2016,20,492,Oaxaca,Santiago Tilantongo,PV
2016,20,493,Oaxaca,Santiago Tillo,PV
2016,20,494,Oaxaca,Santiago Tlazoyaltepec,OI
2016,20,494,Oaxaca,Santiago Tlazoyaltepec,PV
2016,20,495,Oaxaca,Santiago Xanica,PV
2016,20,496,Oaxaca,Santiago Xiacuí,OI
2016,20,496,Oaxaca,Santiago Xiacuí,PV
2016,20,497,Oaxaca,Santiago Yaitepec,PV
2016,20,499,Oaxaca,Santiago Yolomécatl,PV
2016,20,500,Oaxaca,Santiago Yosondúa,OI
2016,20,500,Oaxaca,Santiago Yosondúa,PV
2016,20,501,Oaxaca,Santiago Yucuyachi,PV
2016,20,503,Oaxaca,Santiago Zoochila,OI
2016,20,503,Oaxaca,Santiago Zoochila,PV
2016,20,504,Oaxaca,Nuevo Zoquiápam,OI
2016,20,504,Oaxaca,Nuevo Zoquiápam,PV
2016,20,505,Oaxaca,Santo Domingo Ingenio,OI
2016,20,505,Oaxaca,Santo Domingo Ingenio,PV
2016,20,506,Oaxaca,Santo Domingo Albarradas,OI
2016,20,506,Oaxaca,Santo Domingo Albarradas,PV
2016,20,507,Oaxaca,Santo Domingo Armenta,PV
2016,20,508,Oaxaca,Santo Domingo Chihuitán,OI
2016,20,508,Oaxaca,Santo Domingo Chihuitán,PV
2016,20,509,Oaxaca,Santo Domingo de Morelos,OI
2016,20,509,Oaxaca,Santo Domingo de Morelos,PV
2016,20,510,Oaxaca,Santo Domingo Ixcatlán,PV
2016,20,511,Oaxaca,Santo Domingo Nuxaá,PV
2016,20,512,Oaxaca,Santo Domingo Ozolotepec,PV
2016,20,513,Oaxaca,Santo Domingo Petapa,OI
2016,20,513,Oaxaca,Santo Domingo Petapa,PV
2016,20,514,Oaxaca,Santo Domingo Roayaga,OI
2016,20,514,Oaxaca,Santo Domingo Roayaga,PV
2016,20,516,Oaxaca,Santo Domingo Teojomulco,OI
2016,20,516,Oaxaca,Santo Domingo Teojomulco,PV
2016,20,517,Oaxaca,Santo Domingo Tepuxtepec,PV
2016,20,518,Oaxaca,Santo Domingo Tlatayápam,PV
2016,20,519,Oaxaca,Santo Domingo Tomaltepec,OI
2016,20,519,Oaxaca,Santo Domingo Tomaltepec,PV
2016,20,520,Oaxaca,Santo Domingo Tonalá,OI
2016,20,520,Oaxaca,Santo Domingo Tonalá,PV
2016,20,521,Oaxaca,Santo Domingo Tonaltepec,PV
2016,20,522,Oaxaca,Santo Domingo Xagacía,OI
2016,20,522,Oaxaca,Santo Domingo Xagacía,PV
2016,20,523,Oaxaca,Santo Domingo Yanhuitlán,PV
2016,20,524,Oaxaca,Santo Domingo Yodohino,OI
2016,20,524,Oaxaca,Santo Domingo Yodohino,PV
2016,20,526,Oaxaca,Santos Reyes Nopala,OI
2016,20,526,Oaxaca,Santos Reyes Nopala,PV
2016,20,527,Oaxaca,Santos Reyes Pápalo,OI
2016,20,527,Oaxaca,Santos Reyes Pápalo,PV
2016,20,528,Oaxaca,Santos Reyes Tepejillo,OI
2016,20,528,Oaxaca,Santos Reyes Tepejillo,PV
2016,20,529,Oaxaca,Santos Reyes Yucuná,PV
2016,20,530,Oaxaca,Santo Tomás Jalieza,OI
2016,20,530,Oaxaca,Santo Tomás Jalieza,PV
2016,20,531,Oaxaca,Santo Tomás Mazaltepec,OI
2016,20,531,Oaxaca,Santo Tomás Mazaltepec,PV
2016,20,532,Oaxaca,Santo Tomás Ocotepec,PV
2016,20,533,Oaxaca,Santo Tomás Tamazulapan,OI
2016,20,533,Oaxaca,Santo Tomás Tamazulapan,PV
2016,20,534,Oaxaca,San Vicente Coatlán,PV
2016,20,535,Oaxaca,San Vicente Lachixío,PV
2016,20,536,Oaxaca,San Vicente Nuñú,PV
2016,20,537,Oaxaca,Silacayoápam,OI
2016,20,537,Oaxaca,Silacayoápam,PV
2016,20,538,Oaxaca,Sitio de Xitlapehua,PV
2016,20,539,Oaxaca,Soledad Etla,OI
2016,20,539,Oaxaca,Soledad Etla,PV
2016,20,540,Oaxaca,Villa de Tamazulápam del Progreso,OI
2016,20,540,Oaxaca,Villa de Tamazulápam del Progreso,PV
2016,20,541,Oaxaca,Tanetze de Zaragoza,OI
2016,20,541,Oaxaca,Tanetze de Zaragoza,PV
2016,20,542,Oaxaca,Taniche,OI
2016,20,542,Oaxaca,Taniche,PV
2016,20,543,Oaxaca,Tataltepec de Valdés,OI
2016,20,543,Oaxaca,Tataltepec de Valdés,PV
2016,20,544,Oaxaca,Teococuilco de Marcos Pérez,PV
2016,20,545,Oaxaca,Teotitlán de Flores Magón,OI
2016,20,545,Oaxaca,Teotitlán de Flores Magón,PV
2016,20,546,Oaxaca,Teotitlán del Valle,OI
2016,20,546,Oaxaca,Teotitlán del Valle,PV
2016,20,547,Oaxaca,Teotongo,OI
2016,20,547,Oaxaca,Teotongo,PV
2016,20,548,Oaxaca,Tepelmeme Villa de Morelos,PV
2016,20,549,Oaxaca,"H. V. Tezoatlán de Segura y Luna, C. de la I.de O.",OI
2016,20,549,Oaxaca,"H. V. Tezoatlán de Segura y Luna, C. de la I.de O.",PV
2016,20,550,Oaxaca,San Jerónimo Tlacochahuaya,OI
2016,20,550,Oaxaca,San Jerónimo Tlacochahuaya,PV
2016,20,551,Oaxaca,Tlacolula de Matamoros,OI
2016,20,551,Oaxaca,Tlacolula de Matamoros,PV
2016,20,552,Oaxaca,Tlacotepec Plumas,PV
2016,20,553,Oaxaca,Tlalixtac de Cabrera,OI
2016,20,553,Oaxaca,Tlalixtac de Cabrera,PV
2016,20,554,Oaxaca,Totontepec Villa de Morelos,OI
2016,20,554,Oaxaca,Totontepec Villa de Morelos,PV
2016,20,555,Oaxaca,Trinidad Zaachila,OI
2016,20,555,Oaxaca,Trinidad Zaachila,PV
2016,20,556,Oaxaca,La Trinidad Vista Hermosa,PV
2016,20,557,Oaxaca,Unión Hidalgo,OI
2016,20,557,Oaxaca,Unión Hidalgo,PV
2016,20,558,Oaxaca,Valerio Trujano,OI
2016,20,558,Oaxaca,Valerio Trujano,PV
2016,20,561,Oaxaca,Yaxe,OI
2016,20,561,Oaxaca,Yaxe,PV
2016,20,562,Oaxaca,Magdalena Yodocono de Porfirio Díaz,PV
2016,20,563,Oaxaca,Yogana,PV
2016,20,564,Oaxaca,Yutanduchi de Guerrero,PV
2016,20,565,Oaxaca,Villa de Zaachila,OI
2016,20,565,Oaxaca,Villa de Zaachila,PV
2016,20,566,Oaxaca,San Mateo Yucutindoo,OI
2016,20,566,Oaxaca,San Mateo Yucutindoo,PV
2016,20,567,Oaxaca,Zapotitlán Lagunas,OI
2016,20,567,Oaxaca,Zapotitlán Lagunas,PV
2016,20,568,Oaxaca,Zapotitlán Palmas,PV
2016,20,569,Oaxaca,Santa Inés de Zaragoza,OI
2016,20,569,Oaxaca,Santa Inés de Zaragoza,PV
2016,20,570,Oaxaca,Zimatlán de Álvarez,OI
2016,20,570,Oaxaca,Zimatlán de Álvarez,PV
2016,21,2,Puebla,Acateno,OI
2016,21,2,Puebla,Acateno,PV
2016,21,4,Puebla,Acatzingo,PV
2016,21,5,Puebla,Acteopan,PV
2016,21,6,Puebla,Ahuacatlán,OI
2016,21,6,Puebla,Ahuacatlán,PV
2016,21,7,Puebla,Ahuatlán,PV
2016,21,9,Puebla,Ahuehuetitla,OI
2016,21,9,Puebla,Ahuehuetitla,PV
2016,21,10,Puebla,Ajalpan,OI
2016,21,10,Puebla,Ajalpan,PV
2016,21,11,Puebla,Albino Zertuche,PV
2016,21,12,Puebla,Aljojuca,PV
2016,21,13,Puebla,Altepexi,OI
2016,21,14,Puebla,Amixtlán,OI
2016,21,14,Puebla,Amixtlán,PV
2016,21,16,Puebla,Aquixtla,PV
2016,21,17,Puebla,Atempan,PV
2016,21,18,Puebla,Atexcal,OI
2016,21,18,Puebla,Atexcal,PV
2016,21,20,Puebla,Atoyatempan,PV
2016,21,21,Puebla,Atzala,OI
2016,21,21,Puebla,Atzala,PV
2016,21,22,Puebla,Atzitzihuacán,OI
2016,21,22,Puebla,Atzitzihuacán,PV
2016,21,28,Puebla,Camocuautla,OI
2016,21,28,Puebla,Camocuautla,PV
2016,21,29,Puebla,Caxhuacan,OI
2016,21,29,Puebla,Caxhuacan,PV
2016,21,30,Puebla,Coatepec,OI
2016,21,30,Puebla,Coatepec,PV
2016,21,32,Puebla,Cohetzala,OI
2016,21,32,Puebla,Cohetzala,PV
2016,21,33,Puebla,Cohuecan,PV
2016,21,34,Puebla,Coronango,PV
2016,21,35,Puebla,Coxcatlán,PV
2016,21,36,Puebla,Coyomeapan,PV
2016,21,37,Puebla,Coyotepec,OI
2016,21,37,Puebla,Coyotepec,PV
2016,21,38,Puebla,Cuapiaxtla de Madero,PV
2016,21,39,Puebla,Cuautempan,PV
2016,21,40,Puebla,Cuautinchán,OI
2016,21,40,Puebla,Cuautinchán,PV
2016,21,41,Puebla,Cuautlancingo,PV
2016,21,42,Puebla,Cuayuca de Andrade,OI
2016,21,42,Puebla,Cuayuca de Andrade,PV
2016,21,44,Puebla,Cuyoaco,PV
2016,21,46,Puebla,Chapulco,PV
2016,21,47,Puebla,Chiautla,OI
2016,21,47,Puebla,Chiautla,PV
2016,21,48,Puebla,Chiautzingo,PV
2016,21,49,Puebla,Chiconcuautla,OI
2016,21,49,Puebla,Chiconcuautla,PV
2016,21,50,Puebla,Chichiquila,PV
2016,21,52,Puebla,Chigmecatitlán,PV
2016,21,54,Puebla,Chignautla,PV
2016,21,55,Puebla,Chila,OI
2016,21,55,Puebla,Chila,PV
2016,21,56,Puebla,Chila de La Sal,PV
2016,21,57,Puebla,Honey,OI
2016,21,57,Puebla,Honey,PV
2016,21,58,Puebla,Chilchotla,OI
2016,21,58,Puebla,Chilchotla,PV
2016,21,60,Puebla,Domingo Arenas,PV
2016,21,61,Puebla,Eloxochitlán,PV
2016,21,62,Puebla,Epatlán,OI
2016,21,62,Puebla,Epatlán,PV
2016,21,63,Puebla,Esperanza,PV
2016,21,64,Puebla,Francisco Z. Mena,OI
2016,21,64,Puebla,Francisco Z. Mena,PV
2016,21,65,Puebla,General Felipe Ángeles,PV
2016,21,66,Puebla,Guadalupe,OI
2016,21,66,Puebla,Guadalupe,PV
2016,21,67,Puebla,Guadalupe Victoria,PV
2016,21,68,Puebla,Hermenegildo Galeana,OI
2016,21,68,Puebla,Hermenegildo Galeana,PV
2016,21,70,Puebla,Huatlatlauca,OI
2016,21,70,Puebla,Huatlatlauca,PV
2016,21,72,Puebla,Huehuetla,OI
2016,21,72,Puebla,Huehuetla,PV
2016,21,73,Puebla,Huehuetlán El Chico,OI
2016,21,73,Puebla,Huehuetlán El Chico,PV
2016,21,74,Puebla,Huejotzingo,PV
2016,21,75,Puebla,Hueyapan,OI
2016,21,75,Puebla,Hueyapan,PV
2016,21,76,Puebla,Hueytamalco,OI
2016,21,76,Puebla,Hueytamalco,PV
2016,21,77,Puebla,Hueytlalpan,OI
2016,21,77,Puebla,Hueytlalpan,PV
2016,21,78,Puebla,Huitzilan de Serdán,OI
2016,21,78,Puebla,Huitzilan de Serdán,PV
2016,21,79,Puebla,Huitziltepec,PV
2016,21,80,Puebla,Atlequizayan,OI
2016,21,80,Puebla,Atlequizayan,PV
2016,21,82,Puebla,Ixcaquixtla,OI
2016,21,82,Puebla,Ixcaquixtla,PV
2016,21,84,Puebla,Ixtepec,OI
2016,21,84,Puebla,Ixtepec,PV
2016,21,87,Puebla,Jolalpan,OI
2016,21,87,Puebla,Jolalpan,PV
2016,21,88,Puebla,Jonotla,OI
2016,21,88,Puebla,Jonotla,PV
2016,21,89,Puebla,Jopala,OI
2016,21,89,Puebla,Jopala,PV
2016,21,90,Puebla,Juan C. Bonilla,PV
2016,21,92,Puebla,Juan N. Méndez,OI
2016,21,92,Puebla,Juan N. Méndez,PV
2016,21,93,Puebla,Lafragua,PV
2016,21,95,Puebla,La Magdalena Tlatlauquitepec,PV
2016,21,96,Puebla,Mazapiltepec de Juárez,PV
2016,21,97,Puebla,Mixtla,PV
2016,21,99,Puebla,Cañada Morelos,PV
2016,21,100,Puebla,Naupan,OI
2016,21,100,Puebla,Naupan,PV
2016,21,101,Puebla,Nauzontla,OI
2016,21,101,Puebla,Nauzontla,PV
2016,21,102,Puebla,Nealtican,PV
2016,21,103,Puebla,Nicolás Bravo,PV
2016,21,104,Puebla,Nopalucan,PV
2016,21,105,Puebla,Ocotepec,PV
2016,21,107,Puebla,Olintla,OI
2016,21,107,Puebla,Olintla,PV
2016,21,110,Puebla,Palmar de Bravo,PV
2016,21,111,Puebla,Pantepec,OI
2016,21,111,Puebla,Pantepec,PV
2016,21,112,Puebla,Petlalcingo,OI
2016,21,112,Puebla,Petlalcingo,PV
2016,21,113,Puebla,Piaxtla,OI
2016,21,113,Puebla,Piaxtla,PV
2016,21,115,Puebla,Quecholac,PV
2016,21,116,Puebla,Quimixtlán,OI
2016,21,116,Puebla,Quimixtlán,PV
2016,21,117,Puebla,Rafael Lara Grajales,PV
2016,21,118,Puebla,Los Reyes de Juárez,PV
2016,21,119,Puebla,San Andrés Cholula,PV
2016,21,120,Puebla,San Antonio Cañada,OI
2016,21,120,Puebla,San Antonio Cañada,PV
2016,21,121,Puebla,San Diego La Mesa Tochimiltzingo,PV
2016,21,122,Puebla,San Felipe Teotlalcingo,PV
2016,21,123,Puebla,San Felipe Tepatlán,OI
2016,21,123,Puebla,San Felipe Tepatlán,PV
2016,21,124,Puebla,San Gabriel Chilac,OI
2016,21,124,Puebla,San Gabriel Chilac,PV
2016,21,125,Puebla,San Gregorio Atzompa,PV
2016,21,126,Puebla,San Jerónimo Tecuanipan,PV
2016,21,127,Puebla,San Jerónimo Xayacatlán,OI
2016,21,127,Puebla,San Jerónimo Xayacatlán,PV
2016,21,128,Puebla,San José Chiapa,PV
2016,21,129,Puebla,San José Miahuatlán,OI
2016,21,129,Puebla,San José Miahuatlán,PV
2016,21,130,Puebla,San Juan Atenco,PV
2016,21,131,Puebla,San Juan Atzompa,PV
2016,21,132,Puebla,San Martín Texmelucan,PV
2016,21,133,Puebla,San Martín Totoltepec,OI
2016,21,133,Puebla,San Martín Totoltepec,PV
2016,21,134,Puebla,San Matías Tlalancaleca,PV
2016,21,135,Puebla,San Miguel Ixitlán,PV
2016,21,136,Puebla,San Miguel Xoxtla,PV
2016,21,137,Puebla,San Nicolás Buenos Aires,PV
2016,21,138,Puebla,San Nicolás de Los Ranchos,PV
2016,21,139,Puebla,San Pablo Anicano,OI
2016,21,139,Puebla,San Pablo Anicano,PV
2016,21,141,Puebla,San Pedro Yeloixtlahuaca,OI
2016,21,141,Puebla,San Pedro Yeloixtlahuaca,PV
2016,21,142,Puebla,San Salvador El Seco,PV
2016,21,143,Puebla,San Salvador El Verde,PV
2016,21,144,Puebla,San Salvador Huixcolotla,PV
2016,21,146,Puebla,Santa Catarina Tlaltempan,PV
2016,21,147,Puebla,Santa Inés Ahuatempan,PV
2016,21,148,Puebla,Santa Isabel Cholula,OI
2016,21,148,Puebla,Santa Isabel Cholula,PV
2016,21,149,Puebla,Santiago Miahuatlán,OI
2016,21,149,Puebla,Santiago Miahuatlán,PV
2016,21,150,Puebla,Huehuetlán El Grande,OI
2016,21,150,Puebla,Huehuetlán El Grande,PV
2016,21,151,Puebla,Santo Tomás Hueyotlipan,PV
2016,21,152,Puebla,Soltepec,PV
2016,21,155,Puebla,Tecomatlán,OI
2016,21,155,Puebla,Tecomatlán,PV
2016,21,157,Puebla,Tehuitzingo,OI
2016,21,157,Puebla,Tehuitzingo,PV
2016,21,158,Puebla,Tenampulco,OI
2016,21,158,Puebla,Tenampulco,PV
2016,21,159,Puebla,Teopantlán,OI
2016,21,159,Puebla,Teopantlán,PV
2016,21,161,Puebla,Tepanco de López,PV
2016,21,163,Puebla,Tepatlaxco de Hidalgo,PV
2016,21,164,Puebla,Tepeaca,PV
2016,21,165,Puebla,Tepemaxalco,OI
2016,21,165,Puebla,Tepemaxalco,PV
2016,21,166,Puebla,Tepeojuma,OI
2016,21,166,Puebla,Tepeojuma,PV
2016,21,167,Puebla,Tepetzintla,OI
2016,21,167,Puebla,Tepetzintla,PV
2016,21,168,Puebla,Tepexco,OI
2016,21,168,Puebla,Tepexco,PV
2016,21,169,Puebla,Tepexi de Rodríguez,OI
2016,21,169,Puebla,Tepexi de Rodríguez,PV
2016,21,171,Puebla,Tepeyahualco de Cuauhtémoc,PV
2016,21,173,Puebla,Teteles de Avila Castillo,PV
2016,21,175,Puebla,Tianguismanalco,OI
2016,21,175,Puebla,Tianguismanalco,PV
2016,21,176,Puebla,Tilapa,OI
2016,21,176,Puebla,Tilapa,PV
2016,21,177,Puebla,Tlacotepec de Benito Juárez,PV
2016,21,178,Puebla,Tlacuilotepec,OI
2016,21,178,Puebla,Tlacuilotepec,PV
2016,21,179,Puebla,Tlachichuca,OI
2016,21,179,Puebla,Tlachichuca,PV
2016,21,181,Puebla,Tlaltenango,PV
2016,21,182,Puebla,Tlanepantla,PV
2016,21,185,Puebla,Tlapanalá,OI
2016,21,185,Puebla,Tlapanalá,PV
2016,21,188,Puebla,Tochimilco,OI
2016,21,188,Puebla,Tochimilco,PV
2016,21,189,Puebla,Tochtepec,PV
2016,21,190,Puebla,Totoltepec de Guerrero,OI
2016,21,190,Puebla,Totoltepec de Guerrero,PV
2016,21,191,Puebla,Tulcingo,OI
2016,21,191,Puebla,Tulcingo,PV
2016,21,192,Puebla,Tuzamapan de Galeana,OI
2016,21,192,Puebla,Tuzamapan de Galeana,PV
2016,21,195,Puebla,Vicente Guerrero,PV
2016,21,196,Puebla,Xayacatlán de Bravo,OI
2016,21,196,Puebla,Xayacatlán de Bravo,PV
2016,21,199,Puebla,Xiutetelco,PV
2016,21,200,Puebla,Xochiapulco,PV
2016,21,201,Puebla,Xochiltepec,OI
2016,21,201,Puebla,Xochiltepec,PV
2016,21,202,Puebla,Xochitlán de Vicente Suárez,OI
2016,21,202,Puebla,Xochitlán de Vicente Suárez,PV
2016,21,203,Puebla,Xochitlán Todos Santos,PV
2016,21,204,Puebla,Yaonáhuac,OI
2016,21,204,Puebla,Yaonáhuac,PV
2016,21,205,Puebla,Yehualtepec,PV
2016,21,206,Puebla,Zacapala,OI
2016,21,206,Puebla,Zacapala,PV
2016,21,208,Puebla,Zacatlán,PV
2016,21,209,Puebla,Zapotitlán,OI
2016,21,209,Puebla,Zapotitlán,PV
2016,21,210,Puebla,Zapotitlán de Méndez,OI
2016,21,210,Puebla,Zapotitlán de Méndez,PV
2016,21,211,Puebla,Zaragoza,PV
2016,21,212,Puebla,Zautla,PV
2016,21,213,Puebla,Zihuateutla,OI
2016,21,213,Puebla,Zihuateutla,PV
2016,21,215,Puebla,Zongozotla,OI
2016,21,215,Puebla,Zongozotla,PV
2016,21,216,Puebla,Zoquiapan,OI
2016,21,216,Puebla,Zoquiapan,PV
2016,22,2,Querétaro,Pinal de Amoles,PV
2016,22,3,Querétaro,Arroyo Seco,OI
2016,22,3,Querétaro,Arroyo Seco,PV
2016,22,4,Querétaro,Cadereyta de Montes,OI
2016,22,4,Querétaro,Cadereyta de Montes,PV
2016,22,5,Querétaro,Colón,OI
2016,22,5,Querétaro,Colón,PV
2016,22,7,Querétaro,Ezequiel Montes,PV
2016,22,8,Querétaro,Huimilpan,PV
2016,22,10,Querétaro,Landa de Matamoros,PV
2016,22,12,Querétaro,Pedro Escobedo,PV
2016,22,15,Querétaro,San Joaquín,OI
2016,22,15,Querétaro,San Joaquín,PV
2016,22,17,Querétaro,Tequisquiapan,PV
2016,22,18,Querétaro,Tolimán,OI
2016,22,18,Querétaro,Tolimán,PV
2016,23,6,Quintana Roo,José María Morelos,OI
2016,23,6,Quintana Roo,José María Morelos,PV
2016,23,9,Quintana Roo,Tulum,PV
2016,23,10,Quintana Roo,Bacalar,OI
2016,23,10,Quintana Roo,Bacalar,PV
2016,24,1,San Luis Potosí,Ahualulco,PV
2016,24,2,San Luis Potosí,Alaquines,PV
2016,24,4,San Luis Potosí,Armadillo de Los Infante,PV
2016,24,5,San Luis Potosí,Cárdenas,OI
2016,24,5,San Luis Potosí,Cárdenas,PV
2016,24,6,San Luis Potosí,Catorce,PV
2016,24,7,San Luis Potosí,Cedral,PV
2016,24,9,San Luis Potosí,Cerro de San Pedro,PV
2016,24,10,San Luis Potosí,Ciudad del Maíz,PV
2016,24,11,San Luis Potosí,Ciudad Fernández,OI
2016,24,11,San Luis Potosí,Ciudad Fernández,PV
2016,24,12,San Luis Potosí,Tancanhuitz,OI
2016,24,12,San Luis Potosí,Tancanhuitz,PV
2016,24,14,San Luis Potosí,Coxcatlán,OI
2016,24,14,San Luis Potosí,Coxcatlán,PV
2016,24,15,San Luis Potosí,Charcas,PV
2016,24,17,San Luis Potosí,Guadalcázar,PV
2016,24,18,San Luis Potosí,Huehuetlán,OI
2016,24,18,San Luis Potosí,Huehuetlán,PV
2016,24,19,San Luis Potosí,Lagunillas,OI
2016,24,19,San Luis Potosí,Lagunillas,PV
2016,24,21,San Luis Potosí,Mexquitic de Carmona,PV
2016,24,22,San Luis Potosí,Moctezuma,PV
2016,24,23,San Luis Potosí,Rayón,OI
2016,24,23,San Luis Potosí,Rayón,PV
2016,24,26,San Luis Potosí,San Antonio,OI
2016,24,26,San Luis Potosí,San Antonio,PV
2016,24,29,San Luis Potosí,San Martín Chalchicuautla,OI
2016,24,29,San Luis Potosí,San Martín Chalchicuautla,PV
2016,24,30,San Luis Potosí,San Nicolás Tolentino,OI
2016,24,30,San Luis Potosí,San Nicolás Tolentino,PV
2016,24,31,San Luis Potosí,Santa Catarina,OI
2016,24,31,San Luis Potosí,Santa Catarina,PV
2016,24,33,San Luis Potosí,Santo Domingo,PV
2016,24,35,San Luis Potosí,Soledad de Graciano Sánchez,PV
2016,24,36,San Luis Potosí,Tamasopo,OI
2016,24,36,San Luis Potosí,Tamasopo,PV
2016,24,38,San Luis Potosí,Tampacán,OI
2016,24,38,San Luis Potosí,Tampacán,PV
2016,24,39,San Luis Potosí,Tampamolón Corona,PV
2016,24,42,San Luis Potosí,Tanquián de Escobedo,OI
2016,24,42,San Luis Potosí,Tanquián de Escobedo,PV
2016,24,44,San Luis Potosí,Vanegas,PV
2016,24,45,San Luis Potosí,Venado,PV
2016,24,46,San Luis Potosí,Villa de Arriaga,PV
2016,24,47,San Luis Potosí,Villa de Guadalupe,PV
2016,24,48,San Luis Potosí,Villa de La Paz,PV
2016,24,51,San Luis Potosí,Villa Hidalgo,PV
2016,24,52,San Luis Potosí,Villa Juárez,PV
2016,24,54,San Luis Potosí,Xilitla,OI
2016,24,54,San Luis Potosí,Xilitla,PV
2016,24,55,San Luis Potosí,Zaragoza,PV
2016,24,56,San Luis Potosí,Villa de Arista,PV
2016,25,2,Sinaloa,Angostura,OI
2016,25,2,Sinaloa,Angostura,PV
2016,25,4,Sinaloa,Concordia,OI
2016,25,4,Sinaloa,Concordia,PV
2016,25,9,Sinaloa,Escuinapa,OI
2016,25,9,Sinaloa,Escuinapa,PV
2016,25,18,Sinaloa,Navolato,OI
2016,25,18,Sinaloa,Navolato,PV
2016,26,5,Sonora,Arivechi,PV
2016,26,9,Sonora,Bacanora,PV
2016,26,11,Sonora,Bacoachi,PV
2016,26,12,Sonora,Bácum,OI
2016,26,12,Sonora,Bácum,PV
2016,26,14,Sonora,Baviácora,PV
2016,26,15,Sonora,Bavispe,PV
2016,26,23,Sonora,Cumpas,PV
2016,26,27,Sonora,Fronteras,PV
2016,26,32,Sonora,Huásabas,PV
2016,26,34,Sonora,Huépac,PV
2016,26,36,Sonora,Magdalena,PV
2016,26,50,Sonora,Rayón,PV
2016,26,51,Sonora,Rosario,OI
2016,26,53,Sonora,San Felipe de Jesús,PV
2016,26,55,Sonora,San Luis Río Colorado,PV
2016,26,66,Sonora,Ures,PV
2016,27,5,Tabasco,Comalcalco,OI
2016,27,5,Tabasco,Comalcalco,PV
2016,27,9,Tabasco,Jalapa,OI
2016,27,9,Tabasco,Jalapa,PV
2016,27,10,Tabasco,Jalpa de Méndez,OI
2016,27,10,Tabasco,Jalpa de Méndez,PV
2016,27,14,Tabasco,Paraíso,PV
2016,28,1,Tamaulipas,Abasolo,OI
2016,28,1,Tamaulipas,Abasolo,PV
2016,28,2,Tamaulipas,Aldama,OI
2016,28,2,Tamaulipas,Aldama,PV
2016,28,3,Tamaulipas,Altamira,OI
2016,28,3,Tamaulipas,Altamira,PV
2016,28,4,Tamaulipas,Antiguo Morelos,OI
2016,28,4,Tamaulipas,Antiguo Morelos,PV
2016,28,6,Tamaulipas,Bustamante,PV
2016,28,7,Tamaulipas,Camargo,OI
2016,28,8,Tamaulipas,Casas,OI
2016,28,8,Tamaulipas,Casas,PV
2016,28,10,Tamaulipas,Cruillas,PV
2016,28,11,Tamaulipas,Gómez Farías,OI
2016,28,11,Tamaulipas,Gómez Farías,PV
2016,28,12,Tamaulipas,González,OI
2016,28,12,Tamaulipas,González,PV
2016,28,13,Tamaulipas,Güémez,OI
2016,28,13,Tamaulipas,Güémez,PV
2016,28,15,Tamaulipas,Gustavo Díaz Ordaz,OI
2016,28,16,Tamaulipas,Hidalgo,OI
2016,28,16,Tamaulipas,Hidalgo,PV
2016,28,17,Tamaulipas,Jaumave,OI
2016,28,17,Tamaulipas,Jaumave,PV
2016,28,18,Tamaulipas,Jiménez,OI
2016,28,19,Tamaulipas,Llera,OI
2016,28,19,Tamaulipas,Llera,PV
2016,28,20,Tamaulipas,Mainero,OI
2016,28,20,Tamaulipas,Mainero,PV
2016,28,21,Tamaulipas,El Mante,OI
2016,28,21,Tamaulipas,El Mante,PV
2016,28,22,Tamaulipas,Matamoros,OI
2016,28,25,Tamaulipas,Miguel Alemán,OI
2016,28,26,Tamaulipas,Miquihuana,PV
2016,28,28,Tamaulipas,Nuevo Morelos,OI
2016,28,28,Tamaulipas,Nuevo Morelos,PV
2016,28,29,Tamaulipas,Ocampo,OI
2016,28,29,Tamaulipas,Ocampo,PV
2016,28,30,Tamaulipas,Padilla,OI
2016,28,30,Tamaulipas,Padilla,PV
2016,28,31,Tamaulipas,Palmillas,PV
2016,28,32,Tamaulipas,Reynosa,OI
2016,28,33,Tamaulipas,Río Bravo,OI
2016,28,33,Tamaulipas,Río Bravo,PV
2016,28,34,Tamaulipas,San Carlos,OI
2016,28,34,Tamaulipas,San Carlos,PV
2016,28,35,Tamaulipas,San Fernando,OI
2016,28,35,Tamaulipas,San Fernando,PV
2016,28,36,Tamaulipas,San Nicolás,OI
2016,28,36,Tamaulipas,San Nicolás,PV
2016,28,37,Tamaulipas,Soto La Marina,OI
2016,28,37,Tamaulipas,Soto La Marina,PV
2016,28,39,Tamaulipas,Tula,OI
2016,28,39,Tamaulipas,Tula,PV
2016,28,40,Tamaulipas,Valle Hermoso,OI
2016,28,41,Tamaulipas,Victoria,OI
2016,28,41,Tamaulipas,Victoria,PV
2016,28,42,Tamaulipas,Villagrán,OI
2016,28,42,Tamaulipas,Villagrán,PV
2016,28,43,Tamaulipas,Xicoténcatl,OI
2016,28,43,Tamaulipas,Xicoténcatl,PV
2016,29,1,Tlaxcala,Amaxac de Guerrero,PV
2016,29,2,Tlaxcala,Apetatitlán de Antonio Carvajal,PV
2016,29,4,Tlaxcala,Atltzayanca,PV
2016,29,5,Tlaxcala,Apizaco,PV
2016,29,9,Tlaxcala,Cuaxomulco,PV
2016,29,10,Tlaxcala,Chiautempan,PV
2016,29,11,Tlaxcala,Muñoz de Domingo Arenas,PV
2016,29,12,Tlaxcala,Españita,PV
2016,29,14,Tlaxcala,Hueyotlipan,PV
2016,29,15,Tlaxcala,Ixtacuixtla de Mariano Matamoros,PV
2016,29,16,Tlaxcala,Ixtenco,PV
2016,29,17,Tlaxcala,Mazatecochco de José María Morelos,PV
2016,29,18,Tlaxcala,Contla de Juan Cuamatzi,PV
2016,29,19,Tlaxcala,Tepetitla de Lardizábal,PV
2016,29,20,Tlaxcala,Sanctórum de Lázaro Cárdenas,PV
2016,29,21,Tlaxcala,Nanacamilpa de Mariano Arista,PV
2016,29,22,Tlaxcala,Acuamanala de Miguel Hidalgo,PV
2016,29,23,Tlaxcala,Natívitas,PV
2016,29,24,Tlaxcala,Panotla,PV
2016,29,26,Tlaxcala,Santa Cruz Tlaxcala,PV
2016,29,27,Tlaxcala,Tenancingo,PV
2016,29,28,Tlaxcala,Teolocholco,PV
2016,29,29,Tlaxcala,Tepeyanco,PV
2016,29,30,Tlaxcala,Terrenate,PV
2016,29,32,Tlaxcala,Tetlatlahuca,PV
2016,29,34,Tlaxcala,Tlaxco,PV
2016,29,35,Tlaxcala,Tocatlán,PV
2016,29,36,Tlaxcala,Totolac,PV
2016,29,38,Tlaxcala,Tzompantepec,PV
2016,29,39,Tlaxcala,Xaloztoc,PV
2016,29,40,Tlaxcala,Xaltocan,PV
2016,29,41,Tlaxcala,Papalotla de Xicohténcatl,PV
2016,29,42,Tlaxcala,Xicohtzinco,PV
2016,29,43,Tlaxcala,Yauhquemehcan,PV
2016,29,45,Tlaxcala,Benito Juárez,PV
2016,29,46,Tlaxcala,Emiliano Zapata,PV
2016,29,47,Tlaxcala,Lázaro Cárdenas,PV
2016,29,48,Tlaxcala,La Magdalena Tlaltelulco,PV
2016,29,49,Tlaxcala,San Damián Texóloc,PV
2016,29,50,Tlaxcala,San Francisco Tetlanohcan,PV
2016,29,51,Tlaxcala,San Jerónimo Zacualpan,PV
2016,29,52,Tlaxcala,San José Teacalco,PV
2016,29,53,Tlaxcala,San Juan Huactzinco,PV
2016,29,54,Tlaxcala,San Lorenzo Axocomanitla,PV
2016,29,55,Tlaxcala,San Lucas Tecopilco,PV
2016,29,56,Tlaxcala,Santa Ana Nopalucan,PV
2016,29,57,Tlaxcala,Santa Apolonia Teacalco,PV
2016,29,58,Tlaxcala,Santa Catarina Ayometla,PV
2016,29,59,Tlaxcala,Santa Cruz Quilehtla,PV
2016,29,60,Tlaxcala,Santa Isabel Xiloxoxtla,PV
2016,30,3,Veracruz,Acayucan,OI
2016,30,3,Veracruz,Acayucan,PV
2016,30,5,Veracruz,Acula,OI
2016,30,5,Veracruz,Acula,PV
2016,30,6,Veracruz,Acultzingo,PV
2016,30,8,Veracruz,Alpatláhuac,PV
2016,30,9,Veracruz,Alto Lucero de Gutiérrez Barrios,OI
2016,30,9,Veracruz,Alto Lucero de Gutiérrez Barrios,PV
2016,30,12,Veracruz,Amatitlán,OI
2016,30,12,Veracruz,Amatitlán,PV
2016,30,13,Veracruz,Naranjos Amatlán,OI
2016,30,13,Veracruz,Naranjos Amatlán,PV
2016,30,14,Veracruz,Amatlán de Los Reyes,OI
2016,30,14,Veracruz,Amatlán de Los Reyes,PV
2016,30,18,Veracruz,Aquila,PV
2016,30,19,Veracruz,Astacinga,PV
2016,30,20,Veracruz,Atlahuilco,PV
2016,30,21,Veracruz,Atoyac,OI
2016,30,21,Veracruz,Atoyac,PV
2016,30,22,Veracruz,Atzacan,OI
2016,30,22,Veracruz,Atzacan,PV
2016,30,24,Veracruz,Tlaltetela,PV
2016,30,25,Veracruz,Ayahualulco,OI
2016,30,25,Veracruz,Ayahualulco,PV
2016,30,27,Veracruz,Benito Juárez,OI
2016,30,27,Veracruz,Benito Juárez,PV
2016,30,29,Veracruz,Calcahualco,PV
2016,30,30,Veracruz,Camerino Z. Mendoza,PV
2016,30,31,Veracruz,Carrillo Puerto,OI
2016,30,33,Veracruz,Cazones de Herrera,OI
2016,30,33,Veracruz,Cazones de Herrera,PV
2016,30,34,Veracruz,Cerro Azul,OI
2016,30,34,Veracruz,Cerro Azul,PV
2016,30,35,Veracruz,Citlaltépetl,PV
2016,30,36,Veracruz,Coacoatzintla,PV
2016,30,37,Veracruz,Coahuitlán,OI
2016,30,37,Veracruz,Coahuitlán,PV
2016,30,40,Veracruz,Coatzintla,OI
2016,30,40,Veracruz,Coatzintla,PV
2016,30,41,Veracruz,Coetzala,PV
2016,30,42,Veracruz,Colipa,OI
2016,30,42,Veracruz,Colipa,PV
2016,30,43,Veracruz,Comapa,PV
2016,30,44,Veracruz,Córdoba,OI
2016,30,44,Veracruz,Córdoba,PV
2016,30,47,Veracruz,Coscomatepec,PV
2016,30,49,Veracruz,Cotaxtla,OI
2016,30,49,Veracruz,Cotaxtla,PV
2016,30,50,Veracruz,Coxquihui,OI
2016,30,50,Veracruz,Coxquihui,PV
2016,30,51,Veracruz,Coyutla,OI
2016,30,51,Veracruz,Coyutla,PV
2016,30,52,Veracruz,Cuichapa,OI
2016,30,52,Veracruz,Cuichapa,PV
2016,30,53,Veracruz,Cuitláhuac,OI
2016,30,53,Veracruz,Cuitláhuac,PV
2016,30,56,Veracruz,Chiconamel,OI
2016,30,56,Veracruz,Chiconamel,PV
2016,30,57,Veracruz,Chiconquiaco,OI
2016,30,57,Veracruz,Chiconquiaco,PV
2016,30,59,Veracruz,Chinameca,OI
2016,30,59,Veracruz,Chinameca,PV
2016,30,60,Veracruz,Chinampa de Gorostiza,OI
2016,30,60,Veracruz,Chinampa de Gorostiza,PV
2016,30,62,Veracruz,Chocamán,OI
2016,30,62,Veracruz,Chocamán,PV
2016,30,63,Veracruz,Chontla,OI
2016,30,63,Veracruz,Chontla,PV
2016,30,64,Veracruz,Chumatlán,OI
2016,30,64,Veracruz,Chumatlán,PV
2016,30,67,Veracruz,Filomeno Mata,OI
2016,30,67,Veracruz,Filomeno Mata,PV
2016,30,68,Veracruz,Fortín,PV
2016,30,69,Veracruz,Gutiérrez Zamora,OI
2016,30,69,Veracruz,Gutiérrez Zamora,PV
2016,30,70,Veracruz,Hidalgotitlán,OI
2016,30,70,Veracruz,Hidalgotitlán,PV
2016,30,74,Veracruz,Huiloapan de Cuauhtémoc,PV
2016,30,75,Veracruz,Ignacio de La Llave,OI
2016,30,75,Veracruz,Ignacio de La Llave,PV
2016,30,76,Veracruz,Ilamatlán,OI
2016,30,76,Veracruz,Ilamatlán,PV
2016,30,78,Veracruz,Ixcatepec,OI
2016,30,78,Veracruz,Ixcatepec,PV
2016,30,79,Veracruz,Ixhuacán de Los Reyes,OI
2016,30,79,Veracruz,Ixhuacán de Los Reyes,PV
2016,30,80,Veracruz,Ixhuatlán del Café,PV
2016,30,81,Veracruz,Ixhuatlancillo,PV
2016,30,82,Veracruz,Ixhuatlán del Sureste,OI
2016,30,82,Veracruz,Ixhuatlán del Sureste,PV
2016,30,83,Veracruz,Ixhuatlán de Madero,OI
2016,30,83,Veracruz,Ixhuatlán de Madero,PV
2016,30,84,Veracruz,Ixmatlahuacan,OI
2016,30,84,Veracruz,Ixmatlahuacan,PV
2016,30,85,Veracruz,Ixtaczoquitlán,PV
2016,30,86,Veracruz,Jalacingo,OI
2016,30,86,Veracruz,Jalacingo,PV
2016,30,88,Veracruz,Jalcomulco,PV
2016,30,89,Veracruz,Jáltipan,OI
2016,30,89,Veracruz,Jáltipan,PV
2016,30,90,Veracruz,Jamapa,OI
2016,30,90,Veracruz,Jamapa,PV
2016,30,92,Veracruz,Xico,PV
2016,30,94,Veracruz,Juan Rodríguez Clara,OI
2016,30,94,Veracruz,Juan Rodríguez Clara,PV
2016,30,95,Veracruz,Juchique de Ferrer,OI
2016,30,95,Veracruz,Juchique de Ferrer,PV
2016,30,96,Veracruz,Landero Y Coss,PV
2016,30,98,Veracruz,Magdalena,PV
2016,30,99,Veracruz,Maltrata,PV
2016,30,103,Veracruz,Mecatlán,OI
2016,30,103,Veracruz,Mecatlán,PV
2016,30,106,Veracruz,Miahuatlán,PV
2016,30,107,Veracruz,Las Minas,OI
2016,30,107,Veracruz,Las Minas,PV
2016,30,110,Veracruz,Mixtla de Altamirano,PV
2016,30,113,Veracruz,Naranjal,PV
2016,30,115,Veracruz,Nogales,PV
2016,30,116,Veracruz,Oluta,OI
2016,30,116,Veracruz,Oluta,PV
2016,30,117,Veracruz,Omealca,OI
2016,30,117,Veracruz,Omealca,PV
2016,30,119,Veracruz,Otatitlán,OI
2016,30,119,Veracruz,Otatitlán,PV
2016,30,120,Veracruz,Oteapan,OI
2016,30,120,Veracruz,Oteapan,PV
2016,30,121,Veracruz,Ozuluama de Mascareñas,OI
2016,30,121,Veracruz,Ozuluama de Mascareñas,PV
2016,30,122,Veracruz,Pajapan,OI
2016,30,122,Veracruz,Pajapan,PV
2016,30,124,Veracruz,Papantla,OI
2016,30,125,Veracruz,Paso del Macho,PV
2016,30,127,Veracruz,La Perla,PV
2016,30,129,Veracruz,Platón Sánchez,OI
2016,30,129,Veracruz,Platón Sánchez,PV
2016,30,130,Veracruz,Playa Vicente,OI
2016,30,130,Veracruz,Playa Vicente,PV
2016,30,133,Veracruz,Pueblo Viejo,OI
2016,30,133,Veracruz,Pueblo Viejo,PV
2016,30,135,Veracruz,Rafael Delgado,PV
2016,30,136,Veracruz,Rafael Lucio,PV
2016,30,137,Veracruz,Los Reyes,PV
2016,30,138,Veracruz,Río Blanco,PV
2016,30,139,Veracruz,Saltabarranca,OI
2016,30,139,Veracruz,Saltabarranca,PV
2016,30,140,Veracruz,San Andrés Tenejapan,PV
2016,30,144,Veracruz,Sayula de Alemán,OI
2016,30,144,Veracruz,Sayula de Alemán,PV
2016,30,145,Veracruz,Soconusco,OI
2016,30,145,Veracruz,Soconusco,PV
2016,30,146,Veracruz,Sochiapa,PV
2016,30,147,Veracruz,Soledad Atzompa,PV
2016,30,148,Veracruz,Soledad de Doblado,OI
2016,30,148,Veracruz,Soledad de Doblado,PV
2016,30,149,Veracruz,Soteapan,OI
2016,30,149,Veracruz,Soteapan,PV
2016,30,150,Veracruz,Tamalín,OI
2016,30,150,Veracruz,Tamalín,PV
2016,30,151,Veracruz,Tamiahua,OI
2016,30,151,Veracruz,Tamiahua,PV
2016,30,152,Veracruz,Tampico Alto,OI
2016,30,152,Veracruz,Tampico Alto,PV
2016,30,153,Veracruz,Tancoco,OI
2016,30,153,Veracruz,Tancoco,PV
2016,30,154,Veracruz,Tantima,OI
2016,30,154,Veracruz,Tantima,PV
2016,30,156,Veracruz,Tatatila,OI
2016,30,156,Veracruz,Tatatila,PV
2016,30,157,Veracruz,Castillo de Teayo,OI
2016,30,157,Veracruz,Castillo de Teayo,PV
2016,30,158,Veracruz,Tecolutla,OI
2016,30,158,Veracruz,Tecolutla,PV
2016,30,159,Veracruz,Tehuipango,PV
2016,30,162,Veracruz,Tenampa,PV
2016,30,165,Veracruz,Tepatlaxco,OI
2016,30,165,Veracruz,Tepatlaxco,PV
2016,30,166,Veracruz,Tepetlán,OI
2016,30,166,Veracruz,Tepetlán,PV
2016,30,168,Veracruz,Tequila,PV
2016,30,170,Veracruz,Texcatepec,OI
2016,30,170,Veracruz,Texcatepec,PV
2016,30,171,Veracruz,Texhuacán,PV
2016,30,172,Veracruz,Texistepec,OI
2016,30,172,Veracruz,Texistepec,PV
2016,30,173,Veracruz,Tezonapa,OI
2016,30,173,Veracruz,Tezonapa,PV
2016,30,176,Veracruz,Tlacojalpan,OI
2016,30,176,Veracruz,Tlacojalpan,PV
2016,30,177,Veracruz,Tlacolulan,PV
2016,30,178,Veracruz,Tlacotalpan,OI
2016,30,178,Veracruz,Tlacotalpan,PV
2016,30,179,Veracruz,Tlacotepec de Mejía,PV
2016,30,180,Veracruz,Tlachichilco,OI
2016,30,180,Veracruz,Tlachichilco,PV
2016,30,181,Veracruz,Tlalixcoyan,OI
2016,30,181,Veracruz,Tlalixcoyan,PV
2016,30,183,Veracruz,Tlapacoyan,OI
2016,30,183,Veracruz,Tlapacoyan,PV
2016,30,184,Veracruz,Tlaquilpa,PV
2016,30,185,Veracruz,Tlilapan,PV
2016,30,186,Veracruz,Tomatlán,PV
2016,30,187,Veracruz,Tonayán,PV
2016,30,190,Veracruz,Tuxtilla,OI
2016,30,190,Veracruz,Tuxtilla,PV
2016,30,192,Veracruz,Vega de Alatorre,OI
2016,30,192,Veracruz,Vega de Alatorre,PV
2016,30,193,Veracruz,Veracruz,OI
2016,30,193,Veracruz,Veracruz,PV
2016,30,194,Veracruz,Villa Aldama,PV
2016,30,195,Veracruz,Xoxocotla,PV
2016,30,196,Veracruz,Yanga,PV
2016,30,197,Veracruz,Yecuatla,OI
2016,30,197,Veracruz,Yecuatla,PV
2016,30,198,Veracruz,Zacualpan,OI
2016,30,198,Veracruz,Zacualpan,PV
2016,30,200,Veracruz,Zentla,PV
2016,30,202,Veracruz,Zontecomatlán de López Y Fuentes,OI
2016,30,202,Veracruz,Zontecomatlán de López Y Fuentes,PV
2016,30,203,Veracruz,Zozocolco de Hidalgo,OI
2016,30,203,Veracruz,Zozocolco de Hidalgo,PV
2016,30,206,Veracruz,Nanchital de Lázaro Cárdenas del Río,OI
2016,30,206,Veracruz,Nanchital de Lázaro Cárdenas del Río,PV
2016,30,207,Veracruz,Tres Valles,OI
2016,30,207,Veracruz,Tres Valles,PV
2016,30,208,Veracruz,Carlos A. Carrillo,OI
2016,30,208,Veracruz,Carlos A. Carrillo,PV
2016,30,209,Veracruz,Uxpanapa,OI
2016,30,209,Veracruz,Uxpanapa,PV
2016,30,210,Veracruz,Tatahuicapan de Juárez,OI
2016,30,210,Veracruz,Tatahuicapan de Juárez,PV
2016,30,211,Veracruz,San Rafael,OI
2016,30,211,Veracruz,San Rafael,PV
2016,30,212,Veracruz,Santiago Sochiapan,OI
2016,30,212,Veracruz,Santiago Sochiapan,PV
2016,31,2,Yucatán,Acanceh,PV
2016,31,3,Yucatán,Akil,OI
2016,31,3,Yucatán,Akil,PV
2016,31,4,Yucatán,Baca,PV
2016,31,5,Yucatán,Bokobá,PV
2016,31,6,Yucatán,Buctzotz,PV
2016,31,7,Yucatán,Cacalchén,PV
2016,31,8,Yucatán,Calotmul,PV
2016,31,9,Yucatán,Cansahcab,PV
2016,31,12,Yucatán,Cenotillo,PV
2016,31,14,Yucatán,Cuncunul,PV
2016,31,16,Yucatán,Chacsinkín,PV
2016,31,17,Yucatán,Chankom,PV
2016,31,18,Yucatán,Chapab,PV
2016,31,21,Yucatán,Chichimilá,PV
2016,31,24,Yucatán,Chumayel,PV
2016,31,26,Yucatán,Dzemul,PV
2016,31,28,Yucatán,Dzilam de Bravo,PV
2016,31,29,Yucatán,Dzilam González,PV
2016,31,30,Yucatán,Dzitás,PV
2016,31,31,Yucatán,Dzoncauich,PV
2016,31,32,Yucatán,Espita,PV
2016,31,33,Yucatán,Halachó,PV
2016,31,34,Yucatán,Hocabá,PV
2016,31,35,Yucatán,Hoctún,PV
2016,31,36,Yucatán,Homún,PV
2016,31,37,Yucatán,Huhí,PV
2016,31,38,Yucatán,Hunucmá,PV
2016,31,40,Yucatán,Izamal,PV
2016,31,42,Yucatán,Kantunil,PV
2016,31,43,Yucatán,Kaua,PV
2016,31,44,Yucatán,Kinchil,PV
2016,31,45,Yucatán,Kopomá,PV
2016,31,46,Yucatán,Mama,PV
2016,31,47,Yucatán,Maní,OI
2016,31,47,Yucatán,Maní,PV
2016,31,48,Yucatán,Maxcanú,PV
2016,31,49,Yucatán,Mayapán,PV
2016,31,54,Yucatán,Muxupip,PV
2016,31,57,Yucatán,Panabá,OI
2016,31,57,Yucatán,Panabá,PV
2016,31,60,Yucatán,Quintana Roo,PV
2016,31,62,Yucatán,Sacalum,OI
2016,31,62,Yucatán,Sacalum,PV
2016,31,63,Yucatán,Samahil,PV
2016,31,64,Yucatán,Sanahcat,PV
2016,31,66,Yucatán,Santa Elena,OI
2016,31,66,Yucatán,Santa Elena,PV
2016,31,67,Yucatán,Seyé,PV
2016,31,68,Yucatán,Sinanché,PV
2016,31,69,Yucatán,Sotuta,PV
2016,31,70,Yucatán,Sucilá,OI
2016,31,70,Yucatán,Sucilá,PV
2016,31,71,Yucatán,Sudzal,PV
2016,31,72,Yucatán,Suma,PV
2016,31,73,Yucatán,Tahdziú,PV
2016,31,74,Yucatán,Tahmek,PV
2016,31,75,Yucatán,Teabo,PV
2016,31,76,Yucatán,Tecoh,PV
2016,31,77,Yucatán,Tekal de Venegas,PV
2016,31,78,Yucatán,Tekantó,PV
2016,31,80,Yucatán,Tekit,PV
2016,31,81,Yucatán,Tekom,PV
2016,31,82,Yucatán,Telchac Pueblo,PV
2016,31,83,Yucatán,Telchac Puerto,PV
2016,31,84,Yucatán,Temax,PV
2016,31,85,Yucatán,Temozón,OI
2016,31,85,Yucatán,Temozón,PV
2016,31,86,Yucatán,Tepakán,PV
2016,31,87,Yucatán,Tetiz,PV
2016,31,88,Yucatán,Teya,PV
2016,31,90,Yucatán,Timucuy,PV
2016,31,91,Yucatán,Tinum,PV
2016,31,92,Yucatán,Tixcacalcupul,PV
2016,31,93,Yucatán,Tixkokob,PV
2016,31,94,Yucatán,Tixmehuac,PV
2016,31,95,Yucatán,Tixpéhual,PV
2016,31,97,Yucatán,Tunkás,PV
2016,31,99,Yucatán,Uayma,PV
2016,31,100,Yucatán,Ucú,PV
2016,31,101,Yucatán,Umán,PV
2016,31,103,Yucatán,Xocchel,PV
2016,31,104,Yucatán,Yaxcabá,PV
2016,31,105,Yucatán,Yaxkukul,PV
2016,31,106,Yucatán,Yobaín,PV
2016,32,2,Zacatecas,Apulco,PV
2016,32,4,Zacatecas,Benito Juárez,PV
2016,32,11,Zacatecas,Trinidad García de La Cadena,PV
2016,32,13,Zacatecas,General Enrique Estrada,PV
2016,32,18,Zacatecas,Huanusco,PV
2016,32,21,Zacatecas,Jiménez del Teul,PV
2016,32,27,Zacatecas,Melchor Ocampo,PV
2016,32,33,Zacatecas,Moyahua de Estrada,OI
2016,32,33,Zacatecas,Moyahua de Estrada,PV
2016,32,35,Zacatecas,Noria de Ángeles,PV
2016,32,41,Zacatecas,El Salvador,PV
2016,32,50,Zacatecas,Vetagrande,PV
2016,32,52,Zacatecas,Villa García,PV
2016,32,57,Zacatecas,Trancoso,PV
2016,32,58,Zacatecas,Santa María de La Paz,PV
2017,1,5,Aguascalientes,Jesús María,PV
2017,1,11,Aguascalientes,San Francisco de Los Romo,PV
2017,4,1,Campeche,Calkiní,OI
2017,4,1,Campeche,Calkiní,PV
2017,4,8,Campeche,Tenabo,OI
2017,4,8,Campeche,Tenabo,PV
2017,5,1,Coahuila,Abasolo,PV
2017,5,6,Coahuila,Castaños,PV
2017,5,8,Coahuila,Escobedo,PV
2017,5,10,Coahuila,Frontera,PV
2017,5,11,Coahuila,General Cepeda,PV
2017,5,12,Coahuila,Guerrero,PV
2017,5,13,Coahuila,Hidalgo,PV
2017,5,19,Coahuila,Morelos,PV
2017,5,20,Coahuila,Múzquiz,PV
2017,5,21,Coahuila,Nadadores,PV
2017,5,22,Coahuila,Nava,PV
2017,5,29,Coahuila,Sacramento,PV
2017,5,31,Coahuila,San Buenaventura,PV
2017,5,32,Coahuila,San Juan de Sabinas,PV
2017,5,36,Coahuila,Viesca,PV
2017,5,37,Coahuila,Villa Unión,PV
2017,5,38,Coahuila,Zaragoza,PV
2017,6,8,Colima,Minatitlán,OI
2017,6,8,Colima,Minatitlán,PV
2017,6,10,Colima,Villa de Álvarez,OI
2017,6,10,Colima,Villa de Álvarez,PV
2017,7,6,Chiapas,Amatenango de La Frontera,PV
2017,7,7,Chiapas,Amatenango del Valle,PV
2017,7,10,Chiapas,Bejucal de Ocampo,PV
2017,7,11,Chiapas,Bella Vista,PV
2017,7,12,Chiapas,Berriozábal,PV
2017,7,16,Chiapas,Catazajá,PV
2017,7,18,Chiapas,Coapilla,PV
2017,7,21,Chiapas,Copainalá,OI
2017,7,21,Chiapas,Copainalá,PV
2017,7,22,Chiapas,Chalchihuitán,OI
2017,7,22,Chiapas,Chalchihuitán,PV
2017,7,23,Chiapas,Chamula,PV
2017,7,24,Chiapas,Chanal,PV
2017,7,25,Chiapas,Chapultenango,OI
2017,7,25,Chiapas,Chapultenango,PV
2017,7,26,Chiapas,Chenalhó,OI
2017,7,26,Chiapas,Chenalhó,PV
2017,7,28,Chiapas,Chiapilla,PV
2017,7,31,Chiapas,Chilón,PV
2017,7,33,Chiapas,Francisco León,OI
2017,7,33,Chiapas,Francisco León,PV
2017,7,35,Chiapas,Frontera Hidalgo,OI
2017,7,35,Chiapas,Frontera Hidalgo,PV
2017,7,36,Chiapas,La Grandeza,PV
2017,7,39,Chiapas,Huitiupán,OI
2017,7,39,Chiapas,Huitiupán,PV
2017,7,41,Chiapas,La Independencia,OI
2017,7,41,Chiapas,La Independencia,PV
2017,7,42,Chiapas,Ixhuatán,OI
2017,7,42,Chiapas,Ixhuatán,PV
2017,7,43,Chiapas,Ixtacomitán,OI
2017,7,43,Chiapas,Ixtacomitán,PV
2017,7,45,Chiapas,Ixtapangajoya,OI
2017,7,45,Chiapas,Ixtapangajoya,PV
2017,7,47,Chiapas,Jitotol,OI
2017,7,47,Chiapas,Jitotol,PV
2017,7,48,Chiapas,Juárez,OI
2017,7,48,Chiapas,Juárez,PV
2017,7,50,Chiapas,La Libertad,OI
2017,7,50,Chiapas,La Libertad,PV
2017,7,52,Chiapas,Las Margaritas,PV
2017,7,53,Chiapas,Mazapa de Madero,PV
2017,7,54,Chiapas,Mazatán,OI
2017,7,54,Chiapas,Mazatán,PV
2017,7,55,Chiapas,Metapa,OI
2017,7,55,Chiapas,Metapa,PV
2017,7,56,Chiapas,Mitontic,OI
2017,7,56,Chiapas,Mitontic,PV
2017,7,58,Chiapas,Nicolás Ruíz,PV
2017,7,66,Chiapas,Pantelhó,OI
2017,7,66,Chiapas,Pantelhó,PV
2017,7,67,Chiapas,Pantepec,OI
2017,7,67,Chiapas,Pantepec,PV
2017,7,70,Chiapas,El Porvenir,PV
2017,7,73,Chiapas,Rayón,OI
2017,7,73,Chiapas,Rayón,PV
2017,7,75,Chiapas,Las Rosas,OI
2017,7,75,Chiapas,Las Rosas,PV
2017,7,76,Chiapas,Sabanilla,OI
2017,7,76,Chiapas,Sabanilla,PV
2017,7,79,Chiapas,San Fernando,PV
2017,7,81,Chiapas,Simojovel,OI
2017,7,81,Chiapas,Simojovel,PV
2017,7,83,Chiapas,Socoltenango,OI
2017,7,83,Chiapas,Socoltenango,PV
2017,7,90,Chiapas,Tapalapa,OI
2017,7,90,Chiapas,Tapalapa,PV
2017,7,91,Chiapas,Tapilula,OI
2017,7,91,Chiapas,Tapilula,PV
2017,7,93,Chiapas,Tenejapa,OI
2017,7,93,Chiapas,Tenejapa,PV
2017,7,94,Chiapas,Teopisca,PV
2017,7,96,Chiapas,Tila,PV
2017,7,98,Chiapas,Totolapa,OI
2017,7,98,Chiapas,Totolapa,PV
2017,7,100,Chiapas,Tumbalá,OI
2017,7,100,Chiapas,Tumbalá,PV
2017,7,102,Chiapas,Tuxtla Chico,PV
2017,7,103,Chiapas,Tuzantán,OI
2017,7,103,Chiapas,Tuzantán,PV
2017,7,104,Chiapas,Tzimol,OI
2017,7,104,Chiapas,Tzimol,PV
2017,7,105,Chiapas,Unión Juárez,PV
2017,7,109,Chiapas,Yajalón,OI
2017,7,109,Chiapas,Yajalón,PV
2017,7,110,Chiapas,San Lucas,OI
2017,7,110,Chiapas,San Lucas,PV
2017,7,111,Chiapas,Zinacantán,PV
2017,7,112,Chiapas,San Juan Cancuc,OI
2017,7,112,Chiapas,San Juan Cancuc,PV
2017,7,113,Chiapas,Aldama,PV
2017,7,114,Chiapas,Benemérito de Las Américas,OI
2017,7,114,Chiapas,Benemérito de Las Américas,PV
2017,7,115,Chiapas,Maravilla Tenejapa,OI
2017,7,115,Chiapas,Maravilla Tenejapa,PV
2017,7,116,Chiapas,Marqués de Comillas,OI
2017,7,116,Chiapas,Marqués de Comillas,PV
2017,7,117,Chiapas,Montecristo de Guerrero,PV
2017,7,118,Chiapas,San Andrés Duraznal,OI
2017,7,118,Chiapas,San Andrés Duraznal,PV
2017,7,119,Chiapas,Santiago El Pinar,PV
2017,8,3,Chihuahua,Allende,PV
2017,8,5,Chihuahua,Ascensión,PV
2017,8,9,Chihuahua,Bocoyna,PV
2017,8,13,Chihuahua,Casas Grandes,PV
2017,8,18,Chihuahua,Cusihuiriachi,PV
2017,8,23,Chihuahua,Galeana,PV
2017,8,25,Chihuahua,Gómez Farías,PV
2017,8,30,Chihuahua,Guazapares,PV
2017,8,33,Chihuahua,Huejotitán,PV
2017,8,34,Chihuahua,Ignacio Zaragoza,PV
2017,8,44,Chihuahua,Matamoros,PV
2017,8,46,Chihuahua,Morelos,PV
2017,8,47,Chihuahua,Moris,PV
2017,8,54,Chihuahua,Riva Palacio,PV
2017,8,56,Chihuahua,Rosario,PV
2017,8,60,Chihuahua,Santa Bárbara,PV
2017,8,64,Chihuahua,El Tule,PV
2017,8,66,Chihuahua,Uruachi,PV
2017,10,2,Durango,Canelas,OI
2017,10,2,Durango,Canelas,PV
2017,10,3,Durango,Coneto de Comonfort,PV
2017,10,6,Durango,General Simón Bolívar,PV
2017,10,14,Durango,Mezquital,PV
2017,10,16,Durango,Nombre de Dios,PV
2017,10,19,Durango,Otáez,PV
2017,10,21,Durango,Peñón Blanco,PV
2017,10,23,Durango,Pueblo Nuevo,PV
2017,10,28,Durango,San Juan del Río,PV
2017,10,29,Durango,San Luis del Cordero,PV
2017,10,37,Durango,Topia,OI
2017,10,37,Durango,Topia,PV
2017,10,38,Durango,Vicente Guerrero,PV
2017,10,39,Durango,Nuevo Ideal,PV
2017,11,13,Guanajuato,Doctor Mora,PV
2017,11,16,Guanajuato,Huanímaro,PV
2017,11,21,Guanajuato,Moroleón,PV
2017,11,24,Guanajuato,Pueblo Nuevo,PV
2017,11,29,Guanajuato,San Diego de La Unión,PV
2017,11,31,Guanajuato,San Francisco del Rincón,PV
2017,11,32,Guanajuato,San José Iturbide,PV
2017,11,34,Guanajuato,Santa Catarina,PV
2017,11,35,Guanajuato,Santa Cruz de Juventino Rosas,PV
2017,11,36,Guanajuato,Santiago Maravatío,PV
2017,11,38,Guanajuato,Tarandacuao,PV
2017,11,40,Guanajuato,Tierra Blanca,PV
2017,11,41,Guanajuato,Uriangato,PV
2017,11,43,Guanajuato,Victoria,PV
2017,11,44,Guanajuato,Villagrán,PV
2017,12,4,Guerrero,Alcozauca de Guerrero,OI
2017,12,4,Guerrero,Alcozauca de Guerrero,PV
2017,12,6,Guerrero,Apaxtla,PV
2017,12,9,Guerrero,Atlamajalcingo del Monte,PV
2017,12,10,Guerrero,Atlixtac,OI
2017,12,10,Guerrero,Atlixtac,PV
2017,12,13,Guerrero,Azoyú,OI
2017,12,13,Guerrero,Azoyú,PV
2017,12,17,Guerrero,Cocula,OI
2017,12,17,Guerrero,Cocula,PV
2017,12,18,Guerrero,Copala,PV
2017,12,19,Guerrero,Copalillo,OI
2017,12,19,Guerrero,Copalillo,PV
2017,12,20,Guerrero,Copanatoyac,OI
2017,12,20,Guerrero,Copanatoyac,PV
2017,12,24,Guerrero,Cualác,PV
2017,12,25,Guerrero,Cuautepec,OI
2017,12,25,Guerrero,Cuautepec,PV
2017,12,26,Guerrero,Cuetzala del Progreso,OI
2017,12,26,Guerrero,Cuetzala del Progreso,PV
2017,12,27,Guerrero,Cutzamala de Pinzón,OI
2017,12,27,Guerrero,Cutzamala de Pinzón,PV
2017,12,30,Guerrero,Florencio Villarreal,OI
2017,12,30,Guerrero,Florencio Villarreal,PV
2017,12,31,Guerrero,General Canuto A. Neri,PV
2017,12,33,Guerrero,Huamuxtitlán,OI
2017,12,33,Guerrero,Huamuxtitlán,PV
2017,12,37,Guerrero,Ixcateopan de Cuauhtémoc,PV
2017,12,41,Guerrero,Malinaltepec,OI
2017,12,41,Guerrero,Malinaltepec,PV
2017,12,42,Guerrero,Mártir de Cuilapan,PV
2017,12,43,Guerrero,Metlatónoc,OI
2017,12,43,Guerrero,Metlatónoc,PV
2017,12,47,Guerrero,Pedro Ascencio Alquisiras,PV
2017,12,49,Guerrero,Pilcaya,OI
2017,12,49,Guerrero,Pilcaya,PV
2017,12,51,Guerrero,Quechultenango,OI
2017,12,51,Guerrero,Quechultenango,PV
2017,12,52,Guerrero,San Luis Acatlán,OI
2017,12,52,Guerrero,San Luis Acatlán,PV
2017,12,54,Guerrero,San Miguel Totolapan,OI
2017,12,54,Guerrero,San Miguel Totolapan,PV
2017,12,56,Guerrero,Tecoanapa,PV
2017,12,58,Guerrero,Teloloapan,OI
2017,12,58,Guerrero,Teloloapan,PV
2017,12,60,Guerrero,Tetipac,OI
2017,12,60,Guerrero,Tetipac,PV
2017,12,62,Guerrero,Tlacoachistlahuaca,OI
2017,12,62,Guerrero,Tlacoachistlahuaca,PV
2017,12,63,Guerrero,Tlacoapa,OI
2017,12,63,Guerrero,Tlacoapa,PV
2017,12,64,Guerrero,Tlalchapa,OI
2017,12,64,Guerrero,Tlalchapa,PV
2017,12,65,Guerrero,Tlalixtaquilla de Maldonado,OI
2017,12,65,Guerrero,Tlalixtaquilla de Maldonado,PV
2017,12,67,Guerrero,Tlapehuala,OI
2017,12,67,Guerrero,Tlapehuala,PV
2017,12,69,Guerrero,Xalpatláhuac,OI
2017,12,69,Guerrero,Xalpatláhuac,PV
2017,12,71,Guerrero,Xochistlahuaca,OI
2017,12,71,Guerrero,Xochistlahuaca,PV
2017,12,72,Guerrero,Zapotitlán Tablas,OI
2017,12,72,Guerrero,Zapotitlán Tablas,PV
2017,12,74,Guerrero,Zitlala,OI
2017,12,74,Guerrero,Zitlala,PV
2017,12,75,Guerrero,Eduardo Neri,OI
2017,12,75,Guerrero,Eduardo Neri,PV
2017,12,76,Guerrero,Acatepec,OI
2017,12,76,Guerrero,Acatepec,PV
2017,12,77,Guerrero,Marquelia,OI
2017,12,77,Guerrero,Marquelia,PV
2017,12,78,Guerrero,Cochoapa El Grande,OI
2017,12,78,Guerrero,Cochoapa El Grande,PV
2017,12,79,Guerrero,José Joaquín de Herrera,PV
2017,12,80,Guerrero,Juchitán,OI
2017,12,80,Guerrero,Juchitán,PV
2017,12,81,Guerrero,Iliatenco,PV
2017,13,1,Hidalgo,Acatlán,PV
2017,13,2,Hidalgo,Acaxochitlán,PV
2017,13,4,Hidalgo,Agua Blanca de Iturbide,PV
2017,13,5,Hidalgo,Ajacuba,PV
2017,13,7,Hidalgo,Almoloya,PV
2017,13,8,Hidalgo,Apan,PV
2017,13,9,Hidalgo,El Arenal,PV
2017,13,10,Hidalgo,Atitalaquia,PV
2017,13,12,Hidalgo,Atotonilco El Grande,PV
2017,13,14,Hidalgo,Calnali,OI
2017,13,14,Hidalgo,Calnali,PV
2017,13,15,Hidalgo,Cardonal,PV
2017,13,17,Hidalgo,Chapantongo,PV
2017,13,18,Hidalgo,Chapulhuacán,OI
2017,13,18,Hidalgo,Chapulhuacán,PV
2017,13,20,Hidalgo,Eloxochitlán,OI
2017,13,20,Hidalgo,Eloxochitlán,PV
2017,13,21,Hidalgo,Emiliano Zapata,PV
2017,13,22,Hidalgo,Epazoyucan,PV
2017,13,23,Hidalgo,Francisco I. Madero,PV
2017,13,24,Hidalgo,Huasca de Ocampo,PV
2017,13,26,Hidalgo,Huazalingo,OI
2017,13,26,Hidalgo,Huazalingo,PV
2017,13,27,Hidalgo,Huehuetla,OI
2017,13,27,Hidalgo,Huehuetla,PV
2017,13,31,Hidalgo,Jacala de Ledezma,OI
2017,13,31,Hidalgo,Jacala de Ledezma,PV
2017,13,32,Hidalgo,Jaltocán,OI
2017,13,32,Hidalgo,Jaltocán,PV
2017,13,33,Hidalgo,Juárez Hidalgo,PV
2017,13,34,Hidalgo,Lolotla,OI
2017,13,34,Hidalgo,Lolotla,PV
2017,13,35,Hidalgo,Metepec,PV
2017,13,36,Hidalgo,San Agustín Metzquititlán,OI
2017,13,36,Hidalgo,San Agustín Metzquititlán,PV
2017,13,39,Hidalgo,Mineral del Monte,PV
2017,13,40,Hidalgo,La Misión,PV
2017,13,42,Hidalgo,Molango de Escamilla,OI
2017,13,42,Hidalgo,Molango de Escamilla,PV
2017,13,43,Hidalgo,Nicolás Flores,OI
2017,13,43,Hidalgo,Nicolás Flores,PV
2017,13,44,Hidalgo,Nopala de Villagrán,PV
2017,13,45,Hidalgo,Omitlán de Juárez,PV
2017,13,47,Hidalgo,Pacula,OI
2017,13,47,Hidalgo,Pacula,PV
2017,13,49,Hidalgo,Pisaflores,PV
2017,13,50,Hidalgo,Progreso de Obregón,PV
2017,13,51,Hidalgo,Mineral de La Reforma,PV
2017,13,52,Hidalgo,San Agustín Tlaxiaca,PV
2017,13,53,Hidalgo,San Bartolo Tutotepec,OI
2017,13,53,Hidalgo,San Bartolo Tutotepec,PV
2017,13,54,Hidalgo,San Salvador,PV
2017,13,55,Hidalgo,Santiago de Anaya,PV
2017,13,56,Hidalgo,Santiago Tulantepec de Lugo Guerrero,PV
2017,13,57,Hidalgo,Singuilucan,PV
2017,13,58,Hidalgo,Tasquillo,PV
2017,13,59,Hidalgo,Tecozautla,OI
2017,13,59,Hidalgo,Tecozautla,PV
2017,13,60,Hidalgo,Tenango de Doria,OI
2017,13,60,Hidalgo,Tenango de Doria,PV
2017,13,61,Hidalgo,Tepeapulco,PV
2017,13,62,Hidalgo,Tepehuacán de Guerrero,OI
2017,13,62,Hidalgo,Tepehuacán de Guerrero,PV
2017,13,63,Hidalgo,Tepeji del Río de Ocampo,PV
2017,13,65,Hidalgo,Tetepango,PV
2017,13,66,Hidalgo,Villa de Tezontepec,PV
2017,13,67,Hidalgo,Tezontepec de Aldama,PV
2017,13,68,Hidalgo,Tianguistengo,OI
2017,13,68,Hidalgo,Tianguistengo,PV
2017,13,69,Hidalgo,Tizayuca,PV
2017,13,70,Hidalgo,Tlahuelilpan,PV
2017,13,71,Hidalgo,Tlahuiltepa,OI
2017,13,71,Hidalgo,Tlahuiltepa,PV
2017,13,72,Hidalgo,Tlanalapa,PV
2017,13,74,Hidalgo,Tlaxcoapan,PV
2017,13,75,Hidalgo,Tolcayuca,PV
2017,13,78,Hidalgo,Xochiatipan,OI
2017,13,78,Hidalgo,Xochiatipan,PV
2017,13,79,Hidalgo,Xochicoatlán,OI
2017,13,79,Hidalgo,Xochicoatlán,PV
2017,13,80,Hidalgo,Yahualica,OI
2017,13,80,Hidalgo,Yahualica,PV
2017,13,82,Hidalgo,Zapotlán de Juárez,PV
2017,13,83,Hidalgo,Zempoala,PV
2017,14,1,Jalisco,Acatic,PV
2017,14,3,Jalisco,Ahualulco de Mercado,PV
2017,14,4,Jalisco,Amacueca,OI
2017,14,4,Jalisco,Amacueca,PV
2017,14,7,Jalisco,San Juanito de Escobedo,PV
2017,14,8,Jalisco,Arandas,PV
2017,14,9,Jalisco,El Arenal,PV
2017,14,10,Jalisco,Atemajac de Brizuela,PV
2017,14,11,Jalisco,Atengo,PV
2017,14,12,Jalisco,Atenguillo,PV
2017,14,13,Jalisco,Atotonilco El Alto,PV
2017,14,14,Jalisco,Atoyac,OI
2017,14,14,Jalisco,Atoyac,PV
2017,14,15,Jalisco,Autlán de Navarro,PV
2017,14,18,Jalisco,La Barca,PV
2017,14,20,Jalisco,Cabo Corrientes,OI
2017,14,20,Jalisco,Cabo Corrientes,PV
2017,14,21,Jalisco,Casimiro Castillo,OI
2017,14,21,Jalisco,Casimiro Castillo,PV
2017,14,24,Jalisco,Cocula,PV
2017,14,26,Jalisco,Concepción de Buenos Aires,PV
2017,14,27,Jalisco,Cuautitlán de García Barragán,OI
2017,14,27,Jalisco,Cuautitlán de García Barragán,PV
2017,14,28,Jalisco,Cuautla,PV
2017,14,29,Jalisco,Cuquío,PV
2017,14,31,Jalisco,Chimaltitán,OI
2017,14,32,Jalisco,Chiquilistlán,PV
2017,14,35,Jalisco,Encarnación de Díaz,PV
2017,14,36,Jalisco,Etzatlán,PV
2017,14,37,Jalisco,El Grullo,PV
2017,14,38,Jalisco,Guachinango,OI
2017,14,38,Jalisco,Guachinango,PV
2017,14,42,Jalisco,Huejuquilla El Alto,PV
2017,14,43,Jalisco,La Huerta,OI
2017,14,43,Jalisco,La Huerta,PV
2017,14,44,Jalisco,Ixtlahuacán de Los Membrillos,PV
2017,14,45,Jalisco,Ixtlahuacán del Río,PV
2017,14,48,Jalisco,Jesús María,PV
2017,14,50,Jalisco,Jocotepec,PV
2017,14,52,Jalisco,Juchitlán,PV
2017,14,55,Jalisco,Magdalena,OI
2017,14,55,Jalisco,Magdalena,PV
2017,14,56,Jalisco,Santa María del Oro,PV
2017,14,57,Jalisco,La Manzanilla de la Paz,PV
2017,14,59,Jalisco,Mazamitla,PV
2017,14,60,Jalisco,Mexticacán,PV
2017,14,62,Jalisco,Mixtlán,PV
2017,14,64,Jalisco,Ojuelos de Jalisco,PV
2017,14,68,Jalisco,Villa Purificación,OI
2017,14,68,Jalisco,Villa Purificación,PV
2017,14,69,Jalisco,Quitupan,PV
2017,14,72,Jalisco,San Diego de Alejandría,PV
2017,14,73,Jalisco,San Juan de Los Lagos,PV
2017,14,74,Jalisco,San Julián,PV
2017,14,75,Jalisco,San Marcos,PV
2017,14,77,Jalisco,San Martín Hidalgo,PV
2017,14,78,Jalisco,San Miguel El Alto,PV
2017,14,79,Jalisco,Gómez Farías,PV
2017,14,80,Jalisco,San Sebastián del Oeste,OI
2017,14,80,Jalisco,San Sebastián del Oeste,PV
2017,14,82,Jalisco,Sayula,PV
2017,14,84,Jalisco,Talpa de Allende,OI
2017,14,84,Jalisco,Talpa de Allende,PV
2017,14,85,Jalisco,Tamazula de Gordiano,OI
2017,14,85,Jalisco,Tamazula de Gordiano,PV
2017,14,86,Jalisco,Tapalpa,PV
2017,14,87,Jalisco,Tecalitlán,OI
2017,14,87,Jalisco,Tecalitlán,PV
2017,14,88,Jalisco,Tecolotlán,PV
2017,14,89,Jalisco,Techaluta de Montenegro,PV
2017,14,90,Jalisco,Tenamaxtlán,PV
2017,14,92,Jalisco,Teocuitatlán de Corona,OI
2017,14,92,Jalisco,Teocuitatlán de Corona,PV
2017,14,93,Jalisco,Tepatitlán de Morelos,PV
2017,14,94,Jalisco,Tequila,OI
2017,14,94,Jalisco,Tequila,PV
2017,14,96,Jalisco,Tizapán El Alto,OI
2017,14,96,Jalisco,Tizapán El Alto,PV
2017,14,97,Jalisco,Tlajomulco de Zúñiga,PV
2017,14,101,Jalisco,Tonalá,PV
2017,14,102,Jalisco,Tonaya,PV
2017,14,103,Jalisco,Tonila,PV
2017,14,104,Jalisco,Totatiche,PV
2017,14,105,Jalisco,Tototlán,PV
2017,14,106,Jalisco,Tuxcacuesco,PV
2017,14,109,Jalisco,Unión de San Antonio,PV
2017,14,113,Jalisco,San Gabriel,PV
2017,14,114,Jalisco,Villa Corona,PV
2017,14,115,Jalisco,Villa Guerrero,PV
2017,14,116,Jalisco,Villa Hidalgo,PV
2017,14,117,Jalisco,Cañadas de Obregón,PV
2017,14,119,Jalisco,Zacoalco de Torres,OI
2017,14,119,Jalisco,Zacoalco de Torres,PV
2017,14,121,Jalisco,Zapotiltic,PV
2017,14,122,Jalisco,Zapotitlán de Vadillo,OI
2017,14,122,Jalisco,Zapotitlán de Vadillo,PV
2017,14,123,Jalisco,Zapotlán del Rey,PV
2017,14,124,Jalisco,Zapotlanejo,OI
2017,14,124,Jalisco,Zapotlanejo,PV
2017,15,1,México,Acambay de Ruíz Castañeda,PV
2017,15,4,México,Almoloya de Alquisiras,OI
2017,15,4,México,Almoloya de Alquisiras,PV
2017,15,6,México,Almoloya del Río,PV
2017,15,7,México,Amanalco,PV
2017,15,8,México,Amatepec,PV
2017,15,10,México,Apaxco,PV
2017,15,12,México,Atizapán,PV
2017,15,15,México,Atlautla,PV
2017,15,16,México,Axapusco,PV
2017,15,17,México,Ayapango,PV
2017,15,18,México,Calimaya,PV
2017,15,19,México,Capulhuac,PV
2017,15,21,México,Coatepec Harinas,OI
2017,15,21,México,Coatepec Harinas,PV
2017,15,22,México,Cocotitlán,PV
2017,15,23,México,Coyotepec,PV
2017,15,24,México,Cuautitlán,PV
2017,15,26,México,Chapa de Mota,PV
2017,15,27,México,Chapultepec,PV
2017,15,28,México,Chiautla,PV
2017,15,29,México,Chicoloapan,PV
2017,15,30,México,Chiconcuac,PV
2017,15,31,México,Chimalhuacán,PV
2017,15,32,México,Donato Guerra,OI
2017,15,32,México,Donato Guerra,PV
2017,15,34,México,Ecatzingo,PV
2017,15,35,México,Huehuetoca,PV
2017,15,36,México,Hueypoxtla,PV
2017,15,38,México,Isidro Fabela,PV
2017,15,39,México,Ixtapaluca,PV
2017,15,40,México,Ixtapan de La Sal,OI
2017,15,40,México,Ixtapan de La Sal,PV
2017,15,41,México,Ixtapan del Oro,OI
2017,15,41,México,Ixtapan del Oro,PV
2017,15,43,México,Xalatlaco,PV
2017,15,44,México,Jaltenco,PV
2017,15,46,México,Jilotzingo,PV
2017,15,47,México,Jiquipilco,PV
2017,15,48,México,Jocotitlán,PV
2017,15,49,México,Joquicingo,PV
2017,15,50,México,Juchitepec,PV
2017,15,51,México,Lerma,PV
2017,15,52,México,Malinalco,OI
2017,15,52,México,Malinalco,PV
2017,15,53,México,Melchor Ocampo,PV
2017,15,54,México,Metepec,PV
2017,15,56,México,Morelos,PV
2017,15,59,México,Nextlalpan,PV
2017,15,60,México,Nicolás Romero,PV
2017,15,61,México,Nopaltepec,PV
2017,15,63,México,Ocuilan,PV
2017,15,64,México,El Oro,PV
2017,15,65,México,Otumba,PV
2017,15,66,México,Otzoloapan,PV
2017,15,67,México,Otzolotepec,PV
2017,15,68,México,Ozumba,PV
2017,15,69,México,Papalotla,PV
2017,15,70,México,La Paz,PV
2017,15,71,México,Polotitlán,PV
2017,15,72,México,Rayón,PV
2017,15,73,México,San Antonio La Isla,PV
2017,15,75,México,San Martín de Las Pirámides,PV
2017,15,76,México,San Mateo Atenco,PV
2017,15,77,México,San Simón de Guerrero,OI
2017,15,77,México,San Simón de Guerrero,PV
2017,15,78,México,Santo Tomás,OI
2017,15,78,México,Santo Tomás,PV
2017,15,79,México,Soyaniquilpan de Juárez,PV
2017,15,80,México,Sultepec,OI
2017,15,80,México,Sultepec,PV
2017,15,82,México,Tejupilco,PV
2017,15,84,México,Temascalapa,PV
2017,15,85,México,Temascalcingo,PV
2017,15,86,México,Temascaltepec,PV
2017,15,88,México,Tenancingo,PV
2017,15,89,México,Tenango del Aire,PV
2017,15,92,México,Teotihuacán,PV
2017,15,93,México,Tepetlaoxtoc,PV
2017,15,94,México,Tepetlixpa,PV
2017,15,98,México,Texcalyacac,PV
2017,15,103,México,Tlalmanalco,PV
2017,15,105,México,Tlatlaya,OI
2017,15,105,México,Tlatlaya,PV
2017,15,107,México,Tonatico,OI
2017,15,107,México,Tonatico,PV
2017,15,108,México,Tultepec,PV
2017,15,115,México,Xonacatlán,PV
2017,15,116,México,Zacazonapan,PV
2017,15,117,México,Zacualpan,PV
2017,15,119,México,Zumpahuacán,OI
2017,15,119,México,Zumpahuacán,PV
2017,15,120,México,Zumpango,PV
2017,15,121,México,Cuautitlán Izcalli,PV
2017,15,122,México,Valle de Chalco Solidaridad,PV
2017,15,123,México,Luvianos,PV
2017,15,124,México,San José del Rincón,PV
2017,15,125,México,Tonanitla,PV
2017,16,1,Michoacán,Acuitzio,PV
2017,16,2,Michoacán,Aguililla,OI
2017,16,2,Michoacán,Aguililla,PV
2017,16,5,Michoacán,Angangueo,PV
2017,16,7,Michoacán,Aporo,PV
2017,16,8,Michoacán,Aquila,OI
2017,16,8,Michoacán,Aquila,PV
2017,16,9,Michoacán,Ario,OI
2017,16,9,Michoacán,Ario,PV
2017,16,11,Michoacán,Briseñas,PV
2017,16,12,Michoacán,Buenavista,OI
2017,16,12,Michoacán,Buenavista,PV
2017,16,13,Michoacán,Carácuaro,OI
2017,16,13,Michoacán,Carácuaro,PV
2017,16,14,Michoacán,Coahuayana,OI
2017,16,14,Michoacán,Coahuayana,PV
2017,16,15,Michoacán,Coalcomán de Vázquez Pallares,OI
2017,16,15,Michoacán,Coalcomán de Vázquez Pallares,PV
2017,16,16,Michoacán,Coeneo,PV
2017,16,18,Michoacán,Copándaro,OI
2017,16,18,Michoacán,Copándaro,PV
2017,16,20,Michoacán,Cuitzeo,PV
2017,16,21,Michoacán,Charapan,PV
2017,16,22,Michoacán,Charo,PV
2017,16,23,Michoacán,Chavinda,PV
2017,16,24,Michoacán,Cherán,PV
2017,16,25,Michoacán,Chilchota,PV
2017,16,26,Michoacán,Chinicuila,OI
2017,16,26,Michoacán,Chinicuila,PV
2017,16,27,Michoacán,Chucándiro,OI
2017,16,27,Michoacán,Chucándiro,PV
2017,16,28,Michoacán,Churintzio,PV
2017,16,29,Michoacán,Churumuco,OI
2017,16,29,Michoacán,Churumuco,PV
2017,16,30,Michoacán,Ecuandureo,PV
2017,16,31,Michoacán,Epitacio Huerta,PV
2017,16,32,Michoacán,Erongarícuaro,PV
2017,16,33,Michoacán,Gabriel Zamora,OI
2017,16,33,Michoacán,Gabriel Zamora,PV
2017,16,36,Michoacán,Huandacareo,OI
2017,16,36,Michoacán,Huandacareo,PV
2017,16,37,Michoacán,Huaniqueo,PV
2017,16,40,Michoacán,Indaparapeo,PV
2017,16,41,Michoacán,Irimbo,PV
2017,16,45,Michoacán,Jiquilpan,PV
2017,16,46,Michoacán,Juárez,PV
2017,16,47,Michoacán,Jungapeo,OI
2017,16,47,Michoacán,Jungapeo,PV
2017,16,48,Michoacán,Lagunillas,PV
2017,16,51,Michoacán,Marcos Castellanos,PV
2017,16,52,Michoacán,Lázaro Cárdenas,OI
2017,16,54,Michoacán,Morelos,PV
2017,16,56,Michoacán,Nahuatzen,PV
2017,16,57,Michoacán,Nocupétaro,OI
2017,16,57,Michoacán,Nocupétaro,PV
2017,16,58,Michoacán,Nuevo Parangaricutiro,PV
2017,16,59,Michoacán,Nuevo Urecho,OI
2017,16,59,Michoacán,Nuevo Urecho,PV
2017,16,61,Michoacán,Ocampo,PV
2017,16,62,Michoacán,Pajacuarán,PV
2017,16,63,Michoacán,Panindícuaro,PV
2017,16,64,Michoacán,Parácuaro,OI
2017,16,64,Michoacán,Parácuaro,PV
2017,16,65,Michoacán,Paracho,PV
2017,16,66,Michoacán,Pátzcuaro,PV
2017,16,68,Michoacán,Peribán,PV
2017,16,70,Michoacán,Purépero,PV
2017,16,71,Michoacán,Puruándiro,PV
2017,16,73,Michoacán,Quiroga,PV
2017,16,74,Michoacán,Cojumatlán de Régules,PV
2017,16,75,Michoacán,Los Reyes,PV
2017,16,77,Michoacán,San Lucas,OI
2017,16,77,Michoacán,San Lucas,PV
2017,16,78,Michoacán,Santa Ana Maya,OI
2017,16,78,Michoacán,Santa Ana Maya,PV
2017,16,79,Michoacán,Salvador Escalante,PV
2017,16,81,Michoacán,Susupuato,OI
2017,16,81,Michoacán,Susupuato,PV
2017,16,82,Michoacán,Tacámbaro,PV
2017,16,83,Michoacán,Tancítaro,OI
2017,16,83,Michoacán,Tancítaro,PV
2017,16,84,Michoacán,Tangamandapio,PV
2017,16,86,Michoacán,Tanhuato,PV
2017,16,87,Michoacán,Taretan,OI
2017,16,87,Michoacán,Taretan,PV
2017,16,88,Michoacán,Tarímbaro,PV
2017,16,90,Michoacán,Tingambato,PV
2017,16,91,Michoacán,Tingüindín,PV
2017,16,92,Michoacán,Tiquicheo de Nicolás Romero,OI
2017,16,92,Michoacán,Tiquicheo de Nicolás Romero,PV
2017,16,93,Michoacán,Tlalpujahua,PV
2017,16,95,Michoacán,Tocumbo,PV
2017,16,96,Michoacán,Tumbiscatío,OI
2017,16,96,Michoacán,Tumbiscatío,PV
2017,16,97,Michoacán,Turicato,OI
2017,16,97,Michoacán,Turicato,PV
2017,16,98,Michoacán,Tuxpan,OI
2017,16,98,Michoacán,Tuxpan,PV
2017,16,99,Michoacán,Tuzantla,OI
2017,16,99,Michoacán,Tuzantla,PV
2017,16,100,Michoacán,Tzintzuntzan,PV
2017,16,101,Michoacán,Tzitzio,PV
2017,16,111,Michoacán,Ziracuaretiro,PV
2017,17,3,Morelos,Axochiapan,PV
2017,17,10,Morelos,Jantetelco,PV
2017,17,22,Morelos,Tetela del Volcán,PV
2017,18,2,Nayarit,Ahuacatlán,PV
2017,18,3,Nayarit,Amatlán de Cañas,OI
2017,18,3,Nayarit,Amatlán de Cañas,PV
2017,18,4,Nayarit,Compostela,OI
2017,18,4,Nayarit,Compostela,PV
2017,18,7,Nayarit,Jala,PV
2017,18,8,Nayarit,Xalisco,OI
2017,18,8,Nayarit,Xalisco,PV
2017,18,12,Nayarit,San Blas,PV
2017,18,13,Nayarit,San Pedro Lagunillas,PV
2017,18,14,Nayarit,Santa María del Oro,PV
2017,18,16,Nayarit,Tecuala,OI
2017,18,16,Nayarit,Tecuala,PV
2017,18,18,Nayarit,Tuxpan,OI
2017,18,18,Nayarit,Tuxpan,PV
2017,19,8,Nuevo León,Bustamante,OI
2017,19,18,Nuevo León,García,PV
2017,19,20,Nuevo León,General Bravo,OI
2017,19,20,Nuevo León,General Bravo,PV
2017,19,22,Nuevo León,General Terán,PV
2017,19,27,Nuevo León,Los Herreras,PV
2017,19,30,Nuevo León,Iturbide,PV
2017,19,31,Nuevo León,Juárez,OI
2017,19,31,Nuevo León,Juárez,PV
2017,19,32,Nuevo León,Lampazos de Naranjo,OI
2017,19,32,Nuevo León,Lampazos de Naranjo,PV
2017,19,37,Nuevo León,Mina,PV
2017,19,41,Nuevo León,Pesquería,PV
2017,19,45,Nuevo León,Salinas Victoria,OI
2017,19,45,Nuevo León,Salinas Victoria,PV
2017,19,51,Nuevo León,Villaldama,OI
2017,20,1,Oaxaca,Abejones,PV
2017,20,3,Oaxaca,Asunción Cacalotepec,PV
2017,20,4,Oaxaca,Asunción Cuyotepeji,OI
2017,20,4,Oaxaca,Asunción Cuyotepeji,PV
2017,20,5,Oaxaca,Asunción Ixtaltepec,OI
2017,20,5,Oaxaca,Asunción Ixtaltepec,PV
2017,20,6,Oaxaca,Asunción Nochixtlán,OI
2017,20,6,Oaxaca,Asunción Nochixtlán,PV
2017,20,7,Oaxaca,Asunción Ocotlán,OI
2017,20,7,Oaxaca,Asunción Ocotlán,PV
2017,20,8,Oaxaca,Asunción Tlacolulita,OI
2017,20,8,Oaxaca,Asunción Tlacolulita,PV
2017,20,9,Oaxaca,Ayotzintepec,OI
2017,20,9,Oaxaca,Ayotzintepec,PV
2017,20,10,Oaxaca,El Barrio de la Soledad,OI
2017,20,10,Oaxaca,El Barrio de la Soledad,PV
2017,20,12,Oaxaca,Candelaria Loxicha,OI
2017,20,12,Oaxaca,Candelaria Loxicha,PV
2017,20,13,Oaxaca,Ciénega de Zimatlán,OI
2017,20,13,Oaxaca,Ciénega de Zimatlán,PV
2017,20,15,Oaxaca,Coatecas Altas,OI
2017,20,15,Oaxaca,Coatecas Altas,PV
2017,20,16,Oaxaca,Coicoyán de Las Flores,OI
2017,20,16,Oaxaca,Coicoyán de Las Flores,PV
2017,20,17,Oaxaca,La Compañía,OI
2017,20,17,Oaxaca,La Compañía,PV
2017,20,18,Oaxaca,Concepción Buenavista,PV
2017,20,19,Oaxaca,Concepción Pápalo,OI
2017,20,19,Oaxaca,Concepción Pápalo,PV
2017,20,20,Oaxaca,Constancia del Rosario,OI
2017,20,20,Oaxaca,Constancia del Rosario,PV
2017,20,21,Oaxaca,Cosolapa,OI
2017,20,21,Oaxaca,Cosolapa,PV
2017,20,22,Oaxaca,Cosoltepec,PV
2017,20,23,Oaxaca,Cuilápam de Guerrero,OI
2017,20,23,Oaxaca,Cuilápam de Guerrero,PV
2017,20,24,Oaxaca,Cuyamecalco Villa de Zaragoza,PV
2017,20,25,Oaxaca,Chahuites,OI
2017,20,25,Oaxaca,Chahuites,PV
2017,20,26,Oaxaca,Chalcatongo de Hidalgo,PV
2017,20,27,Oaxaca,Chiquihuitlán de Benito Juárez,PV
2017,20,28,Oaxaca,Heroica Ciudad de Ejutla de Crespo,OI
2017,20,28,Oaxaca,Heroica Ciudad de Ejutla de Crespo,PV
2017,20,29,Oaxaca,Eloxochitlán de Flores Magón,PV
2017,20,30,Oaxaca,El Espinal,OI
2017,20,30,Oaxaca,El Espinal,PV
2017,20,31,Oaxaca,Tamazulápam del Espíritu Santo,OI
2017,20,31,Oaxaca,Tamazulápam del Espíritu Santo,PV
2017,20,32,Oaxaca,Fresnillo de Trujano,PV
2017,20,33,Oaxaca,Guadalupe Etla,OI
2017,20,33,Oaxaca,Guadalupe Etla,PV
2017,20,34,Oaxaca,Guadalupe de Ramírez,PV
2017,20,35,Oaxaca,Guelatao de Juárez,OI
2017,20,35,Oaxaca,Guelatao de Juárez,PV
2017,20,36,Oaxaca,Guevea de Humboldt,OI
2017,20,36,Oaxaca,Guevea de Humboldt,PV
2017,20,37,Oaxaca,Mesones Hidalgo,OI
2017,20,37,Oaxaca,Mesones Hidalgo,PV
2017,20,38,Oaxaca,Villa Hidalgo,OI
2017,20,38,Oaxaca,Villa Hidalgo,PV
2017,20,40,Oaxaca,Huautepec,PV
2017,20,41,Oaxaca,Huautla de Jiménez,OI
2017,20,41,Oaxaca,Huautla de Jiménez,PV
2017,20,42,Oaxaca,Ixtlán de Juárez,OI
2017,20,42,Oaxaca,Ixtlán de Juárez,PV
2017,20,44,Oaxaca,Loma Bonita,OI
2017,20,44,Oaxaca,Loma Bonita,PV
2017,20,45,Oaxaca,Magdalena Apasco,OI
2017,20,45,Oaxaca,Magdalena Apasco,PV
2017,20,46,Oaxaca,Magdalena Jaltepec,PV
2017,20,47,Oaxaca,Santa Magdalena Jicotlán,PV
2017,20,48,Oaxaca,Magdalena Mixtepec,OI
2017,20,48,Oaxaca,Magdalena Mixtepec,PV
2017,20,49,Oaxaca,Magdalena Ocotlán,OI
2017,20,49,Oaxaca,Magdalena Ocotlán,PV
2017,20,50,Oaxaca,Magdalena Peñasco,PV
2017,20,51,Oaxaca,Magdalena Teitipac,PV
2017,20,53,Oaxaca,Magdalena Tlacotepec,OI
2017,20,53,Oaxaca,Magdalena Tlacotepec,PV
2017,20,54,Oaxaca,Magdalena Zahuatlán,PV
2017,20,55,Oaxaca,Mariscala de Juárez,OI
2017,20,55,Oaxaca,Mariscala de Juárez,PV
2017,20,56,Oaxaca,Mártires de Tacubaya,OI
2017,20,56,Oaxaca,Mártires de Tacubaya,PV
2017,20,57,Oaxaca,Matías Romero Avendaño,OI
2017,20,57,Oaxaca,Matías Romero Avendaño,PV
2017,20,58,Oaxaca,Mazatlán Villa de Flores,OI
2017,20,58,Oaxaca,Mazatlán Villa de Flores,PV
2017,20,59,Oaxaca,Miahuatlán de Porfirio Díaz,OI
2017,20,59,Oaxaca,Miahuatlán de Porfirio Díaz,PV
2017,20,60,Oaxaca,Mixistlán de La Reforma,PV
2017,20,61,Oaxaca,Monjas,OI
2017,20,61,Oaxaca,Monjas,PV
2017,20,62,Oaxaca,Natividad,PV
2017,20,63,Oaxaca,Nazareno Etla,OI
2017,20,63,Oaxaca,Nazareno Etla,PV
2017,20,64,Oaxaca,Nejapa de Madero,OI
2017,20,64,Oaxaca,Nejapa de Madero,PV
2017,20,65,Oaxaca,Ixpantepec Nieves,PV
2017,20,66,Oaxaca,Santiago Niltepec,OI
2017,20,66,Oaxaca,Santiago Niltepec,PV
2017,20,68,Oaxaca,Ocotlán de Morelos,OI
2017,20,68,Oaxaca,Ocotlán de Morelos,PV
2017,20,69,Oaxaca,La Pe,OI
2017,20,69,Oaxaca,La Pe,PV
2017,20,70,Oaxaca,Pinotepa de Don Luis,OI
2017,20,70,Oaxaca,Pinotepa de Don Luis,PV
2017,20,71,Oaxaca,Pluma Hidalgo,PV
2017,20,72,Oaxaca,San José del Progreso,OI
2017,20,72,Oaxaca,San José del Progreso,PV
2017,20,74,Oaxaca,Santa Catarina Quioquitani,PV
2017,20,75,Oaxaca,Reforma de Pineda,OI
2017,20,75,Oaxaca,Reforma de Pineda,PV
2017,20,76,Oaxaca,La Reforma,OI
2017,20,76,Oaxaca,La Reforma,PV
2017,20,77,Oaxaca,Reyes Etla,OI
2017,20,77,Oaxaca,Reyes Etla,PV
2017,20,78,Oaxaca,Rojas de Cuauhtémoc,OI
2017,20,78,Oaxaca,Rojas de Cuauhtémoc,PV
2017,20,80,Oaxaca,San Agustín Amatengo,OI
2017,20,80,Oaxaca,San Agustín Amatengo,PV
2017,20,81,Oaxaca,San Agustín Atenango,OI
2017,20,81,Oaxaca,San Agustín Atenango,PV
2017,20,82,Oaxaca,San Agustín Chayuco,OI
2017,20,82,Oaxaca,San Agustín Chayuco,PV
2017,20,84,Oaxaca,San Agustín Etla,PV
2017,20,85,Oaxaca,San Agustín Loxicha,PV
2017,20,86,Oaxaca,San Agustín Tlacotepec,PV
2017,20,87,Oaxaca,San Agustín Yatareni,PV
2017,20,88,Oaxaca,San Andrés Cabecera Nueva,PV
2017,20,89,Oaxaca,San Andrés Dinicuiti,OI
2017,20,89,Oaxaca,San Andrés Dinicuiti,PV
2017,20,90,Oaxaca,San Andrés Huaxpaltepec,OI
2017,20,90,Oaxaca,San Andrés Huaxpaltepec,PV
2017,20,91,Oaxaca,San Andrés Huayápam,OI
2017,20,91,Oaxaca,San Andrés Huayápam,PV
2017,20,92,Oaxaca,San Andrés Ixtlahuaca,OI
2017,20,92,Oaxaca,San Andrés Ixtlahuaca,PV
2017,20,93,Oaxaca,San Andrés Lagunas,PV
2017,20,94,Oaxaca,San Andrés Nuxiño,OI
2017,20,94,Oaxaca,San Andrés Nuxiño,PV
2017,20,95,Oaxaca,San Andrés Paxtlán,PV
2017,20,96,Oaxaca,San Andrés Sinaxtla,PV
2017,20,97,Oaxaca,San Andrés Solaga,OI
2017,20,97,Oaxaca,San Andrés Solaga,PV
2017,20,98,Oaxaca,San Andrés Teotilálpam,OI
2017,20,98,Oaxaca,San Andrés Teotilálpam,PV
2017,20,99,Oaxaca,San Andrés Tepetlapa,PV
2017,20,100,Oaxaca,San Andrés Yaá,PV
2017,20,101,Oaxaca,San Andrés Zabache,OI
2017,20,101,Oaxaca,San Andrés Zabache,PV
2017,20,102,Oaxaca,San Andrés Zautla,OI
2017,20,102,Oaxaca,San Andrés Zautla,PV
2017,20,103,Oaxaca,San Antonino Castillo Velasco,OI
2017,20,103,Oaxaca,San Antonino Castillo Velasco,PV
2017,20,104,Oaxaca,San Antonino El Alto,OI
2017,20,104,Oaxaca,San Antonino El Alto,PV
2017,20,105,Oaxaca,San Antonino Monte Verde,PV
2017,20,106,Oaxaca,San Antonio Acutla,PV
2017,20,107,Oaxaca,San Antonio de La Cal,OI
2017,20,107,Oaxaca,San Antonio de La Cal,PV
2017,20,108,Oaxaca,San Antonio Huitepec,OI
2017,20,108,Oaxaca,San Antonio Huitepec,PV
2017,20,109,Oaxaca,San Antonio Nanahuatípam,OI
2017,20,109,Oaxaca,San Antonio Nanahuatípam,PV
2017,20,110,Oaxaca,San Antonio Sinicahua,PV
2017,20,111,Oaxaca,San Antonio Tepetlapa,OI
2017,20,111,Oaxaca,San Antonio Tepetlapa,PV
2017,20,112,Oaxaca,San Baltazar Chichicápam,OI
2017,20,112,Oaxaca,San Baltazar Chichicápam,PV
2017,20,113,Oaxaca,San Baltazar Loxicha,OI
2017,20,113,Oaxaca,San Baltazar Loxicha,PV
2017,20,114,Oaxaca,San Baltazar Yatzachi El Bajo,PV
2017,20,115,Oaxaca,San Bartolo Coyotepec,OI
2017,20,115,Oaxaca,San Bartolo Coyotepec,PV
2017,20,116,Oaxaca,San Bartolomé Ayautla,OI
2017,20,116,Oaxaca,San Bartolomé Ayautla,PV
2017,20,117,Oaxaca,San Bartolomé Loxicha,OI
2017,20,117,Oaxaca,San Bartolomé Loxicha,PV
2017,20,118,Oaxaca,San Bartolomé Quialana,PV
2017,20,119,Oaxaca,San Bartolomé Yucuañe,PV
2017,20,120,Oaxaca,San Bartolomé Zoogocho,PV
2017,20,121,Oaxaca,San Bartolo Soyaltepec,PV
2017,20,122,Oaxaca,San Bartolo Yautepec,PV
2017,20,123,Oaxaca,San Bernardo Mixtepec,OI
2017,20,123,Oaxaca,San Bernardo Mixtepec,PV
2017,20,124,Oaxaca,San Blas Atempa,OI
2017,20,124,Oaxaca,San Blas Atempa,PV
2017,20,125,Oaxaca,San Carlos Yautepec,OI
2017,20,125,Oaxaca,San Carlos Yautepec,PV
2017,20,126,Oaxaca,San Cristóbal Amatlán,OI
2017,20,126,Oaxaca,San Cristóbal Amatlán,PV
2017,20,127,Oaxaca,San Cristóbal Amoltepec,PV
2017,20,128,Oaxaca,San Cristóbal Lachirioag,OI
2017,20,128,Oaxaca,San Cristóbal Lachirioag,PV
2017,20,129,Oaxaca,San Cristóbal Suchixtlahuaca,PV
2017,20,130,Oaxaca,San Dionisio del Mar,PV
2017,20,131,Oaxaca,San Dionisio Ocotepec,OI
2017,20,131,Oaxaca,San Dionisio Ocotepec,PV
2017,20,132,Oaxaca,San Dionisio Ocotlán,OI
2017,20,132,Oaxaca,San Dionisio Ocotlán,PV
2017,20,133,Oaxaca,San Esteban Atatlahuca,PV
2017,20,135,Oaxaca,San Felipe Tejalápam,OI
2017,20,135,Oaxaca,San Felipe Tejalápam,PV
2017,20,137,Oaxaca,San Francisco Cahuacuá,OI
2017,20,137,Oaxaca,San Francisco Cahuacuá,PV
2017,20,138,Oaxaca,San Francisco Cajonos,PV
2017,20,139,Oaxaca,San Francisco Chapulapa,PV
2017,20,140,Oaxaca,San Francisco Chindúa,PV
2017,20,141,Oaxaca,San Francisco del Mar,OI
2017,20,141,Oaxaca,San Francisco del Mar,PV
2017,20,142,Oaxaca,San Francisco Huehuetlán,PV
2017,20,143,Oaxaca,San Francisco Ixhuatán,OI
2017,20,143,Oaxaca,San Francisco Ixhuatán,PV
2017,20,144,Oaxaca,San Francisco Jaltepetongo,PV
2017,20,145,Oaxaca,San Francisco Lachigoló,OI
2017,20,145,Oaxaca,San Francisco Lachigoló,PV
2017,20,146,Oaxaca,San Francisco Logueche,PV
2017,20,147,Oaxaca,San Francisco Nuxaño,PV
2017,20,148,Oaxaca,San Francisco Ozolotepec,PV
2017,20,149,Oaxaca,San Francisco Sola,OI
2017,20,149,Oaxaca,San Francisco Sola,PV
2017,20,150,Oaxaca,San Francisco Telixtlahuaca,OI
2017,20,150,Oaxaca,San Francisco Telixtlahuaca,PV
2017,20,151,Oaxaca,San Francisco Teopan,PV
2017,20,152,Oaxaca,San Francisco Tlapancingo,OI
2017,20,152,Oaxaca,San Francisco Tlapancingo,PV
2017,20,153,Oaxaca,San Gabriel Mixtepec,OI
2017,20,153,Oaxaca,San Gabriel Mixtepec,PV
2017,20,154,Oaxaca,San Ildefonso Amatlán,OI
2017,20,154,Oaxaca,San Ildefonso Amatlán,PV
2017,20,155,Oaxaca,San Ildefonso Sola,OI
2017,20,155,Oaxaca,San Ildefonso Sola,PV
2017,20,156,Oaxaca,San Ildefonso Villa Alta,OI
2017,20,156,Oaxaca,San Ildefonso Villa Alta,PV
2017,20,157,Oaxaca,San Jacinto Amilpas,OI
2017,20,157,Oaxaca,San Jacinto Amilpas,PV
2017,20,158,Oaxaca,San Jacinto Tlacotepec,OI
2017,20,158,Oaxaca,San Jacinto Tlacotepec,PV
2017,20,159,Oaxaca,San Jerónimo Coatlán,PV
2017,20,160,Oaxaca,San Jerónimo Silacayoapilla,PV
2017,20,161,Oaxaca,San Jerónimo Sosola,PV
2017,20,162,Oaxaca,San Jerónimo Taviche,PV
2017,20,163,Oaxaca,San Jerónimo Tecóatl,PV
2017,20,164,Oaxaca,San Jorge Nuchita,OI
2017,20,164,Oaxaca,San Jorge Nuchita,PV
2017,20,165,Oaxaca,San José Ayuquila,PV
2017,20,166,Oaxaca,San José Chiltepec,OI
2017,20,166,Oaxaca,San José Chiltepec,PV
2017,20,167,Oaxaca,San José del Peñasco,OI
2017,20,167,Oaxaca,San José del Peñasco,PV
2017,20,168,Oaxaca,San José Estancia Grande,PV
2017,20,169,Oaxaca,San José Independencia,OI
2017,20,169,Oaxaca,San José Independencia,PV
2017,20,170,Oaxaca,San José Lachiguiri,PV
2017,20,171,Oaxaca,San José Tenango,OI
2017,20,171,Oaxaca,San José Tenango,PV
2017,20,172,Oaxaca,San Juan Achiutla,PV
2017,20,174,Oaxaca,Ánimas Trujano,OI
2017,20,174,Oaxaca,Ánimas Trujano,PV
2017,20,175,Oaxaca,San Juan Bautista Atatlahuca,OI
2017,20,175,Oaxaca,San Juan Bautista Atatlahuca,PV
2017,20,176,Oaxaca,San Juan Bautista Coixtlahuaca,PV
2017,20,177,Oaxaca,San Juan Bautista Cuicatlán,PV
2017,20,178,Oaxaca,San Juan Bautista Guelache,OI
2017,20,178,Oaxaca,San Juan Bautista Guelache,PV
2017,20,179,Oaxaca,San Juan Bautista Jayacatlán,OI
2017,20,179,Oaxaca,San Juan Bautista Jayacatlán,PV
2017,20,180,Oaxaca,San Juan Bautista Lo de Soto,OI
2017,20,180,Oaxaca,San Juan Bautista Lo de Soto,PV
2017,20,181,Oaxaca,San Juan Bautista Suchitepec,OI
2017,20,181,Oaxaca,San Juan Bautista Suchitepec,PV
2017,20,182,Oaxaca,San Juan Bautista Tlacoatzintepec,PV
2017,20,183,Oaxaca,San Juan Bautista Tlachichilco,OI
2017,20,183,Oaxaca,San Juan Bautista Tlachichilco,PV
2017,20,185,Oaxaca,San Juan Cacahuatepec,OI
2017,20,185,Oaxaca,San Juan Cacahuatepec,PV
2017,20,186,Oaxaca,San Juan Cieneguilla,PV
2017,20,187,Oaxaca,San Juan Coatzóspam,PV
2017,20,188,Oaxaca,San Juan Colorado,OI
2017,20,188,Oaxaca,San Juan Colorado,PV
2017,20,189,Oaxaca,San Juan Comaltepec,OI
2017,20,189,Oaxaca,San Juan Comaltepec,PV
2017,20,190,Oaxaca,San Juan Cotzocón,OI
2017,20,190,Oaxaca,San Juan Cotzocón,PV
2017,20,191,Oaxaca,San Juan Chicomezúchil,OI
2017,20,191,Oaxaca,San Juan Chicomezúchil,PV
2017,20,192,Oaxaca,San Juan Chilateca,OI
2017,20,192,Oaxaca,San Juan Chilateca,PV
2017,20,193,Oaxaca,San Juan del Estado,OI
2017,20,193,Oaxaca,San Juan del Estado,PV
2017,20,194,Oaxaca,San Juan del Río,OI
2017,20,194,Oaxaca,San Juan del Río,PV
2017,20,195,Oaxaca,San Juan Diuxi,PV
2017,20,196,Oaxaca,San Juan Evangelista Analco,PV
2017,20,197,Oaxaca,San Juan Guelavía,OI
2017,20,197,Oaxaca,San Juan Guelavía,PV
2017,20,198,Oaxaca,San Juan Guichicovi,OI
2017,20,198,Oaxaca,San Juan Guichicovi,PV
2017,20,199,Oaxaca,San Juan Ihualtepec,PV
2017,20,200,Oaxaca,San Juan Juquila Mixes,OI
2017,20,200,Oaxaca,San Juan Juquila Mixes,PV
2017,20,201,Oaxaca,San Juan Juquila Vijanos,OI
2017,20,201,Oaxaca,San Juan Juquila Vijanos,PV
2017,20,202,Oaxaca,San Juan Lachao,OI
2017,20,202,Oaxaca,San Juan Lachao,PV
2017,20,203,Oaxaca,San Juan Lachigalla,PV
2017,20,204,Oaxaca,San Juan Lajarcia,PV
2017,20,205,Oaxaca,San Juan Lalana,OI
2017,20,205,Oaxaca,San Juan Lalana,PV
2017,20,206,Oaxaca,San Juan de Los Cués,OI
2017,20,206,Oaxaca,San Juan de Los Cués,PV
2017,20,207,Oaxaca,San Juan Mazatlán,OI
2017,20,207,Oaxaca,San Juan Mazatlán,PV
2017,20,208,Oaxaca,San Juan Mixtepec,OI
2017,20,208,Oaxaca,San Juan Mixtepec,PV
2017,20,209,Oaxaca,San Juan Mixtepec,PV
2017,20,210,Oaxaca,San Juan Ñumí,OI
2017,20,210,Oaxaca,San Juan Ñumí,PV
2017,20,211,Oaxaca,San Juan Ozolotepec,PV
2017,20,212,Oaxaca,San Juan Petlapa,OI
2017,20,212,Oaxaca,San Juan Petlapa,PV
2017,20,213,Oaxaca,San Juan Quiahije,PV
2017,20,214,Oaxaca,San Juan Quiotepec,OI
2017,20,214,Oaxaca,San Juan Quiotepec,PV
2017,20,215,Oaxaca,San Juan Sayultepec,PV
2017,20,216,Oaxaca,San Juan Tabaá,OI
2017,20,216,Oaxaca,San Juan Tabaá,PV
2017,20,217,Oaxaca,San Juan Tamazola,PV
2017,20,218,Oaxaca,San Juan Teita,OI
2017,20,218,Oaxaca,San Juan Teita,PV
2017,20,219,Oaxaca,San Juan Teitipac,OI
2017,20,219,Oaxaca,San Juan Teitipac,PV
2017,20,220,Oaxaca,San Juan Tepeuxila,OI
2017,20,220,Oaxaca,San Juan Tepeuxila,PV
2017,20,221,Oaxaca,San Juan Teposcolula,PV
2017,20,222,Oaxaca,San Juan Yaeé,OI
2017,20,222,Oaxaca,San Juan Yaeé,PV
2017,20,223,Oaxaca,San Juan Yatzona,OI
2017,20,223,Oaxaca,San Juan Yatzona,PV
2017,20,224,Oaxaca,San Juan Yucuita,PV
2017,20,225,Oaxaca,San Lorenzo,OI
2017,20,225,Oaxaca,San Lorenzo,PV
2017,20,226,Oaxaca,San Lorenzo Albarradas,OI
2017,20,226,Oaxaca,San Lorenzo Albarradas,PV
2017,20,227,Oaxaca,San Lorenzo Cacaotepec,OI
2017,20,227,Oaxaca,San Lorenzo Cacaotepec,PV
2017,20,229,Oaxaca,San Lorenzo Texmelúcan,OI
2017,20,229,Oaxaca,San Lorenzo Texmelúcan,PV
2017,20,230,Oaxaca,San Lorenzo Victoria,OI
2017,20,230,Oaxaca,San Lorenzo Victoria,PV
2017,20,231,Oaxaca,San Lucas Camotlán,OI
2017,20,231,Oaxaca,San Lucas Camotlán,PV
2017,20,233,Oaxaca,San Lucas Quiaviní,OI
2017,20,233,Oaxaca,San Lucas Quiaviní,PV
2017,20,234,Oaxaca,San Lucas Zoquiápam,PV
2017,20,235,Oaxaca,San Luis Amatlán,OI
2017,20,235,Oaxaca,San Luis Amatlán,PV
2017,20,236,Oaxaca,San Marcial Ozolotepec,PV
2017,20,238,Oaxaca,San Martín de Los Cansecos,PV
2017,20,239,Oaxaca,San Martín Huamelúlpam,PV
2017,20,240,Oaxaca,San Martín Itunyoso,PV
2017,20,241,Oaxaca,San Martín Lachilá,OI
2017,20,241,Oaxaca,San Martín Lachilá,PV
2017,20,242,Oaxaca,San Martín Peras,PV
2017,20,243,Oaxaca,San Martín Tilcajete,PV
2017,20,244,Oaxaca,San Martín Toxpalan,OI
2017,20,244,Oaxaca,San Martín Toxpalan,PV
2017,20,245,Oaxaca,San Martín Zacatepec,OI
2017,20,245,Oaxaca,San Martín Zacatepec,PV
2017,20,246,Oaxaca,San Mateo Cajonos,PV
2017,20,247,Oaxaca,Capulálpam de Méndez,OI
2017,20,247,Oaxaca,Capulálpam de Méndez,PV
2017,20,248,Oaxaca,San Mateo del Mar,OI
2017,20,248,Oaxaca,San Mateo del Mar,PV
2017,20,249,Oaxaca,San Mateo Yoloxochitlán,OI
2017,20,249,Oaxaca,San Mateo Yoloxochitlán,PV
2017,20,251,Oaxaca,San Mateo Nejápam,OI
2017,20,251,Oaxaca,San Mateo Nejápam,PV
2017,20,252,Oaxaca,San Mateo Peñasco,OI
2017,20,252,Oaxaca,San Mateo Peñasco,PV
2017,20,253,Oaxaca,San Mateo Piñas,PV
2017,20,254,Oaxaca,San Mateo Río Hondo,PV
2017,20,255,Oaxaca,San Mateo Sindihui,OI
2017,20,255,Oaxaca,San Mateo Sindihui,PV
2017,20,256,Oaxaca,San Mateo Tlapiltepec,PV
2017,20,257,Oaxaca,San Melchor Betaza,OI
2017,20,257,Oaxaca,San Melchor Betaza,PV
2017,20,258,Oaxaca,San Miguel Achiutla,PV
2017,20,259,Oaxaca,San Miguel Ahuehuetitlán,OI
2017,20,259,Oaxaca,San Miguel Ahuehuetitlán,PV
2017,20,260,Oaxaca,San Miguel Aloápam,PV
2017,20,261,Oaxaca,San Miguel Amatitlán,PV
2017,20,263,Oaxaca,San Miguel Coatlán,OI
2017,20,263,Oaxaca,San Miguel Coatlán,PV
2017,20,264,Oaxaca,San Miguel Chicahua,PV
2017,20,265,Oaxaca,San Miguel Chimalapa,OI
2017,20,265,Oaxaca,San Miguel Chimalapa,PV
2017,20,266,Oaxaca,San Miguel del Puerto,OI
2017,20,266,Oaxaca,San Miguel del Puerto,PV
2017,20,267,Oaxaca,San Miguel del Río,PV
2017,20,268,Oaxaca,San Miguel Ejutla,OI
2017,20,268,Oaxaca,San Miguel Ejutla,PV
2017,20,269,Oaxaca,San Miguel El Grande,PV
2017,20,270,Oaxaca,San Miguel Huautla,PV
2017,20,271,Oaxaca,San Miguel Mixtepec,OI
2017,20,271,Oaxaca,San Miguel Mixtepec,PV
2017,20,272,Oaxaca,San Miguel Panixtlahuaca,OI
2017,20,272,Oaxaca,San Miguel Panixtlahuaca,PV
2017,20,273,Oaxaca,San Miguel Peras,OI
2017,20,273,Oaxaca,San Miguel Peras,PV
2017,20,274,Oaxaca,San Miguel Piedras,PV
2017,20,275,Oaxaca,San Miguel Quetzaltepec,OI
2017,20,275,Oaxaca,San Miguel Quetzaltepec,PV
2017,20,276,Oaxaca,San Miguel Santa Flor,PV
2017,20,277,Oaxaca,Villa Sola de Vega,OI
2017,20,277,Oaxaca,Villa Sola de Vega,PV
2017,20,279,Oaxaca,San Miguel Suchixtepec,PV
2017,20,280,Oaxaca,Villa Talea de Castro,OI
2017,20,280,Oaxaca,Villa Talea de Castro,PV
2017,20,281,Oaxaca,San Miguel Tecomatlán,PV
2017,20,282,Oaxaca,San Miguel Tenango,PV
2017,20,283,Oaxaca,San Miguel Tequixtepec,PV
2017,20,284,Oaxaca,San Miguel Tilquiápam,OI
2017,20,284,Oaxaca,San Miguel Tilquiápam,PV
2017,20,285,Oaxaca,San Miguel Tlacamama,OI
2017,20,285,Oaxaca,San Miguel Tlacamama,PV
2017,20,286,Oaxaca,San Miguel Tlacotepec,PV
2017,20,287,Oaxaca,San Miguel Tulancingo,PV
2017,20,288,Oaxaca,San Miguel Yotao,PV
2017,20,289,Oaxaca,San Nicolás,OI
2017,20,289,Oaxaca,San Nicolás,PV
2017,20,290,Oaxaca,San Nicolás Hidalgo,OI
2017,20,290,Oaxaca,San Nicolás Hidalgo,PV
2017,20,291,Oaxaca,San Pablo Coatlán,OI
2017,20,291,Oaxaca,San Pablo Coatlán,PV
2017,20,292,Oaxaca,San Pablo Cuatro Venados,PV
2017,20,293,Oaxaca,San Pablo Etla,OI
2017,20,293,Oaxaca,San Pablo Etla,PV
2017,20,294,Oaxaca,San Pablo Huitzo,OI
2017,20,294,Oaxaca,San Pablo Huitzo,PV
2017,20,295,Oaxaca,San Pablo Huixtepec,OI
2017,20,295,Oaxaca,San Pablo Huixtepec,PV
2017,20,296,Oaxaca,San Pablo Macuiltianguis,PV
2017,20,297,Oaxaca,San Pablo Tijaltepec,PV
2017,20,298,Oaxaca,San Pablo Villa de Mitla,PV
2017,20,299,Oaxaca,San Pablo Yaganiza,OI
2017,20,299,Oaxaca,San Pablo Yaganiza,PV
2017,20,300,Oaxaca,San Pedro Amuzgos,OI
2017,20,300,Oaxaca,San Pedro Amuzgos,PV
2017,20,301,Oaxaca,San Pedro Apóstol,OI
2017,20,301,Oaxaca,San Pedro Apóstol,PV
2017,20,302,Oaxaca,San Pedro Atoyac,OI
2017,20,302,Oaxaca,San Pedro Atoyac,PV
2017,20,303,Oaxaca,San Pedro Cajonos,PV
2017,20,304,Oaxaca,San Pedro Coxcaltepec Cántaros,PV
2017,20,305,Oaxaca,San Pedro Comitancillo,OI
2017,20,305,Oaxaca,San Pedro Comitancillo,PV
2017,20,306,Oaxaca,San Pedro El Alto,PV
2017,20,308,Oaxaca,San Pedro Huilotepec,OI
2017,20,308,Oaxaca,San Pedro Huilotepec,PV
2017,20,309,Oaxaca,San Pedro Ixcatlán,OI
2017,20,309,Oaxaca,San Pedro Ixcatlán,PV
2017,20,310,Oaxaca,San Pedro Ixtlahuaca,OI
2017,20,310,Oaxaca,San Pedro Ixtlahuaca,PV
2017,20,311,Oaxaca,San Pedro Jaltepetongo,PV
2017,20,312,Oaxaca,San Pedro Jicayán,OI
2017,20,312,Oaxaca,San Pedro Jicayán,PV
2017,20,313,Oaxaca,San Pedro Jocotipac,PV
2017,20,314,Oaxaca,San Pedro Juchatengo,OI
2017,20,314,Oaxaca,San Pedro Juchatengo,PV
2017,20,315,Oaxaca,San Pedro Mártir,OI
2017,20,315,Oaxaca,San Pedro Mártir,PV
2017,20,316,Oaxaca,San Pedro Mártir Quiechapa,OI
2017,20,316,Oaxaca,San Pedro Mártir Quiechapa,PV
2017,20,317,Oaxaca,San Pedro Mártir Yucuxaco,PV
2017,20,318,Oaxaca,San Pedro Mixtepec,OI
2017,20,318,Oaxaca,San Pedro Mixtepec,PV
2017,20,319,Oaxaca,San Pedro Mixtepec,PV
2017,20,320,Oaxaca,San Pedro Molinos,PV
2017,20,321,Oaxaca,San Pedro Nopala,PV
2017,20,322,Oaxaca,San Pedro Ocopetatillo,PV
2017,20,323,Oaxaca,San Pedro Ocotepec,OI
2017,20,323,Oaxaca,San Pedro Ocotepec,PV
2017,20,325,Oaxaca,San Pedro Quiatoni,PV
2017,20,326,Oaxaca,San Pedro Sochiápam,OI
2017,20,326,Oaxaca,San Pedro Sochiápam,PV
2017,20,328,Oaxaca,San Pedro Taviche,OI
2017,20,328,Oaxaca,San Pedro Taviche,PV
2017,20,329,Oaxaca,San Pedro Teozacoalco,OI
2017,20,329,Oaxaca,San Pedro Teozacoalco,PV
2017,20,330,Oaxaca,San Pedro Teutila,PV
2017,20,331,Oaxaca,San Pedro Tidaá,PV
2017,20,332,Oaxaca,San Pedro Topiltepec,PV
2017,20,333,Oaxaca,San Pedro Totolápam,OI
2017,20,333,Oaxaca,San Pedro Totolápam,PV
2017,20,335,Oaxaca,San Pedro Yaneri,OI
2017,20,335,Oaxaca,San Pedro Yaneri,PV
2017,20,336,Oaxaca,San Pedro Yólox,OI
2017,20,336,Oaxaca,San Pedro Yólox,PV
2017,20,338,Oaxaca,Villa de Etla,OI
2017,20,338,Oaxaca,Villa de Etla,PV
2017,20,339,Oaxaca,San Pedro Y San Pablo Teposcolula,PV
2017,20,340,Oaxaca,San Pedro Y San Pablo Tequixtepec,OI
2017,20,340,Oaxaca,San Pedro Y San Pablo Tequixtepec,PV
2017,20,341,Oaxaca,San Pedro Yucunama,PV
2017,20,342,Oaxaca,San Raymundo Jalpan,OI
2017,20,342,Oaxaca,San Raymundo Jalpan,PV
2017,20,343,Oaxaca,San Sebastián Abasolo,OI
2017,20,343,Oaxaca,San Sebastián Abasolo,PV
2017,20,344,Oaxaca,San Sebastián Coatlán,PV
2017,20,345,Oaxaca,San Sebastián Ixcapa,OI
2017,20,345,Oaxaca,San Sebastián Ixcapa,PV
2017,20,346,Oaxaca,San Sebastián Nicananduta,PV
2017,20,347,Oaxaca,San Sebastián Río Hondo,PV
2017,20,348,Oaxaca,San Sebastián Tecomaxtlahuaca,OI
2017,20,348,Oaxaca,San Sebastián Tecomaxtlahuaca,PV
2017,20,349,Oaxaca,San Sebastián Teitipac,OI
2017,20,349,Oaxaca,San Sebastián Teitipac,PV
2017,20,350,Oaxaca,San Sebastián Tutla,PV
2017,20,351,Oaxaca,San Simón Almolongas,PV
2017,20,352,Oaxaca,San Simón Zahuatlán,PV
2017,20,353,Oaxaca,Santa Ana,OI
2017,20,353,Oaxaca,Santa Ana,PV
2017,20,355,Oaxaca,Santa Ana Cuauhtémoc,PV
2017,20,356,Oaxaca,Santa Ana del Valle,PV
2017,20,358,Oaxaca,Santa Ana Tlapacoyan,OI
2017,20,358,Oaxaca,Santa Ana Tlapacoyan,PV
2017,20,359,Oaxaca,Santa Ana Yareni,PV
2017,20,360,Oaxaca,Santa Ana Zegache,OI
2017,20,360,Oaxaca,Santa Ana Zegache,PV
2017,20,361,Oaxaca,Santa Catalina Quierí,PV
2017,20,362,Oaxaca,Santa Catarina Cuixtla,PV
2017,20,364,Oaxaca,Santa Catarina Juquila,OI
2017,20,364,Oaxaca,Santa Catarina Juquila,PV
2017,20,365,Oaxaca,Santa Catarina Lachatao,OI
2017,20,365,Oaxaca,Santa Catarina Lachatao,PV
2017,20,366,Oaxaca,Santa Catarina Loxicha,PV
2017,20,367,Oaxaca,Santa Catarina Mechoacán,OI
2017,20,367,Oaxaca,Santa Catarina Mechoacán,PV
2017,20,368,Oaxaca,Santa Catarina Minas,OI
2017,20,368,Oaxaca,Santa Catarina Minas,PV
2017,20,369,Oaxaca,Santa Catarina Quiané,OI
2017,20,369,Oaxaca,Santa Catarina Quiané,PV
2017,20,370,Oaxaca,Santa Catarina Tayata,PV
2017,20,371,Oaxaca,Santa Catarina Ticuá,PV
2017,20,372,Oaxaca,Santa Catarina Yosonotú,PV
2017,20,373,Oaxaca,Santa Catarina Zapoquila,OI
2017,20,373,Oaxaca,Santa Catarina Zapoquila,PV
2017,20,374,Oaxaca,Santa Cruz Acatepec,OI
2017,20,374,Oaxaca,Santa Cruz Acatepec,PV
2017,20,375,Oaxaca,Santa Cruz Amilpas,PV
2017,20,376,Oaxaca,Santa Cruz de Bravo,PV
2017,20,377,Oaxaca,Santa Cruz Itundujia,OI
2017,20,377,Oaxaca,Santa Cruz Itundujia,PV
2017,20,378,Oaxaca,Santa Cruz Mixtepec,OI
2017,20,378,Oaxaca,Santa Cruz Mixtepec,PV
2017,20,379,Oaxaca,Santa Cruz Nundaco,PV
2017,20,380,Oaxaca,Santa Cruz Papalutla,PV
2017,20,381,Oaxaca,Santa Cruz Tacache de Mina,OI
2017,20,381,Oaxaca,Santa Cruz Tacache de Mina,PV
2017,20,382,Oaxaca,Santa Cruz Tacahua,PV
2017,20,383,Oaxaca,Santa Cruz Tayata,PV
2017,20,384,Oaxaca,Santa Cruz Xitla,PV
2017,20,386,Oaxaca,Santa Cruz Zenzontepec,OI
2017,20,386,Oaxaca,Santa Cruz Zenzontepec,PV
2017,20,387,Oaxaca,Santa Gertrudis,OI
2017,20,387,Oaxaca,Santa Gertrudis,PV
2017,20,388,Oaxaca,Santa Inés del Monte,OI
2017,20,388,Oaxaca,Santa Inés del Monte,PV
2017,20,389,Oaxaca,Santa Inés Yatzeche,OI
2017,20,389,Oaxaca,Santa Inés Yatzeche,PV
2017,20,390,Oaxaca,Santa Lucía del Camino,PV
2017,20,391,Oaxaca,Santa Lucía Miahuatlán,PV
2017,20,392,Oaxaca,Santa Lucía Monteverde,PV
2017,20,393,Oaxaca,Santa Lucía Ocotlán,OI
2017,20,393,Oaxaca,Santa Lucía Ocotlán,PV
2017,20,394,Oaxaca,Santa María Alotepec,OI
2017,20,394,Oaxaca,Santa María Alotepec,PV
2017,20,395,Oaxaca,Santa María Apazco,PV
2017,20,396,Oaxaca,Santa María La Asunción,PV
2017,20,397,Oaxaca,Heroica Ciudad de Tlaxiaco,PV
2017,20,398,Oaxaca,Ayoquezco de Aldama,OI
2017,20,398,Oaxaca,Ayoquezco de Aldama,PV
2017,20,399,Oaxaca,Santa María Atzompa,OI
2017,20,399,Oaxaca,Santa María Atzompa,PV
2017,20,400,Oaxaca,Santa María Camotlán,OI
2017,20,400,Oaxaca,Santa María Camotlán,PV
2017,20,401,Oaxaca,Santa María Colotepec,OI
2017,20,401,Oaxaca,Santa María Colotepec,PV
2017,20,402,Oaxaca,Santa María Cortijo,OI
2017,20,402,Oaxaca,Santa María Cortijo,PV
2017,20,403,Oaxaca,Santa María Coyotepec,OI
2017,20,403,Oaxaca,Santa María Coyotepec,PV
2017,20,404,Oaxaca,Santa María Chachoápam,PV
2017,20,405,Oaxaca,Villa de Chilapa de Díaz,OI
2017,20,405,Oaxaca,Villa de Chilapa de Díaz,PV
2017,20,406,Oaxaca,Santa María Chilchotla,OI
2017,20,406,Oaxaca,Santa María Chilchotla,PV
2017,20,407,Oaxaca,Santa María Chimalapa,OI
2017,20,407,Oaxaca,Santa María Chimalapa,PV
2017,20,408,Oaxaca,Santa María del Rosario,PV
2017,20,409,Oaxaca,Santa María del Tule,OI
2017,20,409,Oaxaca,Santa María del Tule,PV
2017,20,410,Oaxaca,Santa María Ecatepec,PV
2017,20,411,Oaxaca,Santa María Guelacé,OI
2017,20,411,Oaxaca,Santa María Guelacé,PV
2017,20,412,Oaxaca,Santa María Guienagati,OI
2017,20,412,Oaxaca,Santa María Guienagati,PV
2017,20,414,Oaxaca,Santa María Huazolotitlán,OI
2017,20,414,Oaxaca,Santa María Huazolotitlán,PV
2017,20,415,Oaxaca,Santa María Ipalapa,OI
2017,20,415,Oaxaca,Santa María Ipalapa,PV
2017,20,416,Oaxaca,Santa María Ixcatlán,PV
2017,20,419,Oaxaca,Santa María Jaltianguis,PV
2017,20,420,Oaxaca,Santa María Lachixío,PV
2017,20,422,Oaxaca,Santa María Nativitas,PV
2017,20,423,Oaxaca,Santa María Nduayaco,PV
2017,20,424,Oaxaca,Santa María Ozolotepec,PV
2017,20,425,Oaxaca,Santa María Pápalo,PV
2017,20,426,Oaxaca,Santa María Peñoles,OI
2017,20,426,Oaxaca,Santa María Peñoles,PV
2017,20,427,Oaxaca,Santa María Petapa,OI
2017,20,427,Oaxaca,Santa María Petapa,PV
2017,20,428,Oaxaca,Santa María Quiegolani,PV
2017,20,429,Oaxaca,Santa María Sola,OI
2017,20,429,Oaxaca,Santa María Sola,PV
2017,20,430,Oaxaca,Santa María Tataltepec,PV
2017,20,431,Oaxaca,Santa María Tecomavaca,OI
2017,20,431,Oaxaca,Santa María Tecomavaca,PV
2017,20,432,Oaxaca,Santa María Temaxcalapa,OI
2017,20,432,Oaxaca,Santa María Temaxcalapa,PV
2017,20,433,Oaxaca,Santa María Temaxcaltepec,OI
2017,20,433,Oaxaca,Santa María Temaxcaltepec,PV
2017,20,434,Oaxaca,Santa María Teopoxco,PV
2017,20,435,Oaxaca,Santa María Tepantlali,PV
2017,20,436,Oaxaca,Santa María Texcatitlán,OI
2017,20,436,Oaxaca,Santa María Texcatitlán,PV
2017,20,437,Oaxaca,Santa María Tlahuitoltepec,PV
2017,20,438,Oaxaca,Santa María Tlalixtac,PV
2017,20,440,Oaxaca,Santa María Totolapilla,PV
2017,20,441,Oaxaca,Santa María Xadani,OI
2017,20,441,Oaxaca,Santa María Xadani,PV
2017,20,442,Oaxaca,Santa María Yalina,PV
2017,20,443,Oaxaca,Santa María Yavesía,PV
2017,20,444,Oaxaca,Santa María Yolotepec,PV
2017,20,445,Oaxaca,Santa María Yosoyúa,OI
2017,20,445,Oaxaca,Santa María Yosoyúa,PV
2017,20,446,Oaxaca,Santa María Yucuhiti,OI
2017,20,446,Oaxaca,Santa María Yucuhiti,PV
2017,20,447,Oaxaca,Santa María Zacatepec,OI
2017,20,447,Oaxaca,Santa María Zacatepec,PV
2017,20,448,Oaxaca,Santa María Zaniza,OI
2017,20,448,Oaxaca,Santa María Zaniza,PV
2017,20,449,Oaxaca,Santa María Zoquitlán,OI
2017,20,449,Oaxaca,Santa María Zoquitlán,PV
2017,20,450,Oaxaca,Santiago Amoltepec,PV
2017,20,451,Oaxaca,Santiago Apoala,OI
2017,20,451,Oaxaca,Santiago Apoala,PV
2017,20,452,Oaxaca,Santiago Apóstol,OI
2017,20,452,Oaxaca,Santiago Apóstol,PV
2017,20,453,Oaxaca,Santiago Astata,OI
2017,20,453,Oaxaca,Santiago Astata,PV
2017,20,454,Oaxaca,Santiago Atitlán,OI
2017,20,454,Oaxaca,Santiago Atitlán,PV
2017,20,455,Oaxaca,Santiago Ayuquililla,PV
2017,20,456,Oaxaca,Santiago Cacaloxtepec,PV
2017,20,457,Oaxaca,Santiago Camotlán,OI
2017,20,457,Oaxaca,Santiago Camotlán,PV
2017,20,458,Oaxaca,Santiago Comaltepec,OI
2017,20,458,Oaxaca,Santiago Comaltepec,PV
2017,20,460,Oaxaca,Santiago Choápam,OI
2017,20,460,Oaxaca,Santiago Choápam,PV
2017,20,461,Oaxaca,Santiago del Río,OI
2017,20,461,Oaxaca,Santiago del Río,PV
2017,20,462,Oaxaca,Santiago Huajolotitlán,OI
2017,20,462,Oaxaca,Santiago Huajolotitlán,PV
2017,20,463,Oaxaca,Santiago Huauclilla,OI
2017,20,463,Oaxaca,Santiago Huauclilla,PV
2017,20,464,Oaxaca,Santiago Ihuitlán Plumas,PV
2017,20,465,Oaxaca,Santiago Ixcuintepec,OI
2017,20,465,Oaxaca,Santiago Ixcuintepec,PV
2017,20,466,Oaxaca,Santiago Ixtayutla,OI
2017,20,466,Oaxaca,Santiago Ixtayutla,PV
2017,20,467,Oaxaca,Santiago Jamiltepec,OI
2017,20,467,Oaxaca,Santiago Jamiltepec,PV
2017,20,469,Oaxaca,Santiago Juxtlahuaca,OI
2017,20,469,Oaxaca,Santiago Juxtlahuaca,PV
2017,20,470,Oaxaca,Santiago Lachiguiri,OI
2017,20,470,Oaxaca,Santiago Lachiguiri,PV
2017,20,471,Oaxaca,Santiago Lalopa,OI
2017,20,471,Oaxaca,Santiago Lalopa,PV
2017,20,473,Oaxaca,Santiago Laxopa,PV
2017,20,474,Oaxaca,Santiago Llano Grande,OI
2017,20,474,Oaxaca,Santiago Llano Grande,PV
2017,20,475,Oaxaca,Santiago Matatlán,PV
2017,20,476,Oaxaca,Santiago Miltepec,OI
2017,20,476,Oaxaca,Santiago Miltepec,PV
2017,20,477,Oaxaca,Santiago Minas,OI
2017,20,477,Oaxaca,Santiago Minas,PV
2017,20,479,Oaxaca,Santiago Nejapilla,PV
2017,20,480,Oaxaca,Santiago Nundiche,PV
2017,20,481,Oaxaca,Santiago Nuyoó,OI
2017,20,481,Oaxaca,Santiago Nuyoó,PV
2017,20,482,Oaxaca,Santiago Pinotepa Nacional,OI
2017,20,482,Oaxaca,Santiago Pinotepa Nacional,PV
2017,20,483,Oaxaca,Santiago Suchilquitongo,OI
2017,20,483,Oaxaca,Santiago Suchilquitongo,PV
2017,20,484,Oaxaca,Santiago Tamazola,OI
2017,20,484,Oaxaca,Santiago Tamazola,PV
2017,20,485,Oaxaca,Santiago Tapextla,OI
2017,20,485,Oaxaca,Santiago Tapextla,PV
2017,20,486,Oaxaca,Villa Tejúpam de La Unión,PV
2017,20,487,Oaxaca,Santiago Tenango,PV
2017,20,488,Oaxaca,Santiago Tepetlapa,PV
2017,20,489,Oaxaca,Santiago Tetepec,OI
2017,20,489,Oaxaca,Santiago Tetepec,PV
2017,20,490,Oaxaca,Santiago Texcalcingo,PV
2017,20,491,Oaxaca,Santiago Textitlán,OI
2017,20,491,Oaxaca,Santiago Textitlán,PV
2017,20,492,Oaxaca,Santiago Tilantongo,PV
2017,20,493,Oaxaca,Santiago Tillo,PV
2017,20,494,Oaxaca,Santiago Tlazoyaltepec,OI
2017,20,494,Oaxaca,Santiago Tlazoyaltepec,PV
2017,20,495,Oaxaca,Santiago Xanica,PV
2017,20,496,Oaxaca,Santiago Xiacuí,OI
2017,20,496,Oaxaca,Santiago Xiacuí,PV
2017,20,497,Oaxaca,Santiago Yaitepec,PV
2017,20,499,Oaxaca,Santiago Yolomécatl,PV
2017,20,500,Oaxaca,Santiago Yosondúa,OI
2017,20,500,Oaxaca,Santiago Yosondúa,PV
2017,20,501,Oaxaca,Santiago Yucuyachi,PV
2017,20,503,Oaxaca,Santiago Zoochila,OI
2017,20,503,Oaxaca,Santiago Zoochila,PV
2017,20,504,Oaxaca,Nuevo Zoquiápam,OI
2017,20,504,Oaxaca,Nuevo Zoquiápam,PV
2017,20,505,Oaxaca,Santo Domingo Ingenio,OI
2017,20,505,Oaxaca,Santo Domingo Ingenio,PV
2017,20,506,Oaxaca,Santo Domingo Albarradas,OI
2017,20,506,Oaxaca,Santo Domingo Albarradas,PV
2017,20,507,Oaxaca,Santo Domingo Armenta,PV
2017,20,508,Oaxaca,Santo Domingo Chihuitán,OI
2017,20,508,Oaxaca,Santo Domingo Chihuitán,PV
2017,20,509,Oaxaca,Santo Domingo de Morelos,OI
2017,20,509,Oaxaca,Santo Domingo de Morelos,PV
2017,20,510,Oaxaca,Santo Domingo Ixcatlán,PV
2017,20,511,Oaxaca,Santo Domingo Nuxaá,PV
2017,20,512,Oaxaca,Santo Domingo Ozolotepec,PV
2017,20,513,Oaxaca,Santo Domingo Petapa,OI
2017,20,513,Oaxaca,Santo Domingo Petapa,PV
2017,20,514,Oaxaca,Santo Domingo Roayaga,OI
2017,20,514,Oaxaca,Santo Domingo Roayaga,PV
2017,20,516,Oaxaca,Santo Domingo Teojomulco,OI
2017,20,516,Oaxaca,Santo Domingo Teojomulco,PV
2017,20,517,Oaxaca,Santo Domingo Tepuxtepec,PV
2017,20,518,Oaxaca,Santo Domingo Tlatayápam,PV
2017,20,519,Oaxaca,Santo Domingo Tomaltepec,OI
2017,20,519,Oaxaca,Santo Domingo Tomaltepec,PV
2017,20,520,Oaxaca,Santo Domingo Tonalá,OI
2017,20,520,Oaxaca,Santo Domingo Tonalá,PV
2017,20,521,Oaxaca,Santo Domingo Tonaltepec,PV
2017,20,522,Oaxaca,Santo Domingo Xagacía,OI
2017,20,522,Oaxaca,Santo Domingo Xagacía,PV
2017,20,523,Oaxaca,Santo Domingo Yanhuitlán,PV
2017,20,524,Oaxaca,Santo Domingo Yodohino,OI
2017,20,524,Oaxaca,Santo Domingo Yodohino,PV
2017,20,526,Oaxaca,Santos Reyes Nopala,OI
2017,20,526,Oaxaca,Santos Reyes Nopala,PV
2017,20,527,Oaxaca,Santos Reyes Pápalo,OI
2017,20,527,Oaxaca,Santos Reyes Pápalo,PV
2017,20,528,Oaxaca,Santos Reyes Tepejillo,OI
2017,20,528,Oaxaca,Santos Reyes Tepejillo,PV
2017,20,529,Oaxaca,Santos Reyes Yucuná,PV
2017,20,530,Oaxaca,Santo Tomás Jalieza,OI
2017,20,530,Oaxaca,Santo Tomás Jalieza,PV
2017,20,531,Oaxaca,Santo Tomás Mazaltepec,OI
2017,20,531,Oaxaca,Santo Tomás Mazaltepec,PV
2017,20,532,Oaxaca,Santo Tomás Ocotepec,PV
2017,20,533,Oaxaca,Santo Tomás Tamazulapan,OI
2017,20,533,Oaxaca,Santo Tomás Tamazulapan,PV
2017,20,534,Oaxaca,San Vicente Coatlán,PV
2017,20,535,Oaxaca,San Vicente Lachixío,PV
2017,20,536,Oaxaca,San Vicente Nuñú,PV
2017,20,537,Oaxaca,Silacayoápam,OI
2017,20,537,Oaxaca,Silacayoápam,PV
2017,20,538,Oaxaca,Sitio de Xitlapehua,PV
2017,20,539,Oaxaca,Soledad Etla,OI
2017,20,539,Oaxaca,Soledad Etla,PV
2017,20,540,Oaxaca,Villa de Tamazulápam del Progreso,OI
2017,20,540,Oaxaca,Villa de Tamazulápam del Progreso,PV
2017,20,541,Oaxaca,Tanetze de Zaragoza,OI
2017,20,541,Oaxaca,Tanetze de Zaragoza,PV
2017,20,542,Oaxaca,Taniche,OI
2017,20,542,Oaxaca,Taniche,PV
2017,20,543,Oaxaca,Tataltepec de Valdés,OI
2017,20,543,Oaxaca,Tataltepec de Valdés,PV
2017,20,544,Oaxaca,Teococuilco de Marcos Pérez,PV
2017,20,545,Oaxaca,Teotitlán de Flores Magón,OI
2017,20,545,Oaxaca,Teotitlán de Flores Magón,PV
2017,20,546,Oaxaca,Teotitlán del Valle,OI
2017,20,546,Oaxaca,Teotitlán del Valle,PV
2017,20,548,Oaxaca,Tepelmeme Villa de Morelos,PV
2017,20,549,Oaxaca,"H. V. Tezoatlán de Segura y Luna, C. de la I.de O.",OI
2017,20,549,Oaxaca,"H. V. Tezoatlán de Segura y Luna, C. de la I.de O.",PV
2017,20,550,Oaxaca,San Jerónimo Tlacochahuaya,OI
2017,20,550,Oaxaca,San Jerónimo Tlacochahuaya,PV
2017,20,551,Oaxaca,Tlacolula de Matamoros,OI
2017,20,551,Oaxaca,Tlacolula de Matamoros,PV
2017,20,552,Oaxaca,Tlacotepec Plumas,PV
2017,20,553,Oaxaca,Tlalixtac de Cabrera,OI
2017,20,553,Oaxaca,Tlalixtac de Cabrera,PV
2017,20,554,Oaxaca,Totontepec Villa de Morelos,OI
2017,20,554,Oaxaca,Totontepec Villa de Morelos,PV
2017,20,555,Oaxaca,Trinidad Zaachila,OI
2017,20,555,Oaxaca,Trinidad Zaachila,PV
2017,20,556,Oaxaca,La Trinidad Vista Hermosa,PV
2017,20,557,Oaxaca,Unión Hidalgo,OI
2017,20,557,Oaxaca,Unión Hidalgo,PV
2017,20,558,Oaxaca,Valerio Trujano,OI
2017,20,558,Oaxaca,Valerio Trujano,PV
2017,20,561,Oaxaca,Yaxe,OI
2017,20,561,Oaxaca,Yaxe,PV
2017,20,562,Oaxaca,Magdalena Yodocono de Porfirio Díaz,PV
2017,20,563,Oaxaca,Yogana,PV
2017,20,564,Oaxaca,Yutanduchi de Guerrero,OI
2017,20,564,Oaxaca,Yutanduchi de Guerrero,PV
2017,20,565,Oaxaca,Villa de Zaachila,OI
2017,20,565,Oaxaca,Villa de Zaachila,PV
2017,20,566,Oaxaca,San Mateo Yucutindoo,OI
2017,20,566,Oaxaca,San Mateo Yucutindoo,PV
2017,20,569,Oaxaca,Santa Inés de Zaragoza,OI
2017,20,569,Oaxaca,Santa Inés de Zaragoza,PV
2017,20,570,Oaxaca,Zimatlán de Álvarez,OI
2017,20,570,Oaxaca,Zimatlán de Álvarez,PV
2017,21,2,Puebla,Acateno,OI
2017,21,2,Puebla,Acateno,PV
2017,21,4,Puebla,Acatzingo,PV
2017,21,5,Puebla,Acteopan,PV
2017,21,6,Puebla,Ahuacatlán,OI
2017,21,6,Puebla,Ahuacatlán,PV
2017,21,7,Puebla,Ahuatlán,PV
2017,21,9,Puebla,Ahuehuetitla,OI
2017,21,9,Puebla,Ahuehuetitla,PV
2017,21,10,Puebla,Ajalpan,OI
2017,21,10,Puebla,Ajalpan,PV
2017,21,11,Puebla,Albino Zertuche,PV
2017,21,12,Puebla,Aljojuca,PV
2017,21,13,Puebla,Altepexi,OI
2017,21,14,Puebla,Amixtlán,OI
2017,21,14,Puebla,Amixtlán,PV
2017,21,16,Puebla,Aquixtla,PV
2017,21,17,Puebla,Atempan,PV
2017,21,18,Puebla,Atexcal,OI
2017,21,18,Puebla,Atexcal,PV
2017,21,20,Puebla,Atoyatempan,PV
2017,21,21,Puebla,Atzala,OI
2017,21,21,Puebla,Atzala,PV
2017,21,22,Puebla,Atzitzihuacán,OI
2017,21,22,Puebla,Atzitzihuacán,PV
2017,21,28,Puebla,Camocuautla,OI
2017,21,28,Puebla,Camocuautla,PV
2017,21,29,Puebla,Caxhuacan,OI
2017,21,29,Puebla,Caxhuacan,PV
2017,21,30,Puebla,Coatepec,OI
2017,21,30,Puebla,Coatepec,PV
2017,21,32,Puebla,Cohetzala,OI
2017,21,32,Puebla,Cohetzala,PV
2017,21,33,Puebla,Cohuecan,PV
2017,21,34,Puebla,Coronango,PV
2017,21,35,Puebla,Coxcatlán,PV
2017,21,36,Puebla,Coyomeapan,PV
2017,21,37,Puebla,Coyotepec,PV
2017,21,38,Puebla,Cuapiaxtla de Madero,PV
2017,21,39,Puebla,Cuautempan,PV
2017,21,40,Puebla,Cuautinchán,OI
2017,21,40,Puebla,Cuautinchán,PV
2017,21,41,Puebla,Cuautlancingo,PV
2017,21,42,Puebla,Cuayuca de Andrade,OI
2017,21,42,Puebla,Cuayuca de Andrade,PV
2017,21,44,Puebla,Cuyoaco,PV
2017,21,46,Puebla,Chapulco,PV
2017,21,47,Puebla,Chiautla,OI
2017,21,47,Puebla,Chiautla,PV
2017,21,48,Puebla,Chiautzingo,PV
2017,21,49,Puebla,Chiconcuautla,OI
2017,21,49,Puebla,Chiconcuautla,PV
2017,21,50,Puebla,Chichiquila,PV
2017,21,52,Puebla,Chigmecatitlán,PV
2017,21,54,Puebla,Chignautla,PV
2017,21,55,Puebla,Chila,OI
2017,21,55,Puebla,Chila,PV
2017,21,56,Puebla,Chila de La Sal,PV
2017,21,57,Puebla,Honey,OI
2017,21,57,Puebla,Honey,PV
2017,21,58,Puebla,Chilchotla,OI
2017,21,58,Puebla,Chilchotla,PV
2017,21,60,Puebla,Domingo Arenas,PV
2017,21,61,Puebla,Eloxochitlán,PV
2017,21,62,Puebla,Epatlán,OI
2017,21,62,Puebla,Epatlán,PV
2017,21,63,Puebla,Esperanza,PV
2017,21,64,Puebla,Francisco Z. Mena,OI
2017,21,64,Puebla,Francisco Z. Mena,PV
2017,21,65,Puebla,General Felipe Ángeles,PV
2017,21,66,Puebla,Guadalupe,OI
2017,21,66,Puebla,Guadalupe,PV
2017,21,67,Puebla,Guadalupe Victoria,PV
2017,21,68,Puebla,Hermenegildo Galeana,OI
2017,21,68,Puebla,Hermenegildo Galeana,PV
2017,21,70,Puebla,Huatlatlauca,OI
2017,21,70,Puebla,Huatlatlauca,PV
2017,21,72,Puebla,Huehuetla,OI
2017,21,72,Puebla,Huehuetla,PV
2017,21,73,Puebla,Huehuetlán El Chico,OI
2017,21,73,Puebla,Huehuetlán El Chico,PV
2017,21,74,Puebla,Huejotzingo,PV
2017,21,75,Puebla,Hueyapan,OI
2017,21,75,Puebla,Hueyapan,PV
2017,21,76,Puebla,Hueytamalco,OI
2017,21,76,Puebla,Hueytamalco,PV
2017,21,77,Puebla,Hueytlalpan,OI
2017,21,77,Puebla,Hueytlalpan,PV
2017,21,78,Puebla,Huitzilan de Serdán,OI
2017,21,78,Puebla,Huitzilan de Serdán,PV
2017,21,79,Puebla,Huitziltepec,PV
2017,21,80,Puebla,Atlequizayan,OI
2017,21,80,Puebla,Atlequizayan,PV
2017,21,82,Puebla,Ixcaquixtla,OI
2017,21,82,Puebla,Ixcaquixtla,PV
2017,21,84,Puebla,Ixtepec,OI
2017,21,84,Puebla,Ixtepec,PV
2017,21,87,Puebla,Jolalpan,OI
2017,21,87,Puebla,Jolalpan,PV
2017,21,88,Puebla,Jonotla,OI
2017,21,88,Puebla,Jonotla,PV
2017,21,89,Puebla,Jopala,OI
2017,21,89,Puebla,Jopala,PV
2017,21,90,Puebla,Juan C. Bonilla,PV
2017,21,92,Puebla,Juan N. Méndez,OI
2017,21,92,Puebla,Juan N. Méndez,PV
2017,21,93,Puebla,Lafragua,PV
2017,21,95,Puebla,La Magdalena Tlatlauquitepec,PV
2017,21,96,Puebla,Mazapiltepec de Juárez,PV
2017,21,97,Puebla,Mixtla,PV
2017,21,99,Puebla,Cañada Morelos,PV
2017,21,100,Puebla,Naupan,OI
2017,21,100,Puebla,Naupan,PV
2017,21,101,Puebla,Nauzontla,OI
2017,21,101,Puebla,Nauzontla,PV
2017,21,102,Puebla,Nealtican,PV
2017,21,103,Puebla,Nicolás Bravo,PV
2017,21,104,Puebla,Nopalucan,PV
2017,21,105,Puebla,Ocotepec,PV
2017,21,107,Puebla,Olintla,OI
2017,21,107,Puebla,Olintla,PV
2017,21,110,Puebla,Palmar de Bravo,PV
2017,21,111,Puebla,Pantepec,OI
2017,21,111,Puebla,Pantepec,PV
2017,21,112,Puebla,Petlalcingo,OI
2017,21,112,Puebla,Petlalcingo,PV
2017,21,113,Puebla,Piaxtla,OI
2017,21,113,Puebla,Piaxtla,PV
2017,21,115,Puebla,Quecholac,PV
2017,21,116,Puebla,Quimixtlán,OI
2017,21,116,Puebla,Quimixtlán,PV
2017,21,117,Puebla,Rafael Lara Grajales,PV
2017,21,118,Puebla,Los Reyes de Juárez,PV
2017,21,119,Puebla,San Andrés Cholula,PV
2017,21,120,Puebla,San Antonio Cañada,OI
2017,21,120,Puebla,San Antonio Cañada,PV
2017,21,121,Puebla,San Diego La Mesa Tochimiltzingo,PV
2017,21,122,Puebla,San Felipe Teotlalcingo,PV
2017,21,123,Puebla,San Felipe Tepatlán,OI
2017,21,123,Puebla,San Felipe Tepatlán,PV
2017,21,124,Puebla,San Gabriel Chilac,OI
2017,21,124,Puebla,San Gabriel Chilac,PV
2017,21,125,Puebla,San Gregorio Atzompa,PV
2017,21,126,Puebla,San Jerónimo Tecuanipan,PV
2017,21,127,Puebla,San Jerónimo Xayacatlán,OI
2017,21,127,Puebla,San Jerónimo Xayacatlán,PV
2017,21,128,Puebla,San José Chiapa,PV
2017,21,129,Puebla,San José Miahuatlán,OI
2017,21,129,Puebla,San José Miahuatlán,PV
2017,21,130,Puebla,San Juan Atenco,PV
2017,21,131,Puebla,San Juan Atzompa,PV
2017,21,132,Puebla,San Martín Texmelucan,PV
2017,21,133,Puebla,San Martín Totoltepec,OI
2017,21,133,Puebla,San Martín Totoltepec,PV
2017,21,134,Puebla,San Matías Tlalancaleca,PV
2017,21,135,Puebla,San Miguel Ixitlán,PV
2017,21,136,Puebla,San Miguel Xoxtla,PV
2017,21,137,Puebla,San Nicolás Buenos Aires,PV
2017,21,138,Puebla,San Nicolás de Los Ranchos,PV
2017,21,139,Puebla,San Pablo Anicano,OI
2017,21,139,Puebla,San Pablo Anicano,PV
2017,21,141,Puebla,San Pedro Yeloixtlahuaca,OI
2017,21,141,Puebla,San Pedro Yeloixtlahuaca,PV
2017,21,142,Puebla,San Salvador El Seco,PV
2017,21,143,Puebla,San Salvador El Verde,PV
2017,21,144,Puebla,San Salvador Huixcolotla,PV
2017,21,146,Puebla,Santa Catarina Tlaltempan,PV
2017,21,147,Puebla,Santa Inés Ahuatempan,PV
2017,21,148,Puebla,Santa Isabel Cholula,OI
2017,21,148,Puebla,Santa Isabel Cholula,PV
2017,21,149,Puebla,Santiago Miahuatlán,OI
2017,21,149,Puebla,Santiago Miahuatlán,PV
2017,21,150,Puebla,Huehuetlán El Grande,OI
2017,21,150,Puebla,Huehuetlán El Grande,PV
2017,21,151,Puebla,Santo Tomás Hueyotlipan,PV
2017,21,152,Puebla,Soltepec,PV
2017,21,155,Puebla,Tecomatlán,OI
2017,21,155,Puebla,Tecomatlán,PV
2017,21,157,Puebla,Tehuitzingo,PV
2017,21,158,Puebla,Tenampulco,OI
2017,21,158,Puebla,Tenampulco,PV
2017,21,159,Puebla,Teopantlán,OI
2017,21,159,Puebla,Teopantlán,PV
2017,21,161,Puebla,Tepanco de López,PV
2017,21,163,Puebla,Tepatlaxco de Hidalgo,PV
2017,21,164,Puebla,Tepeaca,PV
2017,21,165,Puebla,Tepemaxalco,OI
2017,21,165,Puebla,Tepemaxalco,PV
2017,21,166,Puebla,Tepeojuma,OI
2017,21,166,Puebla,Tepeojuma,PV
2017,21,167,Puebla,Tepetzintla,OI
2017,21,167,Puebla,Tepetzintla,PV
2017,21,168,Puebla,Tepexco,OI
2017,21,168,Puebla,Tepexco,PV
2017,21,169,Puebla,Tepexi de Rodríguez,OI
2017,21,169,Puebla,Tepexi de Rodríguez,PV
2017,21,171,Puebla,Tepeyahualco de Cuauhtémoc,PV
2017,21,173,Puebla,Teteles de Avila Castillo,PV
2017,21,175,Puebla,Tianguismanalco,OI
2017,21,175,Puebla,Tianguismanalco,PV
2017,21,176,Puebla,Tilapa,OI
2017,21,176,Puebla,Tilapa,PV
2017,21,177,Puebla,Tlacotepec de Benito Juárez,PV
2017,21,178,Puebla,Tlacuilotepec,OI
2017,21,178,Puebla,Tlacuilotepec,PV
2017,21,179,Puebla,Tlachichuca,OI
2017,21,179,Puebla,Tlachichuca,PV
2017,21,181,Puebla,Tlaltenango,PV
2017,21,182,Puebla,Tlanepantla,PV
2017,21,185,Puebla,Tlapanalá,OI
2017,21,185,Puebla,Tlapanalá,PV
2017,21,188,Puebla,Tochimilco,OI
2017,21,188,Puebla,Tochimilco,PV
2017,21,189,Puebla,Tochtepec,PV
2017,21,190,Puebla,Totoltepec de Guerrero,OI
2017,21,190,Puebla,Totoltepec de Guerrero,PV
2017,21,191,Puebla,Tulcingo,OI
2017,21,191,Puebla,Tulcingo,PV
2017,21,192,Puebla,Tuzamapan de Galeana,OI
2017,21,192,Puebla,Tuzamapan de Galeana,PV
2017,21,195,Puebla,Vicente Guerrero,PV
2017,21,196,Puebla,Xayacatlán de Bravo,OI
2017,21,196,Puebla,Xayacatlán de Bravo,PV
2017,21,199,Puebla,Xiutetelco,PV
2017,21,200,Puebla,Xochiapulco,PV
2017,21,201,Puebla,Xochiltepec,OI
2017,21,201,Puebla,Xochiltepec,PV
2017,21,202,Puebla,Xochitlán de Vicente Suárez,OI
2017,21,202,Puebla,Xochitlán de Vicente Suárez,PV
2017,21,203,Puebla,Xochitlán Todos Santos,PV
2017,21,204,Puebla,Yaonáhuac,OI
2017,21,204,Puebla,Yaonáhuac,PV
2017,21,205,Puebla,Yehualtepec,PV
2017,21,206,Puebla,Zacapala,OI
2017,21,206,Puebla,Zacapala,PV
2017,21,208,Puebla,Zacatlán,PV
2017,21,209,Puebla,Zapotitlán,OI
2017,21,209,Puebla,Zapotitlán,PV
2017,21,210,Puebla,Zapotitlán de Méndez,OI
2017,21,210,Puebla,Zapotitlán de Méndez,PV
2017,21,211,Puebla,Zaragoza,PV
2017,21,212,Puebla,Zautla,PV
2017,21,213,Puebla,Zihuateutla,OI
2017,21,213,Puebla,Zihuateutla,PV
2017,21,215,Puebla,Zongozotla,OI
2017,21,215,Puebla,Zongozotla,PV
2017,21,216,Puebla,Zoquiapan,OI
2017,21,216,Puebla,Zoquiapan,PV
2017,22,2,Querétaro,Pinal de Amoles,PV
2017,22,3,Querétaro,Arroyo Seco,PV
2017,22,4,Querétaro,Cadereyta de Montes,OI
2017,22,4,Querétaro,Cadereyta de Montes,PV
2017,22,5,Querétaro,Colón,OI
2017,22,5,Querétaro,Colón,PV
2017,22,7,Querétaro,Ezequiel Montes,PV
2017,22,8,Querétaro,Huimilpan,PV
2017,22,10,Querétaro,Landa de Matamoros,PV
2017,22,12,Querétaro,Pedro Escobedo,PV
2017,22,15,Querétaro,San Joaquín,OI
2017,22,15,Querétaro,San Joaquín,PV
2017,22,17,Querétaro,Tequisquiapan,PV
2017,22,18,Querétaro,Tolimán,OI
2017,22,18,Querétaro,Tolimán,PV
2017,23,6,Quintana Roo,José María Morelos,OI
2017,23,6,Quintana Roo,José María Morelos,PV
2017,23,9,Quintana Roo,Tulum,PV
2017,23,10,Quintana Roo,Bacalar,OI
2017,23,10,Quintana Roo,Bacalar,PV
2017,24,1,San Luis Potosí,Ahualulco,PV
2017,24,2,San Luis Potosí,Alaquines,OI
2017,24,2,San Luis Potosí,Alaquines,PV
2017,24,4,San Luis Potosí,Armadillo de Los Infante,PV
2017,24,5,San Luis Potosí,Cárdenas,OI
2017,24,5,San Luis Potosí,Cárdenas,PV
2017,24,6,San Luis Potosí,Catorce,PV
2017,24,7,San Luis Potosí,Cedral,PV
2017,24,9,San Luis Potosí,Cerro de San Pedro,PV
2017,24,10,San Luis Potosí,Ciudad del Maíz,PV
2017,24,11,San Luis Potosí,Ciudad Fernández,OI
2017,24,11,San Luis Potosí,Ciudad Fernández,PV
2017,24,12,San Luis Potosí,Tancanhuitz,OI
2017,24,12,San Luis Potosí,Tancanhuitz,PV
2017,24,14,San Luis Potosí,Coxcatlán,OI
2017,24,14,San Luis Potosí,Coxcatlán,PV
2017,24,15,San Luis Potosí,Charcas,PV
2017,24,17,San Luis Potosí,Guadalcázar,PV
2017,24,18,San Luis Potosí,Huehuetlán,OI
2017,24,18,San Luis Potosí,Huehuetlán,PV
2017,24,19,San Luis Potosí,Lagunillas,OI
2017,24,19,San Luis Potosí,Lagunillas,PV
2017,24,21,San Luis Potosí,Mexquitic de Carmona,PV
2017,24,22,San Luis Potosí,Moctezuma,PV
2017,24,23,San Luis Potosí,Rayón,OI
2017,24,23,San Luis Potosí,Rayón,PV
2017,24,25,San Luis Potosí,Salinas,PV
2017,24,26,San Luis Potosí,San Antonio,OI
2017,24,26,San Luis Potosí,San Antonio,PV
2017,24,29,San Luis Potosí,San Martín Chalchicuautla,OI
2017,24,29,San Luis Potosí,San Martín Chalchicuautla,PV
2017,24,30,San Luis Potosí,San Nicolás Tolentino,OI
2017,24,30,San Luis Potosí,San Nicolás Tolentino,PV
2017,24,31,San Luis Potosí,Santa Catarina,OI
2017,24,31,San Luis Potosí,Santa Catarina,PV
2017,24,33,San Luis Potosí,Santo Domingo,PV
2017,24,35,San Luis Potosí,Soledad de Graciano Sánchez,PV
2017,24,36,San Luis Potosí,Tamasopo,OI
2017,24,36,San Luis Potosí,Tamasopo,PV
2017,24,38,San Luis Potosí,Tampacán,OI
2017,24,38,San Luis Potosí,Tampacán,PV
2017,24,39,San Luis Potosí,Tampamolón Corona,OI
2017,24,39,San Luis Potosí,Tampamolón Corona,PV
2017,24,42,San Luis Potosí,Tanquián de Escobedo,OI
2017,24,42,San Luis Potosí,Tanquián de Escobedo,PV
2017,24,44,San Luis Potosí,Vanegas,PV
2017,24,45,San Luis Potosí,Venado,PV
2017,24,46,San Luis Potosí,Villa de Arriaga,PV
2017,24,47,San Luis Potosí,Villa de Guadalupe,PV
2017,24,48,San Luis Potosí,Villa de La Paz,PV
2017,24,49,San Luis Potosí,Villa de Ramos,PV
2017,24,51,San Luis Potosí,Villa Hidalgo,PV
2017,24,52,San Luis Potosí,Villa Juárez,PV
2017,24,54,San Luis Potosí,Xilitla,OI
2017,24,54,San Luis Potosí,Xilitla,PV
2017,24,55,San Luis Potosí,Zaragoza,PV
2017,24,56,San Luis Potosí,Villa de Arista,PV
2017,25,2,Sinaloa,Angostura,OI
2017,25,2,Sinaloa,Angostura,PV
2017,25,4,Sinaloa,Concordia,OI
2017,25,9,Sinaloa,Escuinapa,OI
2017,25,9,Sinaloa,Escuinapa,PV
2017,25,18,Sinaloa,Navolato,OI
2017,25,18,Sinaloa,Navolato,PV
2017,26,2,Sonora,Agua Prieta,PV
2017,26,5,Sonora,Arivechi,PV
2017,26,9,Sonora,Bacanora,PV
2017,26,11,Sonora,Bacoachi,PV
2017,26,12,Sonora,Bácum,OI
2017,26,12,Sonora,Bácum,PV
2017,26,14,Sonora,Baviácora,PV
2017,26,15,Sonora,Bavispe,PV
2017,26,23,Sonora,Cumpas,PV
2017,26,27,Sonora,Fronteras,PV
2017,26,32,Sonora,Huásabas,PV
2017,26,34,Sonora,Huépac,PV
2017,26,50,Sonora,Rayón,PV
2017,26,51,Sonora,Rosario,PV
2017,26,53,Sonora,San Felipe de Jesús,PV
2017,26,60,Sonora,Sáric,PV
2017,26,66,Sonora,Ures,PV
2017,27,5,Tabasco,Comalcalco,OI
2017,27,5,Tabasco,Comalcalco,PV
2017,27,9,Tabasco,Jalapa,OI
2017,27,9,Tabasco,Jalapa,PV
2017,27,10,Tabasco,Jalpa de Méndez,OI
2017,27,10,Tabasco,Jalpa de Méndez,PV
2017,27,13,Tabasco,Nacajuca,PV
2017,27,14,Tabasco,Paraíso,OI
2017,27,14,Tabasco,Paraíso,PV
2017,28,1,Tamaulipas,Abasolo,OI
2017,28,1,Tamaulipas,Abasolo,PV
2017,28,2,Tamaulipas,Aldama,OI
2017,28,2,Tamaulipas,Aldama,PV
2017,28,3,Tamaulipas,Altamira,OI
2017,28,3,Tamaulipas,Altamira,PV
2017,28,4,Tamaulipas,Antiguo Morelos,OI
2017,28,4,Tamaulipas,Antiguo Morelos,PV
2017,28,6,Tamaulipas,Bustamante,PV
2017,28,7,Tamaulipas,Camargo,OI
2017,28,8,Tamaulipas,Casas,PV
2017,28,11,Tamaulipas,Gómez Farías,OI
2017,28,11,Tamaulipas,Gómez Farías,PV
2017,28,12,Tamaulipas,González,OI
2017,28,12,Tamaulipas,González,PV
2017,28,13,Tamaulipas,Güémez,PV
2017,28,15,Tamaulipas,Gustavo Díaz Ordaz,OI
2017,28,16,Tamaulipas,Hidalgo,OI
2017,28,16,Tamaulipas,Hidalgo,PV
2017,28,17,Tamaulipas,Jaumave,PV
2017,28,18,Tamaulipas,Jiménez,PV
2017,28,19,Tamaulipas,Llera,OI
2017,28,19,Tamaulipas,Llera,PV
2017,28,20,Tamaulipas,Mainero,OI
2017,28,20,Tamaulipas,Mainero,PV
2017,28,21,Tamaulipas,El Mante,OI
2017,28,21,Tamaulipas,El Mante,PV
2017,28,22,Tamaulipas,Matamoros,OI
2017,28,23,Tamaulipas,Méndez,OI
2017,28,23,Tamaulipas,Méndez,PV
2017,28,25,Tamaulipas,Miguel Alemán,OI
2017,28,26,Tamaulipas,Miquihuana,PV
2017,28,28,Tamaulipas,Nuevo Morelos,OI
2017,28,28,Tamaulipas,Nuevo Morelos,PV
2017,28,29,Tamaulipas,Ocampo,OI
2017,28,29,Tamaulipas,Ocampo,PV
2017,28,30,Tamaulipas,Padilla,OI
2017,28,30,Tamaulipas,Padilla,PV
2017,28,31,Tamaulipas,Palmillas,PV
2017,28,32,Tamaulipas,Reynosa,OI
2017,28,33,Tamaulipas,Río Bravo,OI
2017,28,34,Tamaulipas,San Carlos,PV
2017,28,35,Tamaulipas,San Fernando,OI
2017,28,35,Tamaulipas,San Fernando,PV
2017,28,37,Tamaulipas,Soto La Marina,OI
2017,28,37,Tamaulipas,Soto La Marina,PV
2017,28,39,Tamaulipas,Tula,OI
2017,28,39,Tamaulipas,Tula,PV
2017,28,40,Tamaulipas,Valle Hermoso,OI
2017,28,41,Tamaulipas,Victoria,OI
2017,28,41,Tamaulipas,Victoria,PV
2017,28,42,Tamaulipas,Villagrán,OI
2017,28,42,Tamaulipas,Villagrán,PV
2017,28,43,Tamaulipas,Xicoténcatl,OI
2017,28,43,Tamaulipas,Xicoténcatl,PV
2017,29,1,Tlaxcala,Amaxac de Guerrero,PV
2017,29,2,Tlaxcala,Apetatitlán de Antonio Carvajal,PV
2017,29,4,Tlaxcala,Atltzayanca,PV
2017,29,5,Tlaxcala,Apizaco,PV
2017,29,9,Tlaxcala,Cuaxomulco,PV
2017,29,10,Tlaxcala,Chiautempan,PV
2017,29,11,Tlaxcala,Muñoz de Domingo Arenas,PV
2017,29,12,Tlaxcala,Españita,PV
2017,29,14,Tlaxcala,Hueyotlipan,PV
2017,29,15,Tlaxcala,Ixtacuixtla de Mariano Matamoros,PV
2017,29,16,Tlaxcala,Ixtenco,PV
2017,29,17,Tlaxcala,Mazatecochco de José María Morelos,PV
2017,29,18,Tlaxcala,Contla de Juan Cuamatzi,PV
2017,29,19,Tlaxcala,Tepetitla de Lardizábal,PV
2017,29,20,Tlaxcala,Sanctórum de Lázaro Cárdenas,PV
2017,29,21,Tlaxcala,Nanacamilpa de Mariano Arista,PV
2017,29,22,Tlaxcala,Acuamanala de Miguel Hidalgo,PV
2017,29,23,Tlaxcala,Natívitas,PV
2017,29,24,Tlaxcala,Panotla,PV
2017,29,25,Tlaxcala,San Pablo del Monte,PV
2017,29,26,Tlaxcala,Santa Cruz Tlaxcala,PV
2017,29,27,Tlaxcala,Tenancingo,PV
2017,29,28,Tlaxcala,Teolocholco,PV
2017,29,29,Tlaxcala,Tepeyanco,PV
2017,29,30,Tlaxcala,Terrenate,PV
2017,29,31,Tlaxcala,Tetla de La Solidaridad,PV
2017,29,32,Tlaxcala,Tetlatlahuca,PV
2017,29,34,Tlaxcala,Tlaxco,PV
2017,29,35,Tlaxcala,Tocatlán,PV
2017,29,36,Tlaxcala,Totolac,PV
2017,29,38,Tlaxcala,Tzompantepec,PV
2017,29,39,Tlaxcala,Xaloztoc,PV
2017,29,40,Tlaxcala,Xaltocan,PV
2017,29,41,Tlaxcala,Papalotla de Xicohténcatl,PV
2017,29,42,Tlaxcala,Xicohtzinco,PV
2017,29,43,Tlaxcala,Yauhquemehcan,PV
2017,29,45,Tlaxcala,Benito Juárez,PV
2017,29,46,Tlaxcala,Emiliano Zapata,PV
2017,29,47,Tlaxcala,Lázaro Cárdenas,PV
2017,29,48,Tlaxcala,La Magdalena Tlaltelulco,PV
2017,29,49,Tlaxcala,San Damián Texóloc,PV
2017,29,50,Tlaxcala,San Francisco Tetlanohcan,PV
2017,29,51,Tlaxcala,San Jerónimo Zacualpan,PV
2017,29,52,Tlaxcala,San José Teacalco,PV
2017,29,53,Tlaxcala,San Juan Huactzinco,PV
2017,29,54,Tlaxcala,San Lorenzo Axocomanitla,PV
2017,29,55,Tlaxcala,San Lucas Tecopilco,PV
2017,29,56,Tlaxcala,Santa Ana Nopalucan,PV
2017,29,57,Tlaxcala,Santa Apolonia Teacalco,PV
2017,29,58,Tlaxcala,Santa Catarina Ayometla,PV
2017,29,59,Tlaxcala,Santa Cruz Quilehtla,PV
2017,29,60,Tlaxcala,Santa Isabel Xiloxoxtla,PV
2017,30,3,Veracruz,Acayucan,OI
2017,30,3,Veracruz,Acayucan,PV
2017,30,5,Veracruz,Acula,OI
2017,30,5,Veracruz,Acula,PV
2017,30,6,Veracruz,Acultzingo,OI
2017,30,6,Veracruz,Acultzingo,PV
2017,30,8,Veracruz,Alpatláhuac,PV
2017,30,9,Veracruz,Alto Lucero de Gutiérrez Barrios,OI
2017,30,9,Veracruz,Alto Lucero de Gutiérrez Barrios,PV
2017,30,12,Veracruz,Amatitlán,OI
2017,30,12,Veracruz,Amatitlán,PV
2017,30,13,Veracruz,Naranjos Amatlán,OI
2017,30,13,Veracruz,Naranjos Amatlán,PV
2017,30,14,Veracruz,Amatlán de Los Reyes,OI
2017,30,14,Veracruz,Amatlán de Los Reyes,PV
2017,30,18,Veracruz,Aquila,PV
2017,30,19,Veracruz,Astacinga,PV
2017,30,20,Veracruz,Atlahuilco,PV
2017,30,21,Veracruz,Atoyac,OI
2017,30,21,Veracruz,Atoyac,PV
2017,30,22,Veracruz,Atzacan,OI
2017,30,22,Veracruz,Atzacan,PV
2017,30,24,Veracruz,Tlaltetela,PV
2017,30,25,Veracruz,Ayahualulco,OI
2017,30,25,Veracruz,Ayahualulco,PV
2017,30,27,Veracruz,Benito Juárez,OI
2017,30,27,Veracruz,Benito Juárez,PV
2017,30,29,Veracruz,Calcahualco,PV
2017,30,30,Veracruz,Camerino Z. Mendoza,PV
2017,30,33,Veracruz,Cazones de Herrera,OI
2017,30,33,Veracruz,Cazones de Herrera,PV
2017,30,34,Veracruz,Cerro Azul,OI
2017,30,34,Veracruz,Cerro Azul,PV
2017,30,35,Veracruz,Citlaltépetl,OI
2017,30,35,Veracruz,Citlaltépetl,PV
2017,30,36,Veracruz,Coacoatzintla,PV
2017,30,37,Veracruz,Coahuitlán,OI
2017,30,37,Veracruz,Coahuitlán,PV
2017,30,40,Veracruz,Coatzintla,OI
2017,30,40,Veracruz,Coatzintla,PV
2017,30,41,Veracruz,Coetzala,PV
2017,30,42,Veracruz,Colipa,OI
2017,30,42,Veracruz,Colipa,PV
2017,30,43,Veracruz,Comapa,PV
2017,30,44,Veracruz,Córdoba,OI
2017,30,44,Veracruz,Córdoba,PV
2017,30,47,Veracruz,Coscomatepec,PV
2017,30,49,Veracruz,Cotaxtla,OI
2017,30,49,Veracruz,Cotaxtla,PV
2017,30,50,Veracruz,Coxquihui,OI
2017,30,50,Veracruz,Coxquihui,PV
2017,30,52,Veracruz,Cuichapa,OI
2017,30,52,Veracruz,Cuichapa,PV
2017,30,56,Veracruz,Chiconamel,OI
2017,30,56,Veracruz,Chiconamel,PV
2017,30,57,Veracruz,Chiconquiaco,OI
2017,30,57,Veracruz,Chiconquiaco,PV
2017,30,59,Veracruz,Chinameca,OI
2017,30,59,Veracruz,Chinameca,PV
2017,30,60,Veracruz,Chinampa de Gorostiza,OI
2017,30,60,Veracruz,Chinampa de Gorostiza,PV
2017,30,62,Veracruz,Chocamán,OI
2017,30,62,Veracruz,Chocamán,PV
2017,30,63,Veracruz,Chontla,OI
2017,30,63,Veracruz,Chontla,PV
2017,30,64,Veracruz,Chumatlán,OI
2017,30,64,Veracruz,Chumatlán,PV
2017,30,67,Veracruz,Filomeno Mata,OI
2017,30,67,Veracruz,Filomeno Mata,PV
2017,30,68,Veracruz,Fortín,PV
2017,30,69,Veracruz,Gutiérrez Zamora,OI
2017,30,69,Veracruz,Gutiérrez Zamora,PV
2017,30,70,Veracruz,Hidalgotitlán,OI
2017,30,70,Veracruz,Hidalgotitlán,PV
2017,30,74,Veracruz,Huiloapan de Cuauhtémoc,PV
2017,30,75,Veracruz,Ignacio de La Llave,OI
2017,30,75,Veracruz,Ignacio de La Llave,PV
2017,30,76,Veracruz,Ilamatlán,OI
2017,30,76,Veracruz,Ilamatlán,PV
2017,30,78,Veracruz,Ixcatepec,OI
2017,30,78,Veracruz,Ixcatepec,PV
2017,30,79,Veracruz,Ixhuacán de Los Reyes,OI
2017,30,79,Veracruz,Ixhuacán de Los Reyes,PV
2017,30,80,Veracruz,Ixhuatlán del Café,PV
2017,30,81,Veracruz,Ixhuatlancillo,PV
2017,30,82,Veracruz,Ixhuatlán del Sureste,OI
2017,30,82,Veracruz,Ixhuatlán del Sureste,PV
2017,30,83,Veracruz,Ixhuatlán de Madero,OI
2017,30,83,Veracruz,Ixhuatlán de Madero,PV
2017,30,84,Veracruz,Ixmatlahuacan,OI
2017,30,84,Veracruz,Ixmatlahuacan,PV
2017,30,88,Veracruz,Jalcomulco,PV
2017,30,89,Veracruz,Jáltipan,OI
2017,30,89,Veracruz,Jáltipan,PV
2017,30,92,Veracruz,Xico,PV
2017,30,94,Veracruz,Juan Rodríguez Clara,OI
2017,30,94,Veracruz,Juan Rodríguez Clara,PV
2017,30,95,Veracruz,Juchique de Ferrer,OI
2017,30,95,Veracruz,Juchique de Ferrer,PV
2017,30,96,Veracruz,Landero Y Coss,PV
2017,30,98,Veracruz,Magdalena,PV
2017,30,99,Veracruz,Maltrata,PV
2017,30,103,Veracruz,Mecatlán,OI
2017,30,103,Veracruz,Mecatlán,PV
2017,30,106,Veracruz,Miahuatlán,PV
2017,30,107,Veracruz,Las Minas,OI
2017,30,107,Veracruz,Las Minas,PV
2017,30,108,Veracruz,Minatitlán,PV
2017,30,110,Veracruz,Mixtla de Altamirano,PV
2017,30,113,Veracruz,Naranjal,PV
2017,30,115,Veracruz,Nogales,PV
2017,30,116,Veracruz,Oluta,OI
2017,30,116,Veracruz,Oluta,PV
2017,30,117,Veracruz,Omealca,OI
2017,30,117,Veracruz,Omealca,PV
2017,30,119,Veracruz,Otatitlán,OI
2017,30,119,Veracruz,Otatitlán,PV
2017,30,120,Veracruz,Oteapan,OI
2017,30,120,Veracruz,Oteapan,PV
2017,30,121,Veracruz,Ozuluama de Mascareñas,OI
2017,30,121,Veracruz,Ozuluama de Mascareñas,PV
2017,30,122,Veracruz,Pajapan,OI
2017,30,122,Veracruz,Pajapan,PV
2017,30,127,Veracruz,La Perla,PV
2017,30,129,Veracruz,Platón Sánchez,OI
2017,30,129,Veracruz,Platón Sánchez,PV
2017,30,130,Veracruz,Playa Vicente,OI
2017,30,130,Veracruz,Playa Vicente,PV
2017,30,133,Veracruz,Pueblo Viejo,OI
2017,30,133,Veracruz,Pueblo Viejo,PV
2017,30,135,Veracruz,Rafael Delgado,PV
2017,30,136,Veracruz,Rafael Lucio,PV
2017,30,137,Veracruz,Los Reyes,PV
2017,30,138,Veracruz,Río Blanco,PV
2017,30,139,Veracruz,Saltabarranca,OI
2017,30,139,Veracruz,Saltabarranca,PV
2017,30,140,Veracruz,San Andrés Tenejapan,PV
2017,30,144,Veracruz,Sayula de Alemán,OI
2017,30,144,Veracruz,Sayula de Alemán,PV
2017,30,145,Veracruz,Soconusco,OI
2017,30,145,Veracruz,Soconusco,PV
2017,30,146,Veracruz,Sochiapa,PV
2017,30,147,Veracruz,Soledad Atzompa,PV
2017,30,149,Veracruz,Soteapan,OI
2017,30,149,Veracruz,Soteapan,PV
2017,30,150,Veracruz,Tamalín,OI
2017,30,150,Veracruz,Tamalín,PV
2017,30,151,Veracruz,Tamiahua,OI
2017,30,151,Veracruz,Tamiahua,PV
2017,30,152,Veracruz,Tampico Alto,OI
2017,30,152,Veracruz,Tampico Alto,PV
2017,30,153,Veracruz,Tancoco,OI
2017,30,153,Veracruz,Tancoco,PV
2017,30,154,Veracruz,Tantima,OI
2017,30,154,Veracruz,Tantima,PV
2017,30,156,Veracruz,Tatatila,OI
2017,30,156,Veracruz,Tatatila,PV
2017,30,157,Veracruz,Castillo de Teayo,OI
2017,30,157,Veracruz,Castillo de Teayo,PV
2017,30,158,Veracruz,Tecolutla,OI
2017,30,158,Veracruz,Tecolutla,PV
2017,30,159,Veracruz,Tehuipango,PV
2017,30,162,Veracruz,Tenampa,PV
2017,30,165,Veracruz,Tepatlaxco,OI
2017,30,165,Veracruz,Tepatlaxco,PV
2017,30,166,Veracruz,Tepetlán,OI
2017,30,166,Veracruz,Tepetlán,PV
2017,30,168,Veracruz,Tequila,PV
2017,30,170,Veracruz,Texcatepec,OI
2017,30,170,Veracruz,Texcatepec,PV
2017,30,171,Veracruz,Texhuacán,PV
2017,30,172,Veracruz,Texistepec,OI
2017,30,172,Veracruz,Texistepec,PV
2017,30,173,Veracruz,Tezonapa,OI
2017,30,173,Veracruz,Tezonapa,PV
2017,30,176,Veracruz,Tlacojalpan,OI
2017,30,176,Veracruz,Tlacojalpan,PV
2017,30,177,Veracruz,Tlacolulan,PV
2017,30,178,Veracruz,Tlacotalpan,OI
2017,30,178,Veracruz,Tlacotalpan,PV
2017,30,179,Veracruz,Tlacotepec de Mejía,PV
2017,30,180,Veracruz,Tlachichilco,OI
2017,30,180,Veracruz,Tlachichilco,PV
2017,30,181,Veracruz,Tlalixcoyan,OI
2017,30,181,Veracruz,Tlalixcoyan,PV
2017,30,183,Veracruz,Tlapacoyan,OI
2017,30,183,Veracruz,Tlapacoyan,PV
2017,30,184,Veracruz,Tlaquilpa,PV
2017,30,185,Veracruz,Tlilapan,PV
2017,30,186,Veracruz,Tomatlán,PV
2017,30,187,Veracruz,Tonayán,PV
2017,30,190,Veracruz,Tuxtilla,OI
2017,30,190,Veracruz,Tuxtilla,PV
2017,30,192,Veracruz,Vega de Alatorre,OI
2017,30,192,Veracruz,Vega de Alatorre,PV
2017,30,193,Veracruz,Veracruz,OI
2017,30,193,Veracruz,Veracruz,PV
2017,30,194,Veracruz,Villa Aldama,PV
2017,30,195,Veracruz,Xoxocotla,PV
2017,30,196,Veracruz,Yanga,PV
2017,30,197,Veracruz,Yecuatla,OI
2017,30,197,Veracruz,Yecuatla,PV
2017,30,198,Veracruz,Zacualpan,OI
2017,30,198,Veracruz,Zacualpan,PV
2017,30,200,Veracruz,Zentla,PV
2017,30,202,Veracruz,Zontecomatlán de López Y Fuentes,OI
2017,30,202,Veracruz,Zontecomatlán de López Y Fuentes,PV
2017,30,203,Veracruz,Zozocolco de Hidalgo,OI
2017,30,203,Veracruz,Zozocolco de Hidalgo,PV
2017,30,206,Veracruz,Nanchital de Lázaro Cárdenas del Río,OI
2017,30,206,Veracruz,Nanchital de Lázaro Cárdenas del Río,PV
2017,30,207,Veracruz,Tres Valles,OI
2017,30,207,Veracruz,Tres Valles,PV
2017,30,209,Veracruz,Uxpanapa,OI
2017,30,209,Veracruz,Uxpanapa,PV
2017,30,210,Veracruz,Tatahuicapan de Juárez,OI
2017,30,210,Veracruz,Tatahuicapan de Juárez,PV
2017,30,211,Veracruz,San Rafael,OI
2017,30,211,Veracruz,San Rafael,PV
2017,30,212,Veracruz,Santiago Sochiapan,OI
2017,30,212,Veracruz,Santiago Sochiapan,PV
2017,31,2,Yucatán,Acanceh,PV
2017,31,3,Yucatán,Akil,OI
2017,31,3,Yucatán,Akil,PV
2017,31,4,Yucatán,Baca,PV
2017,31,5,Yucatán,Bokobá,PV
2017,31,6,Yucatán,Buctzotz,PV
2017,31,7,Yucatán,Cacalchén,PV
2017,31,8,Yucatán,Calotmul,PV
2017,31,9,Yucatán,Cansahcab,PV
2017,31,12,Yucatán,Cenotillo,PV
2017,31,14,Yucatán,Cuncunul,PV
2017,31,16,Yucatán,Chacsinkín,PV
2017,31,17,Yucatán,Chankom,PV
2017,31,18,Yucatán,Chapab,PV
2017,31,20,Yucatán,Chicxulub Pueblo,PV
2017,31,21,Yucatán,Chichimilá,PV
2017,31,24,Yucatán,Chumayel,PV
2017,31,26,Yucatán,Dzemul,PV
2017,31,28,Yucatán,Dzilam de Bravo,PV
2017,31,29,Yucatán,Dzilam González,PV
2017,31,30,Yucatán,Dzitás,PV
2017,31,31,Yucatán,Dzoncauich,PV
2017,31,32,Yucatán,Espita,PV
2017,31,33,Yucatán,Halachó,OI
2017,31,33,Yucatán,Halachó,PV
2017,31,34,Yucatán,Hocabá,PV
2017,31,35,Yucatán,Hoctún,PV
2017,31,36,Yucatán,Homún,PV
2017,31,37,Yucatán,Huhí,PV
2017,31,38,Yucatán,Hunucmá,PV
2017,31,39,Yucatán,Ixil,PV
2017,31,41,Yucatán,Kanasín,PV
2017,31,42,Yucatán,Kantunil,PV
2017,31,43,Yucatán,Kaua,PV
2017,31,44,Yucatán,Kinchil,PV
2017,31,45,Yucatán,Kopomá,PV
2017,31,46,Yucatán,Mama,PV
2017,31,47,Yucatán,Maní,OI
2017,31,47,Yucatán,Maní,PV
2017,31,48,Yucatán,Maxcanú,PV
2017,31,49,Yucatán,Mayapán,PV
2017,31,54,Yucatán,Muxupip,PV
2017,31,55,Yucatán,Opichén,PV
2017,31,57,Yucatán,Panabá,OI
2017,31,57,Yucatán,Panabá,PV
2017,31,60,Yucatán,Quintana Roo,PV
2017,31,62,Yucatán,Sacalum,OI
2017,31,62,Yucatán,Sacalum,PV
2017,31,63,Yucatán,Samahil,PV
2017,31,64,Yucatán,Sanahcat,PV
2017,31,65,Yucatán,San Felipe,PV
2017,31,66,Yucatán,Santa Elena,OI
2017,31,66,Yucatán,Santa Elena,PV
2017,31,67,Yucatán,Seyé,PV
2017,31,68,Yucatán,Sinanché,PV
2017,31,69,Yucatán,Sotuta,PV
2017,31,70,Yucatán,Sucilá,OI
2017,31,70,Yucatán,Sucilá,PV
2017,31,71,Yucatán,Sudzal,PV
2017,31,72,Yucatán,Suma,PV
2017,31,73,Yucatán,Tahdziú,PV
2017,31,74,Yucatán,Tahmek,PV
2017,31,75,Yucatán,Teabo,PV
2017,31,76,Yucatán,Tecoh,PV
2017,31,77,Yucatán,Tekal de Venegas,PV
2017,31,78,Yucatán,Tekantó,PV
2017,31,80,Yucatán,Tekit,PV
2017,31,81,Yucatán,Tekom,PV
2017,31,82,Yucatán,Telchac Pueblo,PV
2017,31,83,Yucatán,Telchac Puerto,PV
2017,31,84,Yucatán,Temax,PV
2017,31,85,Yucatán,Temozón,PV
2017,31,86,Yucatán,Tepakán,PV
2017,31,87,Yucatán,Tetiz,PV
2017,31,88,Yucatán,Teya,PV
2017,31,90,Yucatán,Timucuy,PV
2017,31,91,Yucatán,Tinum,PV
2017,31,92,Yucatán,Tixcacalcupul,PV
2017,31,93,Yucatán,Tixkokob,PV
2017,31,94,Yucatán,Tixmehuac,PV
2017,31,95,Yucatán,Tixpéhual,PV
2017,31,97,Yucatán,Tunkás,PV
2017,31,99,Yucatán,Uayma,PV
2017,31,100,Yucatán,Ucú,PV
2017,31,101,Yucatán,Umán,PV
2017,31,103,Yucatán,Xocchel,PV
2017,31,104,Yucatán,Yaxcabá,PV
2017,31,105,Yucatán,Yaxkukul,PV
2017,31,106,Yucatán,Yobaín,PV
2017,32,2,Zacatecas,Apulco,PV
2017,32,4,Zacatecas,Benito Juárez,PV
2017,32,11,Zacatecas,Trinidad García de La Cadena,PV
2017,32,13,Zacatecas,General Enrique Estrada,PV
2017,32,18,Zacatecas,Huanusco,PV
2017,32,21,Zacatecas,Jiménez del Teul,PV
2017,32,27,Zacatecas,Melchor Ocampo,PV
2017,32,33,Zacatecas,Moyahua de Estrada,OI
2017,32,33,Zacatecas,Moyahua de Estrada,PV
2017,32,35,Zacatecas,Noria de Ángeles,PV
2017,32,41,Zacatecas,El Salvador,PV
2017,32,50,Zacatecas,Vetagrande,PV
2017,32,52,Zacatecas,Villa García,PV
2017,32,57,Zacatecas,Trancoso,PV
2017,32,58,Zacatecas,Santa María de La Paz,PV
2018,1,11,Aguascalientes,San Francisco de Los Romo,PV
2018,4,1,Campeche,Calkiní,OI
2018,4,1,Campeche,Calkiní,PV
2018,4,8,Campeche,Tenabo,OI
2018,4,8,Campeche,Tenabo,PV
2018,5,1,Coahuila,Abasolo,PV
2018,5,6,Coahuila,Castaños,PV
2018,5,8,Coahuila,Escobedo,PV
2018,5,10,Coahuila,Frontera,PV
2018,5,11,Coahuila,General Cepeda,PV
2018,5,12,Coahuila,Guerrero,PV
2018,5,13,Coahuila,Hidalgo,PV
2018,5,19,Coahuila,Morelos,PV
2018,5,21,Coahuila,Nadadores,PV
2018,5,22,Coahuila,Nava,PV
2018,5,29,Coahuila,Sacramento,PV
2018,5,31,Coahuila,San Buenaventura,PV
2018,5,32,Coahuila,San Juan de Sabinas,PV
2018,5,36,Coahuila,Viesca,PV
2018,5,37,Coahuila,Villa Unión,PV
2018,6,6,Colima,Ixtlahuacán,PV
2018,6,8,Colima,Minatitlán,OI
2018,6,8,Colima,Minatitlán,PV
2018,7,6,Chiapas,Amatenango de La Frontera,PV
2018,7,7,Chiapas,Amatenango del Valle,PV
2018,7,10,Chiapas,Bejucal de Ocampo,PV
2018,7,11,Chiapas,Bella Vista,PV
2018,7,12,Chiapas,Berriozábal,PV
2018,7,16,Chiapas,Catazajá,OI
2018,7,17,Chiapas,Cintalapa,OI
2018,7,17,Chiapas,Cintalapa,PV
2018,7,18,Chiapas,Coapilla,PV
2018,7,21,Chiapas,Copainalá,OI
2018,7,21,Chiapas,Copainalá,PV
2018,7,22,Chiapas,Chalchihuitán,OI
2018,7,22,Chiapas,Chalchihuitán,PV
2018,7,23,Chiapas,Chamula,PV
2018,7,24,Chiapas,Chanal,PV
2018,7,25,Chiapas,Chapultenango,OI
2018,7,25,Chiapas,Chapultenango,PV
2018,7,26,Chiapas,Chenalhó,OI
2018,7,26,Chiapas,Chenalhó,PV
2018,7,28,Chiapas,Chiapilla,PV
2018,7,31,Chiapas,Chilón,OI
2018,7,33,Chiapas,Francisco León,OI
2018,7,33,Chiapas,Francisco León,PV
2018,7,35,Chiapas,Frontera Hidalgo,OI
2018,7,35,Chiapas,Frontera Hidalgo,PV
2018,7,36,Chiapas,La Grandeza,PV
2018,7,38,Chiapas,Huixtán,PV
2018,7,39,Chiapas,Huitiupán,OI
2018,7,39,Chiapas,Huitiupán,PV
2018,7,41,Chiapas,La Independencia,OI
2018,7,41,Chiapas,La Independencia,PV
2018,7,42,Chiapas,Ixhuatán,OI
2018,7,42,Chiapas,Ixhuatán,PV
2018,7,43,Chiapas,Ixtacomitán,OI
2018,7,43,Chiapas,Ixtacomitán,PV
2018,7,45,Chiapas,Ixtapangajoya,OI
2018,7,45,Chiapas,Ixtapangajoya,PV
2018,7,47,Chiapas,Jitotol,OI
2018,7,47,Chiapas,Jitotol,PV
2018,7,48,Chiapas,Juárez,OI
2018,7,50,Chiapas,La Libertad,OI
2018,7,50,Chiapas,La Libertad,PV
2018,7,52,Chiapas,Las Margaritas,OI
2018,7,53,Chiapas,Mazapa de Madero,PV
2018,7,54,Chiapas,Mazatán,OI
2018,7,54,Chiapas,Mazatán,PV
2018,7,55,Chiapas,Metapa,OI
2018,7,55,Chiapas,Metapa,PV
2018,7,56,Chiapas,Mitontic,OI
2018,7,56,Chiapas,Mitontic,PV
2018,7,58,Chiapas,Nicolás Ruíz,PV
2018,7,66,Chiapas,Pantelhó,OI
2018,7,66,Chiapas,Pantelhó,PV
2018,7,67,Chiapas,Pantepec,OI
2018,7,67,Chiapas,Pantepec,PV
2018,7,70,Chiapas,El Porvenir,PV
2018,7,73,Chiapas,Rayón,OI
2018,7,73,Chiapas,Rayón,PV
2018,7,75,Chiapas,Las Rosas,OI
2018,7,75,Chiapas,Las Rosas,PV
2018,7,76,Chiapas,Sabanilla,OI
2018,7,76,Chiapas,Sabanilla,PV
2018,7,79,Chiapas,San Fernando,PV
2018,7,81,Chiapas,Simojovel,OI
2018,7,81,Chiapas,Simojovel,PV
2018,7,83,Chiapas,Socoltenango,OI
2018,7,83,Chiapas,Socoltenango,PV
2018,7,85,Chiapas,Soyaló,PV
2018,7,88,Chiapas,Sunuapa,PV
2018,7,90,Chiapas,Tapalapa,OI
2018,7,90,Chiapas,Tapalapa,PV
2018,7,91,Chiapas,Tapilula,OI
2018,7,91,Chiapas,Tapilula,PV
2018,7,93,Chiapas,Tenejapa,OI
2018,7,93,Chiapas,Tenejapa,PV
2018,7,94,Chiapas,Teopisca,PV
2018,7,96,Chiapas,Tila,OI
2018,7,96,Chiapas,Tila,PV
2018,7,98,Chiapas,Totolapa,OI
2018,7,98,Chiapas,Totolapa,PV
2018,7,100,Chiapas,Tumbalá,OI
2018,7,100,Chiapas,Tumbalá,PV
2018,7,103,Chiapas,Tuzantán,OI
2018,7,103,Chiapas,Tuzantán,PV
2018,7,104,Chiapas,Tzimol,OI
2018,7,104,Chiapas,Tzimol,PV
2018,7,105,Chiapas,Unión Juárez,PV
2018,7,109,Chiapas,Yajalón,OI
2018,7,109,Chiapas,Yajalón,PV
2018,7,110,Chiapas,San Lucas,OI
2018,7,110,Chiapas,San Lucas,PV
2018,7,111,Chiapas,Zinacantán,PV
2018,7,113,Chiapas,Aldama,PV
2018,7,114,Chiapas,Benemérito de Las Américas,OI
2018,7,114,Chiapas,Benemérito de Las Américas,PV
2018,7,115,Chiapas,Maravilla Tenejapa,OI
2018,7,115,Chiapas,Maravilla Tenejapa,PV
2018,7,116,Chiapas,Marqués de Comillas,OI
2018,7,117,Chiapas,Montecristo de Guerrero,PV
2018,7,118,Chiapas,San Andrés Duraznal,OI
2018,7,118,Chiapas,San Andrés Duraznal,PV
2018,7,119,Chiapas,Santiago El Pinar,PV
2018,8,1,Chihuahua,Ahumada,PV
2018,8,3,Chihuahua,Allende,PV
2018,8,5,Chihuahua,Ascensión,PV
2018,8,9,Chihuahua,Bocoyna,PV
2018,8,18,Chihuahua,Cusihuiriachi,PV
2018,8,23,Chihuahua,Galeana,PV
2018,8,25,Chihuahua,Gómez Farías,PV
2018,8,30,Chihuahua,Guazapares,PV
2018,8,33,Chihuahua,Huejotitán,PV
2018,8,44,Chihuahua,Matamoros,PV
2018,8,46,Chihuahua,Morelos,PV
2018,8,48,Chihuahua,Namiquipa,PV
2018,8,54,Chihuahua,Riva Palacio,PV
2018,8,56,Chihuahua,Rosario,PV
2018,8,59,Chihuahua,San Francisco del Oro,PV
2018,8,60,Chihuahua,Santa Bárbara,PV
2018,8,66,Chihuahua,Uruachi,PV
2018,10,2,Durango,Canelas,OI
2018,10,2,Durango,Canelas,PV
2018,10,3,Durango,Coneto de Comonfort,PV
2018,10,14,Durango,Mezquital,PV
2018,10,16,Durango,Nombre de Dios,PV
2018,10,21,Durango,Peñón Blanco,PV
2018,10,28,Durango,San Juan del Río,PV
2018,10,29,Durango,San Luis del Cordero,PV
2018,10,37,Durango,Topia,OI
2018,10,37,Durango,Topia,PV
2018,10,38,Durango,Vicente Guerrero,PV
2018,10,39,Durango,Nuevo Ideal,PV
2018,11,13,Guanajuato,Doctor Mora,PV
2018,11,16,Guanajuato,Huanímaro,OI
2018,11,16,Guanajuato,Huanímaro,PV
2018,11,21,Guanajuato,Moroleón,PV
2018,11,24,Guanajuato,Pueblo Nuevo,PV
2018,11,32,Guanajuato,San José Iturbide,PV
2018,11,34,Guanajuato,Santa Catarina,PV
2018,11,35,Guanajuato,Santa Cruz de Juventino Rosas,PV
2018,11,36,Guanajuato,Santiago Maravatío,PV
2018,11,38,Guanajuato,Tarandacuao,PV
2018,11,40,Guanajuato,Tierra Blanca,PV
2018,11,41,Guanajuato,Uriangato,PV
2018,11,44,Guanajuato,Villagrán,PV
2018,12,4,Guerrero,Alcozauca de Guerrero,OI
2018,12,4,Guerrero,Alcozauca de Guerrero,PV
2018,12,6,Guerrero,Apaxtla,PV
2018,12,9,Guerrero,Atlamajalcingo del Monte,PV
2018,12,10,Guerrero,Atlixtac,OI
2018,12,13,Guerrero,Azoyú,OI
2018,12,13,Guerrero,Azoyú,PV
2018,12,16,Guerrero,Coahuayutla de José María Izazaga,PV
2018,12,17,Guerrero,Cocula,OI
2018,12,17,Guerrero,Cocula,PV
2018,12,18,Guerrero,Copala,OI
2018,12,18,Guerrero,Copala,PV
2018,12,19,Guerrero,Copalillo,OI
2018,12,19,Guerrero,Copalillo,PV
2018,12,20,Guerrero,Copanatoyac,OI
2018,12,20,Guerrero,Copanatoyac,PV
2018,12,24,Guerrero,Cualác,PV
2018,12,25,Guerrero,Cuautepec,OI
2018,12,25,Guerrero,Cuautepec,PV
2018,12,26,Guerrero,Cuetzala del Progreso,OI
2018,12,26,Guerrero,Cuetzala del Progreso,PV
2018,12,27,Guerrero,Cutzamala de Pinzón,OI
2018,12,30,Guerrero,Florencio Villarreal,OI
2018,12,30,Guerrero,Florencio Villarreal,PV
2018,12,31,Guerrero,General Canuto A. Neri,PV
2018,12,33,Guerrero,Huamuxtitlán,OI
2018,12,33,Guerrero,Huamuxtitlán,PV
2018,12,37,Guerrero,Ixcateopan de Cuauhtémoc,PV
2018,12,41,Guerrero,Malinaltepec,OI
2018,12,41,Guerrero,Malinaltepec,PV
2018,12,42,Guerrero,Mártir de Cuilapan,PV
2018,12,43,Guerrero,Metlatónoc,OI
2018,12,43,Guerrero,Metlatónoc,PV
2018,12,49,Guerrero,Pilcaya,OI
2018,12,49,Guerrero,Pilcaya,PV
2018,12,51,Guerrero,Quechultenango,OI
2018,12,51,Guerrero,Quechultenango,PV
2018,12,52,Guerrero,San Luis Acatlán,OI
2018,12,52,Guerrero,San Luis Acatlán,PV
2018,12,54,Guerrero,San Miguel Totolapan,OI
2018,12,54,Guerrero,San Miguel Totolapan,PV
2018,12,56,Guerrero,Tecoanapa,OI
2018,12,56,Guerrero,Tecoanapa,PV
2018,12,58,Guerrero,Teloloapan,OI
2018,12,58,Guerrero,Teloloapan,PV
2018,12,60,Guerrero,Tetipac,OI
2018,12,60,Guerrero,Tetipac,PV
2018,12,62,Guerrero,Tlacoachistlahuaca,OI
2018,12,62,Guerrero,Tlacoachistlahuaca,PV
2018,12,63,Guerrero,Tlacoapa,OI
2018,12,63,Guerrero,Tlacoapa,PV
2018,12,64,Guerrero,Tlalchapa,OI
2018,12,64,Guerrero,Tlalchapa,PV
2018,12,65,Guerrero,Tlalixtaquilla de Maldonado,OI
2018,12,65,Guerrero,Tlalixtaquilla de Maldonado,PV
2018,12,67,Guerrero,Tlapehuala,OI
2018,12,67,Guerrero,Tlapehuala,PV
2018,12,69,Guerrero,Xalpatláhuac,OI
2018,12,69,Guerrero,Xalpatláhuac,PV
2018,12,71,Guerrero,Xochistlahuaca,OI
2018,12,71,Guerrero,Xochistlahuaca,PV
2018,12,72,Guerrero,Zapotitlán Tablas,OI
2018,12,72,Guerrero,Zapotitlán Tablas,PV
2018,12,74,Guerrero,Zitlala,OI
2018,12,74,Guerrero,Zitlala,PV
2018,12,75,Guerrero,Eduardo Neri,OI
2018,12,75,Guerrero,Eduardo Neri,PV
2018,12,76,Guerrero,Acatepec,OI
2018,12,76,Guerrero,Acatepec,PV
2018,12,77,Guerrero,Marquelia,OI
2018,12,77,Guerrero,Marquelia,PV
2018,12,78,Guerrero,Cochoapa El Grande,OI
2018,12,78,Guerrero,Cochoapa El Grande,PV
2018,12,79,Guerrero,José Joaquín de Herrera,PV
2018,12,80,Guerrero,Juchitán,OI
2018,12,80,Guerrero,Juchitán,PV
2018,12,81,Guerrero,Iliatenco,PV
2018,13,4,Hidalgo,Agua Blanca de Iturbide,PV
2018,13,5,Hidalgo,Ajacuba,PV
2018,13,9,Hidalgo,El Arenal,PV
2018,13,10,Hidalgo,Atitalaquia,PV
2018,13,14,Hidalgo,Calnali,OI
2018,13,14,Hidalgo,Calnali,PV
2018,13,15,Hidalgo,Cardonal,PV
2018,13,17,Hidalgo,Chapantongo,PV
2018,13,18,Hidalgo,Chapulhuacán,OI
2018,13,18,Hidalgo,Chapulhuacán,PV
2018,13,20,Hidalgo,Eloxochitlán,OI
2018,13,20,Hidalgo,Eloxochitlán,PV
2018,13,21,Hidalgo,Emiliano Zapata,PV
2018,13,22,Hidalgo,Epazoyucan,PV
2018,13,23,Hidalgo,Francisco I. Madero,PV
2018,13,24,Hidalgo,Huasca de Ocampo,PV
2018,13,26,Hidalgo,Huazalingo,OI
2018,13,26,Hidalgo,Huazalingo,PV
2018,13,27,Hidalgo,Huehuetla,OI
2018,13,27,Hidalgo,Huehuetla,PV
2018,13,31,Hidalgo,Jacala de Ledezma,OI
2018,13,31,Hidalgo,Jacala de Ledezma,PV
2018,13,32,Hidalgo,Jaltocán,OI
2018,13,32,Hidalgo,Jaltocán,PV
2018,13,33,Hidalgo,Juárez Hidalgo,PV
2018,13,34,Hidalgo,Lolotla,OI
2018,13,34,Hidalgo,Lolotla,PV
2018,13,35,Hidalgo,Metepec,PV
2018,13,39,Hidalgo,Mineral del Monte,PV
2018,13,40,Hidalgo,La Misión,PV
2018,13,42,Hidalgo,Molango de Escamilla,OI
2018,13,42,Hidalgo,Molango de Escamilla,PV
2018,13,43,Hidalgo,Nicolás Flores,OI
2018,13,43,Hidalgo,Nicolás Flores,PV
2018,13,44,Hidalgo,Nopala de Villagrán,PV
2018,13,45,Hidalgo,Omitlán de Juárez,PV
2018,13,47,Hidalgo,Pacula,OI
2018,13,47,Hidalgo,Pacula,PV
2018,13,49,Hidalgo,Pisaflores,PV
2018,13,50,Hidalgo,Progreso de Obregón,PV
2018,13,52,Hidalgo,San Agustín Tlaxiaca,PV
2018,13,53,Hidalgo,San Bartolo Tutotepec,OI
2018,13,53,Hidalgo,San Bartolo Tutotepec,PV
2018,13,54,Hidalgo,San Salvador,PV
2018,13,55,Hidalgo,Santiago de Anaya,PV
2018,13,56,Hidalgo,Santiago Tulantepec de Lugo Guerrero,PV
2018,13,57,Hidalgo,Singuilucan,PV
2018,13,58,Hidalgo,Tasquillo,PV
2018,13,59,Hidalgo,Tecozautla,OI
2018,13,59,Hidalgo,Tecozautla,PV
2018,13,60,Hidalgo,Tenango de Doria,OI
2018,13,60,Hidalgo,Tenango de Doria,PV
2018,13,62,Hidalgo,Tepehuacán de Guerrero,OI
2018,13,62,Hidalgo,Tepehuacán de Guerrero,PV
2018,13,65,Hidalgo,Tetepango,PV
2018,13,66,Hidalgo,Villa de Tezontepec,PV
2018,13,67,Hidalgo,Tezontepec de Aldama,PV
2018,13,68,Hidalgo,Tianguistengo,OI
2018,13,68,Hidalgo,Tianguistengo,PV
2018,13,69,Hidalgo,Tizayuca,PV
2018,13,70,Hidalgo,Tlahuelilpan,PV
2018,13,71,Hidalgo,Tlahuiltepa,OI
2018,13,71,Hidalgo,Tlahuiltepa,PV
2018,13,72,Hidalgo,Tlanalapa,PV
2018,13,74,Hidalgo,Tlaxcoapan,PV
2018,13,75,Hidalgo,Tolcayuca,PV
2018,13,78,Hidalgo,Xochiatipan,OI
2018,13,78,Hidalgo,Xochiatipan,PV
2018,13,79,Hidalgo,Xochicoatlán,OI
2018,13,79,Hidalgo,Xochicoatlán,PV
2018,13,80,Hidalgo,Yahualica,OI
2018,13,80,Hidalgo,Yahualica,PV
2018,13,83,Hidalgo,Zempoala,PV
2018,14,1,Jalisco,Acatic,PV
2018,14,3,Jalisco,Ahualulco de Mercado,PV
2018,14,4,Jalisco,Amacueca,OI
2018,14,4,Jalisco,Amacueca,PV
2018,14,7,Jalisco,San Juanito de Escobedo,PV
2018,14,8,Jalisco,Arandas,PV
2018,14,9,Jalisco,El Arenal,PV
2018,14,10,Jalisco,Atemajac de Brizuela,PV
2018,14,11,Jalisco,Atengo,PV
2018,14,12,Jalisco,Atenguillo,PV
2018,14,14,Jalisco,Atoyac,OI
2018,14,14,Jalisco,Atoyac,PV
2018,14,15,Jalisco,Autlán de Navarro,PV
2018,14,20,Jalisco,Cabo Corrientes,OI
2018,14,20,Jalisco,Cabo Corrientes,PV
2018,14,21,Jalisco,Casimiro Castillo,OI
2018,14,21,Jalisco,Casimiro Castillo,PV
2018,14,24,Jalisco,Cocula,PV
2018,14,26,Jalisco,Concepción de Buenos Aires,PV
2018,14,27,Jalisco,Cuautitlán de García Barragán,OI
2018,14,27,Jalisco,Cuautitlán de García Barragán,PV
2018,14,28,Jalisco,Cuautla,PV
2018,14,29,Jalisco,Cuquío,PV
2018,14,31,Jalisco,Chimaltitán,OI
2018,14,32,Jalisco,Chiquilistlán,PV
2018,14,35,Jalisco,Encarnación de Díaz,PV
2018,14,36,Jalisco,Etzatlán,PV
2018,14,37,Jalisco,El Grullo,PV
2018,14,38,Jalisco,Guachinango,OI
2018,14,38,Jalisco,Guachinango,PV
2018,14,42,Jalisco,Huejuquilla El Alto,PV
2018,14,43,Jalisco,La Huerta,OI
2018,14,43,Jalisco,La Huerta,PV
2018,14,44,Jalisco,Ixtlahuacán de Los Membrillos,PV
2018,14,45,Jalisco,Ixtlahuacán del Río,PV
2018,14,48,Jalisco,Jesús María,PV
2018,14,50,Jalisco,Jocotepec,PV
2018,14,52,Jalisco,Juchitlán,PV
2018,14,55,Jalisco,Magdalena,OI
2018,14,55,Jalisco,Magdalena,PV
2018,14,56,Jalisco,Santa María del Oro,PV
2018,14,57,Jalisco,La Manzanilla de la Paz,PV
2018,14,59,Jalisco,Mazamitla,PV
2018,14,60,Jalisco,Mexticacán,PV
2018,14,62,Jalisco,Mixtlán,PV
2018,14,64,Jalisco,Ojuelos de Jalisco,PV
2018,14,68,Jalisco,Villa Purificación,OI
2018,14,68,Jalisco,Villa Purificación,PV
2018,14,69,Jalisco,Quitupan,PV
2018,14,72,Jalisco,San Diego de Alejandría,PV
2018,14,73,Jalisco,San Juan de Los Lagos,PV
2018,14,74,Jalisco,San Julián,PV
2018,14,75,Jalisco,San Marcos,PV
2018,14,77,Jalisco,San Martín Hidalgo,PV
2018,14,78,Jalisco,San Miguel El Alto,PV
2018,14,79,Jalisco,Gómez Farías,PV
2018,14,80,Jalisco,San Sebastián del Oeste,OI
2018,14,80,Jalisco,San Sebastián del Oeste,PV
2018,14,82,Jalisco,Sayula,PV
2018,14,84,Jalisco,Talpa de Allende,OI
2018,14,84,Jalisco,Talpa de Allende,PV
2018,14,85,Jalisco,Tamazula de Gordiano,OI
2018,14,85,Jalisco,Tamazula de Gordiano,PV
2018,14,86,Jalisco,Tapalpa,PV
2018,14,87,Jalisco,Tecalitlán,OI
2018,14,87,Jalisco,Tecalitlán,PV
2018,14,88,Jalisco,Tecolotlán,PV
2018,14,89,Jalisco,Techaluta de Montenegro,PV
2018,14,90,Jalisco,Tenamaxtlán,PV
2018,14,92,Jalisco,Teocuitatlán de Corona,PV
2018,14,93,Jalisco,Tepatitlán de Morelos,PV
2018,14,94,Jalisco,Tequila,OI
2018,14,94,Jalisco,Tequila,PV
2018,14,96,Jalisco,Tizapán El Alto,OI
2018,14,96,Jalisco,Tizapán El Alto,PV
2018,14,101,Jalisco,Tonalá,PV
2018,14,102,Jalisco,Tonaya,PV
2018,14,103,Jalisco,Tonila,PV
2018,14,104,Jalisco,Totatiche,PV
2018,14,105,Jalisco,Tototlán,PV
2018,14,106,Jalisco,Tuxcacuesco,PV
2018,14,107,Jalisco,Tuxcueca,PV
2018,14,109,Jalisco,Unión de San Antonio,PV
2018,14,113,Jalisco,San Gabriel,PV
2018,14,114,Jalisco,Villa Corona,PV
2018,14,115,Jalisco,Villa Guerrero,PV
2018,14,116,Jalisco,Villa Hidalgo,PV
2018,14,117,Jalisco,Cañadas de Obregón,PV
2018,14,119,Jalisco,Zacoalco de Torres,OI
2018,14,119,Jalisco,Zacoalco de Torres,PV
2018,14,121,Jalisco,Zapotiltic,PV
2018,14,122,Jalisco,Zapotitlán de Vadillo,OI
2018,14,122,Jalisco,Zapotitlán de Vadillo,PV
2018,14,123,Jalisco,Zapotlán del Rey,PV
2018,14,124,Jalisco,Zapotlanejo,OI
2018,14,124,Jalisco,Zapotlanejo,PV
2018,15,1,México,Acambay de Ruíz Castañeda,PV
2018,15,4,México,Almoloya de Alquisiras,OI
2018,15,4,México,Almoloya de Alquisiras,PV
2018,15,6,México,Almoloya del Río,PV
2018,15,7,México,Amanalco,PV
2018,15,8,México,Amatepec,PV
2018,15,10,México,Apaxco,PV
2018,15,12,México,Atizapán,PV
2018,15,15,México,Atlautla,PV
2018,15,16,México,Axapusco,PV
2018,15,17,México,Ayapango,PV
2018,15,18,México,Calimaya,PV
2018,15,19,México,Capulhuac,PV
2018,15,20,México,Coacalco de Berriozábal,PV
2018,15,21,México,Coatepec Harinas,OI
2018,15,21,México,Coatepec Harinas,PV
2018,15,22,México,Cocotitlán,PV
2018,15,23,México,Coyotepec,PV
2018,15,24,México,Cuautitlán,PV
2018,15,26,México,Chapa de Mota,PV
2018,15,27,México,Chapultepec,PV
2018,15,28,México,Chiautla,PV
2018,15,29,México,Chicoloapan,PV
2018,15,31,México,Chimalhuacán,PV
2018,15,32,México,Donato Guerra,OI
2018,15,32,México,Donato Guerra,PV
2018,15,34,México,Ecatzingo,PV
2018,15,35,México,Huehuetoca,PV
2018,15,36,México,Hueypoxtla,PV
2018,15,38,México,Isidro Fabela,PV
2018,15,39,México,Ixtapaluca,PV
2018,15,40,México,Ixtapan de La Sal,OI
2018,15,40,México,Ixtapan de La Sal,PV
2018,15,41,México,Ixtapan del Oro,OI
2018,15,41,México,Ixtapan del Oro,PV
2018,15,43,México,Xalatlaco,PV
2018,15,44,México,Jaltenco,PV
2018,15,46,México,Jilotzingo,PV
2018,15,48,México,Jocotitlán,PV
2018,15,49,México,Joquicingo,PV
2018,15,50,México,Juchitepec,PV
2018,15,51,México,Lerma,PV
2018,15,53,México,Melchor Ocampo,PV
2018,15,54,México,Metepec,PV
2018,15,56,México,Morelos,PV
2018,15,59,México,Nextlalpan,PV
2018,15,61,México,Nopaltepec,PV
2018,15,64,México,El Oro,PV
2018,15,65,México,Otumba,PV
2018,15,67,México,Otzolotepec,PV
2018,15,68,México,Ozumba,PV
2018,15,69,México,Papalotla,PV
2018,15,70,México,La Paz,PV
2018,15,71,México,Polotitlán,PV
2018,15,72,México,Rayón,PV
2018,15,73,México,San Antonio La Isla,PV
2018,15,75,México,San Martín de Las Pirámides,PV
2018,15,76,México,San Mateo Atenco,PV
2018,15,77,México,San Simón de Guerrero,PV
2018,15,78,México,Santo Tomás,OI
2018,15,78,México,Santo Tomás,PV
2018,15,79,México,Soyaniquilpan de Juárez,PV
2018,15,80,México,Sultepec,OI
2018,15,80,México,Sultepec,PV
2018,15,82,México,Tejupilco,OI
2018,15,82,México,Tejupilco,PV
2018,15,84,México,Temascalapa,PV
2018,15,85,México,Temascalcingo,PV
2018,15,86,México,Temascaltepec,PV
2018,15,88,México,Tenancingo,PV
2018,15,89,México,Tenango del Aire,PV
2018,15,92,México,Teotihuacán,PV
2018,15,93,México,Tepetlaoxtoc,PV
2018,15,94,México,Tepetlixpa,PV
2018,15,98,México,Texcalyacac,PV
2018,15,103,México,Tlalmanalco,PV
2018,15,105,México,Tlatlaya,OI
2018,15,107,México,Tonatico,OI
2018,15,107,México,Tonatico,PV
2018,15,108,México,Tultepec,PV
2018,15,115,México,Xonacatlán,PV
2018,15,116,México,Zacazonapan,PV
2018,15,117,México,Zacualpan,PV
2018,15,120,México,Zumpango,PV
2018,15,121,México,Cuautitlán Izcalli,PV
2018,15,122,México,Valle de Chalco Solidaridad,PV
2018,15,123,México,Luvianos,PV
2018,15,124,México,San José del Rincón,PV
2018,15,125,México,Tonanitla,PV
2018,16,1,Michoacán,Acuitzio,PV
2018,16,5,Michoacán,Angangueo,PV
2018,16,7,Michoacán,Aporo,PV
2018,16,8,Michoacán,Aquila,OI
2018,16,8,Michoacán,Aquila,PV
2018,16,9,Michoacán,Ario,OI
2018,16,9,Michoacán,Ario,PV
2018,16,13,Michoacán,Carácuaro,OI
2018,16,13,Michoacán,Carácuaro,PV
2018,16,14,Michoacán,Coahuayana,OI
2018,16,14,Michoacán,Coahuayana,PV
2018,16,16,Michoacán,Coeneo,PV
2018,16,18,Michoacán,Copándaro,OI
2018,16,18,Michoacán,Copándaro,PV
2018,16,20,Michoacán,Cuitzeo,PV
2018,16,21,Michoacán,Charapan,PV
2018,16,22,Michoacán,Charo,PV
2018,16,23,Michoacán,Chavinda,PV
2018,16,24,Michoacán,Cherán,PV
2018,16,25,Michoacán,Chilchota,PV
2018,16,26,Michoacán,Chinicuila,OI
2018,16,26,Michoacán,Chinicuila,PV
2018,16,27,Michoacán,Chucándiro,OI
2018,16,27,Michoacán,Chucándiro,PV
2018,16,28,Michoacán,Churintzio,PV
2018,16,29,Michoacán,Churumuco,OI
2018,16,29,Michoacán,Churumuco,PV
2018,16,30,Michoacán,Ecuandureo,PV
2018,16,31,Michoacán,Epitacio Huerta,PV
2018,16,32,Michoacán,Erongarícuaro,PV
2018,16,33,Michoacán,Gabriel Zamora,OI
2018,16,33,Michoacán,Gabriel Zamora,PV
2018,16,36,Michoacán,Huandacareo,OI
2018,16,36,Michoacán,Huandacareo,PV
2018,16,37,Michoacán,Huaniqueo,PV
2018,16,40,Michoacán,Indaparapeo,PV
2018,16,41,Michoacán,Irimbo,PV
2018,16,46,Michoacán,Juárez,PV
2018,16,47,Michoacán,Jungapeo,OI
2018,16,47,Michoacán,Jungapeo,PV
2018,16,48,Michoacán,Lagunillas,PV
2018,16,51,Michoacán,Marcos Castellanos,PV
2018,16,54,Michoacán,Morelos,PV
2018,16,56,Michoacán,Nahuatzen,PV
2018,16,57,Michoacán,Nocupétaro,OI
2018,16,57,Michoacán,Nocupétaro,PV
2018,16,58,Michoacán,Nuevo Parangaricutiro,PV
2018,16,59,Michoacán,Nuevo Urecho,OI
2018,16,59,Michoacán,Nuevo Urecho,PV
2018,16,61,Michoacán,Ocampo,PV
2018,16,62,Michoacán,Pajacuarán,PV
2018,16,63,Michoacán,Panindícuaro,PV
2018,16,65,Michoacán,Paracho,PV
2018,16,66,Michoacán,Pátzcuaro,PV
2018,16,68,Michoacán,Peribán,PV
2018,16,70,Michoacán,Purépero,PV
2018,16,71,Michoacán,Puruándiro,PV
2018,16,73,Michoacán,Quiroga,PV
2018,16,74,Michoacán,Cojumatlán de Régules,PV
2018,16,75,Michoacán,Los Reyes,PV
2018,16,77,Michoacán,San Lucas,OI
2018,16,77,Michoacán,San Lucas,PV
2018,16,78,Michoacán,Santa Ana Maya,OI
2018,16,78,Michoacán,Santa Ana Maya,PV
2018,16,79,Michoacán,Salvador Escalante,PV
2018,16,81,Michoacán,Susupuato,OI
2018,16,81,Michoacán,Susupuato,PV
2018,16,82,Michoacán,Tacámbaro,PV
2018,16,83,Michoacán,Tancítaro,OI
2018,16,83,Michoacán,Tancítaro,PV
2018,16,84,Michoacán,Tangamandapio,PV
2018,16,87,Michoacán,Taretan,OI
2018,16,87,Michoacán,Taretan,PV
2018,16,88,Michoacán,Tarímbaro,PV
2018,16,90,Michoacán,Tingambato,PV
2018,16,91,Michoacán,Tingüindín,PV
2018,16,92,Michoacán,Tiquicheo de Nicolás Romero,OI
2018,16,92,Michoacán,Tiquicheo de Nicolás Romero,PV
2018,16,93,Michoacán,Tlalpujahua,PV
2018,16,95,Michoacán,Tocumbo,PV
2018,16,96,Michoacán,Tumbiscatío,OI
2018,16,96,Michoacán,Tumbiscatío,PV
2018,16,97,Michoacán,Turicato,OI
2018,16,97,Michoacán,Turicato,PV
2018,16,98,Michoacán,Tuxpan,OI
2018,16,98,Michoacán,Tuxpan,PV
2018,16,99,Michoacán,Tuzantla,OI
2018,16,99,Michoacán,Tuzantla,PV
2018,16,100,Michoacán,Tzintzuntzan,PV
2018,16,111,Michoacán,Ziracuaretiro,PV
2018,17,5,Morelos,Coatlán del Río,PV
2018,17,10,Morelos,Jantetelco,PV
2018,17,22,Morelos,Tetela del Volcán,PV
2018,17,26,Morelos,Tlayacapan,PV
2018,18,2,Nayarit,Ahuacatlán,PV
2018,18,3,Nayarit,Amatlán de Cañas,PV
2018,18,4,Nayarit,Compostela,OI
2018,18,4,Nayarit,Compostela,PV
2018,18,7,Nayarit,Jala,PV
2018,18,8,Nayarit,Xalisco,PV
2018,18,13,Nayarit,San Pedro Lagunillas,PV
2018,18,14,Nayarit,Santa María del Oro,PV
2018,18,16,Nayarit,Tecuala,OI
2018,18,18,Nayarit,Tuxpan,OI
2018,18,18,Nayarit,Tuxpan,PV
2018,19,18,Nuevo León,García,PV
2018,19,20,Nuevo León,General Bravo,OI
2018,19,22,Nuevo León,General Terán,OI
2018,19,30,Nuevo León,Iturbide,PV
2018,19,31,Nuevo León,Juárez,OI
2018,19,31,Nuevo León,Juárez,PV
2018,19,32,Nuevo León,Lampazos de Naranjo,PV
2018,19,37,Nuevo León,Mina,PV
2018,19,41,Nuevo León,Pesquería,PV
2018,19,45,Nuevo León,Salinas Victoria,OI
2018,19,45,Nuevo León,Salinas Victoria,PV
2018,19,47,Nuevo León,Hidalgo,PV
2018,20,1,Oaxaca,Abejones,PV
2018,20,3,Oaxaca,Asunción Cacalotepec,PV
2018,20,4,Oaxaca,Asunción Cuyotepeji,OI
2018,20,4,Oaxaca,Asunción Cuyotepeji,PV
2018,20,5,Oaxaca,Asunción Ixtaltepec,OI
2018,20,5,Oaxaca,Asunción Ixtaltepec,PV
2018,20,7,Oaxaca,Asunción Ocotlán,OI
2018,20,7,Oaxaca,Asunción Ocotlán,PV
2018,20,8,Oaxaca,Asunción Tlacolulita,OI
2018,20,8,Oaxaca,Asunción Tlacolulita,PV
2018,20,9,Oaxaca,Ayotzintepec,OI
2018,20,9,Oaxaca,Ayotzintepec,PV
2018,20,10,Oaxaca,El Barrio de la Soledad,OI
2018,20,10,Oaxaca,El Barrio de la Soledad,PV
2018,20,12,Oaxaca,Candelaria Loxicha,OI
2018,20,12,Oaxaca,Candelaria Loxicha,PV
2018,20,13,Oaxaca,Ciénega de Zimatlán,OI
2018,20,13,Oaxaca,Ciénega de Zimatlán,PV
2018,20,15,Oaxaca,Coatecas Altas,OI
2018,20,15,Oaxaca,Coatecas Altas,PV
2018,20,16,Oaxaca,Coicoyán de Las Flores,OI
2018,20,16,Oaxaca,Coicoyán de Las Flores,PV
2018,20,17,Oaxaca,La Compañía,OI
2018,20,17,Oaxaca,La Compañía,PV
2018,20,18,Oaxaca,Concepción Buenavista,PV
2018,20,19,Oaxaca,Concepción Pápalo,OI
2018,20,19,Oaxaca,Concepción Pápalo,PV
2018,20,20,Oaxaca,Constancia del Rosario,OI
2018,20,20,Oaxaca,Constancia del Rosario,PV
2018,20,21,Oaxaca,Cosolapa,OI
2018,20,21,Oaxaca,Cosolapa,PV
2018,20,22,Oaxaca,Cosoltepec,PV
2018,20,23,Oaxaca,Cuilápam de Guerrero,OI
2018,20,23,Oaxaca,Cuilápam de Guerrero,PV
2018,20,24,Oaxaca,Cuyamecalco Villa de Zaragoza,PV
2018,20,25,Oaxaca,Chahuites,OI
2018,20,25,Oaxaca,Chahuites,PV
2018,20,26,Oaxaca,Chalcatongo de Hidalgo,PV
2018,20,27,Oaxaca,Chiquihuitlán de Benito Juárez,PV
2018,20,28,Oaxaca,Heroica Ciudad de Ejutla de Crespo,OI
2018,20,28,Oaxaca,Heroica Ciudad de Ejutla de Crespo,PV
2018,20,29,Oaxaca,Eloxochitlán de Flores Magón,PV
2018,20,30,Oaxaca,El Espinal,OI
2018,20,30,Oaxaca,El Espinal,PV
2018,20,31,Oaxaca,Tamazulápam del Espíritu Santo,OI
2018,20,31,Oaxaca,Tamazulápam del Espíritu Santo,PV
2018,20,32,Oaxaca,Fresnillo de Trujano,PV
2018,20,33,Oaxaca,Guadalupe Etla,OI
2018,20,33,Oaxaca,Guadalupe Etla,PV
2018,20,34,Oaxaca,Guadalupe de Ramírez,PV
2018,20,35,Oaxaca,Guelatao de Juárez,OI
2018,20,35,Oaxaca,Guelatao de Juárez,PV
2018,20,36,Oaxaca,Guevea de Humboldt,OI
2018,20,36,Oaxaca,Guevea de Humboldt,PV
2018,20,37,Oaxaca,Mesones Hidalgo,OI
2018,20,37,Oaxaca,Mesones Hidalgo,PV
2018,20,38,Oaxaca,Villa Hidalgo,OI
2018,20,38,Oaxaca,Villa Hidalgo,PV
2018,20,40,Oaxaca,Huautepec,PV
2018,20,41,Oaxaca,Huautla de Jiménez,OI
2018,20,41,Oaxaca,Huautla de Jiménez,PV
2018,20,42,Oaxaca,Ixtlán de Juárez,OI
2018,20,42,Oaxaca,Ixtlán de Juárez,PV
2018,20,44,Oaxaca,Loma Bonita,OI
2018,20,44,Oaxaca,Loma Bonita,PV
2018,20,45,Oaxaca,Magdalena Apasco,OI
2018,20,45,Oaxaca,Magdalena Apasco,PV
2018,20,46,Oaxaca,Magdalena Jaltepec,PV
2018,20,47,Oaxaca,Santa Magdalena Jicotlán,PV
2018,20,48,Oaxaca,Magdalena Mixtepec,OI
2018,20,48,Oaxaca,Magdalena Mixtepec,PV
2018,20,49,Oaxaca,Magdalena Ocotlán,OI
2018,20,49,Oaxaca,Magdalena Ocotlán,PV
2018,20,50,Oaxaca,Magdalena Peñasco,PV
2018,20,51,Oaxaca,Magdalena Teitipac,PV
2018,20,53,Oaxaca,Magdalena Tlacotepec,OI
2018,20,53,Oaxaca,Magdalena Tlacotepec,PV
2018,20,54,Oaxaca,Magdalena Zahuatlán,PV
2018,20,55,Oaxaca,Mariscala de Juárez,OI
2018,20,55,Oaxaca,Mariscala de Juárez,PV
2018,20,56,Oaxaca,Mártires de Tacubaya,OI
2018,20,56,Oaxaca,Mártires de Tacubaya,PV
2018,20,57,Oaxaca,Matías Romero Avendaño,PV
2018,20,58,Oaxaca,Mazatlán Villa de Flores,OI
2018,20,58,Oaxaca,Mazatlán Villa de Flores,PV
2018,20,59,Oaxaca,Miahuatlán de Porfirio Díaz,OI
2018,20,59,Oaxaca,Miahuatlán de Porfirio Díaz,PV
2018,20,60,Oaxaca,Mixistlán de La Reforma,PV
2018,20,61,Oaxaca,Monjas,OI
2018,20,61,Oaxaca,Monjas,PV
2018,20,62,Oaxaca,Natividad,PV
2018,20,63,Oaxaca,Nazareno Etla,OI
2018,20,63,Oaxaca,Nazareno Etla,PV
2018,20,64,Oaxaca,Nejapa de Madero,OI
2018,20,64,Oaxaca,Nejapa de Madero,PV
2018,20,65,Oaxaca,Ixpantepec Nieves,PV
2018,20,66,Oaxaca,Santiago Niltepec,OI
2018,20,66,Oaxaca,Santiago Niltepec,PV
2018,20,68,Oaxaca,Ocotlán de Morelos,OI
2018,20,68,Oaxaca,Ocotlán de Morelos,PV
2018,20,69,Oaxaca,La Pe,OI
2018,20,69,Oaxaca,La Pe,PV
2018,20,70,Oaxaca,Pinotepa de Don Luis,OI
2018,20,70,Oaxaca,Pinotepa de Don Luis,PV
2018,20,71,Oaxaca,Pluma Hidalgo,PV
2018,20,72,Oaxaca,San José del Progreso,OI
2018,20,72,Oaxaca,San José del Progreso,PV
2018,20,74,Oaxaca,Santa Catarina Quioquitani,PV
2018,20,75,Oaxaca,Reforma de Pineda,OI
2018,20,75,Oaxaca,Reforma de Pineda,PV
2018,20,76,Oaxaca,La Reforma,OI
2018,20,76,Oaxaca,La Reforma,PV
2018,20,77,Oaxaca,Reyes Etla,OI
2018,20,77,Oaxaca,Reyes Etla,PV
2018,20,78,Oaxaca,Rojas de Cuauhtémoc,OI
2018,20,78,Oaxaca,Rojas de Cuauhtémoc,PV
2018,20,80,Oaxaca,San Agustín Amatengo,OI
2018,20,80,Oaxaca,San Agustín Amatengo,PV
2018,20,81,Oaxaca,San Agustín Atenango,OI
2018,20,81,Oaxaca,San Agustín Atenango,PV
2018,20,82,Oaxaca,San Agustín Chayuco,OI
2018,20,82,Oaxaca,San Agustín Chayuco,PV
2018,20,84,Oaxaca,San Agustín Etla,PV
2018,20,85,Oaxaca,San Agustín Loxicha,PV
2018,20,86,Oaxaca,San Agustín Tlacotepec,PV
2018,20,87,Oaxaca,San Agustín Yatareni,PV
2018,20,88,Oaxaca,San Andrés Cabecera Nueva,PV
2018,20,89,Oaxaca,San Andrés Dinicuiti,OI
2018,20,89,Oaxaca,San Andrés Dinicuiti,PV
2018,20,90,Oaxaca,San Andrés Huaxpaltepec,OI
2018,20,90,Oaxaca,San Andrés Huaxpaltepec,PV
2018,20,91,Oaxaca,San Andrés Huayápam,OI
2018,20,91,Oaxaca,San Andrés Huayápam,PV
2018,20,92,Oaxaca,San Andrés Ixtlahuaca,OI
2018,20,92,Oaxaca,San Andrés Ixtlahuaca,PV
2018,20,93,Oaxaca,San Andrés Lagunas,PV
2018,20,94,Oaxaca,San Andrés Nuxiño,OI
2018,20,94,Oaxaca,San Andrés Nuxiño,PV
2018,20,95,Oaxaca,San Andrés Paxtlán,PV
2018,20,96,Oaxaca,San Andrés Sinaxtla,PV
2018,20,97,Oaxaca,San Andrés Solaga,OI
2018,20,97,Oaxaca,San Andrés Solaga,PV
2018,20,98,Oaxaca,San Andrés Teotilálpam,OI
2018,20,98,Oaxaca,San Andrés Teotilálpam,PV
2018,20,99,Oaxaca,San Andrés Tepetlapa,PV
2018,20,100,Oaxaca,San Andrés Yaá,PV
2018,20,101,Oaxaca,San Andrés Zabache,OI
2018,20,101,Oaxaca,San Andrés Zabache,PV
2018,20,102,Oaxaca,San Andrés Zautla,OI
2018,20,102,Oaxaca,San Andrés Zautla,PV
2018,20,103,Oaxaca,San Antonino Castillo Velasco,OI
2018,20,103,Oaxaca,San Antonino Castillo Velasco,PV
2018,20,104,Oaxaca,San Antonino El Alto,OI
2018,20,104,Oaxaca,San Antonino El Alto,PV
2018,20,106,Oaxaca,San Antonio Acutla,PV
2018,20,107,Oaxaca,San Antonio de La Cal,OI
2018,20,107,Oaxaca,San Antonio de La Cal,PV
2018,20,108,Oaxaca,San Antonio Huitepec,OI
2018,20,108,Oaxaca,San Antonio Huitepec,PV
2018,20,109,Oaxaca,San Antonio Nanahuatípam,OI
2018,20,109,Oaxaca,San Antonio Nanahuatípam,PV
2018,20,110,Oaxaca,San Antonio Sinicahua,PV
2018,20,111,Oaxaca,San Antonio Tepetlapa,OI
2018,20,111,Oaxaca,San Antonio Tepetlapa,PV
2018,20,112,Oaxaca,San Baltazar Chichicápam,OI
2018,20,112,Oaxaca,San Baltazar Chichicápam,PV
2018,20,113,Oaxaca,San Baltazar Loxicha,OI
2018,20,113,Oaxaca,San Baltazar Loxicha,PV
2018,20,114,Oaxaca,San Baltazar Yatzachi El Bajo,PV
2018,20,115,Oaxaca,San Bartolo Coyotepec,OI
2018,20,115,Oaxaca,San Bartolo Coyotepec,PV
2018,20,116,Oaxaca,San Bartolomé Ayautla,OI
2018,20,116,Oaxaca,San Bartolomé Ayautla,PV
2018,20,117,Oaxaca,San Bartolomé Loxicha,OI
2018,20,117,Oaxaca,San Bartolomé Loxicha,PV
2018,20,118,Oaxaca,San Bartolomé Quialana,PV
2018,20,119,Oaxaca,San Bartolomé Yucuañe,PV
2018,20,120,Oaxaca,San Bartolomé Zoogocho,PV
2018,20,121,Oaxaca,San Bartolo Soyaltepec,PV
2018,20,122,Oaxaca,San Bartolo Yautepec,PV
2018,20,123,Oaxaca,San Bernardo Mixtepec,OI
2018,20,123,Oaxaca,San Bernardo Mixtepec,PV
2018,20,124,Oaxaca,San Blas Atempa,OI
2018,20,124,Oaxaca,San Blas Atempa,PV
2018,20,125,Oaxaca,San Carlos Yautepec,OI
2018,20,125,Oaxaca,San Carlos Yautepec,PV
2018,20,126,Oaxaca,San Cristóbal Amatlán,OI
2018,20,126,Oaxaca,San Cristóbal Amatlán,PV
2018,20,127,Oaxaca,San Cristóbal Amoltepec,PV
2018,20,128,Oaxaca,San Cristóbal Lachirioag,OI
2018,20,128,Oaxaca,San Cristóbal Lachirioag,PV
2018,20,129,Oaxaca,San Cristóbal Suchixtlahuaca,PV
2018,20,130,Oaxaca,San Dionisio del Mar,PV
2018,20,131,Oaxaca,San Dionisio Ocotepec,OI
2018,20,131,Oaxaca,San Dionisio Ocotepec,PV
2018,20,132,Oaxaca,San Dionisio Ocotlán,OI
2018,20,132,Oaxaca,San Dionisio Ocotlán,PV
2018,20,133,Oaxaca,San Esteban Atatlahuca,PV
2018,20,135,Oaxaca,San Felipe Tejalápam,OI
2018,20,135,Oaxaca,San Felipe Tejalápam,PV
2018,20,137,Oaxaca,San Francisco Cahuacuá,OI
2018,20,137,Oaxaca,San Francisco Cahuacuá,PV
2018,20,138,Oaxaca,San Francisco Cajonos,PV
2018,20,139,Oaxaca,San Francisco Chapulapa,PV
2018,20,140,Oaxaca,San Francisco Chindúa,PV
2018,20,141,Oaxaca,San Francisco del Mar,OI
2018,20,141,Oaxaca,San Francisco del Mar,PV
2018,20,142,Oaxaca,San Francisco Huehuetlán,PV
2018,20,143,Oaxaca,San Francisco Ixhuatán,OI
2018,20,143,Oaxaca,San Francisco Ixhuatán,PV
2018,20,144,Oaxaca,San Francisco Jaltepetongo,PV
2018,20,145,Oaxaca,San Francisco Lachigoló,OI
2018,20,145,Oaxaca,San Francisco Lachigoló,PV
2018,20,146,Oaxaca,San Francisco Logueche,PV
2018,20,147,Oaxaca,San Francisco Nuxaño,PV
2018,20,148,Oaxaca,San Francisco Ozolotepec,PV
2018,20,149,Oaxaca,San Francisco Sola,OI
2018,20,149,Oaxaca,San Francisco Sola,PV
2018,20,150,Oaxaca,San Francisco Telixtlahuaca,OI
2018,20,150,Oaxaca,San Francisco Telixtlahuaca,PV
2018,20,151,Oaxaca,San Francisco Teopan,PV
2018,20,152,Oaxaca,San Francisco Tlapancingo,OI
2018,20,152,Oaxaca,San Francisco Tlapancingo,PV
2018,20,153,Oaxaca,San Gabriel Mixtepec,OI
2018,20,153,Oaxaca,San Gabriel Mixtepec,PV
2018,20,154,Oaxaca,San Ildefonso Amatlán,OI
2018,20,154,Oaxaca,San Ildefonso Amatlán,PV
2018,20,155,Oaxaca,San Ildefonso Sola,OI
2018,20,155,Oaxaca,San Ildefonso Sola,PV
2018,20,156,Oaxaca,San Ildefonso Villa Alta,OI
2018,20,156,Oaxaca,San Ildefonso Villa Alta,PV
2018,20,157,Oaxaca,San Jacinto Amilpas,PV
2018,20,158,Oaxaca,San Jacinto Tlacotepec,OI
2018,20,158,Oaxaca,San Jacinto Tlacotepec,PV
2018,20,159,Oaxaca,San Jerónimo Coatlán,PV
2018,20,160,Oaxaca,San Jerónimo Silacayoapilla,PV
2018,20,161,Oaxaca,San Jerónimo Sosola,PV
2018,20,162,Oaxaca,San Jerónimo Taviche,PV
2018,20,163,Oaxaca,San Jerónimo Tecóatl,PV
2018,20,164,Oaxaca,San Jorge Nuchita,OI
2018,20,164,Oaxaca,San Jorge Nuchita,PV
2018,20,165,Oaxaca,San José Ayuquila,PV
2018,20,166,Oaxaca,San José Chiltepec,OI
2018,20,166,Oaxaca,San José Chiltepec,PV
2018,20,167,Oaxaca,San José del Peñasco,OI
2018,20,167,Oaxaca,San José del Peñasco,PV
2018,20,168,Oaxaca,San José Estancia Grande,PV
2018,20,169,Oaxaca,San José Independencia,OI
2018,20,169,Oaxaca,San José Independencia,PV
2018,20,170,Oaxaca,San José Lachiguiri,PV
2018,20,171,Oaxaca,San José Tenango,OI
2018,20,171,Oaxaca,San José Tenango,PV
2018,20,172,Oaxaca,San Juan Achiutla,PV
2018,20,174,Oaxaca,Ánimas Trujano,OI
2018,20,174,Oaxaca,Ánimas Trujano,PV
2018,20,175,Oaxaca,San Juan Bautista Atatlahuca,OI
2018,20,175,Oaxaca,San Juan Bautista Atatlahuca,PV
2018,20,176,Oaxaca,San Juan Bautista Coixtlahuaca,PV
2018,20,177,Oaxaca,San Juan Bautista Cuicatlán,OI
2018,20,177,Oaxaca,San Juan Bautista Cuicatlán,PV
2018,20,178,Oaxaca,San Juan Bautista Guelache,OI
2018,20,178,Oaxaca,San Juan Bautista Guelache,PV
2018,20,179,Oaxaca,San Juan Bautista Jayacatlán,OI
2018,20,179,Oaxaca,San Juan Bautista Jayacatlán,PV
2018,20,180,Oaxaca,San Juan Bautista Lo de Soto,OI
2018,20,180,Oaxaca,San Juan Bautista Lo de Soto,PV
2018,20,181,Oaxaca,San Juan Bautista Suchitepec,OI
2018,20,181,Oaxaca,San Juan Bautista Suchitepec,PV
2018,20,182,Oaxaca,San Juan Bautista Tlacoatzintepec,PV
2018,20,183,Oaxaca,San Juan Bautista Tlachichilco,OI
2018,20,183,Oaxaca,San Juan Bautista Tlachichilco,PV
2018,20,185,Oaxaca,San Juan Cacahuatepec,OI
2018,20,185,Oaxaca,San Juan Cacahuatepec,PV
2018,20,186,Oaxaca,San Juan Cieneguilla,PV
2018,20,187,Oaxaca,San Juan Coatzóspam,PV
2018,20,188,Oaxaca,San Juan Colorado,OI
2018,20,188,Oaxaca,San Juan Colorado,PV
2018,20,189,Oaxaca,San Juan Comaltepec,OI
2018,20,189,Oaxaca,San Juan Comaltepec,PV
2018,20,190,Oaxaca,San Juan Cotzocón,OI
2018,20,190,Oaxaca,San Juan Cotzocón,PV
2018,20,191,Oaxaca,San Juan Chicomezúchil,OI
2018,20,191,Oaxaca,San Juan Chicomezúchil,PV
2018,20,192,Oaxaca,San Juan Chilateca,OI
2018,20,192,Oaxaca,San Juan Chilateca,PV
2018,20,193,Oaxaca,San Juan del Estado,OI
2018,20,193,Oaxaca,San Juan del Estado,PV
2018,20,194,Oaxaca,San Juan del Río,OI
2018,20,194,Oaxaca,San Juan del Río,PV
2018,20,195,Oaxaca,San Juan Diuxi,PV
2018,20,196,Oaxaca,San Juan Evangelista Analco,PV
2018,20,197,Oaxaca,San Juan Guelavía,OI
2018,20,197,Oaxaca,San Juan Guelavía,PV
2018,20,198,Oaxaca,San Juan Guichicovi,OI
2018,20,198,Oaxaca,San Juan Guichicovi,PV
2018,20,199,Oaxaca,San Juan Ihualtepec,PV
2018,20,200,Oaxaca,San Juan Juquila Mixes,OI
2018,20,200,Oaxaca,San Juan Juquila Mixes,PV
2018,20,201,Oaxaca,San Juan Juquila Vijanos,OI
2018,20,201,Oaxaca,San Juan Juquila Vijanos,PV
2018,20,202,Oaxaca,San Juan Lachao,OI
2018,20,202,Oaxaca,San Juan Lachao,PV
2018,20,203,Oaxaca,San Juan Lachigalla,PV
2018,20,204,Oaxaca,San Juan Lajarcia,PV
2018,20,205,Oaxaca,San Juan Lalana,OI
2018,20,205,Oaxaca,San Juan Lalana,PV
2018,20,206,Oaxaca,San Juan de Los Cués,OI
2018,20,206,Oaxaca,San Juan de Los Cués,PV
2018,20,207,Oaxaca,San Juan Mazatlán,OI
2018,20,207,Oaxaca,San Juan Mazatlán,PV
2018,20,208,Oaxaca,San Juan Mixtepec,OI
2018,20,208,Oaxaca,San Juan Mixtepec,PV
2018,20,209,Oaxaca,San Juan Mixtepec,PV
2018,20,210,Oaxaca,San Juan Ñumí,OI
2018,20,210,Oaxaca,San Juan Ñumí,PV
2018,20,211,Oaxaca,San Juan Ozolotepec,PV
2018,20,212,Oaxaca,San Juan Petlapa,OI
2018,20,212,Oaxaca,San Juan Petlapa,PV
2018,20,213,Oaxaca,San Juan Quiahije,PV
2018,20,214,Oaxaca,San Juan Quiotepec,OI
2018,20,214,Oaxaca,San Juan Quiotepec,PV
2018,20,215,Oaxaca,San Juan Sayultepec,PV
2018,20,216,Oaxaca,San Juan Tabaá,OI
2018,20,216,Oaxaca,San Juan Tabaá,PV
2018,20,217,Oaxaca,San Juan Tamazola,PV
2018,20,218,Oaxaca,San Juan Teita,OI
2018,20,218,Oaxaca,San Juan Teita,PV
2018,20,219,Oaxaca,San Juan Teitipac,OI
2018,20,219,Oaxaca,San Juan Teitipac,PV
2018,20,220,Oaxaca,San Juan Tepeuxila,OI
2018,20,220,Oaxaca,San Juan Tepeuxila,PV
2018,20,222,Oaxaca,San Juan Yaeé,OI
2018,20,222,Oaxaca,San Juan Yaeé,PV
2018,20,223,Oaxaca,San Juan Yatzona,OI
2018,20,223,Oaxaca,San Juan Yatzona,PV
2018,20,224,Oaxaca,San Juan Yucuita,PV
2018,20,225,Oaxaca,San Lorenzo,OI
2018,20,225,Oaxaca,San Lorenzo,PV
2018,20,226,Oaxaca,San Lorenzo Albarradas,OI
2018,20,226,Oaxaca,San Lorenzo Albarradas,PV
2018,20,227,Oaxaca,San Lorenzo Cacaotepec,OI
2018,20,227,Oaxaca,San Lorenzo Cacaotepec,PV
2018,20,229,Oaxaca,San Lorenzo Texmelúcan,OI
2018,20,229,Oaxaca,San Lorenzo Texmelúcan,PV
2018,20,230,Oaxaca,San Lorenzo Victoria,OI
2018,20,230,Oaxaca,San Lorenzo Victoria,PV
2018,20,231,Oaxaca,San Lucas Camotlán,OI
2018,20,231,Oaxaca,San Lucas Camotlán,PV
2018,20,233,Oaxaca,San Lucas Quiaviní,OI
2018,20,233,Oaxaca,San Lucas Quiaviní,PV
2018,20,234,Oaxaca,San Lucas Zoquiápam,PV
2018,20,235,Oaxaca,San Luis Amatlán,OI
2018,20,235,Oaxaca,San Luis Amatlán,PV
2018,20,236,Oaxaca,San Marcial Ozolotepec,PV
2018,20,238,Oaxaca,San Martín de Los Cansecos,PV
2018,20,239,Oaxaca,San Martín Huamelúlpam,PV
2018,20,240,Oaxaca,San Martín Itunyoso,PV
2018,20,241,Oaxaca,San Martín Lachilá,OI
2018,20,241,Oaxaca,San Martín Lachilá,PV
2018,20,242,Oaxaca,San Martín Peras,PV
2018,20,243,Oaxaca,San Martín Tilcajete,PV
2018,20,244,Oaxaca,San Martín Toxpalan,OI
2018,20,244,Oaxaca,San Martín Toxpalan,PV
2018,20,245,Oaxaca,San Martín Zacatepec,OI
2018,20,245,Oaxaca,San Martín Zacatepec,PV
2018,20,246,Oaxaca,San Mateo Cajonos,PV
2018,20,247,Oaxaca,Capulálpam de Méndez,OI
2018,20,247,Oaxaca,Capulálpam de Méndez,PV
2018,20,248,Oaxaca,San Mateo del Mar,OI
2018,20,248,Oaxaca,San Mateo del Mar,PV
2018,20,249,Oaxaca,San Mateo Yoloxochitlán,OI
2018,20,249,Oaxaca,San Mateo Yoloxochitlán,PV
2018,20,250,Oaxaca,San Mateo Etlatongo,PV
2018,20,251,Oaxaca,San Mateo Nejápam,OI
2018,20,251,Oaxaca,San Mateo Nejápam,PV
2018,20,252,Oaxaca,San Mateo Peñasco,OI
2018,20,252,Oaxaca,San Mateo Peñasco,PV
2018,20,253,Oaxaca,San Mateo Piñas,PV
2018,20,254,Oaxaca,San Mateo Río Hondo,PV
2018,20,255,Oaxaca,San Mateo Sindihui,OI
2018,20,255,Oaxaca,San Mateo Sindihui,PV
2018,20,256,Oaxaca,San Mateo Tlapiltepec,PV
2018,20,257,Oaxaca,San Melchor Betaza,OI
2018,20,257,Oaxaca,San Melchor Betaza,PV
2018,20,258,Oaxaca,San Miguel Achiutla,PV
2018,20,259,Oaxaca,San Miguel Ahuehuetitlán,OI
2018,20,259,Oaxaca,San Miguel Ahuehuetitlán,PV
2018,20,260,Oaxaca,San Miguel Aloápam,PV
2018,20,261,Oaxaca,San Miguel Amatitlán,PV
2018,20,263,Oaxaca,San Miguel Coatlán,OI
2018,20,263,Oaxaca,San Miguel Coatlán,PV
2018,20,264,Oaxaca,San Miguel Chicahua,PV
2018,20,265,Oaxaca,San Miguel Chimalapa,OI
2018,20,265,Oaxaca,San Miguel Chimalapa,PV
2018,20,266,Oaxaca,San Miguel del Puerto,OI
2018,20,266,Oaxaca,San Miguel del Puerto,PV
2018,20,267,Oaxaca,San Miguel del Río,PV
2018,20,268,Oaxaca,San Miguel Ejutla,OI
2018,20,268,Oaxaca,San Miguel Ejutla,PV
2018,20,269,Oaxaca,San Miguel El Grande,PV
2018,20,270,Oaxaca,San Miguel Huautla,PV
2018,20,271,Oaxaca,San Miguel Mixtepec,OI
2018,20,271,Oaxaca,San Miguel Mixtepec,PV
2018,20,272,Oaxaca,San Miguel Panixtlahuaca,OI
2018,20,272,Oaxaca,San Miguel Panixtlahuaca,PV
2018,20,273,Oaxaca,San Miguel Peras,OI
2018,20,273,Oaxaca,San Miguel Peras,PV
2018,20,274,Oaxaca,San Miguel Piedras,PV
2018,20,275,Oaxaca,San Miguel Quetzaltepec,OI
2018,20,275,Oaxaca,San Miguel Quetzaltepec,PV
2018,20,276,Oaxaca,San Miguel Santa Flor,PV
2018,20,277,Oaxaca,Villa Sola de Vega,OI
2018,20,277,Oaxaca,Villa Sola de Vega,PV
2018,20,279,Oaxaca,San Miguel Suchixtepec,PV
2018,20,280,Oaxaca,Villa Talea de Castro,OI
2018,20,280,Oaxaca,Villa Talea de Castro,PV
2018,20,281,Oaxaca,San Miguel Tecomatlán,PV
2018,20,282,Oaxaca,San Miguel Tenango,PV
2018,20,283,Oaxaca,San Miguel Tequixtepec,PV
2018,20,284,Oaxaca,San Miguel Tilquiápam,OI
2018,20,284,Oaxaca,San Miguel Tilquiápam,PV
2018,20,285,Oaxaca,San Miguel Tlacamama,OI
2018,20,285,Oaxaca,San Miguel Tlacamama,PV
2018,20,286,Oaxaca,San Miguel Tlacotepec,PV
2018,20,287,Oaxaca,San Miguel Tulancingo,PV
2018,20,288,Oaxaca,San Miguel Yotao,PV
2018,20,289,Oaxaca,San Nicolás,OI
2018,20,289,Oaxaca,San Nicolás,PV
2018,20,290,Oaxaca,San Nicolás Hidalgo,OI
2018,20,290,Oaxaca,San Nicolás Hidalgo,PV
2018,20,291,Oaxaca,San Pablo Coatlán,OI
2018,20,291,Oaxaca,San Pablo Coatlán,PV
2018,20,292,Oaxaca,San Pablo Cuatro Venados,PV
2018,20,293,Oaxaca,San Pablo Etla,OI
2018,20,293,Oaxaca,San Pablo Etla,PV
2018,20,294,Oaxaca,San Pablo Huitzo,OI
2018,20,294,Oaxaca,San Pablo Huitzo,PV
2018,20,295,Oaxaca,San Pablo Huixtepec,OI
2018,20,295,Oaxaca,San Pablo Huixtepec,PV
2018,20,296,Oaxaca,San Pablo Macuiltianguis,PV
2018,20,297,Oaxaca,San Pablo Tijaltepec,PV
2018,20,298,Oaxaca,San Pablo Villa de Mitla,PV
2018,20,299,Oaxaca,San Pablo Yaganiza,OI
2018,20,299,Oaxaca,San Pablo Yaganiza,PV
2018,20,300,Oaxaca,San Pedro Amuzgos,OI
2018,20,300,Oaxaca,San Pedro Amuzgos,PV
2018,20,301,Oaxaca,San Pedro Apóstol,OI
2018,20,301,Oaxaca,San Pedro Apóstol,PV
2018,20,302,Oaxaca,San Pedro Atoyac,OI
2018,20,302,Oaxaca,San Pedro Atoyac,PV
2018,20,303,Oaxaca,San Pedro Cajonos,PV
2018,20,304,Oaxaca,San Pedro Coxcaltepec Cántaros,PV
2018,20,305,Oaxaca,San Pedro Comitancillo,OI
2018,20,305,Oaxaca,San Pedro Comitancillo,PV
2018,20,306,Oaxaca,San Pedro El Alto,PV
2018,20,308,Oaxaca,San Pedro Huilotepec,OI
2018,20,308,Oaxaca,San Pedro Huilotepec,PV
2018,20,309,Oaxaca,San Pedro Ixcatlán,OI
2018,20,309,Oaxaca,San Pedro Ixcatlán,PV
2018,20,310,Oaxaca,San Pedro Ixtlahuaca,OI
2018,20,310,Oaxaca,San Pedro Ixtlahuaca,PV
2018,20,311,Oaxaca,San Pedro Jaltepetongo,PV
2018,20,312,Oaxaca,San Pedro Jicayán,OI
2018,20,312,Oaxaca,San Pedro Jicayán,PV
2018,20,313,Oaxaca,San Pedro Jocotipac,PV
2018,20,314,Oaxaca,San Pedro Juchatengo,OI
2018,20,314,Oaxaca,San Pedro Juchatengo,PV
2018,20,315,Oaxaca,San Pedro Mártir,OI
2018,20,315,Oaxaca,San Pedro Mártir,PV
2018,20,316,Oaxaca,San Pedro Mártir Quiechapa,OI
2018,20,316,Oaxaca,San Pedro Mártir Quiechapa,PV
2018,20,317,Oaxaca,San Pedro Mártir Yucuxaco,PV
2018,20,318,Oaxaca,San Pedro Mixtepec,OI
2018,20,318,Oaxaca,San Pedro Mixtepec,PV
2018,20,319,Oaxaca,San Pedro Mixtepec,PV
2018,20,320,Oaxaca,San Pedro Molinos,PV
2018,20,321,Oaxaca,San Pedro Nopala,PV
2018,20,322,Oaxaca,San Pedro Ocopetatillo,PV
2018,20,323,Oaxaca,San Pedro Ocotepec,OI
2018,20,323,Oaxaca,San Pedro Ocotepec,PV
2018,20,325,Oaxaca,San Pedro Quiatoni,PV
2018,20,326,Oaxaca,San Pedro Sochiápam,OI
2018,20,326,Oaxaca,San Pedro Sochiápam,PV
2018,20,328,Oaxaca,San Pedro Taviche,OI
2018,20,328,Oaxaca,San Pedro Taviche,PV
2018,20,329,Oaxaca,San Pedro Teozacoalco,OI
2018,20,329,Oaxaca,San Pedro Teozacoalco,PV
2018,20,330,Oaxaca,San Pedro Teutila,PV
2018,20,331,Oaxaca,San Pedro Tidaá,PV
2018,20,332,Oaxaca,San Pedro Topiltepec,PV
2018,20,333,Oaxaca,San Pedro Totolápam,OI
2018,20,333,Oaxaca,San Pedro Totolápam,PV
2018,20,335,Oaxaca,San Pedro Yaneri,OI
2018,20,335,Oaxaca,San Pedro Yaneri,PV
2018,20,336,Oaxaca,San Pedro Yólox,OI
2018,20,336,Oaxaca,San Pedro Yólox,PV
2018,20,338,Oaxaca,Villa de Etla,OI
2018,20,338,Oaxaca,Villa de Etla,PV
2018,20,340,Oaxaca,San Pedro Y San Pablo Tequixtepec,OI
2018,20,340,Oaxaca,San Pedro Y San Pablo Tequixtepec,PV
2018,20,341,Oaxaca,San Pedro Yucunama,PV
2018,20,342,Oaxaca,San Raymundo Jalpan,OI
2018,20,342,Oaxaca,San Raymundo Jalpan,PV
2018,20,343,Oaxaca,San Sebastián Abasolo,OI
2018,20,343,Oaxaca,San Sebastián Abasolo,PV
2018,20,344,Oaxaca,San Sebastián Coatlán,PV
2018,20,345,Oaxaca,San Sebastián Ixcapa,OI
2018,20,345,Oaxaca,San Sebastián Ixcapa,PV
2018,20,346,Oaxaca,San Sebastián Nicananduta,PV
2018,20,347,Oaxaca,San Sebastián Río Hondo,PV
2018,20,348,Oaxaca,San Sebastián Tecomaxtlahuaca,OI
2018,20,348,Oaxaca,San Sebastián Tecomaxtlahuaca,PV
2018,20,349,Oaxaca,San Sebastián Teitipac,OI
2018,20,349,Oaxaca,San Sebastián Teitipac,PV
2018,20,350,Oaxaca,San Sebastián Tutla,PV
2018,20,351,Oaxaca,San Simón Almolongas,PV
2018,20,352,Oaxaca,San Simón Zahuatlán,PV
2018,20,353,Oaxaca,Santa Ana,OI
2018,20,353,Oaxaca,Santa Ana,PV
2018,20,355,Oaxaca,Santa Ana Cuauhtémoc,PV
2018,20,356,Oaxaca,Santa Ana del Valle,PV
2018,20,358,Oaxaca,Santa Ana Tlapacoyan,OI
2018,20,358,Oaxaca,Santa Ana Tlapacoyan,PV
2018,20,359,Oaxaca,Santa Ana Yareni,PV
2018,20,360,Oaxaca,Santa Ana Zegache,OI
2018,20,360,Oaxaca,Santa Ana Zegache,PV
2018,20,361,Oaxaca,Santa Catalina Quierí,PV
2018,20,362,Oaxaca,Santa Catarina Cuixtla,PV
2018,20,364,Oaxaca,Santa Catarina Juquila,OI
2018,20,364,Oaxaca,Santa Catarina Juquila,PV
2018,20,365,Oaxaca,Santa Catarina Lachatao,OI
2018,20,365,Oaxaca,Santa Catarina Lachatao,PV
2018,20,366,Oaxaca,Santa Catarina Loxicha,PV
2018,20,367,Oaxaca,Santa Catarina Mechoacán,OI
2018,20,367,Oaxaca,Santa Catarina Mechoacán,PV
2018,20,368,Oaxaca,Santa Catarina Minas,OI
2018,20,368,Oaxaca,Santa Catarina Minas,PV
2018,20,369,Oaxaca,Santa Catarina Quiané,OI
2018,20,369,Oaxaca,Santa Catarina Quiané,PV
2018,20,370,Oaxaca,Santa Catarina Tayata,PV
2018,20,371,Oaxaca,Santa Catarina Ticuá,PV
2018,20,372,Oaxaca,Santa Catarina Yosonotú,PV
2018,20,373,Oaxaca,Santa Catarina Zapoquila,OI
2018,20,373,Oaxaca,Santa Catarina Zapoquila,PV
2018,20,374,Oaxaca,Santa Cruz Acatepec,OI
2018,20,374,Oaxaca,Santa Cruz Acatepec,PV
2018,20,375,Oaxaca,Santa Cruz Amilpas,PV
2018,20,376,Oaxaca,Santa Cruz de Bravo,PV
2018,20,377,Oaxaca,Santa Cruz Itundujia,OI
2018,20,377,Oaxaca,Santa Cruz Itundujia,PV
2018,20,378,Oaxaca,Santa Cruz Mixtepec,OI
2018,20,378,Oaxaca,Santa Cruz Mixtepec,PV
2018,20,379,Oaxaca,Santa Cruz Nundaco,PV
2018,20,380,Oaxaca,Santa Cruz Papalutla,PV
2018,20,381,Oaxaca,Santa Cruz Tacache de Mina,OI
2018,20,381,Oaxaca,Santa Cruz Tacache de Mina,PV
2018,20,382,Oaxaca,Santa Cruz Tacahua,PV
2018,20,383,Oaxaca,Santa Cruz Tayata,PV
2018,20,384,Oaxaca,Santa Cruz Xitla,PV
2018,20,385,Oaxaca,Santa Cruz Xoxocotlán,PV
2018,20,386,Oaxaca,Santa Cruz Zenzontepec,OI
2018,20,386,Oaxaca,Santa Cruz Zenzontepec,PV
2018,20,387,Oaxaca,Santa Gertrudis,OI
2018,20,387,Oaxaca,Santa Gertrudis,PV
2018,20,388,Oaxaca,Santa Inés del Monte,OI
2018,20,388,Oaxaca,Santa Inés del Monte,PV
2018,20,389,Oaxaca,Santa Inés Yatzeche,OI
2018,20,389,Oaxaca,Santa Inés Yatzeche,PV
2018,20,391,Oaxaca,Santa Lucía Miahuatlán,PV
2018,20,392,Oaxaca,Santa Lucía Monteverde,PV
2018,20,393,Oaxaca,Santa Lucía Ocotlán,OI
2018,20,393,Oaxaca,Santa Lucía Ocotlán,PV
2018,20,394,Oaxaca,Santa María Alotepec,OI
2018,20,394,Oaxaca,Santa María Alotepec,PV
2018,20,395,Oaxaca,Santa María Apazco,PV
2018,20,396,Oaxaca,Santa María La Asunción,PV
2018,20,398,Oaxaca,Ayoquezco de Aldama,OI
2018,20,398,Oaxaca,Ayoquezco de Aldama,PV
2018,20,399,Oaxaca,Santa María Atzompa,OI
2018,20,399,Oaxaca,Santa María Atzompa,PV
2018,20,400,Oaxaca,Santa María Camotlán,OI
2018,20,400,Oaxaca,Santa María Camotlán,PV
2018,20,401,Oaxaca,Santa María Colotepec,OI
2018,20,401,Oaxaca,Santa María Colotepec,PV
2018,20,402,Oaxaca,Santa María Cortijo,OI
2018,20,402,Oaxaca,Santa María Cortijo,PV
2018,20,403,Oaxaca,Santa María Coyotepec,OI
2018,20,403,Oaxaca,Santa María Coyotepec,PV
2018,20,404,Oaxaca,Santa María Chachoápam,PV
2018,20,405,Oaxaca,Villa de Chilapa de Díaz,OI
2018,20,405,Oaxaca,Villa de Chilapa de Díaz,PV
2018,20,406,Oaxaca,Santa María Chilchotla,OI
2018,20,406,Oaxaca,Santa María Chilchotla,PV
2018,20,407,Oaxaca,Santa María Chimalapa,OI
2018,20,407,Oaxaca,Santa María Chimalapa,PV
2018,20,408,Oaxaca,Santa María del Rosario,PV
2018,20,409,Oaxaca,Santa María del Tule,OI
2018,20,409,Oaxaca,Santa María del Tule,PV
2018,20,410,Oaxaca,Santa María Ecatepec,PV
2018,20,411,Oaxaca,Santa María Guelacé,OI
2018,20,411,Oaxaca,Santa María Guelacé,PV
2018,20,412,Oaxaca,Santa María Guienagati,OI
2018,20,412,Oaxaca,Santa María Guienagati,PV
2018,20,413,Oaxaca,Santa María Huatulco,PV
2018,20,414,Oaxaca,Santa María Huazolotitlán,OI
2018,20,414,Oaxaca,Santa María Huazolotitlán,PV
2018,20,415,Oaxaca,Santa María Ipalapa,OI
2018,20,415,Oaxaca,Santa María Ipalapa,PV
2018,20,416,Oaxaca,Santa María Ixcatlán,PV
2018,20,419,Oaxaca,Santa María Jaltianguis,PV
2018,20,420,Oaxaca,Santa María Lachixío,PV
2018,20,422,Oaxaca,Santa María Nativitas,PV
2018,20,423,Oaxaca,Santa María Nduayaco,PV
2018,20,424,Oaxaca,Santa María Ozolotepec,PV
2018,20,425,Oaxaca,Santa María Pápalo,PV
2018,20,426,Oaxaca,Santa María Peñoles,OI
2018,20,426,Oaxaca,Santa María Peñoles,PV
2018,20,427,Oaxaca,Santa María Petapa,OI
2018,20,427,Oaxaca,Santa María Petapa,PV
2018,20,428,Oaxaca,Santa María Quiegolani,PV
2018,20,429,Oaxaca,Santa María Sola,OI
2018,20,429,Oaxaca,Santa María Sola,PV
2018,20,430,Oaxaca,Santa María Tataltepec,PV
2018,20,431,Oaxaca,Santa María Tecomavaca,OI
2018,20,431,Oaxaca,Santa María Tecomavaca,PV
2018,20,432,Oaxaca,Santa María Temaxcalapa,OI
2018,20,432,Oaxaca,Santa María Temaxcalapa,PV
2018,20,433,Oaxaca,Santa María Temaxcaltepec,OI
2018,20,433,Oaxaca,Santa María Temaxcaltepec,PV
2018,20,434,Oaxaca,Santa María Teopoxco,PV
2018,20,435,Oaxaca,Santa María Tepantlali,PV
2018,20,436,Oaxaca,Santa María Texcatitlán,OI
2018,20,436,Oaxaca,Santa María Texcatitlán,PV
2018,20,437,Oaxaca,Santa María Tlahuitoltepec,PV
2018,20,438,Oaxaca,Santa María Tlalixtac,PV
2018,20,440,Oaxaca,Santa María Totolapilla,PV
2018,20,441,Oaxaca,Santa María Xadani,OI
2018,20,441,Oaxaca,Santa María Xadani,PV
2018,20,442,Oaxaca,Santa María Yalina,PV
2018,20,443,Oaxaca,Santa María Yavesía,PV
2018,20,444,Oaxaca,Santa María Yolotepec,PV
2018,20,445,Oaxaca,Santa María Yosoyúa,OI
2018,20,445,Oaxaca,Santa María Yosoyúa,PV
2018,20,446,Oaxaca,Santa María Yucuhiti,OI
2018,20,446,Oaxaca,Santa María Yucuhiti,PV
2018,20,447,Oaxaca,Santa María Zacatepec,OI
2018,20,447,Oaxaca,Santa María Zacatepec,PV
2018,20,448,Oaxaca,Santa María Zaniza,OI
2018,20,448,Oaxaca,Santa María Zaniza,PV
2018,20,449,Oaxaca,Santa María Zoquitlán,OI
2018,20,449,Oaxaca,Santa María Zoquitlán,PV
2018,20,450,Oaxaca,Santiago Amoltepec,PV
2018,20,451,Oaxaca,Santiago Apoala,OI
2018,20,451,Oaxaca,Santiago Apoala,PV
2018,20,452,Oaxaca,Santiago Apóstol,OI
2018,20,452,Oaxaca,Santiago Apóstol,PV
2018,20,453,Oaxaca,Santiago Astata,OI
2018,20,453,Oaxaca,Santiago Astata,PV
2018,20,454,Oaxaca,Santiago Atitlán,OI
2018,20,454,Oaxaca,Santiago Atitlán,PV
2018,20,455,Oaxaca,Santiago Ayuquililla,PV
2018,20,456,Oaxaca,Santiago Cacaloxtepec,PV
2018,20,458,Oaxaca,Santiago Comaltepec,OI
2018,20,458,Oaxaca,Santiago Comaltepec,PV
2018,20,460,Oaxaca,Santiago Choápam,OI
2018,20,460,Oaxaca,Santiago Choápam,PV
2018,20,461,Oaxaca,Santiago del Río,OI
2018,20,461,Oaxaca,Santiago del Río,PV
2018,20,462,Oaxaca,Santiago Huajolotitlán,OI
2018,20,462,Oaxaca,Santiago Huajolotitlán,PV
2018,20,463,Oaxaca,Santiago Huauclilla,OI
2018,20,463,Oaxaca,Santiago Huauclilla,PV
2018,20,464,Oaxaca,Santiago Ihuitlán Plumas,PV
2018,20,465,Oaxaca,Santiago Ixcuintepec,OI
2018,20,465,Oaxaca,Santiago Ixcuintepec,PV
2018,20,466,Oaxaca,Santiago Ixtayutla,OI
2018,20,466,Oaxaca,Santiago Ixtayutla,PV
2018,20,467,Oaxaca,Santiago Jamiltepec,OI
2018,20,467,Oaxaca,Santiago Jamiltepec,PV
2018,20,469,Oaxaca,Santiago Juxtlahuaca,OI
2018,20,469,Oaxaca,Santiago Juxtlahuaca,PV
2018,20,470,Oaxaca,Santiago Lachiguiri,OI
2018,20,470,Oaxaca,Santiago Lachiguiri,PV
2018,20,471,Oaxaca,Santiago Lalopa,OI
2018,20,471,Oaxaca,Santiago Lalopa,PV
2018,20,473,Oaxaca,Santiago Laxopa,PV
2018,20,474,Oaxaca,Santiago Llano Grande,OI
2018,20,474,Oaxaca,Santiago Llano Grande,PV
2018,20,475,Oaxaca,Santiago Matatlán,PV
2018,20,476,Oaxaca,Santiago Miltepec,OI
2018,20,476,Oaxaca,Santiago Miltepec,PV
2018,20,477,Oaxaca,Santiago Minas,OI
2018,20,477,Oaxaca,Santiago Minas,PV
2018,20,479,Oaxaca,Santiago Nejapilla,PV
2018,20,480,Oaxaca,Santiago Nundiche,PV
2018,20,481,Oaxaca,Santiago Nuyoó,OI
2018,20,481,Oaxaca,Santiago Nuyoó,PV
2018,20,482,Oaxaca,Santiago Pinotepa Nacional,OI
2018,20,482,Oaxaca,Santiago Pinotepa Nacional,PV
2018,20,483,Oaxaca,Santiago Suchilquitongo,OI
2018,20,483,Oaxaca,Santiago Suchilquitongo,PV
2018,20,484,Oaxaca,Santiago Tamazola,OI
2018,20,484,Oaxaca,Santiago Tamazola,PV
2018,20,485,Oaxaca,Santiago Tapextla,OI
2018,20,485,Oaxaca,Santiago Tapextla,PV
2018,20,486,Oaxaca,Villa Tejúpam de La Unión,PV
2018,20,487,Oaxaca,Santiago Tenango,PV
2018,20,488,Oaxaca,Santiago Tepetlapa,PV
2018,20,489,Oaxaca,Santiago Tetepec,OI
2018,20,489,Oaxaca,Santiago Tetepec,PV
2018,20,490,Oaxaca,Santiago Texcalcingo,PV
2018,20,491,Oaxaca,Santiago Textitlán,OI
2018,20,491,Oaxaca,Santiago Textitlán,PV
2018,20,492,Oaxaca,Santiago Tilantongo,PV
2018,20,493,Oaxaca,Santiago Tillo,PV
2018,20,494,Oaxaca,Santiago Tlazoyaltepec,OI
2018,20,494,Oaxaca,Santiago Tlazoyaltepec,PV
2018,20,495,Oaxaca,Santiago Xanica,PV
2018,20,496,Oaxaca,Santiago Xiacuí,OI
2018,20,496,Oaxaca,Santiago Xiacuí,PV
2018,20,497,Oaxaca,Santiago Yaitepec,PV
2018,20,499,Oaxaca,Santiago Yolomécatl,PV
2018,20,500,Oaxaca,Santiago Yosondúa,OI
2018,20,500,Oaxaca,Santiago Yosondúa,PV
2018,20,501,Oaxaca,Santiago Yucuyachi,PV
2018,20,503,Oaxaca,Santiago Zoochila,OI
2018,20,503,Oaxaca,Santiago Zoochila,PV
2018,20,504,Oaxaca,Nuevo Zoquiápam,OI
2018,20,504,Oaxaca,Nuevo Zoquiápam,PV
2018,20,505,Oaxaca,Santo Domingo Ingenio,OI
2018,20,505,Oaxaca,Santo Domingo Ingenio,PV
2018,20,506,Oaxaca,Santo Domingo Albarradas,OI
2018,20,506,Oaxaca,Santo Domingo Albarradas,PV
2018,20,507,Oaxaca,Santo Domingo Armenta,PV
2018,20,508,Oaxaca,Santo Domingo Chihuitán,OI
2018,20,508,Oaxaca,Santo Domingo Chihuitán,PV
2018,20,509,Oaxaca,Santo Domingo de Morelos,OI
2018,20,509,Oaxaca,Santo Domingo de Morelos,PV
2018,20,510,Oaxaca,Santo Domingo Ixcatlán,PV
2018,20,511,Oaxaca,Santo Domingo Nuxaá,PV
2018,20,512,Oaxaca,Santo Domingo Ozolotepec,PV
2018,20,513,Oaxaca,Santo Domingo Petapa,OI
2018,20,513,Oaxaca,Santo Domingo Petapa,PV
2018,20,514,Oaxaca,Santo Domingo Roayaga,OI
2018,20,514,Oaxaca,Santo Domingo Roayaga,PV
2018,20,516,Oaxaca,Santo Domingo Teojomulco,OI
2018,20,516,Oaxaca,Santo Domingo Teojomulco,PV
2018,20,517,Oaxaca,Santo Domingo Tepuxtepec,PV
2018,20,518,Oaxaca,Santo Domingo Tlatayápam,PV
2018,20,519,Oaxaca,Santo Domingo Tomaltepec,OI
2018,20,519,Oaxaca,Santo Domingo Tomaltepec,PV
2018,20,520,Oaxaca,Santo Domingo Tonalá,OI
2018,20,520,Oaxaca,Santo Domingo Tonalá,PV
2018,20,521,Oaxaca,Santo Domingo Tonaltepec,PV
2018,20,522,Oaxaca,Santo Domingo Xagacía,OI
2018,20,522,Oaxaca,Santo Domingo Xagacía,PV
2018,20,523,Oaxaca,Santo Domingo Yanhuitlán,PV
2018,20,524,Oaxaca,Santo Domingo Yodohino,OI
2018,20,524,Oaxaca,Santo Domingo Yodohino,PV
2018,20,526,Oaxaca,Santos Reyes Nopala,OI
2018,20,526,Oaxaca,Santos Reyes Nopala,PV
2018,20,527,Oaxaca,Santos Reyes Pápalo,OI
2018,20,527,Oaxaca,Santos Reyes Pápalo,PV
2018,20,528,Oaxaca,Santos Reyes Tepejillo,OI
2018,20,528,Oaxaca,Santos Reyes Tepejillo,PV
2018,20,529,Oaxaca,Santos Reyes Yucuná,PV
2018,20,530,Oaxaca,Santo Tomás Jalieza,OI
2018,20,530,Oaxaca,Santo Tomás Jalieza,PV
2018,20,531,Oaxaca,Santo Tomás Mazaltepec,OI
2018,20,531,Oaxaca,Santo Tomás Mazaltepec,PV
2018,20,532,Oaxaca,Santo Tomás Ocotepec,PV
2018,20,533,Oaxaca,Santo Tomás Tamazulapan,OI
2018,20,533,Oaxaca,Santo Tomás Tamazulapan,PV
2018,20,534,Oaxaca,San Vicente Coatlán,PV
2018,20,535,Oaxaca,San Vicente Lachixío,PV
2018,20,536,Oaxaca,San Vicente Nuñú,PV
2018,20,538,Oaxaca,Sitio de Xitlapehua,PV
2018,20,539,Oaxaca,Soledad Etla,OI
2018,20,539,Oaxaca,Soledad Etla,PV
2018,20,540,Oaxaca,Villa de Tamazulápam del Progreso,OI
2018,20,540,Oaxaca,Villa de Tamazulápam del Progreso,PV
2018,20,541,Oaxaca,Tanetze de Zaragoza,OI
2018,20,541,Oaxaca,Tanetze de Zaragoza,PV
2018,20,542,Oaxaca,Taniche,OI
2018,20,542,Oaxaca,Taniche,PV
2018,20,543,Oaxaca,Tataltepec de Valdés,OI
2018,20,543,Oaxaca,Tataltepec de Valdés,PV
2018,20,544,Oaxaca,Teococuilco de Marcos Pérez,PV
2018,20,545,Oaxaca,Teotitlán de Flores Magón,OI
2018,20,545,Oaxaca,Teotitlán de Flores Magón,PV
2018,20,546,Oaxaca,Teotitlán del Valle,OI
2018,20,546,Oaxaca,Teotitlán del Valle,PV
2018,20,548,Oaxaca,Tepelmeme Villa de Morelos,PV
2018,20,550,Oaxaca,San Jerónimo Tlacochahuaya,OI
2018,20,550,Oaxaca,San Jerónimo Tlacochahuaya,PV
2018,20,551,Oaxaca,Tlacolula de Matamoros,OI
2018,20,551,Oaxaca,Tlacolula de Matamoros,PV
2018,20,552,Oaxaca,Tlacotepec Plumas,PV
2018,20,553,Oaxaca,Tlalixtac de Cabrera,OI
2018,20,553,Oaxaca,Tlalixtac de Cabrera,PV
2018,20,554,Oaxaca,Totontepec Villa de Morelos,OI
2018,20,554,Oaxaca,Totontepec Villa de Morelos,PV
2018,20,555,Oaxaca,Trinidad Zaachila,OI
2018,20,555,Oaxaca,Trinidad Zaachila,PV
2018,20,556,Oaxaca,La Trinidad Vista Hermosa,PV
2018,20,557,Oaxaca,Unión Hidalgo,OI
2018,20,557,Oaxaca,Unión Hidalgo,PV
2018,20,558,Oaxaca,Valerio Trujano,OI
2018,20,558,Oaxaca,Valerio Trujano,PV
2018,20,561,Oaxaca,Yaxe,OI
2018,20,561,Oaxaca,Yaxe,PV
2018,20,562,Oaxaca,Magdalena Yodocono de Porfirio Díaz,PV
2018,20,563,Oaxaca,Yogana,PV
2018,20,564,Oaxaca,Yutanduchi de Guerrero,OI
2018,20,564,Oaxaca,Yutanduchi de Guerrero,PV
2018,20,565,Oaxaca,Villa de Zaachila,OI
2018,20,565,Oaxaca,Villa de Zaachila,PV
2018,20,566,Oaxaca,San Mateo Yucutindoo,OI
2018,20,566,Oaxaca,San Mateo Yucutindoo,PV
2018,20,569,Oaxaca,Santa Inés de Zaragoza,OI
2018,20,569,Oaxaca,Santa Inés de Zaragoza,PV
2018,20,570,Oaxaca,Zimatlán de Álvarez,OI
2018,20,570,Oaxaca,Zimatlán de Álvarez,PV
2018,21,2,Puebla,Acateno,OI
2018,21,2,Puebla,Acateno,PV
2018,21,4,Puebla,Acatzingo,PV
2018,21,5,Puebla,Acteopan,PV
2018,21,6,Puebla,Ahuacatlán,OI
2018,21,6,Puebla,Ahuacatlán,PV
2018,21,7,Puebla,Ahuatlán,PV
2018,21,9,Puebla,Ahuehuetitla,OI
2018,21,9,Puebla,Ahuehuetitla,PV
2018,21,10,Puebla,Ajalpan,OI
2018,21,10,Puebla,Ajalpan,PV
2018,21,11,Puebla,Albino Zertuche,PV
2018,21,12,Puebla,Aljojuca,PV
2018,21,13,Puebla,Altepexi,OI
2018,21,14,Puebla,Amixtlán,OI
2018,21,14,Puebla,Amixtlán,PV
2018,21,17,Puebla,Atempan,PV
2018,21,18,Puebla,Atexcal,OI
2018,21,18,Puebla,Atexcal,PV
2018,21,20,Puebla,Atoyatempan,PV
2018,21,21,Puebla,Atzala,OI
2018,21,21,Puebla,Atzala,PV
2018,21,22,Puebla,Atzitzihuacán,OI
2018,21,22,Puebla,Atzitzihuacán,PV
2018,21,27,Puebla,Caltepec,PV
2018,21,28,Puebla,Camocuautla,OI
2018,21,28,Puebla,Camocuautla,PV
2018,21,29,Puebla,Caxhuacan,OI
2018,21,29,Puebla,Caxhuacan,PV
2018,21,30,Puebla,Coatepec,OI
2018,21,30,Puebla,Coatepec,PV
2018,21,32,Puebla,Cohetzala,OI
2018,21,32,Puebla,Cohetzala,PV
2018,21,33,Puebla,Cohuecan,PV
2018,21,34,Puebla,Coronango,PV
2018,21,35,Puebla,Coxcatlán,PV
2018,21,36,Puebla,Coyomeapan,PV
2018,21,37,Puebla,Coyotepec,OI
2018,21,37,Puebla,Coyotepec,PV
2018,21,38,Puebla,Cuapiaxtla de Madero,PV
2018,21,39,Puebla,Cuautempan,PV
2018,21,40,Puebla,Cuautinchán,PV
2018,21,41,Puebla,Cuautlancingo,PV
2018,21,42,Puebla,Cuayuca de Andrade,OI
2018,21,42,Puebla,Cuayuca de Andrade,PV
2018,21,44,Puebla,Cuyoaco,PV
2018,21,46,Puebla,Chapulco,PV
2018,21,48,Puebla,Chiautzingo,PV
2018,21,49,Puebla,Chiconcuautla,OI
2018,21,49,Puebla,Chiconcuautla,PV
2018,21,50,Puebla,Chichiquila,PV
2018,21,52,Puebla,Chigmecatitlán,PV
2018,21,54,Puebla,Chignautla,PV
2018,21,55,Puebla,Chila,OI
2018,21,55,Puebla,Chila,PV
2018,21,56,Puebla,Chila de La Sal,PV
2018,21,57,Puebla,Honey,OI
2018,21,57,Puebla,Honey,PV
2018,21,58,Puebla,Chilchotla,OI
2018,21,58,Puebla,Chilchotla,PV
2018,21,60,Puebla,Domingo Arenas,PV
2018,21,61,Puebla,Eloxochitlán,PV
2018,21,62,Puebla,Epatlán,OI
2018,21,62,Puebla,Epatlán,PV
2018,21,63,Puebla,Esperanza,PV
2018,21,65,Puebla,General Felipe Ángeles,PV
2018,21,66,Puebla,Guadalupe,OI
2018,21,66,Puebla,Guadalupe,PV
2018,21,67,Puebla,Guadalupe Victoria,PV
2018,21,68,Puebla,Hermenegildo Galeana,OI
2018,21,68,Puebla,Hermenegildo Galeana,PV
2018,21,70,Puebla,Huatlatlauca,OI
2018,21,70,Puebla,Huatlatlauca,PV
2018,21,72,Puebla,Huehuetla,OI
2018,21,72,Puebla,Huehuetla,PV
2018,21,73,Puebla,Huehuetlán El Chico,OI
2018,21,73,Puebla,Huehuetlán El Chico,PV
2018,21,74,Puebla,Huejotzingo,PV
2018,21,75,Puebla,Hueyapan,OI
2018,21,75,Puebla,Hueyapan,PV
2018,21,76,Puebla,Hueytamalco,OI
2018,21,76,Puebla,Hueytamalco,PV
2018,21,77,Puebla,Hueytlalpan,OI
2018,21,77,Puebla,Hueytlalpan,PV
2018,21,78,Puebla,Huitzilan de Serdán,OI
2018,21,78,Puebla,Huitzilan de Serdán,PV
2018,21,79,Puebla,Huitziltepec,PV
2018,21,80,Puebla,Atlequizayan,OI
2018,21,80,Puebla,Atlequizayan,PV
2018,21,82,Puebla,Ixcaquixtla,OI
2018,21,82,Puebla,Ixcaquixtla,PV
2018,21,84,Puebla,Ixtepec,OI
2018,21,84,Puebla,Ixtepec,PV
2018,21,87,Puebla,Jolalpan,OI
2018,21,87,Puebla,Jolalpan,PV
2018,21,88,Puebla,Jonotla,OI
2018,21,88,Puebla,Jonotla,PV
2018,21,89,Puebla,Jopala,OI
2018,21,89,Puebla,Jopala,PV
2018,21,90,Puebla,Juan C. Bonilla,PV
2018,21,92,Puebla,Juan N. Méndez,OI
2018,21,92,Puebla,Juan N. Méndez,PV
2018,21,93,Puebla,Lafragua,PV
2018,21,95,Puebla,La Magdalena Tlatlauquitepec,PV
2018,21,96,Puebla,Mazapiltepec de Juárez,PV
2018,21,97,Puebla,Mixtla,PV
2018,21,99,Puebla,Cañada Morelos,PV
2018,21,100,Puebla,Naupan,OI
2018,21,100,Puebla,Naupan,PV
2018,21,101,Puebla,Nauzontla,OI
2018,21,101,Puebla,Nauzontla,PV
2018,21,102,Puebla,Nealtican,PV
2018,21,103,Puebla,Nicolás Bravo,PV
2018,21,104,Puebla,Nopalucan,PV
2018,21,105,Puebla,Ocotepec,PV
2018,21,107,Puebla,Olintla,OI
2018,21,107,Puebla,Olintla,PV
2018,21,110,Puebla,Palmar de Bravo,PV
2018,21,111,Puebla,Pantepec,OI
2018,21,111,Puebla,Pantepec,PV
2018,21,112,Puebla,Petlalcingo,OI
2018,21,112,Puebla,Petlalcingo,PV
2018,21,113,Puebla,Piaxtla,OI
2018,21,113,Puebla,Piaxtla,PV
2018,21,115,Puebla,Quecholac,PV
2018,21,116,Puebla,Quimixtlán,OI
2018,21,116,Puebla,Quimixtlán,PV
2018,21,117,Puebla,Rafael Lara Grajales,PV
2018,21,118,Puebla,Los Reyes de Juárez,PV
2018,21,119,Puebla,San Andrés Cholula,PV
2018,21,120,Puebla,San Antonio Cañada,OI
2018,21,120,Puebla,San Antonio Cañada,PV
2018,21,121,Puebla,San Diego La Mesa Tochimiltzingo,PV
2018,21,122,Puebla,San Felipe Teotlalcingo,PV
2018,21,123,Puebla,San Felipe Tepatlán,OI
2018,21,123,Puebla,San Felipe Tepatlán,PV
2018,21,124,Puebla,San Gabriel Chilac,OI
2018,21,124,Puebla,San Gabriel Chilac,PV
2018,21,125,Puebla,San Gregorio Atzompa,PV
2018,21,126,Puebla,San Jerónimo Tecuanipan,PV
2018,21,127,Puebla,San Jerónimo Xayacatlán,OI
2018,21,127,Puebla,San Jerónimo Xayacatlán,PV
2018,21,129,Puebla,San José Miahuatlán,OI
2018,21,129,Puebla,San José Miahuatlán,PV
2018,21,130,Puebla,San Juan Atenco,PV
2018,21,131,Puebla,San Juan Atzompa,PV
2018,21,132,Puebla,San Martín Texmelucan,PV
2018,21,133,Puebla,San Martín Totoltepec,OI
2018,21,133,Puebla,San Martín Totoltepec,PV
2018,21,134,Puebla,San Matías Tlalancaleca,PV
2018,21,135,Puebla,San Miguel Ixitlán,PV
2018,21,136,Puebla,San Miguel Xoxtla,PV
2018,21,137,Puebla,San Nicolás Buenos Aires,PV
2018,21,138,Puebla,San Nicolás de Los Ranchos,PV
2018,21,139,Puebla,San Pablo Anicano,OI
2018,21,139,Puebla,San Pablo Anicano,PV
2018,21,141,Puebla,San Pedro Yeloixtlahuaca,OI
2018,21,141,Puebla,San Pedro Yeloixtlahuaca,PV
2018,21,142,Puebla,San Salvador El Seco,PV
2018,21,143,Puebla,San Salvador El Verde,PV
2018,21,144,Puebla,San Salvador Huixcolotla,PV
2018,21,147,Puebla,Santa Inés Ahuatempan,PV
2018,21,148,Puebla,Santa Isabel Cholula,OI
2018,21,148,Puebla,Santa Isabel Cholula,PV
2018,21,149,Puebla,Santiago Miahuatlán,OI
2018,21,149,Puebla,Santiago Miahuatlán,PV
2018,21,150,Puebla,Huehuetlán El Grande,OI
2018,21,150,Puebla,Huehuetlán El Grande,PV
2018,21,151,Puebla,Santo Tomás Hueyotlipan,PV
2018,21,152,Puebla,Soltepec,PV
2018,21,155,Puebla,Tecomatlán,OI
2018,21,155,Puebla,Tecomatlán,PV
2018,21,158,Puebla,Tenampulco,OI
2018,21,158,Puebla,Tenampulco,PV
2018,21,159,Puebla,Teopantlán,OI
2018,21,159,Puebla,Teopantlán,PV
2018,21,161,Puebla,Tepanco de López,PV
2018,21,163,Puebla,Tepatlaxco de Hidalgo,PV
2018,21,164,Puebla,Tepeaca,PV
2018,21,165,Puebla,Tepemaxalco,OI
2018,21,165,Puebla,Tepemaxalco,PV
2018,21,166,Puebla,Tepeojuma,OI
2018,21,166,Puebla,Tepeojuma,PV
2018,21,167,Puebla,Tepetzintla,OI
2018,21,167,Puebla,Tepetzintla,PV
2018,21,168,Puebla,Tepexco,OI
2018,21,168,Puebla,Tepexco,PV
2018,21,169,Puebla,Tepexi de Rodríguez,OI
2018,21,169,Puebla,Tepexi de Rodríguez,PV
2018,21,171,Puebla,Tepeyahualco de Cuauhtémoc,PV
2018,21,173,Puebla,Teteles de Avila Castillo,PV
2018,21,175,Puebla,Tianguismanalco,OI
2018,21,175,Puebla,Tianguismanalco,PV
2018,21,176,Puebla,Tilapa,OI
2018,21,176,Puebla,Tilapa,PV
2018,21,177,Puebla,Tlacotepec de Benito Juárez,PV
2018,21,178,Puebla,Tlacuilotepec,OI
2018,21,178,Puebla,Tlacuilotepec,PV
2018,21,179,Puebla,Tlachichuca,OI
2018,21,179,Puebla,Tlachichuca,PV
2018,21,181,Puebla,Tlaltenango,PV
2018,21,182,Puebla,Tlanepantla,PV
2018,21,185,Puebla,Tlapanalá,OI
2018,21,188,Puebla,Tochimilco,OI
2018,21,188,Puebla,Tochimilco,PV
2018,21,189,Puebla,Tochtepec,PV
2018,21,190,Puebla,Totoltepec de Guerrero,OI
2018,21,190,Puebla,Totoltepec de Guerrero,PV
2018,21,191,Puebla,Tulcingo,OI
2018,21,191,Puebla,Tulcingo,PV
2018,21,192,Puebla,Tuzamapan de Galeana,OI
2018,21,192,Puebla,Tuzamapan de Galeana,PV
2018,21,195,Puebla,Vicente Guerrero,PV
2018,21,196,Puebla,Xayacatlán de Bravo,OI
2018,21,196,Puebla,Xayacatlán de Bravo,PV
2018,21,199,Puebla,Xiutetelco,PV
2018,21,201,Puebla,Xochiltepec,OI
2018,21,201,Puebla,Xochiltepec,PV
2018,21,202,Puebla,Xochitlán de Vicente Suárez,OI
2018,21,202,Puebla,Xochitlán de Vicente Suárez,PV
2018,21,203,Puebla,Xochitlán Todos Santos,PV
2018,21,204,Puebla,Yaonáhuac,OI
2018,21,204,Puebla,Yaonáhuac,PV
2018,21,205,Puebla,Yehualtepec,PV
2018,21,206,Puebla,Zacapala,OI
2018,21,206,Puebla,Zacapala,PV
2018,21,209,Puebla,Zapotitlán,OI
2018,21,209,Puebla,Zapotitlán,PV
2018,21,210,Puebla,Zapotitlán de Méndez,OI
2018,21,210,Puebla,Zapotitlán de Méndez,PV
2018,21,211,Puebla,Zaragoza,PV
2018,21,212,Puebla,Zautla,PV
2018,21,213,Puebla,Zihuateutla,OI
2018,21,213,Puebla,Zihuateutla,PV
2018,21,215,Puebla,Zongozotla,OI
2018,21,215,Puebla,Zongozotla,PV
2018,21,216,Puebla,Zoquiapan,OI
2018,21,216,Puebla,Zoquiapan,PV
2018,22,2,Querétaro,Pinal de Amoles,PV
2018,22,3,Querétaro,Arroyo Seco,PV
2018,22,4,Querétaro,Cadereyta de Montes,OI
2018,22,4,Querétaro,Cadereyta de Montes,PV
2018,22,5,Querétaro,Colón,OI
2018,22,5,Querétaro,Colón,PV
2018,22,7,Querétaro,Ezequiel Montes,PV
2018,22,10,Querétaro,Landa de Matamoros,PV
2018,22,12,Querétaro,Pedro Escobedo,PV
2018,22,15,Querétaro,San Joaquín,OI
2018,22,15,Querétaro,San Joaquín,PV
2018,22,17,Querétaro,Tequisquiapan,PV
2018,22,18,Querétaro,Tolimán,OI
2018,22,18,Querétaro,Tolimán,PV
2018,23,6,Quintana Roo,José María Morelos,PV
2018,23,10,Quintana Roo,Bacalar,OI
2018,23,10,Quintana Roo,Bacalar,PV
2018,24,1,San Luis Potosí,Ahualulco,PV
2018,24,2,San Luis Potosí,Alaquines,OI
2018,24,2,San Luis Potosí,Alaquines,PV
2018,24,4,San Luis Potosí,Armadillo de Los Infante,PV
2018,24,5,San Luis Potosí,Cárdenas,OI
2018,24,5,San Luis Potosí,Cárdenas,PV
2018,24,6,San Luis Potosí,Catorce,PV
2018,24,7,San Luis Potosí,Cedral,PV
2018,24,9,San Luis Potosí,Cerro de San Pedro,PV
2018,24,10,San Luis Potosí,Ciudad del Maíz,PV
2018,24,11,San Luis Potosí,Ciudad Fernández,OI
2018,24,11,San Luis Potosí,Ciudad Fernández,PV
2018,24,12,San Luis Potosí,Tancanhuitz,OI
2018,24,12,San Luis Potosí,Tancanhuitz,PV
2018,24,14,San Luis Potosí,Coxcatlán,OI
2018,24,14,San Luis Potosí,Coxcatlán,PV
2018,24,15,San Luis Potosí,Charcas,PV
2018,24,17,San Luis Potosí,Guadalcázar,PV
2018,24,18,San Luis Potosí,Huehuetlán,OI
2018,24,18,San Luis Potosí,Huehuetlán,PV
2018,24,19,San Luis Potosí,Lagunillas,OI
2018,24,19,San Luis Potosí,Lagunillas,PV
2018,24,21,San Luis Potosí,Mexquitic de Carmona,PV
2018,24,22,San Luis Potosí,Moctezuma,PV
2018,24,23,San Luis Potosí,Rayón,OI
2018,24,23,San Luis Potosí,Rayón,PV
2018,24,26,San Luis Potosí,San Antonio,OI
2018,24,26,San Luis Potosí,San Antonio,PV
2018,24,29,San Luis Potosí,San Martín Chalchicuautla,OI
2018,24,29,San Luis Potosí,San Martín Chalchicuautla,PV
2018,24,30,San Luis Potosí,San Nicolás Tolentino,OI
2018,24,30,San Luis Potosí,San Nicolás Tolentino,PV
2018,24,31,San Luis Potosí,Santa Catarina,OI
2018,24,31,San Luis Potosí,Santa Catarina,PV
2018,24,33,San Luis Potosí,Santo Domingo,PV
2018,24,35,San Luis Potosí,Soledad de Graciano Sánchez,PV
2018,24,36,San Luis Potosí,Tamasopo,OI
2018,24,36,San Luis Potosí,Tamasopo,PV
2018,24,38,San Luis Potosí,Tampacán,OI
2018,24,38,San Luis Potosí,Tampacán,PV
2018,24,39,San Luis Potosí,Tampamolón Corona,OI
2018,24,39,San Luis Potosí,Tampamolón Corona,PV
2018,24,42,San Luis Potosí,Tanquián de Escobedo,OI
2018,24,42,San Luis Potosí,Tanquián de Escobedo,PV
2018,24,43,San Luis Potosí,Tierra Nueva,PV
2018,24,44,San Luis Potosí,Vanegas,PV
2018,24,45,San Luis Potosí,Venado,PV
2018,24,46,San Luis Potosí,Villa de Arriaga,PV
2018,24,47,San Luis Potosí,Villa de Guadalupe,PV
2018,24,48,San Luis Potosí,Villa de La Paz,PV
2018,24,51,San Luis Potosí,Villa Hidalgo,PV
2018,24,52,San Luis Potosí,Villa Juárez,PV
2018,24,54,San Luis Potosí,Xilitla,OI
2018,24,54,San Luis Potosí,Xilitla,PV
2018,24,55,San Luis Potosí,Zaragoza,PV
2018,24,56,San Luis Potosí,Villa de Arista,PV
2018,25,2,Sinaloa,Angostura,OI
2018,25,2,Sinaloa,Angostura,PV
2018,25,9,Sinaloa,Escuinapa,OI
2018,25,9,Sinaloa,Escuinapa,PV
2018,25,18,Sinaloa,Navolato,OI
2018,26,2,Sonora,Agua Prieta,PV
2018,26,5,Sonora,Arivechi,PV
2018,26,11,Sonora,Bacoachi,PV
2018,26,12,Sonora,Bácum,OI
2018,26,12,Sonora,Bácum,PV
2018,26,14,Sonora,Baviácora,PV
2018,26,15,Sonora,Bavispe,PV
2018,26,23,Sonora,Cumpas,PV
2018,26,27,Sonora,Fronteras,PV
2018,26,32,Sonora,Huásabas,PV
2018,26,34,Sonora,Huépac,PV
2018,26,50,Sonora,Rayón,PV
2018,26,51,Sonora,Rosario,PV
2018,26,53,Sonora,San Felipe de Jesús,PV
2018,26,60,Sonora,Sáric,PV
2018,27,5,Tabasco,Comalcalco,OI
2018,27,5,Tabasco,Comalcalco,PV
2018,27,9,Tabasco,Jalapa,OI
2018,27,9,Tabasco,Jalapa,PV
2018,27,10,Tabasco,Jalpa de Méndez,OI
2018,27,10,Tabasco,Jalpa de Méndez,PV
2018,27,13,Tabasco,Nacajuca,OI
2018,27,13,Tabasco,Nacajuca,PV
2018,28,4,Tamaulipas,Antiguo Morelos,PV
2018,28,5,Tamaulipas,Burgos,OI
2018,28,5,Tamaulipas,Burgos,PV
2018,28,6,Tamaulipas,Bustamante,PV
2018,28,8,Tamaulipas,Casas,OI
2018,28,10,Tamaulipas,Cruillas,OI
2018,28,17,Tamaulipas,Jaumave,PV
2018,28,23,Tamaulipas,Méndez,OI
2018,28,25,Tamaulipas,Miguel Alemán,OI
2018,28,26,Tamaulipas,Miquihuana,PV
2018,28,28,Tamaulipas,Nuevo Morelos,PV
2018,28,31,Tamaulipas,Palmillas,PV
2018,28,33,Tamaulipas,Río Bravo,OI
2018,28,34,Tamaulipas,San Carlos,OI
2018,28,34,Tamaulipas,San Carlos,PV
2018,28,39,Tamaulipas,Tula,OI
2018,28,39,Tamaulipas,Tula,PV
2018,28,42,Tamaulipas,Villagrán,OI
2018,28,42,Tamaulipas,Villagrán,PV
2018,29,1,Tlaxcala,Amaxac de Guerrero,PV
2018,29,2,Tlaxcala,Apetatitlán de Antonio Carvajal,PV
2018,29,4,Tlaxcala,Atltzayanca,PV
2018,29,5,Tlaxcala,Apizaco,PV
2018,29,9,Tlaxcala,Cuaxomulco,PV
2018,29,10,Tlaxcala,Chiautempan,PV
2018,29,11,Tlaxcala,Muñoz de Domingo Arenas,PV
2018,29,12,Tlaxcala,Españita,PV
2018,29,14,Tlaxcala,Hueyotlipan,PV
2018,29,15,Tlaxcala,Ixtacuixtla de Mariano Matamoros,PV
2018,29,16,Tlaxcala,Ixtenco,PV
2018,29,17,Tlaxcala,Mazatecochco de José María Morelos,PV
2018,29,18,Tlaxcala,Contla de Juan Cuamatzi,PV
2018,29,19,Tlaxcala,Tepetitla de Lardizábal,PV
2018,29,20,Tlaxcala,Sanctórum de Lázaro Cárdenas,PV
2018,29,21,Tlaxcala,Nanacamilpa de Mariano Arista,PV
2018,29,22,Tlaxcala,Acuamanala de Miguel Hidalgo,PV
2018,29,23,Tlaxcala,Natívitas,PV
2018,29,24,Tlaxcala,Panotla,PV
2018,29,25,Tlaxcala,San Pablo del Monte,PV
2018,29,26,Tlaxcala,Santa Cruz Tlaxcala,PV
2018,29,27,Tlaxcala,Tenancingo,PV
2018,29,28,Tlaxcala,Teolocholco,PV
2018,29,29,Tlaxcala,Tepeyanco,PV
2018,29,30,Tlaxcala,Terrenate,PV
2018,29,31,Tlaxcala,Tetla de La Solidaridad,PV
2018,29,32,Tlaxcala,Tetlatlahuca,PV
2018,29,34,Tlaxcala,Tlaxco,PV
2018,29,35,Tlaxcala,Tocatlán,PV
2018,29,36,Tlaxcala,Totolac,PV
2018,29,38,Tlaxcala,Tzompantepec,PV
2018,29,39,Tlaxcala,Xaloztoc,PV
2018,29,40,Tlaxcala,Xaltocan,PV
2018,29,41,Tlaxcala,Papalotla de Xicohténcatl,PV
2018,29,42,Tlaxcala,Xicohtzinco,PV
2018,29,45,Tlaxcala,Benito Juárez,PV
2018,29,46,Tlaxcala,Emiliano Zapata,PV
2018,29,47,Tlaxcala,Lázaro Cárdenas,PV
2018,29,48,Tlaxcala,La Magdalena Tlaltelulco,PV
2018,29,49,Tlaxcala,San Damián Texóloc,PV
2018,29,50,Tlaxcala,San Francisco Tetlanohcan,PV
2018,29,51,Tlaxcala,San Jerónimo Zacualpan,PV
2018,29,52,Tlaxcala,San José Teacalco,PV
2018,29,53,Tlaxcala,San Juan Huactzinco,PV
2018,29,54,Tlaxcala,San Lorenzo Axocomanitla,PV
2018,29,55,Tlaxcala,San Lucas Tecopilco,PV
2018,29,56,Tlaxcala,Santa Ana Nopalucan,PV
2018,29,57,Tlaxcala,Santa Apolonia Teacalco,PV
2018,29,58,Tlaxcala,Santa Catarina Ayometla,PV
2018,29,59,Tlaxcala,Santa Cruz Quilehtla,PV
2018,29,60,Tlaxcala,Santa Isabel Xiloxoxtla,PV
2018,30,5,Veracruz,Acula,OI
2018,30,5,Veracruz,Acula,PV
2018,30,6,Veracruz,Acultzingo,PV
2018,30,8,Veracruz,Alpatláhuac,PV
2018,30,12,Veracruz,Amatitlán,OI
2018,30,12,Veracruz,Amatitlán,PV
2018,30,13,Veracruz,Naranjos Amatlán,OI
2018,30,13,Veracruz,Naranjos Amatlán,PV
2018,30,14,Veracruz,Amatlán de Los Reyes,OI
2018,30,14,Veracruz,Amatlán de Los Reyes,PV
2018,30,18,Veracruz,Aquila,PV
2018,30,19,Veracruz,Astacinga,PV
2018,30,20,Veracruz,Atlahuilco,PV
2018,30,22,Veracruz,Atzacan,OI
2018,30,22,Veracruz,Atzacan,PV
2018,30,25,Veracruz,Ayahualulco,OI
2018,30,25,Veracruz,Ayahualulco,PV
2018,30,27,Veracruz,Benito Juárez,OI
2018,30,27,Veracruz,Benito Juárez,PV
2018,30,29,Veracruz,Calcahualco,PV
2018,30,30,Veracruz,Camerino Z. Mendoza,PV
2018,30,33,Veracruz,Cazones de Herrera,OI
2018,30,33,Veracruz,Cazones de Herrera,PV
2018,30,34,Veracruz,Cerro Azul,OI
2018,30,34,Veracruz,Cerro Azul,PV
2018,30,35,Veracruz,Citlaltépetl,OI
2018,30,35,Veracruz,Citlaltépetl,PV
2018,30,36,Veracruz,Coacoatzintla,PV
2018,30,37,Veracruz,Coahuitlán,OI
2018,30,37,Veracruz,Coahuitlán,PV
2018,30,40,Veracruz,Coatzintla,OI
2018,30,40,Veracruz,Coatzintla,PV
2018,30,41,Veracruz,Coetzala,PV
2018,30,42,Veracruz,Colipa,OI
2018,30,42,Veracruz,Colipa,PV
2018,30,43,Veracruz,Comapa,PV
2018,30,44,Veracruz,Córdoba,OI
2018,30,44,Veracruz,Córdoba,PV
2018,30,47,Veracruz,Coscomatepec,PV
2018,30,49,Veracruz,Cotaxtla,OI
2018,30,49,Veracruz,Cotaxtla,PV
2018,30,50,Veracruz,Coxquihui,OI
2018,30,50,Veracruz,Coxquihui,PV
2018,30,52,Veracruz,Cuichapa,OI
2018,30,52,Veracruz,Cuichapa,PV
2018,30,56,Veracruz,Chiconamel,OI
2018,30,56,Veracruz,Chiconamel,PV
2018,30,57,Veracruz,Chiconquiaco,OI
2018,30,57,Veracruz,Chiconquiaco,PV
2018,30,58,Veracruz,Chicontepec,OI
2018,30,58,Veracruz,Chicontepec,PV
2018,30,59,Veracruz,Chinameca,OI
2018,30,59,Veracruz,Chinameca,PV
2018,30,60,Veracruz,Chinampa de Gorostiza,OI
2018,30,60,Veracruz,Chinampa de Gorostiza,PV
2018,30,62,Veracruz,Chocamán,OI
2018,30,62,Veracruz,Chocamán,PV
2018,30,63,Veracruz,Chontla,OI
2018,30,63,Veracruz,Chontla,PV
2018,30,64,Veracruz,Chumatlán,OI
2018,30,64,Veracruz,Chumatlán,PV
2018,30,67,Veracruz,Filomeno Mata,OI
2018,30,67,Veracruz,Filomeno Mata,PV
2018,30,68,Veracruz,Fortín,PV
2018,30,69,Veracruz,Gutiérrez Zamora,OI
2018,30,69,Veracruz,Gutiérrez Zamora,PV
2018,30,70,Veracruz,Hidalgotitlán,OI
2018,30,70,Veracruz,Hidalgotitlán,PV
2018,30,74,Veracruz,Huiloapan de Cuauhtémoc,PV
2018,30,75,Veracruz,Ignacio de La Llave,OI
2018,30,75,Veracruz,Ignacio de La Llave,PV
2018,30,76,Veracruz,Ilamatlán,OI
2018,30,76,Veracruz,Ilamatlán,PV
2018,30,78,Veracruz,Ixcatepec,OI
2018,30,78,Veracruz,Ixcatepec,PV
2018,30,79,Veracruz,Ixhuacán de Los Reyes,OI
2018,30,79,Veracruz,Ixhuacán de Los Reyes,PV
2018,30,80,Veracruz,Ixhuatlán del Café,PV
2018,30,81,Veracruz,Ixhuatlancillo,PV
2018,30,82,Veracruz,Ixhuatlán del Sureste,OI
2018,30,82,Veracruz,Ixhuatlán del Sureste,PV
2018,30,84,Veracruz,Ixmatlahuacan,OI
2018,30,84,Veracruz,Ixmatlahuacan,PV
2018,30,85,Veracruz,Ixtaczoquitlán,PV
2018,30,88,Veracruz,Jalcomulco,PV
2018,30,92,Veracruz,Xico,PV
2018,30,94,Veracruz,Juan Rodríguez Clara,OI
2018,30,94,Veracruz,Juan Rodríguez Clara,PV
2018,30,95,Veracruz,Juchique de Ferrer,OI
2018,30,95,Veracruz,Juchique de Ferrer,PV
2018,30,96,Veracruz,Landero Y Coss,PV
2018,30,98,Veracruz,Magdalena,PV
2018,30,99,Veracruz,Maltrata,PV
2018,30,103,Veracruz,Mecatlán,OI
2018,30,103,Veracruz,Mecatlán,PV
2018,30,106,Veracruz,Miahuatlán,PV
2018,30,107,Veracruz,Las Minas,OI
2018,30,107,Veracruz,Las Minas,PV
2018,30,108,Veracruz,Minatitlán,OI
2018,30,108,Veracruz,Minatitlán,PV
2018,30,110,Veracruz,Mixtla de Altamirano,PV
2018,30,113,Veracruz,Naranjal,PV
2018,30,114,Veracruz,Nautla,OI
2018,30,114,Veracruz,Nautla,PV
2018,30,115,Veracruz,Nogales,PV
2018,30,116,Veracruz,Oluta,OI
2018,30,116,Veracruz,Oluta,PV
2018,30,117,Veracruz,Omealca,OI
2018,30,117,Veracruz,Omealca,PV
2018,30,120,Veracruz,Oteapan,OI
2018,30,120,Veracruz,Oteapan,PV
2018,30,121,Veracruz,Ozuluama de Mascareñas,OI
2018,30,121,Veracruz,Ozuluama de Mascareñas,PV
2018,30,122,Veracruz,Pajapan,OI
2018,30,122,Veracruz,Pajapan,PV
2018,30,127,Veracruz,La Perla,PV
2018,30,129,Veracruz,Platón Sánchez,OI
2018,30,130,Veracruz,Playa Vicente,OI
2018,30,130,Veracruz,Playa Vicente,PV
2018,30,135,Veracruz,Rafael Delgado,PV
2018,30,136,Veracruz,Rafael Lucio,PV
2018,30,137,Veracruz,Los Reyes,PV
2018,30,138,Veracruz,Río Blanco,PV
2018,30,139,Veracruz,Saltabarranca,OI
2018,30,139,Veracruz,Saltabarranca,PV
2018,30,140,Veracruz,San Andrés Tenejapan,PV
2018,30,144,Veracruz,Sayula de Alemán,OI
2018,30,144,Veracruz,Sayula de Alemán,PV
2018,30,145,Veracruz,Soconusco,OI
2018,30,145,Veracruz,Soconusco,PV
2018,30,146,Veracruz,Sochiapa,PV
2018,30,147,Veracruz,Soledad Atzompa,PV
2018,30,149,Veracruz,Soteapan,OI
2018,30,149,Veracruz,Soteapan,PV
2018,30,150,Veracruz,Tamalín,OI
2018,30,150,Veracruz,Tamalín,PV
2018,30,151,Veracruz,Tamiahua,OI
2018,30,151,Veracruz,Tamiahua,PV
2018,30,152,Veracruz,Tampico Alto,OI
2018,30,152,Veracruz,Tampico Alto,PV
2018,30,154,Veracruz,Tantima,OI
2018,30,154,Veracruz,Tantima,PV
2018,30,156,Veracruz,Tatatila,OI
2018,30,156,Veracruz,Tatatila,PV
2018,30,157,Veracruz,Castillo de Teayo,OI
2018,30,157,Veracruz,Castillo de Teayo,PV
2018,30,158,Veracruz,Tecolutla,OI
2018,30,158,Veracruz,Tecolutla,PV
2018,30,159,Veracruz,Tehuipango,PV
2018,30,162,Veracruz,Tenampa,PV
2018,30,165,Veracruz,Tepatlaxco,OI
2018,30,165,Veracruz,Tepatlaxco,PV
2018,30,166,Veracruz,Tepetlán,OI
2018,30,166,Veracruz,Tepetlán,PV
2018,30,168,Veracruz,Tequila,PV
2018,30,170,Veracruz,Texcatepec,OI
2018,30,170,Veracruz,Texcatepec,PV
2018,30,171,Veracruz,Texhuacán,PV
2018,30,172,Veracruz,Texistepec,OI
2018,30,172,Veracruz,Texistepec,PV
2018,30,173,Veracruz,Tezonapa,OI
2018,30,173,Veracruz,Tezonapa,PV
2018,30,176,Veracruz,Tlacojalpan,OI
2018,30,176,Veracruz,Tlacojalpan,PV
2018,30,177,Veracruz,Tlacolulan,PV
2018,30,178,Veracruz,Tlacotalpan,OI
2018,30,178,Veracruz,Tlacotalpan,PV
2018,30,179,Veracruz,Tlacotepec de Mejía,PV
2018,30,180,Veracruz,Tlachichilco,OI
2018,30,180,Veracruz,Tlachichilco,PV
2018,30,181,Veracruz,Tlalixcoyan,OI
2018,30,181,Veracruz,Tlalixcoyan,PV
2018,30,183,Veracruz,Tlapacoyan,OI
2018,30,183,Veracruz,Tlapacoyan,PV
2018,30,184,Veracruz,Tlaquilpa,PV
2018,30,185,Veracruz,Tlilapan,PV
2018,30,186,Veracruz,Tomatlán,PV
2018,30,187,Veracruz,Tonayán,PV
2018,30,190,Veracruz,Tuxtilla,OI
2018,30,190,Veracruz,Tuxtilla,PV
2018,30,192,Veracruz,Vega de Alatorre,OI
2018,30,192,Veracruz,Vega de Alatorre,PV
2018,30,194,Veracruz,Villa Aldama,PV
2018,30,195,Veracruz,Xoxocotla,PV
2018,30,196,Veracruz,Yanga,PV
2018,30,197,Veracruz,Yecuatla,OI
2018,30,197,Veracruz,Yecuatla,PV
2018,30,198,Veracruz,Zacualpan,OI
2018,30,198,Veracruz,Zacualpan,PV
2018,30,200,Veracruz,Zentla,PV
2018,30,202,Veracruz,Zontecomatlán de López Y Fuentes,OI
2018,30,202,Veracruz,Zontecomatlán de López Y Fuentes,PV
2018,30,203,Veracruz,Zozocolco de Hidalgo,OI
2018,30,203,Veracruz,Zozocolco de Hidalgo,PV
2018,30,206,Veracruz,Nanchital de Lázaro Cárdenas del Río,OI
2018,30,206,Veracruz,Nanchital de Lázaro Cárdenas del Río,PV
2018,30,207,Veracruz,Tres Valles,OI
2018,30,207,Veracruz,Tres Valles,PV
2018,30,208,Veracruz,Carlos A. Carrillo,PV
2018,30,209,Veracruz,Uxpanapa,OI
2018,30,209,Veracruz,Uxpanapa,PV
2018,30,210,Veracruz,Tatahuicapan de Juárez,OI
2018,30,210,Veracruz,Tatahuicapan de Juárez,PV
2018,30,211,Veracruz,San Rafael,OI
2018,30,211,Veracruz,San Rafael,PV
2018,30,212,Veracruz,Santiago Sochiapan,OI
2018,30,212,Veracruz,Santiago Sochiapan,PV
2018,31,2,Yucatán,Acanceh,PV
2018,31,3,Yucatán,Akil,OI
2018,31,3,Yucatán,Akil,PV
2018,31,4,Yucatán,Baca,PV
2018,31,5,Yucatán,Bokobá,PV
2018,31,6,Yucatán,Buctzotz,PV
2018,31,7,Yucatán,Cacalchén,PV
2018,31,8,Yucatán,Calotmul,PV
2018,31,9,Yucatán,Cansahcab,PV
2018,31,12,Yucatán,Cenotillo,PV
2018,31,14,Yucatán,Cuncunul,PV
2018,31,15,Yucatán,Cuzamá,PV
2018,31,17,Yucatán,Chankom,PV
2018,31,19,Yucatán,Chemax,PV
2018,31,20,Yucatán,Chicxulub Pueblo,PV
2018,31,21,Yucatán,Chichimilá,PV
2018,31,24,Yucatán,Chumayel,PV
2018,31,26,Yucatán,Dzemul,PV
2018,31,27,Yucatán,Dzidzantún,PV
2018,31,28,Yucatán,Dzilam de Bravo,PV
2018,31,29,Yucatán,Dzilam González,PV
2018,31,30,Yucatán,Dzitás,PV
2018,31,31,Yucatán,Dzoncauich,PV
2018,31,32,Yucatán,Espita,PV
2018,31,33,Yucatán,Halachó,OI
2018,31,33,Yucatán,Halachó,PV
2018,31,34,Yucatán,Hocabá,PV
2018,31,35,Yucatán,Hoctún,PV
2018,31,36,Yucatán,Homún,PV
2018,31,37,Yucatán,Huhí,PV
2018,31,38,Yucatán,Hunucmá,PV
2018,31,39,Yucatán,Ixil,PV
2018,31,40,Yucatán,Izamal,PV
2018,31,41,Yucatán,Kanasín,PV
2018,31,42,Yucatán,Kantunil,PV
2018,31,43,Yucatán,Kaua,PV
2018,31,45,Yucatán,Kopomá,PV
2018,31,46,Yucatán,Mama,PV
2018,31,47,Yucatán,Maní,OI
2018,31,47,Yucatán,Maní,PV
2018,31,48,Yucatán,Maxcanú,PV
2018,31,49,Yucatán,Mayapán,PV
2018,31,54,Yucatán,Muxupip,PV
2018,31,55,Yucatán,Opichén,OI
2018,31,55,Yucatán,Opichén,PV
2018,31,57,Yucatán,Panabá,PV
2018,31,60,Yucatán,Quintana Roo,PV
2018,31,62,Yucatán,Sacalum,OI
2018,31,62,Yucatán,Sacalum,PV
2018,31,63,Yucatán,Samahil,PV
2018,31,64,Yucatán,Sanahcat,PV
2018,31,65,Yucatán,San Felipe,PV
2018,31,66,Yucatán,Santa Elena,OI
2018,31,66,Yucatán,Santa Elena,PV
2018,31,67,Yucatán,Seyé,PV
2018,31,68,Yucatán,Sinanché,PV
2018,31,69,Yucatán,Sotuta,PV
2018,31,70,Yucatán,Sucilá,OI
2018,31,70,Yucatán,Sucilá,PV
2018,31,71,Yucatán,Sudzal,PV
2018,31,72,Yucatán,Suma,PV
2018,31,73,Yucatán,Tahdziú,PV
2018,31,74,Yucatán,Tahmek,PV
2018,31,75,Yucatán,Teabo,PV
2018,31,76,Yucatán,Tecoh,PV
2018,31,77,Yucatán,Tekal de Venegas,PV
2018,31,78,Yucatán,Tekantó,PV
2018,31,80,Yucatán,Tekit,PV
2018,31,81,Yucatán,Tekom,PV
2018,31,82,Yucatán,Telchac Pueblo,PV
2018,31,83,Yucatán,Telchac Puerto,PV
2018,31,84,Yucatán,Temax,PV
2018,31,85,Yucatán,Temozón,PV
2018,31,86,Yucatán,Tepakán,PV
2018,31,88,Yucatán,Teya,PV
2018,31,90,Yucatán,Timucuy,PV
2018,31,91,Yucatán,Tinum,PV
2018,31,92,Yucatán,Tixcacalcupul,PV
2018,31,93,Yucatán,Tixkokob,PV
2018,31,94,Yucatán,Tixmehuac,PV
2018,31,95,Yucatán,Tixpéhual,PV
2018,31,97,Yucatán,Tunkás,PV
2018,31,99,Yucatán,Uayma,PV
2018,31,100,Yucatán,Ucú,PV
2018,31,101,Yucatán,Umán,PV
2018,31,103,Yucatán,Xocchel,PV
2018,31,104,Yucatán,Yaxcabá,PV
2018,31,105,Yucatán,Yaxkukul,PV
2018,31,106,Yucatán,Yobaín,PV
2018,32,2,Zacatecas,Apulco,PV
2018,32,4,Zacatecas,Benito Juárez,PV
2018,32,11,Zacatecas,Trinidad García de La Cadena,PV
2018,32,13,Zacatecas,General Enrique Estrada,PV
2018,32,21,Zacatecas,Jiménez del Teul,PV
2018,32,27,Zacatecas,Melchor Ocampo,PV
2018,32,33,Zacatecas,Moyahua de Estrada,OI
2018,32,33,Zacatecas,Moyahua de Estrada,PV
2018,32,35,Zacatecas,Noria de Ángeles,PV
2018,32,41,Zacatecas,El Salvador,PV
2018,32,50,Zacatecas,Vetagrande,PV
2018,32,52,Zacatecas,Villa García,PV
2018,32,57,Zacatecas,Trancoso,PV
2019,1,11,Aguascalientes,San Francisco de Los Romo,PV
2019,4,1,Campeche,Calkiní,OI
2019,4,1,Campeche,Calkiní,PV
2019,4,8,Campeche,Tenabo,OI
2019,4,8,Campeche,Tenabo,PV
2019,5,1,Coahuila,Abasolo,PV
2019,5,8,Coahuila,Escobedo,PV
2019,5,10,Coahuila,Frontera,PV
2019,5,11,Coahuila,General Cepeda,PV
2019,5,12,Coahuila,Guerrero,PV
2019,5,13,Coahuila,Hidalgo,PV
2019,5,16,Coahuila,Lamadrid,PV
2019,5,19,Coahuila,Morelos,PV
2019,5,21,Coahuila,Nadadores,PV
2019,5,22,Coahuila,Nava,PV
2019,5,29,Coahuila,Sacramento,PV
2019,5,31,Coahuila,San Buenaventura,PV
2019,5,36,Coahuila,Viesca,PV
2019,5,37,Coahuila,Villa Unión,PV
2019,6,8,Colima,Minatitlán,OI
2019,6,8,Colima,Minatitlán,PV
2019,7,4,Chiapas,Altamirano,PV
2019,7,6,Chiapas,Amatenango de La Frontera,PV
2019,7,7,Chiapas,Amatenango del Valle,PV
2019,7,10,Chiapas,Bejucal de Ocampo,PV
2019,7,11,Chiapas,Bella Vista,PV
2019,7,12,Chiapas,Berriozábal,PV
2019,7,14,Chiapas,El Bosque,PV
2019,7,17,Chiapas,Cintalapa,OI
2019,7,17,Chiapas,Cintalapa,PV
2019,7,18,Chiapas,Coapilla,PV
2019,7,21,Chiapas,Copainalá,OI
2019,7,21,Chiapas,Copainalá,PV
2019,7,22,Chiapas,Chalchihuitán,OI
2019,7,22,Chiapas,Chalchihuitán,PV
2019,7,23,Chiapas,Chamula,PV
2019,7,24,Chiapas,Chanal,PV
2019,7,25,Chiapas,Chapultenango,OI
2019,7,25,Chiapas,Chapultenango,PV
2019,7,26,Chiapas,Chenalhó,OI
2019,7,26,Chiapas,Chenalhó,PV
2019,7,28,Chiapas,Chiapilla,PV
2019,7,31,Chiapas,Chilón,OI
2019,7,31,Chiapas,Chilón,PV
2019,7,33,Chiapas,Francisco León,OI
2019,7,33,Chiapas,Francisco León,PV
2019,7,35,Chiapas,Frontera Hidalgo,OI
2019,7,35,Chiapas,Frontera Hidalgo,PV
2019,7,36,Chiapas,La Grandeza,PV
2019,7,39,Chiapas,Huitiupán,OI
2019,7,39,Chiapas,Huitiupán,PV
2019,7,41,Chiapas,La Independencia,OI
2019,7,41,Chiapas,La Independencia,PV
2019,7,42,Chiapas,Ixhuatán,OI
2019,7,42,Chiapas,Ixhuatán,PV
2019,7,43,Chiapas,Ixtacomitán,OI
2019,7,43,Chiapas,Ixtacomitán,PV
2019,7,44,Chiapas,Ixtapa,PV
2019,7,45,Chiapas,Ixtapangajoya,OI
2019,7,45,Chiapas,Ixtapangajoya,PV
2019,7,47,Chiapas,Jitotol,OI
2019,7,47,Chiapas,Jitotol,PV
2019,7,50,Chiapas,La Libertad,OI
2019,7,50,Chiapas,La Libertad,PV
2019,7,53,Chiapas,Mazapa de Madero,PV
2019,7,54,Chiapas,Mazatán,OI
2019,7,54,Chiapas,Mazatán,PV
2019,7,55,Chiapas,Metapa,OI
2019,7,55,Chiapas,Metapa,PV
2019,7,56,Chiapas,Mitontic,OI
2019,7,56,Chiapas,Mitontic,PV
2019,7,58,Chiapas,Nicolás Ruíz,PV
2019,7,66,Chiapas,Pantelhó,OI
2019,7,66,Chiapas,Pantelhó,PV
2019,7,67,Chiapas,Pantepec,OI
2019,7,67,Chiapas,Pantepec,PV
2019,7,70,Chiapas,El Porvenir,PV
2019,7,73,Chiapas,Rayón,OI
2019,7,73,Chiapas,Rayón,PV
2019,7,74,Chiapas,Reforma,PV
2019,7,75,Chiapas,Las Rosas,OI
2019,7,75,Chiapas,Las Rosas,PV
2019,7,76,Chiapas,Sabanilla,OI
2019,7,76,Chiapas,Sabanilla,PV
2019,7,79,Chiapas,San Fernando,PV
2019,7,81,Chiapas,Simojovel,OI
2019,7,81,Chiapas,Simojovel,PV
2019,7,83,Chiapas,Socoltenango,OI
2019,7,83,Chiapas,Socoltenango,PV
2019,7,84,Chiapas,Solosuchiapa,PV
2019,7,85,Chiapas,Soyaló,PV
2019,7,88,Chiapas,Sunuapa,OI
2019,7,88,Chiapas,Sunuapa,PV
2019,7,90,Chiapas,Tapalapa,OI
2019,7,90,Chiapas,Tapalapa,PV
2019,7,93,Chiapas,Tenejapa,OI
2019,7,93,Chiapas,Tenejapa,PV
2019,7,94,Chiapas,Teopisca,PV
2019,7,96,Chiapas,Tila,OI
2019,7,96,Chiapas,Tila,PV
2019,7,98,Chiapas,Totolapa,OI
2019,7,98,Chiapas,Totolapa,PV
2019,7,100,Chiapas,Tumbalá,OI
2019,7,100,Chiapas,Tumbalá,PV
2019,7,102,Chiapas,Tuxtla Chico,OI
2019,7,103,Chiapas,Tuzantán,OI
2019,7,103,Chiapas,Tuzantán,PV
2019,7,104,Chiapas,Tzimol,OI
2019,7,104,Chiapas,Tzimol,PV
2019,7,105,Chiapas,Unión Juárez,PV
2019,7,109,Chiapas,Yajalón,OI
2019,7,109,Chiapas,Yajalón,PV
2019,7,110,Chiapas,San Lucas,OI
2019,7,110,Chiapas,San Lucas,PV
2019,7,111,Chiapas,Zinacantán,PV
2019,7,113,Chiapas,Aldama,PV
2019,7,114,Chiapas,Benemérito de Las Américas,OI
2019,7,114,Chiapas,Benemérito de Las Américas,PV
2019,7,115,Chiapas,Maravilla Tenejapa,OI
2019,7,115,Chiapas,Maravilla Tenejapa,PV
2019,7,116,Chiapas,Marqués de Comillas,PV
2019,7,117,Chiapas,Montecristo de Guerrero,PV
2019,7,118,Chiapas,San Andrés Duraznal,OI
2019,7,118,Chiapas,San Andrés Duraznal,PV
2019,7,119,Chiapas,Santiago El Pinar,PV
2019,8,3,Chihuahua,Allende,PV
2019,8,5,Chihuahua,Ascensión,PV
2019,8,12,Chihuahua,Carichí,PV
2019,8,13,Chihuahua,Casas Grandes,PV
2019,8,18,Chihuahua,Cusihuiriachi,PV
2019,8,23,Chihuahua,Galeana,PV
2019,8,25,Chihuahua,Gómez Farías,PV
2019,8,30,Chihuahua,Guazapares,PV
2019,8,33,Chihuahua,Huejotitán,PV
2019,8,34,Chihuahua,Ignacio Zaragoza,PV
2019,8,44,Chihuahua,Matamoros,PV
2019,8,46,Chihuahua,Morelos,OI
2019,8,46,Chihuahua,Morelos,PV
2019,8,48,Chihuahua,Namiquipa,PV
2019,8,54,Chihuahua,Riva Palacio,PV
2019,8,56,Chihuahua,Rosario,PV
2019,8,60,Chihuahua,Santa Bárbara,PV
2019,8,64,Chihuahua,El Tule,PV
2019,8,66,Chihuahua,Uruachi,PV
2019,10,2,Durango,Canelas,OI
2019,10,2,Durango,Canelas,PV
2019,10,3,Durango,Coneto de Comonfort,PV
2019,10,14,Durango,Mezquital,PV
2019,10,16,Durango,Nombre de Dios,PV
2019,10,19,Durango,Otáez,PV
2019,10,21,Durango,Peñón Blanco,PV
2019,10,29,Durango,San Luis del Cordero,PV
2019,10,35,Durango,Tepehuanes,PV
2019,10,37,Durango,Topia,OI
2019,10,37,Durango,Topia,PV
2019,11,9,Guanajuato,Comonfort,OI
2019,11,9,Guanajuato,Comonfort,PV
2019,11,13,Guanajuato,Doctor Mora,PV
2019,11,16,Guanajuato,Huanímaro,PV
2019,11,21,Guanajuato,Moroleón,PV
2019,11,24,Guanajuato,Pueblo Nuevo,PV
2019,11,29,Guanajuato,San Diego de La Unión,PV
2019,11,32,Guanajuato,San José Iturbide,PV
2019,11,34,Guanajuato,Santa Catarina,PV
2019,11,35,Guanajuato,Santa Cruz de Juventino Rosas,OI
2019,11,35,Guanajuato,Santa Cruz de Juventino Rosas,PV
2019,11,36,Guanajuato,Santiago Maravatío,OI
2019,11,36,Guanajuato,Santiago Maravatío,PV
2019,11,38,Guanajuato,Tarandacuao,PV
2019,11,40,Guanajuato,Tierra Blanca,PV
2019,11,41,Guanajuato,Uriangato,PV
2019,11,43,Guanajuato,Victoria,PV
2019,11,44,Guanajuato,Villagrán,PV
2019,12,4,Guerrero,Alcozauca de Guerrero,OI
2019,12,4,Guerrero,Alcozauca de Guerrero,PV
2019,12,6,Guerrero,Apaxtla,PV
2019,12,8,Guerrero,Atenango del Río,PV
2019,12,9,Guerrero,Atlamajalcingo del Monte,PV
2019,12,13,Guerrero,Azoyú,OI
2019,12,13,Guerrero,Azoyú,PV
2019,12,16,Guerrero,Coahuayutla de José María Izazaga,OI
2019,12,16,Guerrero,Coahuayutla de José María Izazaga,PV
2019,12,17,Guerrero,Cocula,OI
2019,12,17,Guerrero,Cocula,PV
2019,12,18,Guerrero,Copala,OI
2019,12,18,Guerrero,Copala,PV
2019,12,19,Guerrero,Copalillo,OI
2019,12,19,Guerrero,Copalillo,PV
2019,12,20,Guerrero,Copanatoyac,OI
2019,12,20,Guerrero,Copanatoyac,PV
2019,12,22,Guerrero,Coyuca de Catalán,PV
2019,12,24,Guerrero,Cualác,PV
2019,12,25,Guerrero,Cuautepec,OI
2019,12,25,Guerrero,Cuautepec,PV
2019,12,26,Guerrero,Cuetzala del Progreso,OI
2019,12,26,Guerrero,Cuetzala del Progreso,PV
2019,12,27,Guerrero,Cutzamala de Pinzón,OI
2019,12,27,Guerrero,Cutzamala de Pinzón,PV
2019,12,30,Guerrero,Florencio Villarreal,OI
2019,12,30,Guerrero,Florencio Villarreal,PV
2019,12,31,Guerrero,General Canuto A. Neri,PV
2019,12,33,Guerrero,Huamuxtitlán,OI
2019,12,33,Guerrero,Huamuxtitlán,PV
2019,12,37,Guerrero,Ixcateopan de Cuauhtémoc,PV
2019,12,41,Guerrero,Malinaltepec,OI
2019,12,41,Guerrero,Malinaltepec,PV
2019,12,42,Guerrero,Mártir de Cuilapan,PV
2019,12,43,Guerrero,Metlatónoc,OI
2019,12,43,Guerrero,Metlatónoc,PV
2019,12,47,Guerrero,Pedro Ascencio Alquisiras,PV
2019,12,49,Guerrero,Pilcaya,OI
2019,12,49,Guerrero,Pilcaya,PV
2019,12,51,Guerrero,Quechultenango,OI
2019,12,51,Guerrero,Quechultenango,PV
2019,12,52,Guerrero,San Luis Acatlán,OI
2019,12,52,Guerrero,San Luis Acatlán,PV
2019,12,54,Guerrero,San Miguel Totolapan,OI
2019,12,54,Guerrero,San Miguel Totolapan,PV
2019,12,56,Guerrero,Tecoanapa,OI
2019,12,58,Guerrero,Teloloapan,OI
2019,12,58,Guerrero,Teloloapan,PV
2019,12,60,Guerrero,Tetipac,OI
2019,12,60,Guerrero,Tetipac,PV
2019,12,62,Guerrero,Tlacoachistlahuaca,OI
2019,12,62,Guerrero,Tlacoachistlahuaca,PV
2019,12,63,Guerrero,Tlacoapa,OI
2019,12,63,Guerrero,Tlacoapa,PV
2019,12,64,Guerrero,Tlalchapa,OI
2019,12,64,Guerrero,Tlalchapa,PV
2019,12,65,Guerrero,Tlalixtaquilla de Maldonado,OI
2019,12,65,Guerrero,Tlalixtaquilla de Maldonado,PV
2019,12,67,Guerrero,Tlapehuala,OI
2019,12,67,Guerrero,Tlapehuala,PV
2019,12,69,Guerrero,Xalpatláhuac,OI
2019,12,69,Guerrero,Xalpatláhuac,PV
2019,12,71,Guerrero,Xochistlahuaca,OI
2019,12,71,Guerrero,Xochistlahuaca,PV
2019,12,72,Guerrero,Zapotitlán Tablas,OI
2019,12,72,Guerrero,Zapotitlán Tablas,PV
2019,12,74,Guerrero,Zitlala,OI
2019,12,74,Guerrero,Zitlala,PV
2019,12,75,Guerrero,Eduardo Neri,OI
2019,12,75,Guerrero,Eduardo Neri,PV
2019,12,76,Guerrero,Acatepec,OI
2019,12,76,Guerrero,Acatepec,PV
2019,12,77,Guerrero,Marquelia,OI
2019,12,77,Guerrero,Marquelia,PV
2019,12,78,Guerrero,Cochoapa El Grande,OI
2019,12,78,Guerrero,Cochoapa El Grande,PV
2019,12,79,Guerrero,José Joaquín de Herrera,PV
2019,12,80,Guerrero,Juchitán,OI
2019,12,80,Guerrero,Juchitán,PV
2019,12,81,Guerrero,Iliatenco,PV
2019,13,1,Hidalgo,Acatlán,PV
2019,13,4,Hidalgo,Agua Blanca de Iturbide,PV
2019,13,5,Hidalgo,Ajacuba,PV
2019,13,7,Hidalgo,Almoloya,PV
2019,13,9,Hidalgo,El Arenal,PV
2019,13,10,Hidalgo,Atitalaquia,PV
2019,13,12,Hidalgo,Atotonilco El Grande,PV
2019,13,14,Hidalgo,Calnali,OI
2019,13,14,Hidalgo,Calnali,PV
2019,13,15,Hidalgo,Cardonal,PV
2019,13,17,Hidalgo,Chapantongo,PV
2019,13,18,Hidalgo,Chapulhuacán,OI
2019,13,18,Hidalgo,Chapulhuacán,PV
2019,13,20,Hidalgo,Eloxochitlán,OI
2019,13,20,Hidalgo,Eloxochitlán,PV
2019,13,21,Hidalgo,Emiliano Zapata,PV
2019,13,22,Hidalgo,Epazoyucan,PV
2019,13,23,Hidalgo,Francisco I. Madero,PV
2019,13,24,Hidalgo,Huasca de Ocampo,PV
2019,13,26,Hidalgo,Huazalingo,OI
2019,13,26,Hidalgo,Huazalingo,PV
2019,13,27,Hidalgo,Huehuetla,OI
2019,13,27,Hidalgo,Huehuetla,PV
2019,13,31,Hidalgo,Jacala de Ledezma,OI
2019,13,31,Hidalgo,Jacala de Ledezma,PV
2019,13,32,Hidalgo,Jaltocán,OI
2019,13,32,Hidalgo,Jaltocán,PV
2019,13,33,Hidalgo,Juárez Hidalgo,PV
2019,13,34,Hidalgo,Lolotla,OI
2019,13,34,Hidalgo,Lolotla,PV
2019,13,35,Hidalgo,Metepec,PV
2019,13,36,Hidalgo,San Agustín Metzquititlán,OI
2019,13,36,Hidalgo,San Agustín Metzquititlán,PV
2019,13,39,Hidalgo,Mineral del Monte,PV
2019,13,40,Hidalgo,La Misión,PV
2019,13,42,Hidalgo,Molango de Escamilla,OI
2019,13,42,Hidalgo,Molango de Escamilla,PV
2019,13,43,Hidalgo,Nicolás Flores,OI
2019,13,43,Hidalgo,Nicolás Flores,PV
2019,13,44,Hidalgo,Nopala de Villagrán,PV
2019,13,45,Hidalgo,Omitlán de Juárez,PV
2019,13,47,Hidalgo,Pacula,OI
2019,13,47,Hidalgo,Pacula,PV
2019,13,49,Hidalgo,Pisaflores,PV
2019,13,50,Hidalgo,Progreso de Obregón,PV
2019,13,51,Hidalgo,Mineral de La Reforma,PV
2019,13,52,Hidalgo,San Agustín Tlaxiaca,PV
2019,13,53,Hidalgo,San Bartolo Tutotepec,OI
2019,13,53,Hidalgo,San Bartolo Tutotepec,PV
2019,13,54,Hidalgo,San Salvador,PV
2019,13,55,Hidalgo,Santiago de Anaya,PV
2019,13,56,Hidalgo,Santiago Tulantepec de Lugo Guerrero,PV
2019,13,57,Hidalgo,Singuilucan,PV
2019,13,58,Hidalgo,Tasquillo,PV
2019,13,59,Hidalgo,Tecozautla,OI
2019,13,59,Hidalgo,Tecozautla,PV
2019,13,60,Hidalgo,Tenango de Doria,OI
2019,13,60,Hidalgo,Tenango de Doria,PV
2019,13,61,Hidalgo,Tepeapulco,PV
2019,13,62,Hidalgo,Tepehuacán de Guerrero,OI
2019,13,62,Hidalgo,Tepehuacán de Guerrero,PV
2019,13,63,Hidalgo,Tepeji del Río de Ocampo,PV
2019,13,65,Hidalgo,Tetepango,PV
2019,13,66,Hidalgo,Villa de Tezontepec,PV
2019,13,67,Hidalgo,Tezontepec de Aldama,PV
2019,13,68,Hidalgo,Tianguistengo,OI
2019,13,68,Hidalgo,Tianguistengo,PV
2019,13,69,Hidalgo,Tizayuca,PV
2019,13,70,Hidalgo,Tlahuelilpan,PV
2019,13,71,Hidalgo,Tlahuiltepa,OI
2019,13,71,Hidalgo,Tlahuiltepa,PV
2019,13,72,Hidalgo,Tlanalapa,PV
2019,13,74,Hidalgo,Tlaxcoapan,PV
2019,13,75,Hidalgo,Tolcayuca,PV
2019,13,78,Hidalgo,Xochiatipan,OI
2019,13,78,Hidalgo,Xochiatipan,PV
2019,13,79,Hidalgo,Xochicoatlán,OI
2019,13,79,Hidalgo,Xochicoatlán,PV
2019,13,80,Hidalgo,Yahualica,OI
2019,13,80,Hidalgo,Yahualica,PV
2019,13,82,Hidalgo,Zapotlán de Juárez,PV
2019,13,83,Hidalgo,Zempoala,PV
2019,14,1,Jalisco,Acatic,PV
2019,14,3,Jalisco,Ahualulco de Mercado,PV
2019,14,4,Jalisco,Amacueca,OI
2019,14,4,Jalisco,Amacueca,PV
2019,14,7,Jalisco,San Juanito de Escobedo,PV
2019,14,8,Jalisco,Arandas,PV
2019,14,9,Jalisco,El Arenal,PV
2019,14,10,Jalisco,Atemajac de Brizuela,PV
2019,14,11,Jalisco,Atengo,PV
2019,14,12,Jalisco,Atenguillo,PV
2019,14,14,Jalisco,Atoyac,OI
2019,14,14,Jalisco,Atoyac,PV
2019,14,20,Jalisco,Cabo Corrientes,OI
2019,14,20,Jalisco,Cabo Corrientes,PV
2019,14,21,Jalisco,Casimiro Castillo,OI
2019,14,24,Jalisco,Cocula,PV
2019,14,26,Jalisco,Concepción de Buenos Aires,PV
2019,14,27,Jalisco,Cuautitlán de García Barragán,OI
2019,14,27,Jalisco,Cuautitlán de García Barragán,PV
2019,14,28,Jalisco,Cuautla,PV
2019,14,29,Jalisco,Cuquío,PV
2019,14,31,Jalisco,Chimaltitán,OI
2019,14,32,Jalisco,Chiquilistlán,PV
2019,14,35,Jalisco,Encarnación de Díaz,PV
2019,14,36,Jalisco,Etzatlán,PV
2019,14,37,Jalisco,El Grullo,PV
2019,14,38,Jalisco,Guachinango,OI
2019,14,38,Jalisco,Guachinango,PV
2019,14,42,Jalisco,Huejuquilla El Alto,PV
2019,14,43,Jalisco,La Huerta,OI
2019,14,44,Jalisco,Ixtlahuacán de Los Membrillos,PV
2019,14,45,Jalisco,Ixtlahuacán del Río,PV
2019,14,48,Jalisco,Jesús María,PV
2019,14,52,Jalisco,Juchitlán,PV
2019,14,55,Jalisco,Magdalena,OI
2019,14,55,Jalisco,Magdalena,PV
2019,14,56,Jalisco,Santa María del Oro,PV
2019,14,57,Jalisco,La Manzanilla de la Paz,PV
2019,14,59,Jalisco,Mazamitla,PV
2019,14,60,Jalisco,Mexticacán,PV
2019,14,62,Jalisco,Mixtlán,PV
2019,14,64,Jalisco,Ojuelos de Jalisco,PV
2019,14,68,Jalisco,Villa Purificación,OI
2019,14,69,Jalisco,Quitupan,PV
2019,14,72,Jalisco,San Diego de Alejandría,PV
2019,14,73,Jalisco,San Juan de Los Lagos,PV
2019,14,74,Jalisco,San Julián,PV
2019,14,77,Jalisco,San Martín Hidalgo,PV
2019,14,78,Jalisco,San Miguel El Alto,PV
2019,14,79,Jalisco,Gómez Farías,PV
2019,14,80,Jalisco,San Sebastián del Oeste,OI
2019,14,80,Jalisco,San Sebastián del Oeste,PV
2019,14,82,Jalisco,Sayula,PV
2019,14,84,Jalisco,Talpa de Allende,OI
2019,14,84,Jalisco,Talpa de Allende,PV
2019,14,85,Jalisco,Tamazula de Gordiano,OI
2019,14,85,Jalisco,Tamazula de Gordiano,PV
2019,14,86,Jalisco,Tapalpa,PV
2019,14,87,Jalisco,Tecalitlán,OI
2019,14,87,Jalisco,Tecalitlán,PV
2019,14,88,Jalisco,Tecolotlán,PV
2019,14,89,Jalisco,Techaluta de Montenegro,PV
2019,14,90,Jalisco,Tenamaxtlán,PV
2019,14,92,Jalisco,Teocuitatlán de Corona,PV
2019,14,93,Jalisco,Tepatitlán de Morelos,PV
2019,14,94,Jalisco,Tequila,OI
2019,14,94,Jalisco,Tequila,PV
2019,14,96,Jalisco,Tizapán El Alto,OI
2019,14,101,Jalisco,Tonalá,PV
2019,14,102,Jalisco,Tonaya,PV
2019,14,103,Jalisco,Tonila,PV
2019,14,104,Jalisco,Totatiche,PV
2019,14,105,Jalisco,Tototlán,PV
2019,14,106,Jalisco,Tuxcacuesco,PV
2019,14,109,Jalisco,Unión de San Antonio,PV
2019,14,112,Jalisco,Valle de Juárez,PV
2019,14,113,Jalisco,San Gabriel,PV
2019,14,114,Jalisco,Villa Corona,PV
2019,14,115,Jalisco,Villa Guerrero,PV
2019,14,116,Jalisco,Villa Hidalgo,PV
2019,14,117,Jalisco,Cañadas de Obregón,PV
2019,14,119,Jalisco,Zacoalco de Torres,OI
2019,14,119,Jalisco,Zacoalco de Torres,PV
2019,14,121,Jalisco,Zapotiltic,PV
2019,14,122,Jalisco,Zapotitlán de Vadillo,OI
2019,14,122,Jalisco,Zapotitlán de Vadillo,PV
2019,14,123,Jalisco,Zapotlán del Rey,PV
2019,14,124,Jalisco,Zapotlanejo,OI
2019,14,124,Jalisco,Zapotlanejo,PV
2019,15,1,México,Acambay de Ruíz Castañeda,PV
2019,15,4,México,Almoloya de Alquisiras,OI
2019,15,4,México,Almoloya de Alquisiras,PV
2019,15,6,México,Almoloya del Río,PV
2019,15,8,México,Amatepec,PV
2019,15,10,México,Apaxco,PV
2019,15,12,México,Atizapán,PV
2019,15,15,México,Atlautla,PV
2019,15,16,México,Axapusco,PV
2019,15,17,México,Ayapango,PV
2019,15,18,México,Calimaya,PV
2019,15,19,México,Capulhuac,PV
2019,15,20,México,Coacalco de Berriozábal,PV
2019,15,21,México,Coatepec Harinas,OI
2019,15,21,México,Coatepec Harinas,PV
2019,15,22,México,Cocotitlán,PV
2019,15,23,México,Coyotepec,PV
2019,15,24,México,Cuautitlán,PV
2019,15,26,México,Chapa de Mota,PV
2019,15,27,México,Chapultepec,PV
2019,15,28,México,Chiautla,PV
2019,15,29,México,Chicoloapan,PV
2019,15,30,México,Chiconcuac,PV
2019,15,31,México,Chimalhuacán,PV
2019,15,32,México,Donato Guerra,OI
2019,15,34,México,Ecatzingo,PV
2019,15,35,México,Huehuetoca,PV
2019,15,36,México,Hueypoxtla,PV
2019,15,40,México,Ixtapan de La Sal,OI
2019,15,40,México,Ixtapan de La Sal,PV
2019,15,41,México,Ixtapan del Oro,OI
2019,15,41,México,Ixtapan del Oro,PV
2019,15,43,México,Xalatlaco,PV
2019,15,44,México,Jaltenco,PV
2019,15,46,México,Jilotzingo,PV
2019,15,47,México,Jiquipilco,PV
2019,15,48,México,Jocotitlán,PV
2019,15,49,México,Joquicingo,PV
2019,15,50,México,Juchitepec,PV
2019,15,51,México,Lerma,PV
2019,15,53,México,Melchor Ocampo,PV
2019,15,54,México,Metepec,PV
2019,15,56,México,Morelos,PV
2019,15,59,México,Nextlalpan,PV
2019,15,60,México,Nicolás Romero,PV
2019,15,61,México,Nopaltepec,PV
2019,15,64,México,El Oro,PV
2019,15,65,México,Otumba,PV
2019,15,67,México,Otzolotepec,PV
2019,15,68,México,Ozumba,PV
2019,15,69,México,Papalotla,PV
2019,15,71,México,Polotitlán,PV
2019,15,72,México,Rayón,PV
2019,15,73,México,San Antonio La Isla,PV
2019,15,75,México,San Martín de Las Pirámides,PV
2019,15,76,México,San Mateo Atenco,PV
2019,15,77,México,San Simón de Guerrero,PV
2019,15,78,México,Santo Tomás,OI
2019,15,78,México,Santo Tomás,PV
2019,15,79,México,Soyaniquilpan de Juárez,PV
2019,15,80,México,Sultepec,OI
2019,15,80,México,Sultepec,PV
2019,15,82,México,Tejupilco,OI
2019,15,82,México,Tejupilco,PV
2019,15,84,México,Temascalapa,PV
2019,15,85,México,Temascalcingo,PV
2019,15,86,México,Temascaltepec,OI
2019,15,86,México,Temascaltepec,PV
2019,15,88,México,Tenancingo,PV
2019,15,89,México,Tenango del Aire,PV
2019,15,92,México,Teotihuacán,PV
2019,15,93,México,Tepetlaoxtoc,PV
2019,15,94,México,Tepetlixpa,PV
2019,15,98,México,Texcalyacac,PV
2019,15,103,México,Tlalmanalco,PV
2019,15,107,México,Tonatico,OI
2019,15,107,México,Tonatico,PV
2019,15,108,México,Tultepec,PV
2019,15,115,México,Xonacatlán,PV
2019,15,116,México,Zacazonapan,PV
2019,15,117,México,Zacualpan,PV
2019,15,119,México,Zumpahuacán,OI
2019,15,119,México,Zumpahuacán,PV
2019,15,120,México,Zumpango,PV
2019,15,121,México,Cuautitlán Izcalli,PV
2019,15,122,México,Valle de Chalco Solidaridad,PV
2019,15,123,México,Luvianos,PV
2019,15,124,México,San José del Rincón,PV
2019,15,125,México,Tonanitla,PV
2019,16,1,Michoacán,Acuitzio,PV
2019,16,2,Michoacán,Aguililla,PV
2019,16,5,Michoacán,Angangueo,PV
2019,16,7,Michoacán,Aporo,PV
2019,16,8,Michoacán,Aquila,OI
2019,16,8,Michoacán,Aquila,PV
2019,16,9,Michoacán,Ario,OI
2019,16,9,Michoacán,Ario,PV
2019,16,11,Michoacán,Briseñas,PV
2019,16,12,Michoacán,Buenavista,OI
2019,16,12,Michoacán,Buenavista,PV
2019,16,13,Michoacán,Carácuaro,OI
2019,16,13,Michoacán,Carácuaro,PV
2019,16,14,Michoacán,Coahuayana,OI
2019,16,14,Michoacán,Coahuayana,PV
2019,16,15,Michoacán,Coalcomán de Vázquez Pallares,OI
2019,16,15,Michoacán,Coalcomán de Vázquez Pallares,PV
2019,16,16,Michoacán,Coeneo,PV
2019,16,18,Michoacán,Copándaro,OI
2019,16,18,Michoacán,Copándaro,PV
2019,16,20,Michoacán,Cuitzeo,PV
2019,16,21,Michoacán,Charapan,PV
2019,16,22,Michoacán,Charo,PV
2019,16,23,Michoacán,Chavinda,PV
2019,16,24,Michoacán,Cherán,PV
2019,16,25,Michoacán,Chilchota,PV
2019,16,26,Michoacán,Chinicuila,OI
2019,16,26,Michoacán,Chinicuila,PV
2019,16,27,Michoacán,Chucándiro,OI
2019,16,27,Michoacán,Chucándiro,PV
2019,16,28,Michoacán,Churintzio,PV
2019,16,29,Michoacán,Churumuco,OI
2019,16,29,Michoacán,Churumuco,PV
2019,16,30,Michoacán,Ecuandureo,PV
2019,16,31,Michoacán,Epitacio Huerta,PV
2019,16,32,Michoacán,Erongarícuaro,PV
2019,16,33,Michoacán,Gabriel Zamora,OI
2019,16,33,Michoacán,Gabriel Zamora,PV
2019,16,36,Michoacán,Huandacareo,OI
2019,16,36,Michoacán,Huandacareo,PV
2019,16,37,Michoacán,Huaniqueo,PV
2019,16,40,Michoacán,Indaparapeo,PV
2019,16,41,Michoacán,Irimbo,PV
2019,16,45,Michoacán,Jiquilpan,PV
2019,16,46,Michoacán,Juárez,PV
2019,16,47,Michoacán,Jungapeo,OI
2019,16,47,Michoacán,Jungapeo,PV
2019,16,48,Michoacán,Lagunillas,PV
2019,16,51,Michoacán,Marcos Castellanos,PV
2019,16,54,Michoacán,Morelos,PV
2019,16,55,Michoacán,Múgica,PV
2019,16,56,Michoacán,Nahuatzen,PV
2019,16,57,Michoacán,Nocupétaro,OI
2019,16,57,Michoacán,Nocupétaro,PV
2019,16,58,Michoacán,Nuevo Parangaricutiro,PV
2019,16,59,Michoacán,Nuevo Urecho,OI
2019,16,59,Michoacán,Nuevo Urecho,PV
2019,16,62,Michoacán,Pajacuarán,PV
2019,16,63,Michoacán,Panindícuaro,PV
2019,16,64,Michoacán,Parácuaro,OI
2019,16,64,Michoacán,Parácuaro,PV
2019,16,65,Michoacán,Paracho,PV
2019,16,66,Michoacán,Pátzcuaro,PV
2019,16,68,Michoacán,Peribán,PV
2019,16,70,Michoacán,Purépero,PV
2019,16,71,Michoacán,Puruándiro,PV
2019,16,73,Michoacán,Quiroga,PV
2019,16,74,Michoacán,Cojumatlán de Régules,PV
2019,16,75,Michoacán,Los Reyes,PV
2019,16,77,Michoacán,San Lucas,OI
2019,16,77,Michoacán,San Lucas,PV
2019,16,78,Michoacán,Santa Ana Maya,OI
2019,16,78,Michoacán,Santa Ana Maya,PV
2019,16,79,Michoacán,Salvador Escalante,PV
2019,16,81,Michoacán,Susupuato,OI
2019,16,81,Michoacán,Susupuato,PV
2019,16,82,Michoacán,Tacámbaro,PV
2019,16,83,Michoacán,Tancítaro,OI
2019,16,83,Michoacán,Tancítaro,PV
2019,16,84,Michoacán,Tangamandapio,PV
2019,16,86,Michoacán,Tanhuato,PV
2019,16,87,Michoacán,Taretan,OI
2019,16,87,Michoacán,Taretan,PV
2019,16,88,Michoacán,Tarímbaro,PV
2019,16,90,Michoacán,Tingambato,PV
2019,16,91,Michoacán,Tingüindín,PV
2019,16,92,Michoacán,Tiquicheo de Nicolás Romero,OI
2019,16,92,Michoacán,Tiquicheo de Nicolás Romero,PV
2019,16,93,Michoacán,Tlalpujahua,PV
2019,16,95,Michoacán,Tocumbo,PV
2019,16,96,Michoacán,Tumbiscatío,OI
2019,16,96,Michoacán,Tumbiscatío,PV
2019,16,97,Michoacán,Turicato,OI
2019,16,97,Michoacán,Turicato,PV
2019,16,98,Michoacán,Tuxpan,OI
2019,16,98,Michoacán,Tuxpan,PV
2019,16,99,Michoacán,Tuzantla,OI
2019,16,99,Michoacán,Tuzantla,PV
2019,16,100,Michoacán,Tzintzuntzan,PV
2019,16,101,Michoacán,Tzitzio,PV
2019,16,111,Michoacán,Ziracuaretiro,PV
2019,17,3,Morelos,Axochiapan,PV
2019,17,5,Morelos,Coatlán del Río,OI
2019,17,10,Morelos,Jantetelco,PV
2019,17,22,Morelos,Tetela del Volcán,PV
2019,17,26,Morelos,Tlayacapan,PV
2019,18,2,Nayarit,Ahuacatlán,PV
2019,18,3,Nayarit,Amatlán de Cañas,PV
2019,18,4,Nayarit,Compostela,OI
2019,18,4,Nayarit,Compostela,PV
2019,18,6,Nayarit,Ixtlán del Río,PV
2019,18,7,Nayarit,Jala,PV
2019,18,8,Nayarit,Xalisco,PV
2019,18,13,Nayarit,San Pedro Lagunillas,PV
2019,18,14,Nayarit,Santa María del Oro,PV
2019,18,18,Nayarit,Tuxpan,OI
2019,18,18,Nayarit,Tuxpan,PV
2019,19,2,Nuevo León,Agualeguas,PV
2019,19,8,Nuevo León,Bustamante,PV
2019,19,18,Nuevo León,García,PV
2019,19,20,Nuevo León,General Bravo,OI
2019,19,20,Nuevo León,General Bravo,PV
2019,19,22,Nuevo León,General Terán,PV
2019,19,27,Nuevo León,Los Herreras,PV
2019,19,30,Nuevo León,Iturbide,PV
2019,19,31,Nuevo León,Juárez,PV
2019,19,32,Nuevo León,Lampazos de Naranjo,PV
2019,19,34,Nuevo León,Marín,PV
2019,19,35,Nuevo León,Melchor Ocampo,PV
2019,19,37,Nuevo León,Mina,PV
2019,19,40,Nuevo León,Parás,PV
2019,19,41,Nuevo León,Pesquería,PV
2019,19,44,Nuevo León,Sabinas Hidalgo,OI
2019,19,44,Nuevo León,Sabinas Hidalgo,PV
2019,19,45,Nuevo León,Salinas Victoria,PV
2019,19,47,Nuevo León,Hidalgo,PV
2019,19,48,Nuevo León,Santa Catarina,PV
2019,19,50,Nuevo León,Vallecillo,PV
2019,19,51,Nuevo León,Villaldama,PV
2019,20,1,Oaxaca,Abejones,PV
2019,20,3,Oaxaca,Asunción Cacalotepec,PV
2019,20,4,Oaxaca,Asunción Cuyotepeji,OI
2019,20,4,Oaxaca,Asunción Cuyotepeji,PV
2019,20,5,Oaxaca,Asunción Ixtaltepec,OI
2019,20,7,Oaxaca,Asunción Ocotlán,OI
2019,20,7,Oaxaca,Asunción Ocotlán,PV
2019,20,8,Oaxaca,Asunción Tlacolulita,OI
2019,20,8,Oaxaca,Asunción Tlacolulita,PV
2019,20,9,Oaxaca,Ayotzintepec,OI
2019,20,9,Oaxaca,Ayotzintepec,PV
2019,20,10,Oaxaca,El Barrio de la Soledad,OI
2019,20,10,Oaxaca,El Barrio de la Soledad,PV
2019,20,12,Oaxaca,Candelaria Loxicha,OI
2019,20,12,Oaxaca,Candelaria Loxicha,PV
2019,20,13,Oaxaca,Ciénega de Zimatlán,OI
2019,20,13,Oaxaca,Ciénega de Zimatlán,PV
2019,20,15,Oaxaca,Coatecas Altas,OI
2019,20,15,Oaxaca,Coatecas Altas,PV
2019,20,16,Oaxaca,Coicoyán de Las Flores,OI
2019,20,16,Oaxaca,Coicoyán de Las Flores,PV
2019,20,17,Oaxaca,La Compañía,OI
2019,20,17,Oaxaca,La Compañía,PV
2019,20,18,Oaxaca,Concepción Buenavista,PV
2019,20,19,Oaxaca,Concepción Pápalo,OI
2019,20,19,Oaxaca,Concepción Pápalo,PV
2019,20,20,Oaxaca,Constancia del Rosario,OI
2019,20,20,Oaxaca,Constancia del Rosario,PV
2019,20,21,Oaxaca,Cosolapa,OI
2019,20,21,Oaxaca,Cosolapa,PV
2019,20,22,Oaxaca,Cosoltepec,PV
2019,20,23,Oaxaca,Cuilápam de Guerrero,OI
2019,20,23,Oaxaca,Cuilápam de Guerrero,PV
2019,20,24,Oaxaca,Cuyamecalco Villa de Zaragoza,PV
2019,20,25,Oaxaca,Chahuites,OI
2019,20,25,Oaxaca,Chahuites,PV
2019,20,26,Oaxaca,Chalcatongo de Hidalgo,PV
2019,20,27,Oaxaca,Chiquihuitlán de Benito Juárez,PV
2019,20,28,Oaxaca,Heroica Ciudad de Ejutla de Crespo,OI
2019,20,28,Oaxaca,Heroica Ciudad de Ejutla de Crespo,PV
2019,20,29,Oaxaca,Eloxochitlán de Flores Magón,PV
2019,20,30,Oaxaca,El Espinal,OI
2019,20,30,Oaxaca,El Espinal,PV
2019,20,31,Oaxaca,Tamazulápam del Espíritu Santo,OI
2019,20,31,Oaxaca,Tamazulápam del Espíritu Santo,PV
2019,20,32,Oaxaca,Fresnillo de Trujano,PV
2019,20,33,Oaxaca,Guadalupe Etla,OI
2019,20,33,Oaxaca,Guadalupe Etla,PV
2019,20,34,Oaxaca,Guadalupe de Ramírez,PV
2019,20,35,Oaxaca,Guelatao de Juárez,OI
2019,20,35,Oaxaca,Guelatao de Juárez,PV
2019,20,36,Oaxaca,Guevea de Humboldt,OI
2019,20,36,Oaxaca,Guevea de Humboldt,PV
2019,20,37,Oaxaca,Mesones Hidalgo,OI
2019,20,37,Oaxaca,Mesones Hidalgo,PV
2019,20,38,Oaxaca,Villa Hidalgo,OI
2019,20,38,Oaxaca,Villa Hidalgo,PV
2019,20,40,Oaxaca,Huautepec,PV
2019,20,41,Oaxaca,Huautla de Jiménez,OI
2019,20,41,Oaxaca,Huautla de Jiménez,PV
2019,20,42,Oaxaca,Ixtlán de Juárez,OI
2019,20,42,Oaxaca,Ixtlán de Juárez,PV
2019,20,44,Oaxaca,Loma Bonita,OI
2019,20,44,Oaxaca,Loma Bonita,PV
2019,20,45,Oaxaca,Magdalena Apasco,OI
2019,20,45,Oaxaca,Magdalena Apasco,PV
2019,20,46,Oaxaca,Magdalena Jaltepec,PV
2019,20,47,Oaxaca,Santa Magdalena Jicotlán,PV
2019,20,48,Oaxaca,Magdalena Mixtepec,OI
2019,20,48,Oaxaca,Magdalena Mixtepec,PV
2019,20,49,Oaxaca,Magdalena Ocotlán,OI
2019,20,49,Oaxaca,Magdalena Ocotlán,PV
2019,20,50,Oaxaca,Magdalena Peñasco,PV
2019,20,51,Oaxaca,Magdalena Teitipac,PV
2019,20,53,Oaxaca,Magdalena Tlacotepec,OI
2019,20,53,Oaxaca,Magdalena Tlacotepec,PV
2019,20,54,Oaxaca,Magdalena Zahuatlán,PV
2019,20,55,Oaxaca,Mariscala de Juárez,OI
2019,20,55,Oaxaca,Mariscala de Juárez,PV
2019,20,56,Oaxaca,Mártires de Tacubaya,OI
2019,20,56,Oaxaca,Mártires de Tacubaya,PV
2019,20,57,Oaxaca,Matías Romero Avendaño,OI
2019,20,58,Oaxaca,Mazatlán Villa de Flores,OI
2019,20,58,Oaxaca,Mazatlán Villa de Flores,PV
2019,20,59,Oaxaca,Miahuatlán de Porfirio Díaz,OI
2019,20,60,Oaxaca,Mixistlán de La Reforma,PV
2019,20,61,Oaxaca,Monjas,OI
2019,20,61,Oaxaca,Monjas,PV
2019,20,62,Oaxaca,Natividad,PV
2019,20,63,Oaxaca,Nazareno Etla,OI
2019,20,63,Oaxaca,Nazareno Etla,PV
2019,20,64,Oaxaca,Nejapa de Madero,OI
2019,20,64,Oaxaca,Nejapa de Madero,PV
2019,20,65,Oaxaca,Ixpantepec Nieves,PV
2019,20,66,Oaxaca,Santiago Niltepec,OI
2019,20,66,Oaxaca,Santiago Niltepec,PV
2019,20,68,Oaxaca,Ocotlán de Morelos,OI
2019,20,68,Oaxaca,Ocotlán de Morelos,PV
2019,20,69,Oaxaca,La Pe,OI
2019,20,69,Oaxaca,La Pe,PV
2019,20,70,Oaxaca,Pinotepa de Don Luis,OI
2019,20,70,Oaxaca,Pinotepa de Don Luis,PV
2019,20,71,Oaxaca,Pluma Hidalgo,PV
2019,20,72,Oaxaca,San José del Progreso,OI
2019,20,72,Oaxaca,San José del Progreso,PV
2019,20,74,Oaxaca,Santa Catarina Quioquitani,PV
2019,20,75,Oaxaca,Reforma de Pineda,OI
2019,20,75,Oaxaca,Reforma de Pineda,PV
2019,20,76,Oaxaca,La Reforma,OI
2019,20,76,Oaxaca,La Reforma,PV
2019,20,77,Oaxaca,Reyes Etla,OI
2019,20,77,Oaxaca,Reyes Etla,PV
2019,20,78,Oaxaca,Rojas de Cuauhtémoc,OI
2019,20,78,Oaxaca,Rojas de Cuauhtémoc,PV
2019,20,80,Oaxaca,San Agustín Amatengo,OI
2019,20,80,Oaxaca,San Agustín Amatengo,PV
2019,20,81,Oaxaca,San Agustín Atenango,OI
2019,20,81,Oaxaca,San Agustín Atenango,PV
2019,20,82,Oaxaca,San Agustín Chayuco,OI
2019,20,82,Oaxaca,San Agustín Chayuco,PV
2019,20,84,Oaxaca,San Agustín Etla,PV
2019,20,85,Oaxaca,San Agustín Loxicha,PV
2019,20,86,Oaxaca,San Agustín Tlacotepec,PV
2019,20,87,Oaxaca,San Agustín Yatareni,PV
2019,20,88,Oaxaca,San Andrés Cabecera Nueva,PV
2019,20,89,Oaxaca,San Andrés Dinicuiti,OI
2019,20,89,Oaxaca,San Andrés Dinicuiti,PV
2019,20,90,Oaxaca,San Andrés Huaxpaltepec,OI
2019,20,90,Oaxaca,San Andrés Huaxpaltepec,PV
2019,20,91,Oaxaca,San Andrés Huayápam,OI
2019,20,91,Oaxaca,San Andrés Huayápam,PV
2019,20,92,Oaxaca,San Andrés Ixtlahuaca,OI
2019,20,92,Oaxaca,San Andrés Ixtlahuaca,PV
2019,20,93,Oaxaca,San Andrés Lagunas,PV
2019,20,94,Oaxaca,San Andrés Nuxiño,OI
2019,20,94,Oaxaca,San Andrés Nuxiño,PV
2019,20,95,Oaxaca,San Andrés Paxtlán,PV
2019,20,96,Oaxaca,San Andrés Sinaxtla,PV
2019,20,97,Oaxaca,San Andrés Solaga,OI
2019,20,97,Oaxaca,San Andrés Solaga,PV
2019,20,98,Oaxaca,San Andrés Teotilálpam,OI
2019,20,98,Oaxaca,San Andrés Teotilálpam,PV
2019,20,99,Oaxaca,San Andrés Tepetlapa,PV
2019,20,100,Oaxaca,San Andrés Yaá,PV
2019,20,101,Oaxaca,San Andrés Zabache,OI
2019,20,101,Oaxaca,San Andrés Zabache,PV
2019,20,102,Oaxaca,San Andrés Zautla,OI
2019,20,102,Oaxaca,San Andrés Zautla,PV
2019,20,103,Oaxaca,San Antonino Castillo Velasco,OI
2019,20,103,Oaxaca,San Antonino Castillo Velasco,PV
2019,20,104,Oaxaca,San Antonino El Alto,OI
2019,20,104,Oaxaca,San Antonino El Alto,PV
2019,20,106,Oaxaca,San Antonio Acutla,PV
2019,20,107,Oaxaca,San Antonio de La Cal,OI
2019,20,107,Oaxaca,San Antonio de La Cal,PV
2019,20,108,Oaxaca,San Antonio Huitepec,OI
2019,20,108,Oaxaca,San Antonio Huitepec,PV
2019,20,109,Oaxaca,San Antonio Nanahuatípam,OI
2019,20,109,Oaxaca,San Antonio Nanahuatípam,PV
2019,20,110,Oaxaca,San Antonio Sinicahua,PV
2019,20,111,Oaxaca,San Antonio Tepetlapa,OI
2019,20,111,Oaxaca,San Antonio Tepetlapa,PV
2019,20,112,Oaxaca,San Baltazar Chichicápam,OI
2019,20,112,Oaxaca,San Baltazar Chichicápam,PV
2019,20,113,Oaxaca,San Baltazar Loxicha,OI
2019,20,113,Oaxaca,San Baltazar Loxicha,PV
2019,20,114,Oaxaca,San Baltazar Yatzachi El Bajo,PV
2019,20,115,Oaxaca,San Bartolo Coyotepec,OI
2019,20,115,Oaxaca,San Bartolo Coyotepec,PV
2019,20,116,Oaxaca,San Bartolomé Ayautla,OI
2019,20,116,Oaxaca,San Bartolomé Ayautla,PV
2019,20,117,Oaxaca,San Bartolomé Loxicha,OI
2019,20,117,Oaxaca,San Bartolomé Loxicha,PV
2019,20,118,Oaxaca,San Bartolomé Quialana,OI
2019,20,118,Oaxaca,San Bartolomé Quialana,PV
2019,20,119,Oaxaca,San Bartolomé Yucuañe,PV
2019,20,120,Oaxaca,San Bartolomé Zoogocho,PV
2019,20,121,Oaxaca,San Bartolo Soyaltepec,PV
2019,20,122,Oaxaca,San Bartolo Yautepec,PV
2019,20,123,Oaxaca,San Bernardo Mixtepec,OI
2019,20,123,Oaxaca,San Bernardo Mixtepec,PV
2019,20,124,Oaxaca,San Blas Atempa,OI
2019,20,125,Oaxaca,San Carlos Yautepec,OI
2019,20,125,Oaxaca,San Carlos Yautepec,PV
2019,20,126,Oaxaca,San Cristóbal Amatlán,OI
2019,20,126,Oaxaca,San Cristóbal Amatlán,PV
2019,20,127,Oaxaca,San Cristóbal Amoltepec,PV
2019,20,128,Oaxaca,San Cristóbal Lachirioag,OI
2019,20,128,Oaxaca,San Cristóbal Lachirioag,PV
2019,20,129,Oaxaca,San Cristóbal Suchixtlahuaca,PV
2019,20,130,Oaxaca,San Dionisio del Mar,PV
2019,20,131,Oaxaca,San Dionisio Ocotepec,PV
2019,20,132,Oaxaca,San Dionisio Ocotlán,OI
2019,20,132,Oaxaca,San Dionisio Ocotlán,PV
2019,20,133,Oaxaca,San Esteban Atatlahuca,PV
2019,20,135,Oaxaca,San Felipe Tejalápam,OI
2019,20,135,Oaxaca,San Felipe Tejalápam,PV
2019,20,137,Oaxaca,San Francisco Cahuacuá,OI
2019,20,137,Oaxaca,San Francisco Cahuacuá,PV
2019,20,138,Oaxaca,San Francisco Cajonos,PV
2019,20,139,Oaxaca,San Francisco Chapulapa,PV
2019,20,140,Oaxaca,San Francisco Chindúa,PV
2019,20,141,Oaxaca,San Francisco del Mar,OI
2019,20,141,Oaxaca,San Francisco del Mar,PV
2019,20,142,Oaxaca,San Francisco Huehuetlán,PV
2019,20,143,Oaxaca,San Francisco Ixhuatán,OI
2019,20,143,Oaxaca,San Francisco Ixhuatán,PV
2019,20,144,Oaxaca,San Francisco Jaltepetongo,PV
2019,20,145,Oaxaca,San Francisco Lachigoló,OI
2019,20,145,Oaxaca,San Francisco Lachigoló,PV
2019,20,146,Oaxaca,San Francisco Logueche,PV
2019,20,147,Oaxaca,San Francisco Nuxaño,PV
2019,20,148,Oaxaca,San Francisco Ozolotepec,PV
2019,20,149,Oaxaca,San Francisco Sola,OI
2019,20,149,Oaxaca,San Francisco Sola,PV
2019,20,150,Oaxaca,San Francisco Telixtlahuaca,OI
2019,20,150,Oaxaca,San Francisco Telixtlahuaca,PV
2019,20,151,Oaxaca,San Francisco Teopan,PV
2019,20,152,Oaxaca,San Francisco Tlapancingo,OI
2019,20,152,Oaxaca,San Francisco Tlapancingo,PV
2019,20,153,Oaxaca,San Gabriel Mixtepec,OI
2019,20,153,Oaxaca,San Gabriel Mixtepec,PV
2019,20,154,Oaxaca,San Ildefonso Amatlán,OI
2019,20,154,Oaxaca,San Ildefonso Amatlán,PV
2019,20,155,Oaxaca,San Ildefonso Sola,OI
2019,20,155,Oaxaca,San Ildefonso Sola,PV
2019,20,156,Oaxaca,San Ildefonso Villa Alta,OI
2019,20,156,Oaxaca,San Ildefonso Villa Alta,PV
2019,20,157,Oaxaca,San Jacinto Amilpas,OI
2019,20,157,Oaxaca,San Jacinto Amilpas,PV
2019,20,158,Oaxaca,San Jacinto Tlacotepec,OI
2019,20,158,Oaxaca,San Jacinto Tlacotepec,PV
2019,20,159,Oaxaca,San Jerónimo Coatlán,PV
2019,20,160,Oaxaca,San Jerónimo Silacayoapilla,PV
2019,20,161,Oaxaca,San Jerónimo Sosola,PV
2019,20,162,Oaxaca,San Jerónimo Taviche,PV
2019,20,163,Oaxaca,San Jerónimo Tecóatl,PV
2019,20,164,Oaxaca,San Jorge Nuchita,OI
2019,20,164,Oaxaca,San Jorge Nuchita,PV
2019,20,165,Oaxaca,San José Ayuquila,PV
2019,20,166,Oaxaca,San José Chiltepec,OI
2019,20,166,Oaxaca,San José Chiltepec,PV
2019,20,167,Oaxaca,San José del Peñasco,OI
2019,20,167,Oaxaca,San José del Peñasco,PV
2019,20,168,Oaxaca,San José Estancia Grande,PV
2019,20,169,Oaxaca,San José Independencia,OI
2019,20,169,Oaxaca,San José Independencia,PV
2019,20,170,Oaxaca,San José Lachiguiri,PV
2019,20,171,Oaxaca,San José Tenango,OI
2019,20,171,Oaxaca,San José Tenango,PV
2019,20,172,Oaxaca,San Juan Achiutla,PV
2019,20,174,Oaxaca,Ánimas Trujano,OI
2019,20,174,Oaxaca,Ánimas Trujano,PV
2019,20,175,Oaxaca,San Juan Bautista Atatlahuca,OI
2019,20,175,Oaxaca,San Juan Bautista Atatlahuca,PV
2019,20,176,Oaxaca,San Juan Bautista Coixtlahuaca,PV
2019,20,177,Oaxaca,San Juan Bautista Cuicatlán,OI
2019,20,177,Oaxaca,San Juan Bautista Cuicatlán,PV
2019,20,178,Oaxaca,San Juan Bautista Guelache,OI
2019,20,178,Oaxaca,San Juan Bautista Guelache,PV
2019,20,179,Oaxaca,San Juan Bautista Jayacatlán,OI
2019,20,179,Oaxaca,San Juan Bautista Jayacatlán,PV
2019,20,180,Oaxaca,San Juan Bautista Lo de Soto,OI
2019,20,180,Oaxaca,San Juan Bautista Lo de Soto,PV
2019,20,181,Oaxaca,San Juan Bautista Suchitepec,OI
2019,20,181,Oaxaca,San Juan Bautista Suchitepec,PV
2019,20,182,Oaxaca,San Juan Bautista Tlacoatzintepec,PV
2019,20,183,Oaxaca,San Juan Bautista Tlachichilco,OI
2019,20,183,Oaxaca,San Juan Bautista Tlachichilco,PV
2019,20,185,Oaxaca,San Juan Cacahuatepec,OI
2019,20,185,Oaxaca,San Juan Cacahuatepec,PV
2019,20,186,Oaxaca,San Juan Cieneguilla,PV
2019,20,187,Oaxaca,San Juan Coatzóspam,PV
2019,20,188,Oaxaca,San Juan Colorado,OI
2019,20,188,Oaxaca,San Juan Colorado,PV
2019,20,189,Oaxaca,San Juan Comaltepec,OI
2019,20,189,Oaxaca,San Juan Comaltepec,PV
2019,20,190,Oaxaca,San Juan Cotzocón,OI
2019,20,190,Oaxaca,San Juan Cotzocón,PV
2019,20,191,Oaxaca,San Juan Chicomezúchil,OI
2019,20,191,Oaxaca,San Juan Chicomezúchil,PV
2019,20,192,Oaxaca,San Juan Chilateca,OI
2019,20,192,Oaxaca,San Juan Chilateca,PV
2019,20,193,Oaxaca,San Juan del Estado,OI
2019,20,193,Oaxaca,San Juan del Estado,PV
2019,20,194,Oaxaca,San Juan del Río,OI
2019,20,194,Oaxaca,San Juan del Río,PV
2019,20,195,Oaxaca,San Juan Diuxi,PV
2019,20,196,Oaxaca,San Juan Evangelista Analco,PV
2019,20,197,Oaxaca,San Juan Guelavía,OI
2019,20,197,Oaxaca,San Juan Guelavía,PV
2019,20,198,Oaxaca,San Juan Guichicovi,OI
2019,20,198,Oaxaca,San Juan Guichicovi,PV
2019,20,199,Oaxaca,San Juan Ihualtepec,PV
2019,20,200,Oaxaca,San Juan Juquila Mixes,OI
2019,20,200,Oaxaca,San Juan Juquila Mixes,PV
2019,20,201,Oaxaca,San Juan Juquila Vijanos,OI
2019,20,201,Oaxaca,San Juan Juquila Vijanos,PV
2019,20,202,Oaxaca,San Juan Lachao,OI
2019,20,202,Oaxaca,San Juan Lachao,PV
2019,20,203,Oaxaca,San Juan Lachigalla,PV
2019,20,204,Oaxaca,San Juan Lajarcia,PV
2019,20,205,Oaxaca,San Juan Lalana,OI
2019,20,205,Oaxaca,San Juan Lalana,PV
2019,20,206,Oaxaca,San Juan de Los Cués,OI
2019,20,206,Oaxaca,San Juan de Los Cués,PV
2019,20,207,Oaxaca,San Juan Mazatlán,OI
2019,20,207,Oaxaca,San Juan Mazatlán,PV
2019,20,208,Oaxaca,San Juan Mixtepec,OI
2019,20,208,Oaxaca,San Juan Mixtepec,PV
2019,20,209,Oaxaca,San Juan Mixtepec,PV
2019,20,210,Oaxaca,San Juan Ñumí,OI
2019,20,210,Oaxaca,San Juan Ñumí,PV
2019,20,211,Oaxaca,San Juan Ozolotepec,PV
2019,20,212,Oaxaca,San Juan Petlapa,OI
2019,20,212,Oaxaca,San Juan Petlapa,PV
2019,20,213,Oaxaca,San Juan Quiahije,PV
2019,20,214,Oaxaca,San Juan Quiotepec,OI
2019,20,214,Oaxaca,San Juan Quiotepec,PV
2019,20,215,Oaxaca,San Juan Sayultepec,PV
2019,20,216,Oaxaca,San Juan Tabaá,OI
2019,20,216,Oaxaca,San Juan Tabaá,PV
2019,20,217,Oaxaca,San Juan Tamazola,PV
2019,20,218,Oaxaca,San Juan Teita,OI
2019,20,218,Oaxaca,San Juan Teita,PV
2019,20,219,Oaxaca,San Juan Teitipac,OI
2019,20,219,Oaxaca,San Juan Teitipac,PV
2019,20,220,Oaxaca,San Juan Tepeuxila,OI
2019,20,220,Oaxaca,San Juan Tepeuxila,PV
2019,20,222,Oaxaca,San Juan Yaeé,OI
2019,20,222,Oaxaca,San Juan Yaeé,PV
2019,20,223,Oaxaca,San Juan Yatzona,OI
2019,20,223,Oaxaca,San Juan Yatzona,PV
2019,20,224,Oaxaca,San Juan Yucuita,PV
2019,20,225,Oaxaca,San Lorenzo,OI
2019,20,225,Oaxaca,San Lorenzo,PV
2019,20,226,Oaxaca,San Lorenzo Albarradas,OI
2019,20,226,Oaxaca,San Lorenzo Albarradas,PV
2019,20,227,Oaxaca,San Lorenzo Cacaotepec,OI
2019,20,227,Oaxaca,San Lorenzo Cacaotepec,PV
2019,20,229,Oaxaca,San Lorenzo Texmelúcan,OI
2019,20,229,Oaxaca,San Lorenzo Texmelúcan,PV
2019,20,230,Oaxaca,San Lorenzo Victoria,OI
2019,20,230,Oaxaca,San Lorenzo Victoria,PV
2019,20,231,Oaxaca,San Lucas Camotlán,OI
2019,20,231,Oaxaca,San Lucas Camotlán,PV
2019,20,233,Oaxaca,San Lucas Quiaviní,OI
2019,20,233,Oaxaca,San Lucas Quiaviní,PV
2019,20,234,Oaxaca,San Lucas Zoquiápam,PV
2019,20,235,Oaxaca,San Luis Amatlán,OI
2019,20,235,Oaxaca,San Luis Amatlán,PV
2019,20,236,Oaxaca,San Marcial Ozolotepec,PV
2019,20,238,Oaxaca,San Martín de Los Cansecos,PV
2019,20,239,Oaxaca,San Martín Huamelúlpam,PV
2019,20,240,Oaxaca,San Martín Itunyoso,PV
2019,20,241,Oaxaca,San Martín Lachilá,OI
2019,20,241,Oaxaca,San Martín Lachilá,PV
2019,20,242,Oaxaca,San Martín Peras,PV
2019,20,243,Oaxaca,San Martín Tilcajete,PV
2019,20,244,Oaxaca,San Martín Toxpalan,OI
2019,20,244,Oaxaca,San Martín Toxpalan,PV
2019,20,245,Oaxaca,San Martín Zacatepec,OI
2019,20,245,Oaxaca,San Martín Zacatepec,PV
2019,20,246,Oaxaca,San Mateo Cajonos,PV
2019,20,247,Oaxaca,Capulálpam de Méndez,OI
2019,20,247,Oaxaca,Capulálpam de Méndez,PV
2019,20,248,Oaxaca,San Mateo del Mar,OI
2019,20,248,Oaxaca,San Mateo del Mar,PV
2019,20,249,Oaxaca,San Mateo Yoloxochitlán,OI
2019,20,249,Oaxaca,San Mateo Yoloxochitlán,PV
2019,20,250,Oaxaca,San Mateo Etlatongo,OI
2019,20,251,Oaxaca,San Mateo Nejápam,OI
2019,20,251,Oaxaca,San Mateo Nejápam,PV
2019,20,252,Oaxaca,San Mateo Peñasco,OI
2019,20,252,Oaxaca,San Mateo Peñasco,PV
2019,20,253,Oaxaca,San Mateo Piñas,PV
2019,20,254,Oaxaca,San Mateo Río Hondo,PV
2019,20,255,Oaxaca,San Mateo Sindihui,OI
2019,20,255,Oaxaca,San Mateo Sindihui,PV
2019,20,256,Oaxaca,San Mateo Tlapiltepec,PV
2019,20,257,Oaxaca,San Melchor Betaza,OI
2019,20,257,Oaxaca,San Melchor Betaza,PV
2019,20,258,Oaxaca,San Miguel Achiutla,PV
2019,20,259,Oaxaca,San Miguel Ahuehuetitlán,OI
2019,20,259,Oaxaca,San Miguel Ahuehuetitlán,PV
2019,20,260,Oaxaca,San Miguel Aloápam,PV
2019,20,261,Oaxaca,San Miguel Amatitlán,PV
2019,20,263,Oaxaca,San Miguel Coatlán,OI
2019,20,263,Oaxaca,San Miguel Coatlán,PV
2019,20,264,Oaxaca,San Miguel Chicahua,PV
2019,20,265,Oaxaca,San Miguel Chimalapa,OI
2019,20,265,Oaxaca,San Miguel Chimalapa,PV
2019,20,266,Oaxaca,San Miguel del Puerto,OI
2019,20,266,Oaxaca,San Miguel del Puerto,PV
2019,20,267,Oaxaca,San Miguel del Río,PV
2019,20,268,Oaxaca,San Miguel Ejutla,OI
2019,20,268,Oaxaca,San Miguel Ejutla,PV
2019,20,269,Oaxaca,San Miguel El Grande,PV
2019,20,270,Oaxaca,San Miguel Huautla,PV
2019,20,271,Oaxaca,San Miguel Mixtepec,OI
2019,20,271,Oaxaca,San Miguel Mixtepec,PV
2019,20,272,Oaxaca,San Miguel Panixtlahuaca,OI
2019,20,272,Oaxaca,San Miguel Panixtlahuaca,PV
2019,20,273,Oaxaca,San Miguel Peras,OI
2019,20,273,Oaxaca,San Miguel Peras,PV
2019,20,274,Oaxaca,San Miguel Piedras,PV
2019,20,275,Oaxaca,San Miguel Quetzaltepec,OI
2019,20,275,Oaxaca,San Miguel Quetzaltepec,PV
2019,20,276,Oaxaca,San Miguel Santa Flor,PV
2019,20,277,Oaxaca,Villa Sola de Vega,OI
2019,20,277,Oaxaca,Villa Sola de Vega,PV
2019,20,279,Oaxaca,San Miguel Suchixtepec,PV
2019,20,280,Oaxaca,Villa Talea de Castro,OI
2019,20,280,Oaxaca,Villa Talea de Castro,PV
2019,20,281,Oaxaca,San Miguel Tecomatlán,PV
2019,20,282,Oaxaca,San Miguel Tenango,PV
2019,20,283,Oaxaca,San Miguel Tequixtepec,PV
2019,20,284,Oaxaca,San Miguel Tilquiápam,OI
2019,20,284,Oaxaca,San Miguel Tilquiápam,PV
2019,20,285,Oaxaca,San Miguel Tlacamama,OI
2019,20,285,Oaxaca,San Miguel Tlacamama,PV
2019,20,286,Oaxaca,San Miguel Tlacotepec,PV
2019,20,287,Oaxaca,San Miguel Tulancingo,PV
2019,20,288,Oaxaca,San Miguel Yotao,PV
2019,20,289,Oaxaca,San Nicolás,OI
2019,20,289,Oaxaca,San Nicolás,PV
2019,20,290,Oaxaca,San Nicolás Hidalgo,OI
2019,20,290,Oaxaca,San Nicolás Hidalgo,PV
2019,20,291,Oaxaca,San Pablo Coatlán,OI
2019,20,291,Oaxaca,San Pablo Coatlán,PV
2019,20,292,Oaxaca,San Pablo Cuatro Venados,PV
2019,20,293,Oaxaca,San Pablo Etla,OI
2019,20,293,Oaxaca,San Pablo Etla,PV
2019,20,294,Oaxaca,San Pablo Huitzo,OI
2019,20,294,Oaxaca,San Pablo Huitzo,PV
2019,20,295,Oaxaca,San Pablo Huixtepec,OI
2019,20,295,Oaxaca,San Pablo Huixtepec,PV
2019,20,296,Oaxaca,San Pablo Macuiltianguis,PV
2019,20,297,Oaxaca,San Pablo Tijaltepec,PV
2019,20,298,Oaxaca,San Pablo Villa de Mitla,PV
2019,20,299,Oaxaca,San Pablo Yaganiza,OI
2019,20,299,Oaxaca,San Pablo Yaganiza,PV
2019,20,300,Oaxaca,San Pedro Amuzgos,OI
2019,20,300,Oaxaca,San Pedro Amuzgos,PV
2019,20,301,Oaxaca,San Pedro Apóstol,OI
2019,20,301,Oaxaca,San Pedro Apóstol,PV
2019,20,302,Oaxaca,San Pedro Atoyac,OI
2019,20,302,Oaxaca,San Pedro Atoyac,PV
2019,20,303,Oaxaca,San Pedro Cajonos,PV
2019,20,304,Oaxaca,San Pedro Coxcaltepec Cántaros,PV
2019,20,305,Oaxaca,San Pedro Comitancillo,OI
2019,20,305,Oaxaca,San Pedro Comitancillo,PV
2019,20,306,Oaxaca,San Pedro El Alto,PV
2019,20,308,Oaxaca,San Pedro Huilotepec,OI
2019,20,308,Oaxaca,San Pedro Huilotepec,PV
2019,20,309,Oaxaca,San Pedro Ixcatlán,OI
2019,20,309,Oaxaca,San Pedro Ixcatlán,PV
2019,20,310,Oaxaca,San Pedro Ixtlahuaca,OI
2019,20,310,Oaxaca,San Pedro Ixtlahuaca,PV
2019,20,311,Oaxaca,San Pedro Jaltepetongo,PV
2019,20,312,Oaxaca,San Pedro Jicayán,OI
2019,20,312,Oaxaca,San Pedro Jicayán,PV
2019,20,313,Oaxaca,San Pedro Jocotipac,PV
2019,20,314,Oaxaca,San Pedro Juchatengo,OI
2019,20,314,Oaxaca,San Pedro Juchatengo,PV
2019,20,315,Oaxaca,San Pedro Mártir,OI
2019,20,315,Oaxaca,San Pedro Mártir,PV
2019,20,316,Oaxaca,San Pedro Mártir Quiechapa,OI
2019,20,316,Oaxaca,San Pedro Mártir Quiechapa,PV
2019,20,317,Oaxaca,San Pedro Mártir Yucuxaco,PV
2019,20,318,Oaxaca,San Pedro Mixtepec,OI
2019,20,319,Oaxaca,San Pedro Mixtepec,PV
2019,20,320,Oaxaca,San Pedro Molinos,PV
2019,20,321,Oaxaca,San Pedro Nopala,PV
2019,20,322,Oaxaca,San Pedro Ocopetatillo,PV
2019,20,323,Oaxaca,San Pedro Ocotepec,OI
2019,20,323,Oaxaca,San Pedro Ocotepec,PV
2019,20,325,Oaxaca,San Pedro Quiatoni,PV
2019,20,326,Oaxaca,San Pedro Sochiápam,OI
2019,20,326,Oaxaca,San Pedro Sochiápam,PV
2019,20,328,Oaxaca,San Pedro Taviche,OI
2019,20,328,Oaxaca,San Pedro Taviche,PV
2019,20,329,Oaxaca,San Pedro Teozacoalco,OI
2019,20,329,Oaxaca,San Pedro Teozacoalco,PV
2019,20,330,Oaxaca,San Pedro Teutila,PV
2019,20,331,Oaxaca,San Pedro Tidaá,PV
2019,20,332,Oaxaca,San Pedro Topiltepec,PV
2019,20,333,Oaxaca,San Pedro Totolápam,OI
2019,20,333,Oaxaca,San Pedro Totolápam,PV
2019,20,335,Oaxaca,San Pedro Yaneri,OI
2019,20,335,Oaxaca,San Pedro Yaneri,PV
2019,20,336,Oaxaca,San Pedro Yólox,OI
2019,20,336,Oaxaca,San Pedro Yólox,PV
2019,20,338,Oaxaca,Villa de Etla,OI
2019,20,338,Oaxaca,Villa de Etla,PV
2019,20,340,Oaxaca,San Pedro Y San Pablo Tequixtepec,OI
2019,20,340,Oaxaca,San Pedro Y San Pablo Tequixtepec,PV
2019,20,341,Oaxaca,San Pedro Yucunama,PV
2019,20,342,Oaxaca,San Raymundo Jalpan,OI
2019,20,342,Oaxaca,San Raymundo Jalpan,PV
2019,20,343,Oaxaca,San Sebastián Abasolo,OI
2019,20,343,Oaxaca,San Sebastián Abasolo,PV
2019,20,344,Oaxaca,San Sebastián Coatlán,PV
2019,20,345,Oaxaca,San Sebastián Ixcapa,OI
2019,20,345,Oaxaca,San Sebastián Ixcapa,PV
2019,20,346,Oaxaca,San Sebastián Nicananduta,PV
2019,20,347,Oaxaca,San Sebastián Río Hondo,PV
2019,20,348,Oaxaca,San Sebastián Tecomaxtlahuaca,OI
2019,20,348,Oaxaca,San Sebastián Tecomaxtlahuaca,PV
2019,20,349,Oaxaca,San Sebastián Teitipac,OI
2019,20,349,Oaxaca,San Sebastián Teitipac,PV
2019,20,350,Oaxaca,San Sebastián Tutla,PV
2019,20,351,Oaxaca,San Simón Almolongas,PV
2019,20,352,Oaxaca,San Simón Zahuatlán,PV
2019,20,353,Oaxaca,Santa Ana,OI
2019,20,353,Oaxaca,Santa Ana,PV
2019,20,355,Oaxaca,Santa Ana Cuauhtémoc,PV
2019,20,356,Oaxaca,Santa Ana del Valle,PV
2019,20,358,Oaxaca,Santa Ana Tlapacoyan,OI
2019,20,358,Oaxaca,Santa Ana Tlapacoyan,PV
2019,20,359,Oaxaca,Santa Ana Yareni,PV
2019,20,360,Oaxaca,Santa Ana Zegache,OI
2019,20,360,Oaxaca,Santa Ana Zegache,PV
2019,20,361,Oaxaca,Santa Catalina Quierí,PV
2019,20,362,Oaxaca,Santa Catarina Cuixtla,PV
2019,20,364,Oaxaca,Santa Catarina Juquila,OI
2019,20,364,Oaxaca,Santa Catarina Juquila,PV
2019,20,365,Oaxaca,Santa Catarina Lachatao,OI
2019,20,365,Oaxaca,Santa Catarina Lachatao,PV
2019,20,366,Oaxaca,Santa Catarina Loxicha,PV
2019,20,367,Oaxaca,Santa Catarina Mechoacán,OI
2019,20,367,Oaxaca,Santa Catarina Mechoacán,PV
2019,20,368,Oaxaca,Santa Catarina Minas,OI
2019,20,368,Oaxaca,Santa Catarina Minas,PV
2019,20,369,Oaxaca,Santa Catarina Quiané,OI
2019,20,369,Oaxaca,Santa Catarina Quiané,PV
2019,20,370,Oaxaca,Santa Catarina Tayata,PV
2019,20,371,Oaxaca,Santa Catarina Ticuá,PV
2019,20,372,Oaxaca,Santa Catarina Yosonotú,PV
2019,20,373,Oaxaca,Santa Catarina Zapoquila,OI
2019,20,373,Oaxaca,Santa Catarina Zapoquila,PV
2019,20,374,Oaxaca,Santa Cruz Acatepec,OI
2019,20,374,Oaxaca,Santa Cruz Acatepec,PV
2019,20,375,Oaxaca,Santa Cruz Amilpas,PV
2019,20,376,Oaxaca,Santa Cruz de Bravo,PV
2019,20,377,Oaxaca,Santa Cruz Itundujia,OI
2019,20,377,Oaxaca,Santa Cruz Itundujia,PV
2019,20,378,Oaxaca,Santa Cruz Mixtepec,OI
2019,20,378,Oaxaca,Santa Cruz Mixtepec,PV
2019,20,379,Oaxaca,Santa Cruz Nundaco,PV
2019,20,380,Oaxaca,Santa Cruz Papalutla,PV
2019,20,381,Oaxaca,Santa Cruz Tacache de Mina,OI
2019,20,381,Oaxaca,Santa Cruz Tacache de Mina,PV
2019,20,382,Oaxaca,Santa Cruz Tacahua,PV
2019,20,383,Oaxaca,Santa Cruz Tayata,PV
2019,20,384,Oaxaca,Santa Cruz Xitla,PV
2019,20,385,Oaxaca,Santa Cruz Xoxocotlán,OI
2019,20,386,Oaxaca,Santa Cruz Zenzontepec,OI
2019,20,386,Oaxaca,Santa Cruz Zenzontepec,PV
2019,20,387,Oaxaca,Santa Gertrudis,OI
2019,20,387,Oaxaca,Santa Gertrudis,PV
2019,20,388,Oaxaca,Santa Inés del Monte,OI
2019,20,388,Oaxaca,Santa Inés del Monte,PV
2019,20,389,Oaxaca,Santa Inés Yatzeche,OI
2019,20,389,Oaxaca,Santa Inés Yatzeche,PV
2019,20,391,Oaxaca,Santa Lucía Miahuatlán,PV
2019,20,392,Oaxaca,Santa Lucía Monteverde,PV
2019,20,393,Oaxaca,Santa Lucía Ocotlán,OI
2019,20,393,Oaxaca,Santa Lucía Ocotlán,PV
2019,20,394,Oaxaca,Santa María Alotepec,OI
2019,20,394,Oaxaca,Santa María Alotepec,PV
2019,20,395,Oaxaca,Santa María Apazco,PV
2019,20,396,Oaxaca,Santa María La Asunción,PV
2019,20,398,Oaxaca,Ayoquezco de Aldama,OI
2019,20,398,Oaxaca,Ayoquezco de Aldama,PV
2019,20,399,Oaxaca,Santa María Atzompa,OI
2019,20,399,Oaxaca,Santa María Atzompa,PV
2019,20,400,Oaxaca,Santa María Camotlán,OI
2019,20,400,Oaxaca,Santa María Camotlán,PV
2019,20,401,Oaxaca,Santa María Colotepec,OI
2019,20,401,Oaxaca,Santa María Colotepec,PV
2019,20,402,Oaxaca,Santa María Cortijo,OI
2019,20,402,Oaxaca,Santa María Cortijo,PV
2019,20,403,Oaxaca,Santa María Coyotepec,OI
2019,20,403,Oaxaca,Santa María Coyotepec,PV
2019,20,404,Oaxaca,Santa María Chachoápam,PV
2019,20,405,Oaxaca,Villa de Chilapa de Díaz,OI
2019,20,405,Oaxaca,Villa de Chilapa de Díaz,PV
2019,20,406,Oaxaca,Santa María Chilchotla,OI
2019,20,406,Oaxaca,Santa María Chilchotla,PV
2019,20,407,Oaxaca,Santa María Chimalapa,OI
2019,20,407,Oaxaca,Santa María Chimalapa,PV
2019,20,408,Oaxaca,Santa María del Rosario,PV
2019,20,409,Oaxaca,Santa María del Tule,OI
2019,20,409,Oaxaca,Santa María del Tule,PV
2019,20,410,Oaxaca,Santa María Ecatepec,PV
2019,20,411,Oaxaca,Santa María Guelacé,OI
2019,20,411,Oaxaca,Santa María Guelacé,PV
2019,20,412,Oaxaca,Santa María Guienagati,OI
2019,20,412,Oaxaca,Santa María Guienagati,PV
2019,20,413,Oaxaca,Santa María Huatulco,OI
2019,20,413,Oaxaca,Santa María Huatulco,PV
2019,20,414,Oaxaca,Santa María Huazolotitlán,OI
2019,20,414,Oaxaca,Santa María Huazolotitlán,PV
2019,20,415,Oaxaca,Santa María Ipalapa,OI
2019,20,415,Oaxaca,Santa María Ipalapa,PV
2019,20,416,Oaxaca,Santa María Ixcatlán,PV
2019,20,419,Oaxaca,Santa María Jaltianguis,PV
2019,20,420,Oaxaca,Santa María Lachixío,PV
2019,20,422,Oaxaca,Santa María Nativitas,PV
2019,20,423,Oaxaca,Santa María Nduayaco,PV
2019,20,424,Oaxaca,Santa María Ozolotepec,PV
2019,20,425,Oaxaca,Santa María Pápalo,PV
2019,20,426,Oaxaca,Santa María Peñoles,OI
2019,20,426,Oaxaca,Santa María Peñoles,PV
2019,20,427,Oaxaca,Santa María Petapa,OI
2019,20,427,Oaxaca,Santa María Petapa,PV
2019,20,428,Oaxaca,Santa María Quiegolani,PV
2019,20,429,Oaxaca,Santa María Sola,OI
2019,20,429,Oaxaca,Santa María Sola,PV
2019,20,430,Oaxaca,Santa María Tataltepec,PV
2019,20,431,Oaxaca,Santa María Tecomavaca,OI
2019,20,431,Oaxaca,Santa María Tecomavaca,PV
2019,20,432,Oaxaca,Santa María Temaxcalapa,OI
2019,20,432,Oaxaca,Santa María Temaxcalapa,PV
2019,20,433,Oaxaca,Santa María Temaxcaltepec,OI
2019,20,433,Oaxaca,Santa María Temaxcaltepec,PV
2019,20,434,Oaxaca,Santa María Teopoxco,PV
2019,20,435,Oaxaca,Santa María Tepantlali,PV
2019,20,436,Oaxaca,Santa María Texcatitlán,OI
2019,20,436,Oaxaca,Santa María Texcatitlán,PV
2019,20,437,Oaxaca,Santa María Tlahuitoltepec,PV
2019,20,438,Oaxaca,Santa María Tlalixtac,PV
2019,20,440,Oaxaca,Santa María Totolapilla,PV
2019,20,441,Oaxaca,Santa María Xadani,OI
2019,20,441,Oaxaca,Santa María Xadani,PV
2019,20,442,Oaxaca,Santa María Yalina,PV
2019,20,443,Oaxaca,Santa María Yavesía,PV
2019,20,444,Oaxaca,Santa María Yolotepec,PV
2019,20,445,Oaxaca,Santa María Yosoyúa,OI
2019,20,445,Oaxaca,Santa María Yosoyúa,PV
2019,20,446,Oaxaca,Santa María Yucuhiti,OI
2019,20,446,Oaxaca,Santa María Yucuhiti,PV
2019,20,447,Oaxaca,Santa María Zacatepec,OI
2019,20,447,Oaxaca,Santa María Zacatepec,PV
2019,20,448,Oaxaca,Santa María Zaniza,OI
2019,20,448,Oaxaca,Santa María Zaniza,PV
2019,20,449,Oaxaca,Santa María Zoquitlán,OI
2019,20,449,Oaxaca,Santa María Zoquitlán,PV
2019,20,450,Oaxaca,Santiago Amoltepec,PV
2019,20,451,Oaxaca,Santiago Apoala,OI
2019,20,451,Oaxaca,Santiago Apoala,PV
2019,20,452,Oaxaca,Santiago Apóstol,OI
2019,20,452,Oaxaca,Santiago Apóstol,PV
2019,20,453,Oaxaca,Santiago Astata,OI
2019,20,453,Oaxaca,Santiago Astata,PV
2019,20,454,Oaxaca,Santiago Atitlán,OI
2019,20,454,Oaxaca,Santiago Atitlán,PV
2019,20,455,Oaxaca,Santiago Ayuquililla,PV
2019,20,456,Oaxaca,Santiago Cacaloxtepec,PV
2019,20,457,Oaxaca,Santiago Camotlán,OI
2019,20,457,Oaxaca,Santiago Camotlán,PV
2019,20,458,Oaxaca,Santiago Comaltepec,OI
2019,20,458,Oaxaca,Santiago Comaltepec,PV
2019,20,460,Oaxaca,Santiago Choápam,OI
2019,20,460,Oaxaca,Santiago Choápam,PV
2019,20,461,Oaxaca,Santiago del Río,OI
2019,20,461,Oaxaca,Santiago del Río,PV
2019,20,462,Oaxaca,Santiago Huajolotitlán,OI
2019,20,462,Oaxaca,Santiago Huajolotitlán,PV
2019,20,463,Oaxaca,Santiago Huauclilla,OI
2019,20,463,Oaxaca,Santiago Huauclilla,PV
2019,20,464,Oaxaca,Santiago Ihuitlán Plumas,PV
2019,20,465,Oaxaca,Santiago Ixcuintepec,OI
2019,20,465,Oaxaca,Santiago Ixcuintepec,PV
2019,20,466,Oaxaca,Santiago Ixtayutla,OI
2019,20,466,Oaxaca,Santiago Ixtayutla,PV
2019,20,467,Oaxaca,Santiago Jamiltepec,OI
2019,20,467,Oaxaca,Santiago Jamiltepec,PV
2019,20,469,Oaxaca,Santiago Juxtlahuaca,OI
2019,20,469,Oaxaca,Santiago Juxtlahuaca,PV
2019,20,470,Oaxaca,Santiago Lachiguiri,OI
2019,20,470,Oaxaca,Santiago Lachiguiri,PV
2019,20,471,Oaxaca,Santiago Lalopa,OI
2019,20,471,Oaxaca,Santiago Lalopa,PV
2019,20,473,Oaxaca,Santiago Laxopa,PV
2019,20,474,Oaxaca,Santiago Llano Grande,OI
2019,20,474,Oaxaca,Santiago Llano Grande,PV
2019,20,475,Oaxaca,Santiago Matatlán,PV
2019,20,476,Oaxaca,Santiago Miltepec,OI
2019,20,476,Oaxaca,Santiago Miltepec,PV
2019,20,477,Oaxaca,Santiago Minas,OI
2019,20,477,Oaxaca,Santiago Minas,PV
2019,20,479,Oaxaca,Santiago Nejapilla,PV
2019,20,480,Oaxaca,Santiago Nundiche,PV
2019,20,481,Oaxaca,Santiago Nuyoó,OI
2019,20,481,Oaxaca,Santiago Nuyoó,PV
2019,20,482,Oaxaca,Santiago Pinotepa Nacional,OI
2019,20,483,Oaxaca,Santiago Suchilquitongo,OI
2019,20,483,Oaxaca,Santiago Suchilquitongo,PV
2019,20,484,Oaxaca,Santiago Tamazola,OI
2019,20,484,Oaxaca,Santiago Tamazola,PV
2019,20,485,Oaxaca,Santiago Tapextla,OI
2019,20,485,Oaxaca,Santiago Tapextla,PV
2019,20,486,Oaxaca,Villa Tejúpam de La Unión,PV
2019,20,487,Oaxaca,Santiago Tenango,PV
2019,20,488,Oaxaca,Santiago Tepetlapa,PV
2019,20,489,Oaxaca,Santiago Tetepec,OI
2019,20,489,Oaxaca,Santiago Tetepec,PV
2019,20,490,Oaxaca,Santiago Texcalcingo,PV
2019,20,491,Oaxaca,Santiago Textitlán,OI
2019,20,491,Oaxaca,Santiago Textitlán,PV
2019,20,492,Oaxaca,Santiago Tilantongo,PV
2019,20,493,Oaxaca,Santiago Tillo,PV
2019,20,494,Oaxaca,Santiago Tlazoyaltepec,OI
2019,20,494,Oaxaca,Santiago Tlazoyaltepec,PV
2019,20,495,Oaxaca,Santiago Xanica,PV
2019,20,496,Oaxaca,Santiago Xiacuí,OI
2019,20,496,Oaxaca,Santiago Xiacuí,PV
2019,20,497,Oaxaca,Santiago Yaitepec,PV
2019,20,499,Oaxaca,Santiago Yolomécatl,PV
2019,20,500,Oaxaca,Santiago Yosondúa,OI
2019,20,500,Oaxaca,Santiago Yosondúa,PV
2019,20,501,Oaxaca,Santiago Yucuyachi,PV
2019,20,503,Oaxaca,Santiago Zoochila,OI
2019,20,503,Oaxaca,Santiago Zoochila,PV
2019,20,504,Oaxaca,Nuevo Zoquiápam,OI
2019,20,504,Oaxaca,Nuevo Zoquiápam,PV
2019,20,505,Oaxaca,Santo Domingo Ingenio,OI
2019,20,505,Oaxaca,Santo Domingo Ingenio,PV
2019,20,506,Oaxaca,Santo Domingo Albarradas,OI
2019,20,506,Oaxaca,Santo Domingo Albarradas,PV
2019,20,507,Oaxaca,Santo Domingo Armenta,PV
2019,20,508,Oaxaca,Santo Domingo Chihuitán,OI
2019,20,508,Oaxaca,Santo Domingo Chihuitán,PV
2019,20,509,Oaxaca,Santo Domingo de Morelos,OI
2019,20,509,Oaxaca,Santo Domingo de Morelos,PV
2019,20,510,Oaxaca,Santo Domingo Ixcatlán,PV
2019,20,511,Oaxaca,Santo Domingo Nuxaá,PV
2019,20,512,Oaxaca,Santo Domingo Ozolotepec,PV
2019,20,513,Oaxaca,Santo Domingo Petapa,OI
2019,20,513,Oaxaca,Santo Domingo Petapa,PV
2019,20,514,Oaxaca,Santo Domingo Roayaga,OI
2019,20,514,Oaxaca,Santo Domingo Roayaga,PV
2019,20,516,Oaxaca,Santo Domingo Teojomulco,OI
2019,20,516,Oaxaca,Santo Domingo Teojomulco,PV
2019,20,517,Oaxaca,Santo Domingo Tepuxtepec,PV
2019,20,518,Oaxaca,Santo Domingo Tlatayápam,PV
2019,20,519,Oaxaca,Santo Domingo Tomaltepec,OI
2019,20,519,Oaxaca,Santo Domingo Tomaltepec,PV
2019,20,520,Oaxaca,Santo Domingo Tonalá,OI
2019,20,520,Oaxaca,Santo Domingo Tonalá,PV
2019,20,521,Oaxaca,Santo Domingo Tonaltepec,PV
2019,20,522,Oaxaca,Santo Domingo Xagacía,OI
2019,20,522,Oaxaca,Santo Domingo Xagacía,PV
2019,20,523,Oaxaca,Santo Domingo Yanhuitlán,PV
2019,20,524,Oaxaca,Santo Domingo Yodohino,OI
2019,20,524,Oaxaca,Santo Domingo Yodohino,PV
2019,20,526,Oaxaca,Santos Reyes Nopala,OI
2019,20,526,Oaxaca,Santos Reyes Nopala,PV
2019,20,527,Oaxaca,Santos Reyes Pápalo,OI
2019,20,527,Oaxaca,Santos Reyes Pápalo,PV
2019,20,528,Oaxaca,Santos Reyes Tepejillo,OI
2019,20,528,Oaxaca,Santos Reyes Tepejillo,PV
2019,20,529,Oaxaca,Santos Reyes Yucuná,PV
2019,20,530,Oaxaca,Santo Tomás Jalieza,OI
2019,20,530,Oaxaca,Santo Tomás Jalieza,PV
2019,20,531,Oaxaca,Santo Tomás Mazaltepec,OI
2019,20,531,Oaxaca,Santo Tomás Mazaltepec,PV
2019,20,532,Oaxaca,Santo Tomás Ocotepec,PV
2019,20,533,Oaxaca,Santo Tomás Tamazulapan,OI
2019,20,533,Oaxaca,Santo Tomás Tamazulapan,PV
2019,20,534,Oaxaca,San Vicente Coatlán,PV
2019,20,535,Oaxaca,San Vicente Lachixío,PV
2019,20,536,Oaxaca,San Vicente Nuñú,PV
2019,20,538,Oaxaca,Sitio de Xitlapehua,PV
2019,20,539,Oaxaca,Soledad Etla,OI
2019,20,539,Oaxaca,Soledad Etla,PV
2019,20,540,Oaxaca,Villa de Tamazulápam del Progreso,OI
2019,20,540,Oaxaca,Villa de Tamazulápam del Progreso,PV
2019,20,541,Oaxaca,Tanetze de Zaragoza,OI
2019,20,541,Oaxaca,Tanetze de Zaragoza,PV
2019,20,542,Oaxaca,Taniche,OI
2019,20,542,Oaxaca,Taniche,PV
2019,20,543,Oaxaca,Tataltepec de Valdés,OI
2019,20,543,Oaxaca,Tataltepec de Valdés,PV
2019,20,544,Oaxaca,Teococuilco de Marcos Pérez,PV
2019,20,545,Oaxaca,Teotitlán de Flores Magón,OI
2019,20,545,Oaxaca,Teotitlán de Flores Magón,PV
2019,20,546,Oaxaca,Teotitlán del Valle,OI
2019,20,546,Oaxaca,Teotitlán del Valle,PV
2019,20,548,Oaxaca,Tepelmeme Villa de Morelos,PV
2019,20,550,Oaxaca,San Jerónimo Tlacochahuaya,OI
2019,20,550,Oaxaca,San Jerónimo Tlacochahuaya,PV
2019,20,551,Oaxaca,Tlacolula de Matamoros,OI
2019,20,551,Oaxaca,Tlacolula de Matamoros,PV
2019,20,552,Oaxaca,Tlacotepec Plumas,PV
2019,20,553,Oaxaca,Tlalixtac de Cabrera,OI
2019,20,553,Oaxaca,Tlalixtac de Cabrera,PV
2019,20,554,Oaxaca,Totontepec Villa de Morelos,OI
2019,20,554,Oaxaca,Totontepec Villa de Morelos,PV
2019,20,555,Oaxaca,Trinidad Zaachila,OI
2019,20,555,Oaxaca,Trinidad Zaachila,PV
2019,20,556,Oaxaca,La Trinidad Vista Hermosa,PV
2019,20,557,Oaxaca,Unión Hidalgo,OI
2019,20,557,Oaxaca,Unión Hidalgo,PV
2019,20,558,Oaxaca,Valerio Trujano,OI
2019,20,558,Oaxaca,Valerio Trujano,PV
2019,20,561,Oaxaca,Yaxe,OI
2019,20,561,Oaxaca,Yaxe,PV
2019,20,562,Oaxaca,Magdalena Yodocono de Porfirio Díaz,PV
2019,20,563,Oaxaca,Yogana,PV
2019,20,564,Oaxaca,Yutanduchi de Guerrero,OI
2019,20,564,Oaxaca,Yutanduchi de Guerrero,PV
2019,20,565,Oaxaca,Villa de Zaachila,OI
2019,20,565,Oaxaca,Villa de Zaachila,PV
2019,20,566,Oaxaca,San Mateo Yucutindoo,OI
2019,20,566,Oaxaca,San Mateo Yucutindoo,PV
2019,20,569,Oaxaca,Santa Inés de Zaragoza,OI
2019,20,569,Oaxaca,Santa Inés de Zaragoza,PV
2019,20,570,Oaxaca,Zimatlán de Álvarez,OI
2019,20,570,Oaxaca,Zimatlán de Álvarez,PV
2019,21,4,Puebla,Acatzingo,PV
2019,21,5,Puebla,Acteopan,PV
2019,21,6,Puebla,Ahuacatlán,OI
2019,21,6,Puebla,Ahuacatlán,PV
2019,21,7,Puebla,Ahuatlán,PV
2019,21,9,Puebla,Ahuehuetitla,OI
2019,21,9,Puebla,Ahuehuetitla,PV
2019,21,10,Puebla,Ajalpan,OI
2019,21,10,Puebla,Ajalpan,PV
2019,21,11,Puebla,Albino Zertuche,PV
2019,21,12,Puebla,Aljojuca,PV
2019,21,13,Puebla,Altepexi,OI
2019,21,14,Puebla,Amixtlán,OI
2019,21,14,Puebla,Amixtlán,PV
2019,21,16,Puebla,Aquixtla,PV
2019,21,17,Puebla,Atempan,PV
2019,21,18,Puebla,Atexcal,OI
2019,21,18,Puebla,Atexcal,PV
2019,21,20,Puebla,Atoyatempan,PV
2019,21,21,Puebla,Atzala,PV
2019,21,22,Puebla,Atzitzihuacán,OI
2019,21,22,Puebla,Atzitzihuacán,PV
2019,21,24,Puebla,Axutla,OI
2019,21,24,Puebla,Axutla,PV
2019,21,27,Puebla,Caltepec,OI
2019,21,27,Puebla,Caltepec,PV
2019,21,28,Puebla,Camocuautla,OI
2019,21,28,Puebla,Camocuautla,PV
2019,21,29,Puebla,Caxhuacan,OI
2019,21,29,Puebla,Caxhuacan,PV
2019,21,30,Puebla,Coatepec,OI
2019,21,30,Puebla,Coatepec,PV
2019,21,32,Puebla,Cohetzala,OI
2019,21,32,Puebla,Cohetzala,PV
2019,21,33,Puebla,Cohuecan,PV
2019,21,34,Puebla,Coronango,PV
2019,21,35,Puebla,Coxcatlán,PV
2019,21,36,Puebla,Coyomeapan,PV
2019,21,37,Puebla,Coyotepec,OI
2019,21,37,Puebla,Coyotepec,PV
2019,21,38,Puebla,Cuapiaxtla de Madero,PV
2019,21,39,Puebla,Cuautempan,PV
2019,21,40,Puebla,Cuautinchán,PV
2019,21,41,Puebla,Cuautlancingo,PV
2019,21,42,Puebla,Cuayuca de Andrade,OI
2019,21,42,Puebla,Cuayuca de Andrade,PV
2019,21,44,Puebla,Cuyoaco,PV
2019,21,46,Puebla,Chapulco,PV
2019,21,47,Puebla,Chiautla,OI
2019,21,47,Puebla,Chiautla,PV
2019,21,48,Puebla,Chiautzingo,PV
2019,21,49,Puebla,Chiconcuautla,OI
2019,21,49,Puebla,Chiconcuautla,PV
2019,21,50,Puebla,Chichiquila,PV
2019,21,52,Puebla,Chigmecatitlán,PV
2019,21,54,Puebla,Chignautla,PV
2019,21,55,Puebla,Chila,OI
2019,21,55,Puebla,Chila,PV
2019,21,56,Puebla,Chila de La Sal,PV
2019,21,57,Puebla,Honey,OI
2019,21,57,Puebla,Honey,PV
2019,21,58,Puebla,Chilchotla,OI
2019,21,58,Puebla,Chilchotla,PV
2019,21,60,Puebla,Domingo Arenas,PV
2019,21,61,Puebla,Eloxochitlán,PV
2019,21,62,Puebla,Epatlán,OI
2019,21,62,Puebla,Epatlán,PV
2019,21,63,Puebla,Esperanza,PV
2019,21,65,Puebla,General Felipe Ángeles,PV
2019,21,66,Puebla,Guadalupe,OI
2019,21,66,Puebla,Guadalupe,PV
2019,21,67,Puebla,Guadalupe Victoria,PV
2019,21,68,Puebla,Hermenegildo Galeana,OI
2019,21,68,Puebla,Hermenegildo Galeana,PV
2019,21,70,Puebla,Huatlatlauca,OI
2019,21,70,Puebla,Huatlatlauca,PV
2019,21,72,Puebla,Huehuetla,OI
2019,21,72,Puebla,Huehuetla,PV
2019,21,73,Puebla,Huehuetlán El Chico,OI
2019,21,73,Puebla,Huehuetlán El Chico,PV
2019,21,74,Puebla,Huejotzingo,PV
2019,21,75,Puebla,Hueyapan,OI
2019,21,75,Puebla,Hueyapan,PV
2019,21,76,Puebla,Hueytamalco,OI
2019,21,76,Puebla,Hueytamalco,PV
2019,21,77,Puebla,Hueytlalpan,OI
2019,21,77,Puebla,Hueytlalpan,PV
2019,21,78,Puebla,Huitzilan de Serdán,OI
2019,21,78,Puebla,Huitzilan de Serdán,PV
2019,21,79,Puebla,Huitziltepec,PV
2019,21,80,Puebla,Atlequizayan,OI
2019,21,80,Puebla,Atlequizayan,PV
2019,21,81,Puebla,Ixcamilpa de Guerrero,PV
2019,21,82,Puebla,Ixcaquixtla,OI
2019,21,82,Puebla,Ixcaquixtla,PV
2019,21,84,Puebla,Ixtepec,OI
2019,21,84,Puebla,Ixtepec,PV
2019,21,87,Puebla,Jolalpan,OI
2019,21,87,Puebla,Jolalpan,PV
2019,21,88,Puebla,Jonotla,OI
2019,21,88,Puebla,Jonotla,PV
2019,21,89,Puebla,Jopala,OI
2019,21,89,Puebla,Jopala,PV
2019,21,90,Puebla,Juan C. Bonilla,PV
2019,21,92,Puebla,Juan N. Méndez,OI
2019,21,92,Puebla,Juan N. Méndez,PV
2019,21,93,Puebla,Lafragua,PV
2019,21,95,Puebla,La Magdalena Tlatlauquitepec,PV
2019,21,96,Puebla,Mazapiltepec de Juárez,PV
2019,21,97,Puebla,Mixtla,PV
2019,21,99,Puebla,Cañada Morelos,PV
2019,21,100,Puebla,Naupan,OI
2019,21,100,Puebla,Naupan,PV
2019,21,101,Puebla,Nauzontla,OI
2019,21,101,Puebla,Nauzontla,PV
2019,21,102,Puebla,Nealtican,PV
2019,21,103,Puebla,Nicolás Bravo,PV
2019,21,104,Puebla,Nopalucan,PV
2019,21,105,Puebla,Ocotepec,PV
2019,21,107,Puebla,Olintla,OI
2019,21,107,Puebla,Olintla,PV
2019,21,110,Puebla,Palmar de Bravo,PV
2019,21,111,Puebla,Pantepec,OI
2019,21,111,Puebla,Pantepec,PV
2019,21,112,Puebla,Petlalcingo,OI
2019,21,112,Puebla,Petlalcingo,PV
2019,21,113,Puebla,Piaxtla,OI
2019,21,113,Puebla,Piaxtla,PV
2019,21,115,Puebla,Quecholac,PV
2019,21,116,Puebla,Quimixtlán,OI
2019,21,116,Puebla,Quimixtlán,PV
2019,21,117,Puebla,Rafael Lara Grajales,PV
2019,21,118,Puebla,Los Reyes de Juárez,PV
2019,21,119,Puebla,San Andrés Cholula,PV
2019,21,120,Puebla,San Antonio Cañada,OI
2019,21,120,Puebla,San Antonio Cañada,PV
2019,21,121,Puebla,San Diego La Mesa Tochimiltzingo,PV
2019,21,122,Puebla,San Felipe Teotlalcingo,PV
2019,21,123,Puebla,San Felipe Tepatlán,OI
2019,21,123,Puebla,San Felipe Tepatlán,PV
2019,21,124,Puebla,San Gabriel Chilac,OI
2019,21,124,Puebla,San Gabriel Chilac,PV
2019,21,125,Puebla,San Gregorio Atzompa,PV
2019,21,126,Puebla,San Jerónimo Tecuanipan,PV
2019,21,127,Puebla,San Jerónimo Xayacatlán,OI
2019,21,127,Puebla,San Jerónimo Xayacatlán,PV
2019,21,128,Puebla,San José Chiapa,PV
2019,21,129,Puebla,San José Miahuatlán,OI
2019,21,129,Puebla,San José Miahuatlán,PV
2019,21,130,Puebla,San Juan Atenco,PV
2019,21,131,Puebla,San Juan Atzompa,PV
2019,21,132,Puebla,San Martín Texmelucan,PV
2019,21,133,Puebla,San Martín Totoltepec,OI
2019,21,133,Puebla,San Martín Totoltepec,PV
2019,21,134,Puebla,San Matías Tlalancaleca,PV
2019,21,135,Puebla,San Miguel Ixitlán,PV
2019,21,136,Puebla,San Miguel Xoxtla,PV
2019,21,137,Puebla,San Nicolás Buenos Aires,PV
2019,21,138,Puebla,San Nicolás de Los Ranchos,PV
2019,21,139,Puebla,San Pablo Anicano,OI
2019,21,139,Puebla,San Pablo Anicano,PV
2019,21,141,Puebla,San Pedro Yeloixtlahuaca,OI
2019,21,141,Puebla,San Pedro Yeloixtlahuaca,PV
2019,21,142,Puebla,San Salvador El Seco,PV
2019,21,143,Puebla,San Salvador El Verde,PV
2019,21,144,Puebla,San Salvador Huixcolotla,PV
2019,21,146,Puebla,Santa Catarina Tlaltempan,PV
2019,21,147,Puebla,Santa Inés Ahuatempan,PV
2019,21,148,Puebla,Santa Isabel Cholula,OI
2019,21,148,Puebla,Santa Isabel Cholula,PV
2019,21,149,Puebla,Santiago Miahuatlán,OI
2019,21,149,Puebla,Santiago Miahuatlán,PV
2019,21,150,Puebla,Huehuetlán El Grande,OI
2019,21,150,Puebla,Huehuetlán El Grande,PV
2019,21,151,Puebla,Santo Tomás Hueyotlipan,PV
2019,21,152,Puebla,Soltepec,PV
2019,21,155,Puebla,Tecomatlán,OI
2019,21,155,Puebla,Tecomatlán,PV
2019,21,157,Puebla,Tehuitzingo,OI
2019,21,157,Puebla,Tehuitzingo,PV
2019,21,158,Puebla,Tenampulco,OI
2019,21,158,Puebla,Tenampulco,PV
2019,21,159,Puebla,Teopantlán,OI
2019,21,159,Puebla,Teopantlán,PV
2019,21,161,Puebla,Tepanco de López,PV
2019,21,163,Puebla,Tepatlaxco de Hidalgo,PV
2019,21,164,Puebla,Tepeaca,PV
2019,21,165,Puebla,Tepemaxalco,OI
2019,21,165,Puebla,Tepemaxalco,PV
2019,21,166,Puebla,Tepeojuma,OI
2019,21,166,Puebla,Tepeojuma,PV
2019,21,167,Puebla,Tepetzintla,OI
2019,21,167,Puebla,Tepetzintla,PV
2019,21,168,Puebla,Tepexco,OI
2019,21,168,Puebla,Tepexco,PV
2019,21,169,Puebla,Tepexi de Rodríguez,OI
2019,21,169,Puebla,Tepexi de Rodríguez,PV
2019,21,171,Puebla,Tepeyahualco de Cuauhtémoc,PV
2019,21,173,Puebla,Teteles de Avila Castillo,PV
2019,21,175,Puebla,Tianguismanalco,OI
2019,21,175,Puebla,Tianguismanalco,PV
2019,21,176,Puebla,Tilapa,OI
2019,21,176,Puebla,Tilapa,PV
2019,21,177,Puebla,Tlacotepec de Benito Juárez,PV
2019,21,178,Puebla,Tlacuilotepec,OI
2019,21,178,Puebla,Tlacuilotepec,PV
2019,21,179,Puebla,Tlachichuca,OI
2019,21,179,Puebla,Tlachichuca,PV
2019,21,181,Puebla,Tlaltenango,PV
2019,21,182,Puebla,Tlanepantla,PV
2019,21,188,Puebla,Tochimilco,OI
2019,21,189,Puebla,Tochtepec,PV
2019,21,190,Puebla,Totoltepec de Guerrero,OI
2019,21,190,Puebla,Totoltepec de Guerrero,PV
2019,21,191,Puebla,Tulcingo,OI
2019,21,191,Puebla,Tulcingo,PV
2019,21,192,Puebla,Tuzamapan de Galeana,OI
2019,21,192,Puebla,Tuzamapan de Galeana,PV
2019,21,195,Puebla,Vicente Guerrero,PV
2019,21,196,Puebla,Xayacatlán de Bravo,OI
2019,21,196,Puebla,Xayacatlán de Bravo,PV
2019,21,199,Puebla,Xiutetelco,PV
2019,21,200,Puebla,Xochiapulco,PV
2019,21,201,Puebla,Xochiltepec,OI
2019,21,201,Puebla,Xochiltepec,PV
2019,21,202,Puebla,Xochitlán de Vicente Suárez,OI
2019,21,202,Puebla,Xochitlán de Vicente Suárez,PV
2019,21,203,Puebla,Xochitlán Todos Santos,PV
2019,21,204,Puebla,Yaonáhuac,OI
2019,21,204,Puebla,Yaonáhuac,PV
2019,21,205,Puebla,Yehualtepec,PV
2019,21,206,Puebla,Zacapala,OI
2019,21,206,Puebla,Zacapala,PV
2019,21,209,Puebla,Zapotitlán,OI
2019,21,210,Puebla,Zapotitlán de Méndez,OI
2019,21,210,Puebla,Zapotitlán de Méndez,PV
2019,21,211,Puebla,Zaragoza,PV
2019,21,212,Puebla,Zautla,PV
2019,21,213,Puebla,Zihuateutla,OI
2019,21,213,Puebla,Zihuateutla,PV
2019,21,215,Puebla,Zongozotla,OI
2019,21,215,Puebla,Zongozotla,PV
2019,21,216,Puebla,Zoquiapan,OI
2019,21,216,Puebla,Zoquiapan,PV
2019,22,2,Querétaro,Pinal de Amoles,PV
2019,22,3,Querétaro,Arroyo Seco,OI
2019,22,3,Querétaro,Arroyo Seco,PV
2019,22,4,Querétaro,Cadereyta de Montes,OI
2019,22,4,Querétaro,Cadereyta de Montes,PV
2019,22,5,Querétaro,Colón,OI
2019,22,5,Querétaro,Colón,PV
2019,22,7,Querétaro,Ezequiel Montes,PV
2019,22,10,Querétaro,Landa de Matamoros,PV
2019,22,12,Querétaro,Pedro Escobedo,PV
2019,22,15,Querétaro,San Joaquín,OI
2019,22,15,Querétaro,San Joaquín,PV
2019,22,17,Querétaro,Tequisquiapan,PV
2019,22,18,Querétaro,Tolimán,OI
2019,22,18,Querétaro,Tolimán,PV
2019,23,9,Quintana Roo,Tulum,PV
2019,23,10,Quintana Roo,Bacalar,OI
2019,23,10,Quintana Roo,Bacalar,PV
2019,24,1,San Luis Potosí,Ahualulco,PV
2019,24,2,San Luis Potosí,Alaquines,OI
2019,24,2,San Luis Potosí,Alaquines,PV
2019,24,4,San Luis Potosí,Armadillo de Los Infante,PV
2019,24,5,San Luis Potosí,Cárdenas,OI
2019,24,5,San Luis Potosí,Cárdenas,PV
2019,24,6,San Luis Potosí,Catorce,PV
2019,24,7,San Luis Potosí,Cedral,PV
2019,24,9,San Luis Potosí,Cerro de San Pedro,PV
2019,24,10,San Luis Potosí,Ciudad del Maíz,PV
2019,24,11,San Luis Potosí,Ciudad Fernández,OI
2019,24,12,San Luis Potosí,Tancanhuitz,OI
2019,24,12,San Luis Potosí,Tancanhuitz,PV
2019,24,14,San Luis Potosí,Coxcatlán,OI
2019,24,14,San Luis Potosí,Coxcatlán,PV
2019,24,15,San Luis Potosí,Charcas,PV
2019,24,17,San Luis Potosí,Guadalcázar,PV
2019,24,18,San Luis Potosí,Huehuetlán,OI
2019,24,18,San Luis Potosí,Huehuetlán,PV
2019,24,19,San Luis Potosí,Lagunillas,OI
2019,24,19,San Luis Potosí,Lagunillas,PV
2019,24,21,San Luis Potosí,Mexquitic de Carmona,PV
2019,24,22,San Luis Potosí,Moctezuma,PV
2019,24,23,San Luis Potosí,Rayón,OI
2019,24,23,San Luis Potosí,Rayón,PV
2019,24,25,San Luis Potosí,Salinas,PV
2019,24,26,San Luis Potosí,San Antonio,OI
2019,24,26,San Luis Potosí,San Antonio,PV
2019,24,29,San Luis Potosí,San Martín Chalchicuautla,OI
2019,24,29,San Luis Potosí,San Martín Chalchicuautla,PV
2019,24,30,San Luis Potosí,San Nicolás Tolentino,OI
2019,24,30,San Luis Potosí,San Nicolás Tolentino,PV
2019,24,31,San Luis Potosí,Santa Catarina,OI
2019,24,31,San Luis Potosí,Santa Catarina,PV
2019,24,33,San Luis Potosí,Santo Domingo,PV
2019,24,35,San Luis Potosí,Soledad de Graciano Sánchez,PV
2019,24,36,San Luis Potosí,Tamasopo,OI
2019,24,36,San Luis Potosí,Tamasopo,PV
2019,24,38,San Luis Potosí,Tampacán,OI
2019,24,38,San Luis Potosí,Tampacán,PV
2019,24,39,San Luis Potosí,Tampamolón Corona,OI
2019,24,39,San Luis Potosí,Tampamolón Corona,PV
2019,24,42,San Luis Potosí,Tanquián de Escobedo,OI
2019,24,42,San Luis Potosí,Tanquián de Escobedo,PV
2019,24,43,San Luis Potosí,Tierra Nueva,PV
2019,24,44,San Luis Potosí,Vanegas,PV
2019,24,45,San Luis Potosí,Venado,PV
2019,24,46,San Luis Potosí,Villa de Arriaga,PV
2019,24,47,San Luis Potosí,Villa de Guadalupe,PV
2019,24,48,San Luis Potosí,Villa de La Paz,PV
2019,24,49,San Luis Potosí,Villa de Ramos,PV
2019,24,51,San Luis Potosí,Villa Hidalgo,PV
2019,24,52,San Luis Potosí,Villa Juárez,PV
2019,24,54,San Luis Potosí,Xilitla,OI
2019,24,54,San Luis Potosí,Xilitla,PV
2019,24,55,San Luis Potosí,Zaragoza,PV
2019,24,56,San Luis Potosí,Villa de Arista,PV
2019,25,2,Sinaloa,Angostura,OI
2019,25,2,Sinaloa,Angostura,PV
2019,25,4,Sinaloa,Concordia,PV
2019,25,9,Sinaloa,Escuinapa,OI
2019,25,9,Sinaloa,Escuinapa,PV
2019,25,18,Sinaloa,Navolato,OI
2019,25,18,Sinaloa,Navolato,PV
2019,26,2,Sonora,Agua Prieta,PV
2019,26,5,Sonora,Arivechi,PV
2019,26,8,Sonora,Bacadéhuachi,PV
2019,26,9,Sonora,Bacanora,PV
2019,26,11,Sonora,Bacoachi,PV
2019,26,12,Sonora,Bácum,OI
2019,26,12,Sonora,Bácum,PV
2019,26,13,Sonora,Banámichi,PV
2019,26,14,Sonora,Baviácora,PV
2019,26,15,Sonora,Bavispe,PV
2019,26,23,Sonora,Cumpas,PV
2019,26,27,Sonora,Fronteras,PV
2019,26,28,Sonora,Granados,PV
2019,26,34,Sonora,Huépac,PV
2019,26,38,Sonora,Moctezuma,PV
2019,26,50,Sonora,Rayón,PV
2019,26,51,Sonora,Rosario,PV
2019,26,53,Sonora,San Felipe de Jesús,PV
2019,26,60,Sonora,Sáric,PV
2019,26,66,Sonora,Ures,PV
2019,26,67,Sonora,Villa Hidalgo,PV
2019,27,5,Tabasco,Comalcalco,OI
2019,27,5,Tabasco,Comalcalco,PV
2019,27,7,Tabasco,Emiliano Zapata,OI
2019,27,9,Tabasco,Jalapa,OI
2019,27,9,Tabasco,Jalapa,PV
2019,27,10,Tabasco,Jalpa de Méndez,OI
2019,27,10,Tabasco,Jalpa de Méndez,PV
2019,27,11,Tabasco,Jonuta,OI
2019,27,11,Tabasco,Jonuta,PV
2019,27,13,Tabasco,Nacajuca,OI
2019,27,13,Tabasco,Nacajuca,PV
2019,28,4,Tamaulipas,Antiguo Morelos,OI
2019,28,4,Tamaulipas,Antiguo Morelos,PV
2019,28,5,Tamaulipas,Burgos,OI
2019,28,6,Tamaulipas,Bustamante,PV
2019,28,10,Tamaulipas,Cruillas,OI
2019,28,17,Tamaulipas,Jaumave,OI
2019,28,18,Tamaulipas,Jiménez,OI
2019,28,18,Tamaulipas,Jiménez,PV
2019,28,25,Tamaulipas,Miguel Alemán,OI
2019,28,26,Tamaulipas,Miquihuana,PV
2019,28,28,Tamaulipas,Nuevo Morelos,OI
2019,28,28,Tamaulipas,Nuevo Morelos,PV
2019,28,31,Tamaulipas,Palmillas,PV
2019,28,33,Tamaulipas,Río Bravo,OI
2019,28,34,Tamaulipas,San Carlos,OI
2019,28,34,Tamaulipas,San Carlos,PV
2019,28,36,Tamaulipas,San Nicolás,PV
2019,28,39,Tamaulipas,Tula,OI
2019,28,39,Tamaulipas,Tula,PV
2019,28,42,Tamaulipas,Villagrán,OI
2019,28,42,Tamaulipas,Villagrán,PV
2019,29,1,Tlaxcala,Amaxac de Guerrero,PV
2019,29,2,Tlaxcala,Apetatitlán de Antonio Carvajal,PV
2019,29,4,Tlaxcala,Atltzayanca,PV
2019,29,5,Tlaxcala,Apizaco,PV
2019,29,9,Tlaxcala,Cuaxomulco,PV
2019,29,10,Tlaxcala,Chiautempan,PV
2019,29,11,Tlaxcala,Muñoz de Domingo Arenas,PV
2019,29,12,Tlaxcala,Españita,PV
2019,29,14,Tlaxcala,Hueyotlipan,PV
2019,29,15,Tlaxcala,Ixtacuixtla de Mariano Matamoros,PV
2019,29,16,Tlaxcala,Ixtenco,PV
2019,29,17,Tlaxcala,Mazatecochco de José María Morelos,PV
2019,29,18,Tlaxcala,Contla de Juan Cuamatzi,PV
2019,29,19,Tlaxcala,Tepetitla de Lardizábal,PV
2019,29,20,Tlaxcala,Sanctórum de Lázaro Cárdenas,PV
2019,29,21,Tlaxcala,Nanacamilpa de Mariano Arista,PV
2019,29,22,Tlaxcala,Acuamanala de Miguel Hidalgo,PV
2019,29,23,Tlaxcala,Natívitas,PV
2019,29,24,Tlaxcala,Panotla,PV
2019,29,25,Tlaxcala,San Pablo del Monte,PV
2019,29,26,Tlaxcala,Santa Cruz Tlaxcala,PV
2019,29,27,Tlaxcala,Tenancingo,PV
2019,29,28,Tlaxcala,Teolocholco,PV
2019,29,29,Tlaxcala,Tepeyanco,PV
2019,29,30,Tlaxcala,Terrenate,PV
2019,29,32,Tlaxcala,Tetlatlahuca,PV
2019,29,34,Tlaxcala,Tlaxco,PV
2019,29,35,Tlaxcala,Tocatlán,PV
2019,29,36,Tlaxcala,Totolac,PV
2019,29,39,Tlaxcala,Xaloztoc,PV
2019,29,40,Tlaxcala,Xaltocan,PV
2019,29,41,Tlaxcala,Papalotla de Xicohténcatl,PV
2019,29,42,Tlaxcala,Xicohtzinco,PV
2019,29,43,Tlaxcala,Yauhquemehcan,PV
2019,29,45,Tlaxcala,Benito Juárez,PV
2019,29,46,Tlaxcala,Emiliano Zapata,PV
2019,29,47,Tlaxcala,Lázaro Cárdenas,PV
2019,29,48,Tlaxcala,La Magdalena Tlaltelulco,PV
2019,29,49,Tlaxcala,San Damián Texóloc,PV
2019,29,50,Tlaxcala,San Francisco Tetlanohcan,PV
2019,29,51,Tlaxcala,San Jerónimo Zacualpan,PV
2019,29,53,Tlaxcala,San Juan Huactzinco,PV
2019,29,54,Tlaxcala,San Lorenzo Axocomanitla,PV
2019,29,55,Tlaxcala,San Lucas Tecopilco,PV
2019,29,56,Tlaxcala,Santa Ana Nopalucan,PV
2019,29,57,Tlaxcala,Santa Apolonia Teacalco,PV
2019,29,58,Tlaxcala,Santa Catarina Ayometla,PV
2019,29,59,Tlaxcala,Santa Cruz Quilehtla,PV
2019,29,60,Tlaxcala,Santa Isabel Xiloxoxtla,PV
2019,30,3,Veracruz,Acayucan,OI
2019,30,5,Veracruz,Acula,OI
2019,30,5,Veracruz,Acula,PV
2019,30,6,Veracruz,Acultzingo,PV
2019,30,8,Veracruz,Alpatláhuac,PV
2019,30,12,Veracruz,Amatitlán,OI
2019,30,12,Veracruz,Amatitlán,PV
2019,30,13,Veracruz,Naranjos Amatlán,OI
2019,30,13,Veracruz,Naranjos Amatlán,PV
2019,30,14,Veracruz,Amatlán de Los Reyes,OI
2019,30,14,Veracruz,Amatlán de Los Reyes,PV
2019,30,18,Veracruz,Aquila,PV
2019,30,19,Veracruz,Astacinga,PV
2019,30,20,Veracruz,Atlahuilco,PV
2019,30,22,Veracruz,Atzacan,OI
2019,30,22,Veracruz,Atzacan,PV
2019,30,24,Veracruz,Tlaltetela,PV
2019,30,25,Veracruz,Ayahualulco,OI
2019,30,25,Veracruz,Ayahualulco,PV
2019,30,27,Veracruz,Benito Juárez,OI
2019,30,27,Veracruz,Benito Juárez,PV
2019,30,29,Veracruz,Calcahualco,PV
2019,30,30,Veracruz,Camerino Z. Mendoza,PV
2019,30,31,Veracruz,Carrillo Puerto,OI
2019,30,31,Veracruz,Carrillo Puerto,PV
2019,30,33,Veracruz,Cazones de Herrera,OI
2019,30,33,Veracruz,Cazones de Herrera,PV
2019,30,34,Veracruz,Cerro Azul,OI
2019,30,34,Veracruz,Cerro Azul,PV
2019,30,35,Veracruz,Citlaltépetl,OI
2019,30,35,Veracruz,Citlaltépetl,PV
2019,30,36,Veracruz,Coacoatzintla,PV
2019,30,37,Veracruz,Coahuitlán,OI
2019,30,37,Veracruz,Coahuitlán,PV
2019,30,40,Veracruz,Coatzintla,OI
2019,30,40,Veracruz,Coatzintla,PV
2019,30,41,Veracruz,Coetzala,PV
2019,30,42,Veracruz,Colipa,OI
2019,30,42,Veracruz,Colipa,PV
2019,30,43,Veracruz,Comapa,PV
2019,30,44,Veracruz,Córdoba,OI
2019,30,44,Veracruz,Córdoba,PV
2019,30,49,Veracruz,Cotaxtla,OI
2019,30,49,Veracruz,Cotaxtla,PV
2019,30,50,Veracruz,Coxquihui,OI
2019,30,50,Veracruz,Coxquihui,PV
2019,30,51,Veracruz,Coyutla,PV
2019,30,52,Veracruz,Cuichapa,OI
2019,30,52,Veracruz,Cuichapa,PV
2019,30,53,Veracruz,Cuitláhuac,PV
2019,30,56,Veracruz,Chiconamel,OI
2019,30,56,Veracruz,Chiconamel,PV
2019,30,57,Veracruz,Chiconquiaco,OI
2019,30,57,Veracruz,Chiconquiaco,PV
2019,30,58,Veracruz,Chicontepec,OI
2019,30,58,Veracruz,Chicontepec,PV
2019,30,59,Veracruz,Chinameca,OI
2019,30,59,Veracruz,Chinameca,PV
2019,30,60,Veracruz,Chinampa de Gorostiza,OI
2019,30,60,Veracruz,Chinampa de Gorostiza,PV
2019,30,62,Veracruz,Chocamán,OI
2019,30,62,Veracruz,Chocamán,PV
2019,30,63,Veracruz,Chontla,OI
2019,30,63,Veracruz,Chontla,PV
2019,30,64,Veracruz,Chumatlán,OI
2019,30,64,Veracruz,Chumatlán,PV
2019,30,67,Veracruz,Filomeno Mata,OI
2019,30,67,Veracruz,Filomeno Mata,PV
2019,30,69,Veracruz,Gutiérrez Zamora,PV
2019,30,70,Veracruz,Hidalgotitlán,OI
2019,30,70,Veracruz,Hidalgotitlán,PV
2019,30,74,Veracruz,Huiloapan de Cuauhtémoc,PV
2019,30,75,Veracruz,Ignacio de La Llave,OI
2019,30,75,Veracruz,Ignacio de La Llave,PV
2019,30,76,Veracruz,Ilamatlán,OI
2019,30,76,Veracruz,Ilamatlán,PV
2019,30,78,Veracruz,Ixcatepec,OI
2019,30,78,Veracruz,Ixcatepec,PV
2019,30,79,Veracruz,Ixhuacán de Los Reyes,OI
2019,30,79,Veracruz,Ixhuacán de Los Reyes,PV
2019,30,80,Veracruz,Ixhuatlán del Café,PV
2019,30,81,Veracruz,Ixhuatlancillo,PV
2019,30,82,Veracruz,Ixhuatlán del Sureste,OI
2019,30,82,Veracruz,Ixhuatlán del Sureste,PV
2019,30,84,Veracruz,Ixmatlahuacan,OI
2019,30,84,Veracruz,Ixmatlahuacan,PV
2019,30,88,Veracruz,Jalcomulco,PV
2019,30,89,Veracruz,Jáltipan,OI
2019,30,89,Veracruz,Jáltipan,PV
2019,30,92,Veracruz,Xico,PV
2019,30,94,Veracruz,Juan Rodríguez Clara,OI
2019,30,94,Veracruz,Juan Rodríguez Clara,PV
2019,30,95,Veracruz,Juchique de Ferrer,OI
2019,30,95,Veracruz,Juchique de Ferrer,PV
2019,30,96,Veracruz,Landero Y Coss,PV
2019,30,98,Veracruz,Magdalena,PV
2019,30,99,Veracruz,Maltrata,PV
2019,30,103,Veracruz,Mecatlán,OI
2019,30,103,Veracruz,Mecatlán,PV
2019,30,106,Veracruz,Miahuatlán,PV
2019,30,107,Veracruz,Las Minas,OI
2019,30,107,Veracruz,Las Minas,PV
2019,30,108,Veracruz,Minatitlán,OI
2019,30,108,Veracruz,Minatitlán,PV
2019,30,110,Veracruz,Mixtla de Altamirano,PV
2019,30,113,Veracruz,Naranjal,PV
2019,30,114,Veracruz,Nautla,OI
2019,30,114,Veracruz,Nautla,PV
2019,30,115,Veracruz,Nogales,PV
2019,30,116,Veracruz,Oluta,OI
2019,30,116,Veracruz,Oluta,PV
2019,30,117,Veracruz,Omealca,OI
2019,30,117,Veracruz,Omealca,PV
2019,30,119,Veracruz,Otatitlán,OI
2019,30,119,Veracruz,Otatitlán,PV
2019,30,120,Veracruz,Oteapan,OI
2019,30,120,Veracruz,Oteapan,PV
2019,30,121,Veracruz,Ozuluama de Mascareñas,OI
2019,30,121,Veracruz,Ozuluama de Mascareñas,PV
2019,30,122,Veracruz,Pajapan,OI
2019,30,122,Veracruz,Pajapan,PV
2019,30,127,Veracruz,La Perla,PV
2019,30,130,Veracruz,Playa Vicente,OI
2019,30,130,Veracruz,Playa Vicente,PV
2019,30,133,Veracruz,Pueblo Viejo,OI
2019,30,135,Veracruz,Rafael Delgado,PV
2019,30,136,Veracruz,Rafael Lucio,PV
2019,30,137,Veracruz,Los Reyes,PV
2019,30,138,Veracruz,Río Blanco,PV
2019,30,139,Veracruz,Saltabarranca,OI
2019,30,139,Veracruz,Saltabarranca,PV
2019,30,140,Veracruz,San Andrés Tenejapan,PV
2019,30,144,Veracruz,Sayula de Alemán,OI
2019,30,144,Veracruz,Sayula de Alemán,PV
2019,30,145,Veracruz,Soconusco,OI
2019,30,145,Veracruz,Soconusco,PV
2019,30,146,Veracruz,Sochiapa,PV
2019,30,147,Veracruz,Soledad Atzompa,PV
2019,30,148,Veracruz,Soledad de Doblado,OI
2019,30,149,Veracruz,Soteapan,OI
2019,30,149,Veracruz,Soteapan,PV
2019,30,150,Veracruz,Tamalín,OI
2019,30,150,Veracruz,Tamalín,PV
2019,30,151,Veracruz,Tamiahua,OI
2019,30,151,Veracruz,Tamiahua,PV
2019,30,152,Veracruz,Tampico Alto,OI
2019,30,152,Veracruz,Tampico Alto,PV
2019,30,153,Veracruz,Tancoco,OI
2019,30,153,Veracruz,Tancoco,PV
2019,30,154,Veracruz,Tantima,OI
2019,30,154,Veracruz,Tantima,PV
2019,30,156,Veracruz,Tatatila,OI
2019,30,156,Veracruz,Tatatila,PV
2019,30,157,Veracruz,Castillo de Teayo,OI
2019,30,157,Veracruz,Castillo de Teayo,PV
2019,30,158,Veracruz,Tecolutla,OI
2019,30,158,Veracruz,Tecolutla,PV
2019,30,159,Veracruz,Tehuipango,PV
2019,30,162,Veracruz,Tenampa,PV
2019,30,165,Veracruz,Tepatlaxco,OI
2019,30,165,Veracruz,Tepatlaxco,PV
2019,30,166,Veracruz,Tepetlán,OI
2019,30,166,Veracruz,Tepetlán,PV
2019,30,168,Veracruz,Tequila,PV
2019,30,170,Veracruz,Texcatepec,OI
2019,30,170,Veracruz,Texcatepec,PV
2019,30,171,Veracruz,Texhuacán,PV
2019,30,172,Veracruz,Texistepec,OI
2019,30,172,Veracruz,Texistepec,PV
2019,30,173,Veracruz,Tezonapa,OI
2019,30,173,Veracruz,Tezonapa,PV
2019,30,176,Veracruz,Tlacojalpan,OI
2019,30,176,Veracruz,Tlacojalpan,PV
2019,30,177,Veracruz,Tlacolulan,PV
2019,30,178,Veracruz,Tlacotalpan,OI
2019,30,178,Veracruz,Tlacotalpan,PV
2019,30,179,Veracruz,Tlacotepec de Mejía,PV
2019,30,180,Veracruz,Tlachichilco,OI
2019,30,180,Veracruz,Tlachichilco,PV
2019,30,181,Veracruz,Tlalixcoyan,OI
2019,30,181,Veracruz,Tlalixcoyan,PV
2019,30,183,Veracruz,Tlapacoyan,OI
2019,30,183,Veracruz,Tlapacoyan,PV
2019,30,184,Veracruz,Tlaquilpa,PV
2019,30,185,Veracruz,Tlilapan,PV
2019,30,186,Veracruz,Tomatlán,PV
2019,30,187,Veracruz,Tonayán,PV
2019,30,190,Veracruz,Tuxtilla,OI
2019,30,190,Veracruz,Tuxtilla,PV
2019,30,192,Veracruz,Vega de Alatorre,OI
2019,30,192,Veracruz,Vega de Alatorre,PV
2019,30,194,Veracruz,Villa Aldama,PV
2019,30,195,Veracruz,Xoxocotla,PV
2019,30,196,Veracruz,Yanga,PV
2019,30,197,Veracruz,Yecuatla,OI
2019,30,197,Veracruz,Yecuatla,PV
2019,30,198,Veracruz,Zacualpan,OI
2019,30,198,Veracruz,Zacualpan,PV
2019,30,200,Veracruz,Zentla,PV
2019,30,202,Veracruz,Zontecomatlán de López Y Fuentes,OI
2019,30,202,Veracruz,Zontecomatlán de López Y Fuentes,PV
2019,30,203,Veracruz,Zozocolco de Hidalgo,OI
2019,30,203,Veracruz,Zozocolco de Hidalgo,PV
2019,30,206,Veracruz,Nanchital de Lázaro Cárdenas del Río,OI
2019,30,206,Veracruz,Nanchital de Lázaro Cárdenas del Río,PV
2019,30,207,Veracruz,Tres Valles,OI
2019,30,207,Veracruz,Tres Valles,PV
2019,30,208,Veracruz,Carlos A. Carrillo,OI
2019,30,208,Veracruz,Carlos A. Carrillo,PV
2019,30,209,Veracruz,Uxpanapa,OI
2019,30,209,Veracruz,Uxpanapa,PV
2019,30,210,Veracruz,Tatahuicapan de Juárez,OI
2019,30,210,Veracruz,Tatahuicapan de Juárez,PV
2019,30,211,Veracruz,San Rafael,OI
2019,30,211,Veracruz,San Rafael,PV
2019,30,212,Veracruz,Santiago Sochiapan,OI
2019,30,212,Veracruz,Santiago Sochiapan,PV
2019,31,2,Yucatán,Acanceh,PV
2019,31,3,Yucatán,Akil,OI
2019,31,3,Yucatán,Akil,PV
2019,31,4,Yucatán,Baca,PV
2019,31,5,Yucatán,Bokobá,PV
2019,31,6,Yucatán,Buctzotz,PV
2019,31,7,Yucatán,Cacalchén,PV
2019,31,8,Yucatán,Calotmul,PV
2019,31,9,Yucatán,Cansahcab,PV
2019,31,12,Yucatán,Cenotillo,PV
2019,31,14,Yucatán,Cuncunul,PV
2019,31,15,Yucatán,Cuzamá,PV
2019,31,16,Yucatán,Chacsinkín,PV
2019,31,17,Yucatán,Chankom,PV
2019,31,18,Yucatán,Chapab,PV
2019,31,19,Yucatán,Chemax,PV
2019,31,20,Yucatán,Chicxulub Pueblo,PV
2019,31,21,Yucatán,Chichimilá,PV
2019,31,24,Yucatán,Chumayel,PV
2019,31,25,Yucatán,Dzán,OI
2019,31,25,Yucatán,Dzán,PV
2019,31,26,Yucatán,Dzemul,PV
2019,31,27,Yucatán,Dzidzantún,PV
2019,31,28,Yucatán,Dzilam de Bravo,PV
2019,31,29,Yucatán,Dzilam González,PV
2019,31,30,Yucatán,Dzitás,PV
2019,31,31,Yucatán,Dzoncauich,PV
2019,31,32,Yucatán,Espita,PV
2019,31,33,Yucatán,Halachó,OI
2019,31,33,Yucatán,Halachó,PV
2019,31,34,Yucatán,Hocabá,PV
2019,31,35,Yucatán,Hoctún,PV
2019,31,36,Yucatán,Homún,PV
2019,31,37,Yucatán,Huhí,PV
2019,31,38,Yucatán,Hunucmá,PV
2019,31,39,Yucatán,Ixil,PV
2019,31,40,Yucatán,Izamal,PV
2019,31,41,Yucatán,Kanasín,PV
2019,31,42,Yucatán,Kantunil,PV
2019,31,43,Yucatán,Kaua,PV
2019,31,44,Yucatán,Kinchil,PV
2019,31,45,Yucatán,Kopomá,PV
2019,31,46,Yucatán,Mama,PV
2019,31,47,Yucatán,Maní,OI
2019,31,47,Yucatán,Maní,PV
2019,31,48,Yucatán,Maxcanú,PV
2019,31,49,Yucatán,Mayapán,PV
2019,31,52,Yucatán,Motul,PV
2019,31,54,Yucatán,Muxupip,PV
2019,31,55,Yucatán,Opichén,OI
2019,31,55,Yucatán,Opichén,PV
2019,31,57,Yucatán,Panabá,PV
2019,31,60,Yucatán,Quintana Roo,PV
2019,31,62,Yucatán,Sacalum,OI
2019,31,62,Yucatán,Sacalum,PV
2019,31,63,Yucatán,Samahil,PV
2019,31,64,Yucatán,Sanahcat,PV
2019,31,65,Yucatán,San Felipe,PV
2019,31,66,Yucatán,Santa Elena,OI
2019,31,66,Yucatán,Santa Elena,PV
2019,31,67,Yucatán,Seyé,PV
2019,31,68,Yucatán,Sinanché,PV
2019,31,69,Yucatán,Sotuta,PV
2019,31,70,Yucatán,Sucilá,OI
2019,31,70,Yucatán,Sucilá,PV
2019,31,71,Yucatán,Sudzal,PV
2019,31,72,Yucatán,Suma,PV
2019,31,73,Yucatán,Tahdziú,PV
2019,31,74,Yucatán,Tahmek,PV
2019,31,75,Yucatán,Teabo,PV
2019,31,76,Yucatán,Tecoh,PV
2019,31,77,Yucatán,Tekal de Venegas,PV
2019,31,78,Yucatán,Tekantó,PV
2019,31,80,Yucatán,Tekit,PV
2019,31,81,Yucatán,Tekom,PV
2019,31,82,Yucatán,Telchac Pueblo,PV
2019,31,83,Yucatán,Telchac Puerto,PV
2019,31,84,Yucatán,Temax,PV
2019,31,85,Yucatán,Temozón,PV
2019,31,86,Yucatán,Tepakán,PV
2019,31,87,Yucatán,Tetiz,PV
2019,31,88,Yucatán,Teya,PV
2019,31,90,Yucatán,Timucuy,PV
2019,31,91,Yucatán,Tinum,PV
2019,31,92,Yucatán,Tixcacalcupul,PV
2019,31,93,Yucatán,Tixkokob,PV
2019,31,94,Yucatán,Tixmehuac,PV
2019,31,95,Yucatán,Tixpéhual,PV
2019,31,97,Yucatán,Tunkás,PV
2019,31,99,Yucatán,Uayma,PV
2019,31,100,Yucatán,Ucú,PV
2019,31,101,Yucatán,Umán,PV
2019,31,103,Yucatán,Xocchel,PV
2019,31,104,Yucatán,Yaxcabá,PV
2019,31,105,Yucatán,Yaxkukul,PV
2019,31,106,Yucatán,Yobaín,PV
2019,32,1,Zacatecas,Apozol,PV
2019,32,2,Zacatecas,Apulco,PV
2019,32,4,Zacatecas,Benito Juárez,PV
2019,32,6,Zacatecas,Cañitas de Felipe Pescador,PV
2019,32,11,Zacatecas,Trinidad García de La Cadena,PV
2019,32,13,Zacatecas,General Enrique Estrada,PV
2019,32,18,Zacatecas,Huanusco,PV
2019,32,21,Zacatecas,Jiménez del Teul,PV
2019,32,27,Zacatecas,Melchor Ocampo,PV
2019,32,30,Zacatecas,Momax,PV
2019,32,32,Zacatecas,Morelos,PV
2019,32,33,Zacatecas,Moyahua de Estrada,PV
2019,32,35,Zacatecas,Noria de Ángeles,PV
2019,32,37,Zacatecas,Pánuco,PV
2019,32,41,Zacatecas,El Salvador,PV
2019,32,50,Zacatecas,Vetagrande,PV
2019,32,52,Zacatecas,Villa García,PV
2019,32,57,Zacatecas,Trancoso,PV
2019,32,58,Zacatecas,Santa María de La Paz,PV
2020,1,11,Aguascalientes,San Francisco de Los Romo,PV
2020,4,1,Campeche,Calkiní,OI
2020,4,1,Campeche,Calkiní,PV
2020,4,8,Campeche,Tenabo,OI
2020,4,8,Campeche,Tenabo,PV
2020,5,1,Coahuila,Abasolo,PV
2020,5,6,Coahuila,Castaños,PV
2020,5,8,Coahuila,Escobedo,PV
2020,5,10,Coahuila,Frontera,PV
2020,5,11,Coahuila,General Cepeda,PV
2020,5,12,Coahuila,Guerrero,PV
2020,5,13,Coahuila,Hidalgo,PV
2020,5,16,Coahuila,Lamadrid,PV
2020,5,19,Coahuila,Morelos,PV
2020,5,21,Coahuila,Nadadores,PV
2020,5,22,Coahuila,Nava,PV
2020,5,29,Coahuila,Sacramento,PV
2020,5,31,Coahuila,San Buenaventura,PV
2020,5,37,Coahuila,Villa Unión,PV
2020,6,8,Colima,Minatitlán,OI
2020,6,8,Colima,Minatitlán,PV
2020,6,10,Colima,Villa de Álvarez,PV
2020,7,4,Chiapas,Altamirano,OI
2020,7,4,Chiapas,Altamirano,PV
2020,7,6,Chiapas,Amatenango de La Frontera,PV
2020,7,7,Chiapas,Amatenango del Valle,PV
2020,7,10,Chiapas,Bejucal de Ocampo,PV
2020,7,11,Chiapas,Bella Vista,PV
2020,7,12,Chiapas,Berriozábal,PV
2020,7,14,Chiapas,El Bosque,OI
2020,7,14,Chiapas,El Bosque,PV
2020,7,16,Chiapas,Catazajá,PV
2020,7,17,Chiapas,Cintalapa,OI
2020,7,17,Chiapas,Cintalapa,PV
2020,7,18,Chiapas,Coapilla,PV
2020,7,21,Chiapas,Copainalá,OI
2020,7,21,Chiapas,Copainalá,PV
2020,7,22,Chiapas,Chalchihuitán,OI
2020,7,22,Chiapas,Chalchihuitán,PV
2020,7,23,Chiapas,Chamula,PV
2020,7,24,Chiapas,Chanal,PV
2020,7,25,Chiapas,Chapultenango,OI
2020,7,25,Chiapas,Chapultenango,PV
2020,7,26,Chiapas,Chenalhó,OI
2020,7,26,Chiapas,Chenalhó,PV
2020,7,28,Chiapas,Chiapilla,PV
2020,7,31,Chiapas,Chilón,OI
2020,7,31,Chiapas,Chilón,PV
2020,7,33,Chiapas,Francisco León,OI
2020,7,33,Chiapas,Francisco León,PV
2020,7,35,Chiapas,Frontera Hidalgo,OI
2020,7,35,Chiapas,Frontera Hidalgo,PV
2020,7,36,Chiapas,La Grandeza,PV
2020,7,39,Chiapas,Huitiupán,OI
2020,7,39,Chiapas,Huitiupán,PV
2020,7,41,Chiapas,La Independencia,OI
2020,7,41,Chiapas,La Independencia,PV
2020,7,42,Chiapas,Ixhuatán,OI
2020,7,42,Chiapas,Ixhuatán,PV
2020,7,43,Chiapas,Ixtacomitán,OI
2020,7,43,Chiapas,Ixtacomitán,PV
2020,7,44,Chiapas,Ixtapa,OI
2020,7,44,Chiapas,Ixtapa,PV
2020,7,45,Chiapas,Ixtapangajoya,OI
2020,7,45,Chiapas,Ixtapangajoya,PV
2020,7,47,Chiapas,Jitotol,OI
2020,7,47,Chiapas,Jitotol,PV
2020,7,48,Chiapas,Juárez,OI
2020,7,48,Chiapas,Juárez,PV
2020,7,50,Chiapas,La Libertad,OI
2020,7,50,Chiapas,La Libertad,PV
2020,7,53,Chiapas,Mazapa de Madero,PV
2020,7,54,Chiapas,Mazatán,OI
2020,7,54,Chiapas,Mazatán,PV
2020,7,55,Chiapas,Metapa,OI
2020,7,55,Chiapas,Metapa,PV
2020,7,56,Chiapas,Mitontic,OI
2020,7,56,Chiapas,Mitontic,PV
2020,7,58,Chiapas,Nicolás Ruíz,PV
2020,7,66,Chiapas,Pantelhó,OI
2020,7,66,Chiapas,Pantelhó,PV
2020,7,67,Chiapas,Pantepec,OI
2020,7,67,Chiapas,Pantepec,PV
2020,7,70,Chiapas,El Porvenir,PV
2020,7,72,Chiapas,Pueblo Nuevo Solistahuacán,OI
2020,7,72,Chiapas,Pueblo Nuevo Solistahuacán,PV
2020,7,73,Chiapas,Rayón,OI
2020,7,73,Chiapas,Rayón,PV
2020,7,74,Chiapas,Reforma,OI
2020,7,74,Chiapas,Reforma,PV
2020,7,75,Chiapas,Las Rosas,OI
2020,7,75,Chiapas,Las Rosas,PV
2020,7,76,Chiapas,Sabanilla,OI
2020,7,76,Chiapas,Sabanilla,PV
2020,7,79,Chiapas,San Fernando,PV
2020,7,81,Chiapas,Simojovel,OI
2020,7,81,Chiapas,Simojovel,PV
2020,7,83,Chiapas,Socoltenango,OI
2020,7,83,Chiapas,Socoltenango,PV
2020,7,84,Chiapas,Solosuchiapa,OI
2020,7,84,Chiapas,Solosuchiapa,PV
2020,7,85,Chiapas,Soyaló,PV
2020,7,88,Chiapas,Sunuapa,OI
2020,7,88,Chiapas,Sunuapa,PV
2020,7,90,Chiapas,Tapalapa,OI
2020,7,90,Chiapas,Tapalapa,PV
2020,7,93,Chiapas,Tenejapa,OI
2020,7,93,Chiapas,Tenejapa,PV
2020,7,96,Chiapas,Tila,OI
2020,7,96,Chiapas,Tila,PV
2020,7,98,Chiapas,Totolapa,OI
2020,7,98,Chiapas,Totolapa,PV
2020,7,100,Chiapas,Tumbalá,OI
2020,7,100,Chiapas,Tumbalá,PV
2020,7,103,Chiapas,Tuzantán,OI
2020,7,103,Chiapas,Tuzantán,PV
2020,7,104,Chiapas,Tzimol,OI
2020,7,104,Chiapas,Tzimol,PV
2020,7,105,Chiapas,Unión Juárez,PV
2020,7,109,Chiapas,Yajalón,OI
2020,7,109,Chiapas,Yajalón,PV
2020,7,110,Chiapas,San Lucas,OI
2020,7,110,Chiapas,San Lucas,PV
2020,7,111,Chiapas,Zinacantán,PV
2020,7,113,Chiapas,Aldama,PV
2020,7,114,Chiapas,Benemérito de Las Américas,OI
2020,7,114,Chiapas,Benemérito de Las Américas,PV
2020,7,115,Chiapas,Maravilla Tenejapa,OI
2020,7,115,Chiapas,Maravilla Tenejapa,PV
2020,7,116,Chiapas,Marqués de Comillas,OI
2020,7,116,Chiapas,Marqués de Comillas,PV
2020,7,117,Chiapas,Montecristo de Guerrero,PV
2020,7,118,Chiapas,San Andrés Duraznal,OI
2020,7,118,Chiapas,San Andrés Duraznal,PV
2020,7,119,Chiapas,Santiago El Pinar,PV
2020,8,1,Chihuahua,Ahumada,PV
2020,8,3,Chihuahua,Allende,PV
2020,8,5,Chihuahua,Ascensión,PV
2020,8,12,Chihuahua,Carichí,PV
2020,8,13,Chihuahua,Casas Grandes,PV
2020,8,18,Chihuahua,Cusihuiriachi,PV
2020,8,23,Chihuahua,Galeana,PV
2020,8,25,Chihuahua,Gómez Farías,PV
2020,8,30,Chihuahua,Guazapares,PV
2020,8,33,Chihuahua,Huejotitán,PV
2020,8,34,Chihuahua,Ignacio Zaragoza,PV
2020,8,44,Chihuahua,Matamoros,PV
2020,8,46,Chihuahua,Morelos,OI
2020,8,46,Chihuahua,Morelos,PV
2020,8,48,Chihuahua,Namiquipa,PV
2020,8,54,Chihuahua,Riva Palacio,PV
2020,8,56,Chihuahua,Rosario,PV
2020,8,60,Chihuahua,Santa Bárbara,PV
2020,8,64,Chihuahua,El Tule,PV
2020,8,66,Chihuahua,Uruachi,PV
2020,10,2,Durango,Canelas,PV
2020,10,3,Durango,Coneto de Comonfort,PV
2020,10,14,Durango,Mezquital,PV
2020,10,16,Durango,Nombre de Dios,PV
2020,10,19,Durango,Otáez,PV
2020,10,28,Durango,San Juan del Río,PV
2020,10,29,Durango,San Luis del Cordero,PV
2020,11,9,Guanajuato,Comonfort,PV
2020,11,13,Guanajuato,Doctor Mora,PV
2020,11,16,Guanajuato,Huanímaro,OI
2020,11,16,Guanajuato,Huanímaro,PV
2020,11,21,Guanajuato,Moroleón,PV
2020,11,24,Guanajuato,Pueblo Nuevo,PV
2020,11,29,Guanajuato,San Diego de La Unión,PV
2020,11,32,Guanajuato,San José Iturbide,PV
2020,11,34,Guanajuato,Santa Catarina,PV
2020,11,35,Guanajuato,Santa Cruz de Juventino Rosas,PV
2020,11,36,Guanajuato,Santiago Maravatío,OI
2020,11,36,Guanajuato,Santiago Maravatío,PV
2020,11,38,Guanajuato,Tarandacuao,PV
2020,11,40,Guanajuato,Tierra Blanca,PV
2020,11,41,Guanajuato,Uriangato,PV
2020,11,43,Guanajuato,Victoria,PV
2020,11,44,Guanajuato,Villagrán,PV
2020,12,4,Guerrero,Alcozauca de Guerrero,OI
2020,12,4,Guerrero,Alcozauca de Guerrero,PV
2020,12,6,Guerrero,Apaxtla,PV
2020,12,8,Guerrero,Atenango del Río,OI
2020,12,8,Guerrero,Atenango del Río,PV
2020,12,9,Guerrero,Atlamajalcingo del Monte,PV
2020,12,13,Guerrero,Azoyú,OI
2020,12,13,Guerrero,Azoyú,PV
2020,12,16,Guerrero,Coahuayutla de José María Izazaga,OI
2020,12,16,Guerrero,Coahuayutla de José María Izazaga,PV
2020,12,17,Guerrero,Cocula,OI
2020,12,17,Guerrero,Cocula,PV
2020,12,18,Guerrero,Copala,OI
2020,12,18,Guerrero,Copala,PV
2020,12,19,Guerrero,Copalillo,OI
2020,12,19,Guerrero,Copalillo,PV
2020,12,20,Guerrero,Copanatoyac,OI
2020,12,20,Guerrero,Copanatoyac,PV
2020,12,22,Guerrero,Coyuca de Catalán,OI
2020,12,22,Guerrero,Coyuca de Catalán,PV
2020,12,24,Guerrero,Cualác,PV
2020,12,25,Guerrero,Cuautepec,OI
2020,12,25,Guerrero,Cuautepec,PV
2020,12,26,Guerrero,Cuetzala del Progreso,PV
2020,12,27,Guerrero,Cutzamala de Pinzón,OI
2020,12,27,Guerrero,Cutzamala de Pinzón,PV
2020,12,30,Guerrero,Florencio Villarreal,OI
2020,12,30,Guerrero,Florencio Villarreal,PV
2020,12,31,Guerrero,General Canuto A. Neri,PV
2020,12,33,Guerrero,Huamuxtitlán,OI
2020,12,33,Guerrero,Huamuxtitlán,PV
2020,12,37,Guerrero,Ixcateopan de Cuauhtémoc,PV
2020,12,41,Guerrero,Malinaltepec,OI
2020,12,41,Guerrero,Malinaltepec,PV
2020,12,42,Guerrero,Mártir de Cuilapan,PV
2020,12,43,Guerrero,Metlatónoc,OI
2020,12,43,Guerrero,Metlatónoc,PV
2020,12,47,Guerrero,Pedro Ascencio Alquisiras,PV
2020,12,49,Guerrero,Pilcaya,OI
2020,12,49,Guerrero,Pilcaya,PV
2020,12,51,Guerrero,Quechultenango,OI
2020,12,51,Guerrero,Quechultenango,PV
2020,12,52,Guerrero,San Luis Acatlán,OI
2020,12,52,Guerrero,San Luis Acatlán,PV
2020,12,54,Guerrero,San Miguel Totolapan,OI
2020,12,54,Guerrero,San Miguel Totolapan,PV
2020,12,56,Guerrero,Tecoanapa,OI
2020,12,56,Guerrero,Tecoanapa,PV
2020,12,58,Guerrero,Teloloapan,PV
2020,12,60,Guerrero,Tetipac,OI
2020,12,60,Guerrero,Tetipac,PV
2020,12,62,Guerrero,Tlacoachistlahuaca,OI
2020,12,62,Guerrero,Tlacoachistlahuaca,PV
2020,12,63,Guerrero,Tlacoapa,OI
2020,12,63,Guerrero,Tlacoapa,PV
2020,12,64,Guerrero,Tlalchapa,OI
2020,12,64,Guerrero,Tlalchapa,PV
2020,12,65,Guerrero,Tlalixtaquilla de Maldonado,OI
2020,12,65,Guerrero,Tlalixtaquilla de Maldonado,PV
2020,12,67,Guerrero,Tlapehuala,OI
2020,12,67,Guerrero,Tlapehuala,PV
2020,12,69,Guerrero,Xalpatláhuac,OI
2020,12,69,Guerrero,Xalpatláhuac,PV
2020,12,71,Guerrero,Xochistlahuaca,OI
2020,12,71,Guerrero,Xochistlahuaca,PV
2020,12,72,Guerrero,Zapotitlán Tablas,OI
2020,12,72,Guerrero,Zapotitlán Tablas,PV
2020,12,74,Guerrero,Zitlala,OI
2020,12,74,Guerrero,Zitlala,PV
2020,12,75,Guerrero,Eduardo Neri,OI
2020,12,75,Guerrero,Eduardo Neri,PV
2020,12,76,Guerrero,Acatepec,OI
2020,12,76,Guerrero,Acatepec,PV
2020,12,77,Guerrero,Marquelia,OI
2020,12,77,Guerrero,Marquelia,PV
2020,12,78,Guerrero,Cochoapa El Grande,OI
2020,12,78,Guerrero,Cochoapa El Grande,PV
2020,12,79,Guerrero,José Joaquín de Herrera,PV
2020,12,80,Guerrero,Juchitán,OI
2020,12,80,Guerrero,Juchitán,PV
2020,12,81,Guerrero,Iliatenco,PV
2020,13,1,Hidalgo,Acatlán,PV
2020,13,4,Hidalgo,Agua Blanca de Iturbide,PV
2020,13,5,Hidalgo,Ajacuba,PV
2020,13,7,Hidalgo,Almoloya,PV
2020,13,9,Hidalgo,El Arenal,PV
2020,13,10,Hidalgo,Atitalaquia,PV
2020,13,12,Hidalgo,Atotonilco El Grande,PV
2020,13,14,Hidalgo,Calnali,OI
2020,13,14,Hidalgo,Calnali,PV
2020,13,15,Hidalgo,Cardonal,PV
2020,13,17,Hidalgo,Chapantongo,PV
2020,13,18,Hidalgo,Chapulhuacán,OI
2020,13,18,Hidalgo,Chapulhuacán,PV
2020,13,20,Hidalgo,Eloxochitlán,OI
2020,13,20,Hidalgo,Eloxochitlán,PV
2020,13,21,Hidalgo,Emiliano Zapata,PV
2020,13,22,Hidalgo,Epazoyucan,PV
2020,13,23,Hidalgo,Francisco I. Madero,PV
2020,13,24,Hidalgo,Huasca de Ocampo,PV
2020,13,26,Hidalgo,Huazalingo,OI
2020,13,26,Hidalgo,Huazalingo,PV
2020,13,29,Hidalgo,Huichapan,OI
2020,13,29,Hidalgo,Huichapan,PV
2020,13,31,Hidalgo,Jacala de Ledezma,OI
2020,13,31,Hidalgo,Jacala de Ledezma,PV
2020,13,32,Hidalgo,Jaltocán,OI
2020,13,32,Hidalgo,Jaltocán,PV
2020,13,33,Hidalgo,Juárez Hidalgo,PV
2020,13,34,Hidalgo,Lolotla,OI
2020,13,34,Hidalgo,Lolotla,PV
2020,13,35,Hidalgo,Metepec,PV
2020,13,36,Hidalgo,San Agustín Metzquititlán,OI
2020,13,36,Hidalgo,San Agustín Metzquititlán,PV
2020,13,39,Hidalgo,Mineral del Monte,PV
2020,13,40,Hidalgo,La Misión,PV
2020,13,42,Hidalgo,Molango de Escamilla,OI
2020,13,42,Hidalgo,Molango de Escamilla,PV
2020,13,43,Hidalgo,Nicolás Flores,OI
2020,13,43,Hidalgo,Nicolás Flores,PV
2020,13,44,Hidalgo,Nopala de Villagrán,PV
2020,13,45,Hidalgo,Omitlán de Juárez,PV
2020,13,47,Hidalgo,Pacula,OI
2020,13,47,Hidalgo,Pacula,PV
2020,13,49,Hidalgo,Pisaflores,PV
2020,13,50,Hidalgo,Progreso de Obregón,PV
2020,13,51,Hidalgo,Mineral de La Reforma,PV
2020,13,52,Hidalgo,San Agustín Tlaxiaca,PV
2020,13,53,Hidalgo,San Bartolo Tutotepec,OI
2020,13,53,Hidalgo,San Bartolo Tutotepec,PV
2020,13,54,Hidalgo,San Salvador,PV
2020,13,55,Hidalgo,Santiago de Anaya,PV
2020,13,56,Hidalgo,Santiago Tulantepec de Lugo Guerrero,PV
2020,13,57,Hidalgo,Singuilucan,PV
2020,13,58,Hidalgo,Tasquillo,PV
2020,13,59,Hidalgo,Tecozautla,OI
2020,13,59,Hidalgo,Tecozautla,PV
2020,13,60,Hidalgo,Tenango de Doria,OI
2020,13,60,Hidalgo,Tenango de Doria,PV
2020,13,61,Hidalgo,Tepeapulco,PV
2020,13,62,Hidalgo,Tepehuacán de Guerrero,OI
2020,13,62,Hidalgo,Tepehuacán de Guerrero,PV
2020,13,63,Hidalgo,Tepeji del Río de Ocampo,PV
2020,13,65,Hidalgo,Tetepango,PV
2020,13,66,Hidalgo,Villa de Tezontepec,PV
2020,13,67,Hidalgo,Tezontepec de Aldama,PV
2020,13,68,Hidalgo,Tianguistengo,OI
2020,13,68,Hidalgo,Tianguistengo,PV
2020,13,69,Hidalgo,Tizayuca,PV
2020,13,70,Hidalgo,Tlahuelilpan,PV
2020,13,71,Hidalgo,Tlahuiltepa,OI
2020,13,71,Hidalgo,Tlahuiltepa,PV
2020,13,72,Hidalgo,Tlanalapa,PV
2020,13,74,Hidalgo,Tlaxcoapan,PV
2020,13,75,Hidalgo,Tolcayuca,PV
2020,13,78,Hidalgo,Xochiatipan,OI
2020,13,78,Hidalgo,Xochiatipan,PV
2020,13,79,Hidalgo,Xochicoatlán,OI
2020,13,79,Hidalgo,Xochicoatlán,PV
2020,13,80,Hidalgo,Yahualica,OI
2020,13,80,Hidalgo,Yahualica,PV
2020,13,82,Hidalgo,Zapotlán de Juárez,PV
2020,13,83,Hidalgo,Zempoala,PV
2020,14,1,Jalisco,Acatic,PV
2020,14,3,Jalisco,Ahualulco de Mercado,PV
2020,14,4,Jalisco,Amacueca,OI
2020,14,4,Jalisco,Amacueca,PV
2020,14,7,Jalisco,San Juanito de Escobedo,PV
2020,14,8,Jalisco,Arandas,PV
2020,14,9,Jalisco,El Arenal,PV
2020,14,10,Jalisco,Atemajac de Brizuela,PV
2020,14,11,Jalisco,Atengo,PV
2020,14,12,Jalisco,Atenguillo,PV
2020,14,14,Jalisco,Atoyac,OI
2020,14,20,Jalisco,Cabo Corrientes,OI
2020,14,20,Jalisco,Cabo Corrientes,PV
2020,14,24,Jalisco,Cocula,PV
2020,14,26,Jalisco,Concepción de Buenos Aires,PV
2020,14,27,Jalisco,Cuautitlán de García Barragán,OI
2020,14,27,Jalisco,Cuautitlán de García Barragán,PV
2020,14,28,Jalisco,Cuautla,PV
2020,14,29,Jalisco,Cuquío,PV
2020,14,31,Jalisco,Chimaltitán,OI
2020,14,32,Jalisco,Chiquilistlán,PV
2020,14,35,Jalisco,Encarnación de Díaz,PV
2020,14,36,Jalisco,Etzatlán,PV
2020,14,37,Jalisco,El Grullo,PV
2020,14,38,Jalisco,Guachinango,OI
2020,14,38,Jalisco,Guachinango,PV
2020,14,42,Jalisco,Huejuquilla El Alto,PV
2020,14,44,Jalisco,Ixtlahuacán de Los Membrillos,PV
2020,14,45,Jalisco,Ixtlahuacán del Río,PV
2020,14,48,Jalisco,Jesús María,PV
2020,14,52,Jalisco,Juchitlán,PV
2020,14,55,Jalisco,Magdalena,OI
2020,14,55,Jalisco,Magdalena,PV
2020,14,56,Jalisco,Santa María del Oro,PV
2020,14,57,Jalisco,La Manzanilla de la Paz,PV
2020,14,59,Jalisco,Mazamitla,PV
2020,14,60,Jalisco,Mexticacán,PV
2020,14,62,Jalisco,Mixtlán,PV
2020,14,64,Jalisco,Ojuelos de Jalisco,PV
2020,14,69,Jalisco,Quitupan,OI
2020,14,69,Jalisco,Quitupan,PV
2020,14,72,Jalisco,San Diego de Alejandría,PV
2020,14,73,Jalisco,San Juan de Los Lagos,PV
2020,14,74,Jalisco,San Julián,PV
2020,14,75,Jalisco,San Marcos,PV
2020,14,77,Jalisco,San Martín Hidalgo,PV
2020,14,78,Jalisco,San Miguel El Alto,PV
2020,14,79,Jalisco,Gómez Farías,PV
2020,14,80,Jalisco,San Sebastián del Oeste,OI
2020,14,80,Jalisco,San Sebastián del Oeste,PV
2020,14,82,Jalisco,Sayula,PV
2020,14,84,Jalisco,Talpa de Allende,OI
2020,14,84,Jalisco,Talpa de Allende,PV
2020,14,85,Jalisco,Tamazula de Gordiano,OI
2020,14,85,Jalisco,Tamazula de Gordiano,PV
2020,14,86,Jalisco,Tapalpa,PV
2020,14,87,Jalisco,Tecalitlán,OI
2020,14,87,Jalisco,Tecalitlán,PV
2020,14,88,Jalisco,Tecolotlán,PV
2020,14,89,Jalisco,Techaluta de Montenegro,PV
2020,14,90,Jalisco,Tenamaxtlán,PV
2020,14,92,Jalisco,Teocuitatlán de Corona,PV
2020,14,93,Jalisco,Tepatitlán de Morelos,PV
2020,14,94,Jalisco,Tequila,OI
2020,14,94,Jalisco,Tequila,PV
2020,14,101,Jalisco,Tonalá,PV
2020,14,102,Jalisco,Tonaya,PV
2020,14,103,Jalisco,Tonila,PV
2020,14,104,Jalisco,Totatiche,PV
2020,14,105,Jalisco,Tototlán,PV
2020,14,106,Jalisco,Tuxcacuesco,PV
2020,14,109,Jalisco,Unión de San Antonio,PV
2020,14,112,Jalisco,Valle de Juárez,PV
2020,14,113,Jalisco,San Gabriel,PV
2020,14,114,Jalisco,Villa Corona,PV
2020,14,115,Jalisco,Villa Guerrero,PV
2020,14,116,Jalisco,Villa Hidalgo,PV
2020,14,117,Jalisco,Cañadas de Obregón,PV
2020,14,119,Jalisco,Zacoalco de Torres,OI
2020,14,119,Jalisco,Zacoalco de Torres,PV
2020,14,121,Jalisco,Zapotiltic,PV
2020,14,122,Jalisco,Zapotitlán de Vadillo,OI
2020,14,122,Jalisco,Zapotitlán de Vadillo,PV
2020,14,123,Jalisco,Zapotlán del Rey,PV
2020,14,124,Jalisco,Zapotlanejo,OI
2020,14,124,Jalisco,Zapotlanejo,PV
2020,15,1,México,Acambay de Ruíz Castañeda,PV
2020,15,4,México,Almoloya de Alquisiras,OI
2020,15,4,México,Almoloya de Alquisiras,PV
2020,15,6,México,Almoloya del Río,PV
2020,15,8,México,Amatepec,PV
2020,15,10,México,Apaxco,PV
2020,15,12,México,Atizapán,PV
2020,15,15,México,Atlautla,PV
2020,15,16,México,Axapusco,PV
2020,15,17,México,Ayapango,PV
2020,15,18,México,Calimaya,PV
2020,15,19,México,Capulhuac,PV
2020,15,20,México,Coacalco de Berriozábal,PV
2020,15,21,México,Coatepec Harinas,OI
2020,15,21,México,Coatepec Harinas,PV
2020,15,22,México,Cocotitlán,PV
2020,15,23,México,Coyotepec,PV
2020,15,24,México,Cuautitlán,PV
2020,15,26,México,Chapa de Mota,PV
2020,15,27,México,Chapultepec,PV
2020,15,28,México,Chiautla,PV
2020,15,29,México,Chicoloapan,PV
2020,15,30,México,Chiconcuac,PV
2020,15,31,México,Chimalhuacán,PV
2020,15,34,México,Ecatzingo,PV
2020,15,35,México,Huehuetoca,PV
2020,15,36,México,Hueypoxtla,PV
2020,15,40,México,Ixtapan de La Sal,OI
2020,15,40,México,Ixtapan de La Sal,PV
2020,15,41,México,Ixtapan del Oro,OI
2020,15,41,México,Ixtapan del Oro,PV
2020,15,43,México,Xalatlaco,PV
2020,15,44,México,Jaltenco,PV
2020,15,46,México,Jilotzingo,PV
2020,15,47,México,Jiquipilco,PV
2020,15,48,México,Jocotitlán,PV
2020,15,49,México,Joquicingo,PV
2020,15,50,México,Juchitepec,PV
2020,15,51,México,Lerma,PV
2020,15,53,México,Melchor Ocampo,PV
2020,15,54,México,Metepec,PV
2020,15,56,México,Morelos,PV
2020,15,59,México,Nextlalpan,PV
2020,15,60,México,Nicolás Romero,PV
2020,15,61,México,Nopaltepec,PV
2020,15,64,México,El Oro,PV
2020,15,65,México,Otumba,PV
2020,15,66,México,Otzoloapan,PV
2020,15,67,México,Otzolotepec,PV
2020,15,68,México,Ozumba,PV
2020,15,69,México,Papalotla,PV
2020,15,71,México,Polotitlán,PV
2020,15,72,México,Rayón,PV
2020,15,73,México,San Antonio La Isla,PV
2020,15,75,México,San Martín de Las Pirámides,PV
2020,15,76,México,San Mateo Atenco,PV
2020,15,77,México,San Simón de Guerrero,OI
2020,15,77,México,San Simón de Guerrero,PV
2020,15,78,México,Santo Tomás,OI
2020,15,78,México,Santo Tomás,PV
2020,15,79,México,Soyaniquilpan de Juárez,PV
2020,15,80,México,Sultepec,OI
2020,15,80,México,Sultepec,PV
2020,15,82,México,Tejupilco,OI
2020,15,82,México,Tejupilco,PV
2020,15,84,México,Temascalapa,PV
2020,15,85,México,Temascalcingo,PV
2020,15,86,México,Temascaltepec,OI
2020,15,86,México,Temascaltepec,PV
2020,15,88,México,Tenancingo,PV
2020,15,89,México,Tenango del Aire,PV
2020,15,92,México,Teotihuacán,PV
2020,15,93,México,Tepetlaoxtoc,PV
2020,15,94,México,Tepetlixpa,PV
2020,15,98,México,Texcalyacac,PV
2020,15,103,México,Tlalmanalco,PV
2020,15,107,México,Tonatico,OI
2020,15,107,México,Tonatico,PV
2020,15,108,México,Tultepec,PV
2020,15,115,México,Xonacatlán,PV
2020,15,116,México,Zacazonapan,PV
2020,15,117,México,Zacualpan,PV
2020,15,119,México,Zumpahuacán,OI
2020,15,119,México,Zumpahuacán,PV
2020,15,120,México,Zumpango,PV
2020,15,121,México,Cuautitlán Izcalli,PV
2020,15,122,México,Valle de Chalco Solidaridad,PV
2020,15,123,México,Luvianos,PV
2020,15,124,México,San José del Rincón,PV
2020,15,125,México,Tonanitla,PV
2020,16,1,Michoacán,Acuitzio,PV
2020,16,2,Michoacán,Aguililla,OI
2020,16,2,Michoacán,Aguililla,PV
2020,16,5,Michoacán,Angangueo,PV
2020,16,7,Michoacán,Aporo,PV
2020,16,8,Michoacán,Aquila,OI
2020,16,8,Michoacán,Aquila,PV
2020,16,9,Michoacán,Ario,OI
2020,16,9,Michoacán,Ario,PV
2020,16,11,Michoacán,Briseñas,PV
2020,16,12,Michoacán,Buenavista,OI
2020,16,12,Michoacán,Buenavista,PV
2020,16,13,Michoacán,Carácuaro,OI
2020,16,13,Michoacán,Carácuaro,PV
2020,16,14,Michoacán,Coahuayana,OI
2020,16,14,Michoacán,Coahuayana,PV
2020,16,15,Michoacán,Coalcomán de Vázquez Pallares,OI
2020,16,15,Michoacán,Coalcomán de Vázquez Pallares,PV
2020,16,16,Michoacán,Coeneo,PV
2020,16,18,Michoacán,Copándaro,OI
2020,16,18,Michoacán,Copándaro,PV
2020,16,20,Michoacán,Cuitzeo,PV
2020,16,21,Michoacán,Charapan,PV
2020,16,22,Michoacán,Charo,PV
2020,16,23,Michoacán,Chavinda,PV
2020,16,24,Michoacán,Cherán,PV
2020,16,25,Michoacán,Chilchota,PV
2020,16,26,Michoacán,Chinicuila,OI
2020,16,26,Michoacán,Chinicuila,PV
2020,16,27,Michoacán,Chucándiro,OI
2020,16,27,Michoacán,Chucándiro,PV
2020,16,28,Michoacán,Churintzio,PV
2020,16,29,Michoacán,Churumuco,OI
2020,16,29,Michoacán,Churumuco,PV
2020,16,30,Michoacán,Ecuandureo,PV
2020,16,31,Michoacán,Epitacio Huerta,PV
2020,16,32,Michoacán,Erongarícuaro,PV
2020,16,33,Michoacán,Gabriel Zamora,OI
2020,16,33,Michoacán,Gabriel Zamora,PV
2020,16,36,Michoacán,Huandacareo,OI
2020,16,36,Michoacán,Huandacareo,PV
2020,16,37,Michoacán,Huaniqueo,PV
2020,16,40,Michoacán,Indaparapeo,PV
2020,16,41,Michoacán,Irimbo,PV
2020,16,45,Michoacán,Jiquilpan,PV
2020,16,46,Michoacán,Juárez,PV
2020,16,47,Michoacán,Jungapeo,OI
2020,16,47,Michoacán,Jungapeo,PV
2020,16,48,Michoacán,Lagunillas,PV
2020,16,51,Michoacán,Marcos Castellanos,PV
2020,16,54,Michoacán,Morelos,PV
2020,16,55,Michoacán,Múgica,OI
2020,16,55,Michoacán,Múgica,PV
2020,16,56,Michoacán,Nahuatzen,PV
2020,16,57,Michoacán,Nocupétaro,OI
2020,16,57,Michoacán,Nocupétaro,PV
2020,16,58,Michoacán,Nuevo Parangaricutiro,PV
2020,16,59,Michoacán,Nuevo Urecho,OI
2020,16,59,Michoacán,Nuevo Urecho,PV
2020,16,62,Michoacán,Pajacuarán,PV
2020,16,63,Michoacán,Panindícuaro,PV
2020,16,64,Michoacán,Parácuaro,OI
2020,16,64,Michoacán,Parácuaro,PV
2020,16,65,Michoacán,Paracho,PV
2020,16,66,Michoacán,Pátzcuaro,PV
2020,16,68,Michoacán,Peribán,PV
2020,16,70,Michoacán,Purépero,PV
2020,16,71,Michoacán,Puruándiro,PV
2020,16,73,Michoacán,Quiroga,PV
2020,16,74,Michoacán,Cojumatlán de Régules,PV
2020,16,75,Michoacán,Los Reyes,PV
2020,16,77,Michoacán,San Lucas,OI
2020,16,77,Michoacán,San Lucas,PV
2020,16,78,Michoacán,Santa Ana Maya,OI
2020,16,78,Michoacán,Santa Ana Maya,PV
2020,16,79,Michoacán,Salvador Escalante,PV
2020,16,81,Michoacán,Susupuato,OI
2020,16,81,Michoacán,Susupuato,PV
2020,16,82,Michoacán,Tacámbaro,PV
2020,16,83,Michoacán,Tancítaro,OI
2020,16,83,Michoacán,Tancítaro,PV
2020,16,84,Michoacán,Tangamandapio,PV
2020,16,86,Michoacán,Tanhuato,PV
2020,16,87,Michoacán,Taretan,OI
2020,16,87,Michoacán,Taretan,PV
2020,16,88,Michoacán,Tarímbaro,PV
2020,16,90,Michoacán,Tingambato,PV
2020,16,91,Michoacán,Tingüindín,PV
2020,16,92,Michoacán,Tiquicheo de Nicolás Romero,OI
2020,16,92,Michoacán,Tiquicheo de Nicolás Romero,PV
2020,16,93,Michoacán,Tlalpujahua,PV
2020,16,95,Michoacán,Tocumbo,PV
2020,16,96,Michoacán,Tumbiscatío,OI
2020,16,96,Michoacán,Tumbiscatío,PV
2020,16,97,Michoacán,Turicato,OI
2020,16,97,Michoacán,Turicato,PV
2020,16,98,Michoacán,Tuxpan,OI
2020,16,98,Michoacán,Tuxpan,PV
2020,16,99,Michoacán,Tuzantla,OI
2020,16,99,Michoacán,Tuzantla,PV
2020,16,100,Michoacán,Tzintzuntzan,PV
2020,16,101,Michoacán,Tzitzio,PV
2020,16,109,Michoacán,Zináparo,PV
2020,16,111,Michoacán,Ziracuaretiro,PV
2020,17,10,Morelos,Jantetelco,PV
2020,17,22,Morelos,Tetela del Volcán,PV
2020,17,26,Morelos,Tlayacapan,PV
2020,18,2,Nayarit,Ahuacatlán,PV
2020,18,3,Nayarit,Amatlán de Cañas,PV
2020,18,4,Nayarit,Compostela,OI
2020,18,4,Nayarit,Compostela,PV
2020,18,7,Nayarit,Jala,PV
2020,18,8,Nayarit,Xalisco,PV
2020,18,13,Nayarit,San Pedro Lagunillas,PV
2020,18,14,Nayarit,Santa María del Oro,PV
2020,18,16,Nayarit,Tecuala,OI
2020,18,16,Nayarit,Tecuala,PV
2020,18,18,Nayarit,Tuxpan,OI
2020,18,18,Nayarit,Tuxpan,PV
2020,19,8,Nuevo León,Bustamante,PV
2020,19,20,Nuevo León,General Bravo,OI
2020,19,22,Nuevo León,General Terán,PV
2020,19,30,Nuevo León,Iturbide,PV
2020,19,31,Nuevo León,Juárez,OI
2020,19,31,Nuevo León,Juárez,PV
2020,19,32,Nuevo León,Lampazos de Naranjo,PV
2020,19,37,Nuevo León,Mina,PV
2020,19,41,Nuevo León,Pesquería,OI
2020,19,41,Nuevo León,Pesquería,PV
2020,19,43,Nuevo León,Rayones,PV
2020,19,44,Nuevo León,Sabinas Hidalgo,PV
2020,19,51,Nuevo León,Villaldama,PV
2020,20,1,Oaxaca,Abejones,PV
2020,20,3,Oaxaca,Asunción Cacalotepec,OI
2020,20,3,Oaxaca,Asunción Cacalotepec,PV
2020,20,4,Oaxaca,Asunción Cuyotepeji,OI
2020,20,4,Oaxaca,Asunción Cuyotepeji,PV
2020,20,7,Oaxaca,Asunción Ocotlán,OI
2020,20,7,Oaxaca,Asunción Ocotlán,PV
2020,20,8,Oaxaca,Asunción Tlacolulita,OI
2020,20,8,Oaxaca,Asunción Tlacolulita,PV
2020,20,9,Oaxaca,Ayotzintepec,OI
2020,20,9,Oaxaca,Ayotzintepec,PV
2020,20,10,Oaxaca,El Barrio de la Soledad,OI
2020,20,10,Oaxaca,El Barrio de la Soledad,PV
2020,20,12,Oaxaca,Candelaria Loxicha,OI
2020,20,12,Oaxaca,Candelaria Loxicha,PV
2020,20,13,Oaxaca,Ciénega de Zimatlán,OI
2020,20,13,Oaxaca,Ciénega de Zimatlán,PV
2020,20,15,Oaxaca,Coatecas Altas,OI
2020,20,15,Oaxaca,Coatecas Altas,PV
2020,20,16,Oaxaca,Coicoyán de Las Flores,OI
2020,20,16,Oaxaca,Coicoyán de Las Flores,PV
2020,20,17,Oaxaca,La Compañía,OI
2020,20,17,Oaxaca,La Compañía,PV
2020,20,18,Oaxaca,Concepción Buenavista,PV
2020,20,19,Oaxaca,Concepción Pápalo,OI
2020,20,19,Oaxaca,Concepción Pápalo,PV
2020,20,20,Oaxaca,Constancia del Rosario,OI
2020,20,20,Oaxaca,Constancia del Rosario,PV
2020,20,21,Oaxaca,Cosolapa,OI
2020,20,21,Oaxaca,Cosolapa,PV
2020,20,23,Oaxaca,Cuilápam de Guerrero,OI
2020,20,23,Oaxaca,Cuilápam de Guerrero,PV
2020,20,24,Oaxaca,Cuyamecalco Villa de Zaragoza,PV
2020,20,25,Oaxaca,Chahuites,OI
2020,20,25,Oaxaca,Chahuites,PV
2020,20,26,Oaxaca,Chalcatongo de Hidalgo,PV
2020,20,27,Oaxaca,Chiquihuitlán de Benito Juárez,PV
2020,20,28,Oaxaca,Heroica Ciudad de Ejutla de Crespo,OI
2020,20,28,Oaxaca,Heroica Ciudad de Ejutla de Crespo,PV
2020,20,29,Oaxaca,Eloxochitlán de Flores Magón,PV
2020,20,30,Oaxaca,El Espinal,OI
2020,20,30,Oaxaca,El Espinal,PV
2020,20,31,Oaxaca,Tamazulápam del Espíritu Santo,OI
2020,20,31,Oaxaca,Tamazulápam del Espíritu Santo,PV
2020,20,32,Oaxaca,Fresnillo de Trujano,PV
2020,20,33,Oaxaca,Guadalupe Etla,OI
2020,20,33,Oaxaca,Guadalupe Etla,PV
2020,20,34,Oaxaca,Guadalupe de Ramírez,PV
2020,20,35,Oaxaca,Guelatao de Juárez,OI
2020,20,35,Oaxaca,Guelatao de Juárez,PV
2020,20,36,Oaxaca,Guevea de Humboldt,OI
2020,20,36,Oaxaca,Guevea de Humboldt,PV
2020,20,37,Oaxaca,Mesones Hidalgo,OI
2020,20,37,Oaxaca,Mesones Hidalgo,PV
2020,20,38,Oaxaca,Villa Hidalgo,OI
2020,20,38,Oaxaca,Villa Hidalgo,PV
2020,20,40,Oaxaca,Huautepec,PV
2020,20,41,Oaxaca,Huautla de Jiménez,OI
2020,20,41,Oaxaca,Huautla de Jiménez,PV
2020,20,42,Oaxaca,Ixtlán de Juárez,OI
2020,20,42,Oaxaca,Ixtlán de Juárez,PV
2020,20,44,Oaxaca,Loma Bonita,OI
2020,20,44,Oaxaca,Loma Bonita,PV
2020,20,45,Oaxaca,Magdalena Apasco,OI
2020,20,45,Oaxaca,Magdalena Apasco,PV
2020,20,46,Oaxaca,Magdalena Jaltepec,PV
2020,20,47,Oaxaca,Santa Magdalena Jicotlán,PV
2020,20,48,Oaxaca,Magdalena Mixtepec,OI
2020,20,48,Oaxaca,Magdalena Mixtepec,PV
2020,20,49,Oaxaca,Magdalena Ocotlán,OI
2020,20,49,Oaxaca,Magdalena Ocotlán,PV
2020,20,50,Oaxaca,Magdalena Peñasco,PV
2020,20,51,Oaxaca,Magdalena Teitipac,PV
2020,20,53,Oaxaca,Magdalena Tlacotepec,OI
2020,20,53,Oaxaca,Magdalena Tlacotepec,PV
2020,20,54,Oaxaca,Magdalena Zahuatlán,PV
2020,20,55,Oaxaca,Mariscala de Juárez,OI
2020,20,55,Oaxaca,Mariscala de Juárez,PV
2020,20,56,Oaxaca,Mártires de Tacubaya,OI
2020,20,56,Oaxaca,Mártires de Tacubaya,PV
2020,20,58,Oaxaca,Mazatlán Villa de Flores,OI
2020,20,58,Oaxaca,Mazatlán Villa de Flores,PV
2020,20,60,Oaxaca,Mixistlán de La Reforma,PV
2020,20,61,Oaxaca,Monjas,OI
2020,20,61,Oaxaca,Monjas,PV
2020,20,62,Oaxaca,Natividad,PV
2020,20,63,Oaxaca,Nazareno Etla,OI
2020,20,63,Oaxaca,Nazareno Etla,PV
2020,20,64,Oaxaca,Nejapa de Madero,OI
2020,20,64,Oaxaca,Nejapa de Madero,PV
2020,20,65,Oaxaca,Ixpantepec Nieves,PV
2020,20,66,Oaxaca,Santiago Niltepec,OI
2020,20,66,Oaxaca,Santiago Niltepec,PV
2020,20,68,Oaxaca,Ocotlán de Morelos,OI
2020,20,68,Oaxaca,Ocotlán de Morelos,PV
2020,20,69,Oaxaca,La Pe,OI
2020,20,69,Oaxaca,La Pe,PV
2020,20,70,Oaxaca,Pinotepa de Don Luis,OI
2020,20,70,Oaxaca,Pinotepa de Don Luis,PV
2020,20,71,Oaxaca,Pluma Hidalgo,PV
2020,20,72,Oaxaca,San José del Progreso,OI
2020,20,72,Oaxaca,San José del Progreso,PV
2020,20,74,Oaxaca,Santa Catarina Quioquitani,PV
2020,20,75,Oaxaca,Reforma de Pineda,OI
2020,20,75,Oaxaca,Reforma de Pineda,PV
2020,20,76,Oaxaca,La Reforma,OI
2020,20,76,Oaxaca,La Reforma,PV
2020,20,77,Oaxaca,Reyes Etla,OI
2020,20,77,Oaxaca,Reyes Etla,PV
2020,20,78,Oaxaca,Rojas de Cuauhtémoc,OI
2020,20,78,Oaxaca,Rojas de Cuauhtémoc,PV
2020,20,80,Oaxaca,San Agustín Amatengo,OI
2020,20,80,Oaxaca,San Agustín Amatengo,PV
2020,20,81,Oaxaca,San Agustín Atenango,OI
2020,20,81,Oaxaca,San Agustín Atenango,PV
2020,20,82,Oaxaca,San Agustín Chayuco,OI
2020,20,82,Oaxaca,San Agustín Chayuco,PV
2020,20,84,Oaxaca,San Agustín Etla,PV
2020,20,85,Oaxaca,San Agustín Loxicha,PV
2020,20,86,Oaxaca,San Agustín Tlacotepec,PV
2020,20,87,Oaxaca,San Agustín Yatareni,PV
2020,20,88,Oaxaca,San Andrés Cabecera Nueva,PV
2020,20,89,Oaxaca,San Andrés Dinicuiti,OI
2020,20,89,Oaxaca,San Andrés Dinicuiti,PV
2020,20,90,Oaxaca,San Andrés Huaxpaltepec,OI
2020,20,90,Oaxaca,San Andrés Huaxpaltepec,PV
2020,20,91,Oaxaca,San Andrés Huayápam,OI
2020,20,91,Oaxaca,San Andrés Huayápam,PV
2020,20,92,Oaxaca,San Andrés Ixtlahuaca,OI
2020,20,92,Oaxaca,San Andrés Ixtlahuaca,PV
2020,20,93,Oaxaca,San Andrés Lagunas,PV
2020,20,94,Oaxaca,San Andrés Nuxiño,OI
2020,20,94,Oaxaca,San Andrés Nuxiño,PV
2020,20,95,Oaxaca,San Andrés Paxtlán,PV
2020,20,96,Oaxaca,San Andrés Sinaxtla,PV
2020,20,97,Oaxaca,San Andrés Solaga,OI
2020,20,97,Oaxaca,San Andrés Solaga,PV
2020,20,98,Oaxaca,San Andrés Teotilálpam,OI
2020,20,98,Oaxaca,San Andrés Teotilálpam,PV
2020,20,99,Oaxaca,San Andrés Tepetlapa,PV
2020,20,100,Oaxaca,San Andrés Yaá,PV
2020,20,101,Oaxaca,San Andrés Zabache,OI
2020,20,101,Oaxaca,San Andrés Zabache,PV
2020,20,102,Oaxaca,San Andrés Zautla,OI
2020,20,102,Oaxaca,San Andrés Zautla,PV
2020,20,103,Oaxaca,San Antonino Castillo Velasco,OI
2020,20,103,Oaxaca,San Antonino Castillo Velasco,PV
2020,20,104,Oaxaca,San Antonino El Alto,OI
2020,20,104,Oaxaca,San Antonino El Alto,PV
2020,20,106,Oaxaca,San Antonio Acutla,PV
2020,20,107,Oaxaca,San Antonio de La Cal,OI
2020,20,107,Oaxaca,San Antonio de La Cal,PV
2020,20,108,Oaxaca,San Antonio Huitepec,OI
2020,20,108,Oaxaca,San Antonio Huitepec,PV
2020,20,109,Oaxaca,San Antonio Nanahuatípam,OI
2020,20,109,Oaxaca,San Antonio Nanahuatípam,PV
2020,20,110,Oaxaca,San Antonio Sinicahua,PV
2020,20,111,Oaxaca,San Antonio Tepetlapa,OI
2020,20,111,Oaxaca,San Antonio Tepetlapa,PV
2020,20,112,Oaxaca,San Baltazar Chichicápam,OI
2020,20,112,Oaxaca,San Baltazar Chichicápam,PV
2020,20,113,Oaxaca,San Baltazar Loxicha,OI
2020,20,113,Oaxaca,San Baltazar Loxicha,PV
2020,20,114,Oaxaca,San Baltazar Yatzachi El Bajo,PV
2020,20,115,Oaxaca,San Bartolo Coyotepec,OI
2020,20,115,Oaxaca,San Bartolo Coyotepec,PV
2020,20,116,Oaxaca,San Bartolomé Ayautla,OI
2020,20,116,Oaxaca,San Bartolomé Ayautla,PV
2020,20,117,Oaxaca,San Bartolomé Loxicha,OI
2020,20,117,Oaxaca,San Bartolomé Loxicha,PV
2020,20,118,Oaxaca,San Bartolomé Quialana,OI
2020,20,118,Oaxaca,San Bartolomé Quialana,PV
2020,20,119,Oaxaca,San Bartolomé Yucuañe,PV
2020,20,120,Oaxaca,San Bartolomé Zoogocho,PV
2020,20,121,Oaxaca,San Bartolo Soyaltepec,PV
2020,20,122,Oaxaca,San Bartolo Yautepec,PV
2020,20,123,Oaxaca,San Bernardo Mixtepec,OI
2020,20,123,Oaxaca,San Bernardo Mixtepec,PV
2020,20,125,Oaxaca,San Carlos Yautepec,OI
2020,20,125,Oaxaca,San Carlos Yautepec,PV
2020,20,126,Oaxaca,San Cristóbal Amatlán,OI
2020,20,126,Oaxaca,San Cristóbal Amatlán,PV
2020,20,127,Oaxaca,San Cristóbal Amoltepec,PV
2020,20,128,Oaxaca,San Cristóbal Lachirioag,OI
2020,20,128,Oaxaca,San Cristóbal Lachirioag,PV
2020,20,129,Oaxaca,San Cristóbal Suchixtlahuaca,PV
2020,20,130,Oaxaca,San Dionisio del Mar,PV
2020,20,131,Oaxaca,San Dionisio Ocotepec,PV
2020,20,132,Oaxaca,San Dionisio Ocotlán,OI
2020,20,132,Oaxaca,San Dionisio Ocotlán,PV
2020,20,133,Oaxaca,San Esteban Atatlahuca,PV
2020,20,135,Oaxaca,San Felipe Tejalápam,OI
2020,20,135,Oaxaca,San Felipe Tejalápam,PV
2020,20,137,Oaxaca,San Francisco Cahuacuá,OI
2020,20,137,Oaxaca,San Francisco Cahuacuá,PV
2020,20,138,Oaxaca,San Francisco Cajonos,PV
2020,20,139,Oaxaca,San Francisco Chapulapa,PV
2020,20,140,Oaxaca,San Francisco Chindúa,PV
2020,20,141,Oaxaca,San Francisco del Mar,OI
2020,20,141,Oaxaca,San Francisco del Mar,PV
2020,20,142,Oaxaca,San Francisco Huehuetlán,PV
2020,20,143,Oaxaca,San Francisco Ixhuatán,OI
2020,20,143,Oaxaca,San Francisco Ixhuatán,PV
2020,20,144,Oaxaca,San Francisco Jaltepetongo,PV
2020,20,145,Oaxaca,San Francisco Lachigoló,OI
2020,20,145,Oaxaca,San Francisco Lachigoló,PV
2020,20,146,Oaxaca,San Francisco Logueche,PV
2020,20,147,Oaxaca,San Francisco Nuxaño,PV
2020,20,148,Oaxaca,San Francisco Ozolotepec,PV
2020,20,149,Oaxaca,San Francisco Sola,OI
2020,20,149,Oaxaca,San Francisco Sola,PV
2020,20,150,Oaxaca,San Francisco Telixtlahuaca,OI
2020,20,150,Oaxaca,San Francisco Telixtlahuaca,PV
2020,20,151,Oaxaca,San Francisco Teopan,PV
2020,20,152,Oaxaca,San Francisco Tlapancingo,OI
2020,20,152,Oaxaca,San Francisco Tlapancingo,PV
2020,20,153,Oaxaca,San Gabriel Mixtepec,OI
2020,20,153,Oaxaca,San Gabriel Mixtepec,PV
2020,20,154,Oaxaca,San Ildefonso Amatlán,OI
2020,20,154,Oaxaca,San Ildefonso Amatlán,PV
2020,20,155,Oaxaca,San Ildefonso Sola,OI
2020,20,155,Oaxaca,San Ildefonso Sola,PV
2020,20,156,Oaxaca,San Ildefonso Villa Alta,OI
2020,20,156,Oaxaca,San Ildefonso Villa Alta,PV
2020,20,157,Oaxaca,San Jacinto Amilpas,OI
2020,20,157,Oaxaca,San Jacinto Amilpas,PV
2020,20,158,Oaxaca,San Jacinto Tlacotepec,OI
2020,20,158,Oaxaca,San Jacinto Tlacotepec,PV
2020,20,159,Oaxaca,San Jerónimo Coatlán,PV
2020,20,160,Oaxaca,San Jerónimo Silacayoapilla,PV
2020,20,161,Oaxaca,San Jerónimo Sosola,PV
2020,20,162,Oaxaca,San Jerónimo Taviche,PV
2020,20,163,Oaxaca,San Jerónimo Tecóatl,PV
2020,20,164,Oaxaca,San Jorge Nuchita,OI
2020,20,164,Oaxaca,San Jorge Nuchita,PV
2020,20,165,Oaxaca,San José Ayuquila,PV
2020,20,166,Oaxaca,San José Chiltepec,OI
2020,20,166,Oaxaca,San José Chiltepec,PV
2020,20,167,Oaxaca,San José del Peñasco,OI
2020,20,167,Oaxaca,San José del Peñasco,PV
2020,20,168,Oaxaca,San José Estancia Grande,PV
2020,20,169,Oaxaca,San José Independencia,OI
2020,20,169,Oaxaca,San José Independencia,PV
2020,20,170,Oaxaca,San José Lachiguiri,PV
2020,20,171,Oaxaca,San José Tenango,OI
2020,20,171,Oaxaca,San José Tenango,PV
2020,20,172,Oaxaca,San Juan Achiutla,PV
2020,20,174,Oaxaca,Ánimas Trujano,OI
2020,20,174,Oaxaca,Ánimas Trujano,PV
2020,20,175,Oaxaca,San Juan Bautista Atatlahuca,OI
2020,20,175,Oaxaca,San Juan Bautista Atatlahuca,PV
2020,20,176,Oaxaca,San Juan Bautista Coixtlahuaca,PV
2020,20,177,Oaxaca,San Juan Bautista Cuicatlán,OI
2020,20,177,Oaxaca,San Juan Bautista Cuicatlán,PV
2020,20,178,Oaxaca,San Juan Bautista Guelache,OI
2020,20,178,Oaxaca,San Juan Bautista Guelache,PV
2020,20,179,Oaxaca,San Juan Bautista Jayacatlán,OI
2020,20,179,Oaxaca,San Juan Bautista Jayacatlán,PV
2020,20,180,Oaxaca,San Juan Bautista Lo de Soto,OI
2020,20,180,Oaxaca,San Juan Bautista Lo de Soto,PV
2020,20,181,Oaxaca,San Juan Bautista Suchitepec,OI
2020,20,181,Oaxaca,San Juan Bautista Suchitepec,PV
2020,20,182,Oaxaca,San Juan Bautista Tlacoatzintepec,PV
2020,20,183,Oaxaca,San Juan Bautista Tlachichilco,OI
2020,20,183,Oaxaca,San Juan Bautista Tlachichilco,PV
2020,20,185,Oaxaca,San Juan Cacahuatepec,OI
2020,20,185,Oaxaca,San Juan Cacahuatepec,PV
2020,20,186,Oaxaca,San Juan Cieneguilla,PV
2020,20,187,Oaxaca,San Juan Coatzóspam,PV
2020,20,188,Oaxaca,San Juan Colorado,OI
2020,20,188,Oaxaca,San Juan Colorado,PV
2020,20,189,Oaxaca,San Juan Comaltepec,OI
2020,20,189,Oaxaca,San Juan Comaltepec,PV
2020,20,190,Oaxaca,San Juan Cotzocón,OI
2020,20,190,Oaxaca,San Juan Cotzocón,PV
2020,20,191,Oaxaca,San Juan Chicomezúchil,OI
2020,20,191,Oaxaca,San Juan Chicomezúchil,PV
2020,20,192,Oaxaca,San Juan Chilateca,OI
2020,20,192,Oaxaca,San Juan Chilateca,PV
2020,20,193,Oaxaca,San Juan del Estado,OI
2020,20,193,Oaxaca,San Juan del Estado,PV
2020,20,194,Oaxaca,San Juan del Río,OI
2020,20,194,Oaxaca,San Juan del Río,PV
2020,20,195,Oaxaca,San Juan Diuxi,PV
2020,20,196,Oaxaca,San Juan Evangelista Analco,PV
2020,20,197,Oaxaca,San Juan Guelavía,OI
2020,20,197,Oaxaca,San Juan Guelavía,PV
2020,20,198,Oaxaca,San Juan Guichicovi,OI
2020,20,198,Oaxaca,San Juan Guichicovi,PV
2020,20,199,Oaxaca,San Juan Ihualtepec,PV
2020,20,200,Oaxaca,San Juan Juquila Mixes,OI
2020,20,200,Oaxaca,San Juan Juquila Mixes,PV
2020,20,201,Oaxaca,San Juan Juquila Vijanos,OI
2020,20,201,Oaxaca,San Juan Juquila Vijanos,PV
2020,20,202,Oaxaca,San Juan Lachao,OI
2020,20,202,Oaxaca,San Juan Lachao,PV
2020,20,203,Oaxaca,San Juan Lachigalla,PV
2020,20,204,Oaxaca,San Juan Lajarcia,PV
2020,20,205,Oaxaca,San Juan Lalana,OI
2020,20,205,Oaxaca,San Juan Lalana,PV
2020,20,206,Oaxaca,San Juan de Los Cués,OI
2020,20,206,Oaxaca,San Juan de Los Cués,PV
2020,20,207,Oaxaca,San Juan Mazatlán,OI
2020,20,207,Oaxaca,San Juan Mazatlán,PV
2020,20,208,Oaxaca,San Juan Mixtepec,OI
2020,20,208,Oaxaca,San Juan Mixtepec,PV
2020,20,209,Oaxaca,San Juan Mixtepec,PV
2020,20,210,Oaxaca,San Juan Ñumí,OI
2020,20,210,Oaxaca,San Juan Ñumí,PV
2020,20,211,Oaxaca,San Juan Ozolotepec,PV
2020,20,212,Oaxaca,San Juan Petlapa,OI
2020,20,212,Oaxaca,San Juan Petlapa,PV
2020,20,213,Oaxaca,San Juan Quiahije,PV
2020,20,214,Oaxaca,San Juan Quiotepec,OI
2020,20,214,Oaxaca,San Juan Quiotepec,PV
2020,20,215,Oaxaca,San Juan Sayultepec,PV
2020,20,216,Oaxaca,San Juan Tabaá,OI
2020,20,216,Oaxaca,San Juan Tabaá,PV
2020,20,217,Oaxaca,San Juan Tamazola,PV
2020,20,218,Oaxaca,San Juan Teita,OI
2020,20,218,Oaxaca,San Juan Teita,PV
2020,20,219,Oaxaca,San Juan Teitipac,OI
2020,20,219,Oaxaca,San Juan Teitipac,PV
2020,20,220,Oaxaca,San Juan Tepeuxila,OI
2020,20,220,Oaxaca,San Juan Tepeuxila,PV
2020,20,222,Oaxaca,San Juan Yaeé,OI
2020,20,222,Oaxaca,San Juan Yaeé,PV
2020,20,223,Oaxaca,San Juan Yatzona,OI
2020,20,223,Oaxaca,San Juan Yatzona,PV
2020,20,224,Oaxaca,San Juan Yucuita,PV
2020,20,225,Oaxaca,San Lorenzo,OI
2020,20,225,Oaxaca,San Lorenzo,PV
2020,20,226,Oaxaca,San Lorenzo Albarradas,OI
2020,20,226,Oaxaca,San Lorenzo Albarradas,PV
2020,20,227,Oaxaca,San Lorenzo Cacaotepec,OI
2020,20,227,Oaxaca,San Lorenzo Cacaotepec,PV
2020,20,229,Oaxaca,San Lorenzo Texmelúcan,OI
2020,20,229,Oaxaca,San Lorenzo Texmelúcan,PV
2020,20,230,Oaxaca,San Lorenzo Victoria,OI
2020,20,230,Oaxaca,San Lorenzo Victoria,PV
2020,20,231,Oaxaca,San Lucas Camotlán,OI
2020,20,231,Oaxaca,San Lucas Camotlán,PV
2020,20,233,Oaxaca,San Lucas Quiaviní,OI
2020,20,233,Oaxaca,San Lucas Quiaviní,PV
2020,20,234,Oaxaca,San Lucas Zoquiápam,PV
2020,20,235,Oaxaca,San Luis Amatlán,OI
2020,20,235,Oaxaca,San Luis Amatlán,PV
2020,20,236,Oaxaca,San Marcial Ozolotepec,PV
2020,20,238,Oaxaca,San Martín de Los Cansecos,PV
2020,20,239,Oaxaca,San Martín Huamelúlpam,PV
2020,20,241,Oaxaca,San Martín Lachilá,OI
2020,20,241,Oaxaca,San Martín Lachilá,PV
2020,20,242,Oaxaca,San Martín Peras,PV
2020,20,243,Oaxaca,San Martín Tilcajete,PV
2020,20,244,Oaxaca,San Martín Toxpalan,OI
2020,20,244,Oaxaca,San Martín Toxpalan,PV
2020,20,245,Oaxaca,San Martín Zacatepec,OI
2020,20,245,Oaxaca,San Martín Zacatepec,PV
2020,20,246,Oaxaca,San Mateo Cajonos,PV
2020,20,247,Oaxaca,Capulálpam de Méndez,OI
2020,20,247,Oaxaca,Capulálpam de Méndez,PV
2020,20,248,Oaxaca,San Mateo del Mar,OI
2020,20,248,Oaxaca,San Mateo del Mar,PV
2020,20,249,Oaxaca,San Mateo Yoloxochitlán,OI
2020,20,249,Oaxaca,San Mateo Yoloxochitlán,PV
2020,20,251,Oaxaca,San Mateo Nejápam,OI
2020,20,251,Oaxaca,San Mateo Nejápam,PV
2020,20,252,Oaxaca,San Mateo Peñasco,OI
2020,20,252,Oaxaca,San Mateo Peñasco,PV
2020,20,253,Oaxaca,San Mateo Piñas,PV
2020,20,254,Oaxaca,San Mateo Río Hondo,PV
2020,20,255,Oaxaca,San Mateo Sindihui,OI
2020,20,255,Oaxaca,San Mateo Sindihui,PV
2020,20,256,Oaxaca,San Mateo Tlapiltepec,PV
2020,20,257,Oaxaca,San Melchor Betaza,OI
2020,20,257,Oaxaca,San Melchor Betaza,PV
2020,20,258,Oaxaca,San Miguel Achiutla,PV
2020,20,259,Oaxaca,San Miguel Ahuehuetitlán,OI
2020,20,259,Oaxaca,San Miguel Ahuehuetitlán,PV
2020,20,260,Oaxaca,San Miguel Aloápam,PV
2020,20,261,Oaxaca,San Miguel Amatitlán,PV
2020,20,263,Oaxaca,San Miguel Coatlán,OI
2020,20,263,Oaxaca,San Miguel Coatlán,PV
2020,20,264,Oaxaca,San Miguel Chicahua,PV
2020,20,265,Oaxaca,San Miguel Chimalapa,OI
2020,20,265,Oaxaca,San Miguel Chimalapa,PV
2020,20,266,Oaxaca,San Miguel del Puerto,OI
2020,20,266,Oaxaca,San Miguel del Puerto,PV
2020,20,267,Oaxaca,San Miguel del Río,PV
2020,20,268,Oaxaca,San Miguel Ejutla,OI
2020,20,268,Oaxaca,San Miguel Ejutla,PV
2020,20,269,Oaxaca,San Miguel El Grande,PV
2020,20,270,Oaxaca,San Miguel Huautla,PV
2020,20,271,Oaxaca,San Miguel Mixtepec,OI
2020,20,271,Oaxaca,San Miguel Mixtepec,PV
2020,20,272,Oaxaca,San Miguel Panixtlahuaca,OI
2020,20,272,Oaxaca,San Miguel Panixtlahuaca,PV
2020,20,273,Oaxaca,San Miguel Peras,OI
2020,20,273,Oaxaca,San Miguel Peras,PV
2020,20,274,Oaxaca,San Miguel Piedras,PV
2020,20,275,Oaxaca,San Miguel Quetzaltepec,OI
2020,20,275,Oaxaca,San Miguel Quetzaltepec,PV
2020,20,276,Oaxaca,San Miguel Santa Flor,PV
2020,20,277,Oaxaca,Villa Sola de Vega,OI
2020,20,277,Oaxaca,Villa Sola de Vega,PV
2020,20,279,Oaxaca,San Miguel Suchixtepec,PV
2020,20,280,Oaxaca,Villa Talea de Castro,OI
2020,20,280,Oaxaca,Villa Talea de Castro,PV
2020,20,281,Oaxaca,San Miguel Tecomatlán,PV
2020,20,282,Oaxaca,San Miguel Tenango,PV
2020,20,283,Oaxaca,San Miguel Tequixtepec,PV
2020,20,284,Oaxaca,San Miguel Tilquiápam,OI
2020,20,284,Oaxaca,San Miguel Tilquiápam,PV
2020,20,285,Oaxaca,San Miguel Tlacamama,OI
2020,20,285,Oaxaca,San Miguel Tlacamama,PV
2020,20,286,Oaxaca,San Miguel Tlacotepec,PV
2020,20,287,Oaxaca,San Miguel Tulancingo,PV
2020,20,288,Oaxaca,San Miguel Yotao,PV
2020,20,289,Oaxaca,San Nicolás,OI
2020,20,289,Oaxaca,San Nicolás,PV
2020,20,290,Oaxaca,San Nicolás Hidalgo,OI
2020,20,290,Oaxaca,San Nicolás Hidalgo,PV
2020,20,291,Oaxaca,San Pablo Coatlán,OI
2020,20,291,Oaxaca,San Pablo Coatlán,PV
2020,20,292,Oaxaca,San Pablo Cuatro Venados,PV
2020,20,293,Oaxaca,San Pablo Etla,OI
2020,20,293,Oaxaca,San Pablo Etla,PV
2020,20,294,Oaxaca,San Pablo Huitzo,OI
2020,20,294,Oaxaca,San Pablo Huitzo,PV
2020,20,295,Oaxaca,San Pablo Huixtepec,OI
2020,20,295,Oaxaca,San Pablo Huixtepec,PV
2020,20,296,Oaxaca,San Pablo Macuiltianguis,PV
2020,20,297,Oaxaca,San Pablo Tijaltepec,PV
2020,20,298,Oaxaca,San Pablo Villa de Mitla,PV
2020,20,299,Oaxaca,San Pablo Yaganiza,OI
2020,20,299,Oaxaca,San Pablo Yaganiza,PV
2020,20,300,Oaxaca,San Pedro Amuzgos,OI
2020,20,300,Oaxaca,San Pedro Amuzgos,PV
2020,20,301,Oaxaca,San Pedro Apóstol,OI
2020,20,301,Oaxaca,San Pedro Apóstol,PV
2020,20,302,Oaxaca,San Pedro Atoyac,OI
2020,20,302,Oaxaca,San Pedro Atoyac,PV
2020,20,303,Oaxaca,San Pedro Cajonos,PV
2020,20,304,Oaxaca,San Pedro Coxcaltepec Cántaros,PV
2020,20,305,Oaxaca,San Pedro Comitancillo,OI
2020,20,305,Oaxaca,San Pedro Comitancillo,PV
2020,20,306,Oaxaca,San Pedro El Alto,PV
2020,20,308,Oaxaca,San Pedro Huilotepec,OI
2020,20,308,Oaxaca,San Pedro Huilotepec,PV
2020,20,309,Oaxaca,San Pedro Ixcatlán,OI
2020,20,309,Oaxaca,San Pedro Ixcatlán,PV
2020,20,310,Oaxaca,San Pedro Ixtlahuaca,OI
2020,20,310,Oaxaca,San Pedro Ixtlahuaca,PV
2020,20,311,Oaxaca,San Pedro Jaltepetongo,PV
2020,20,312,Oaxaca,San Pedro Jicayán,OI
2020,20,312,Oaxaca,San Pedro Jicayán,PV
2020,20,313,Oaxaca,San Pedro Jocotipac,PV
2020,20,314,Oaxaca,San Pedro Juchatengo,OI
2020,20,314,Oaxaca,San Pedro Juchatengo,PV
2020,20,315,Oaxaca,San Pedro Mártir,OI
2020,20,315,Oaxaca,San Pedro Mártir,PV
2020,20,316,Oaxaca,San Pedro Mártir Quiechapa,OI
2020,20,316,Oaxaca,San Pedro Mártir Quiechapa,PV
2020,20,317,Oaxaca,San Pedro Mártir Yucuxaco,PV
2020,20,318,Oaxaca,San Pedro Mixtepec,OI
2020,20,318,Oaxaca,San Pedro Mixtepec,PV
2020,20,319,Oaxaca,San Pedro Mixtepec,PV
2020,20,320,Oaxaca,San Pedro Molinos,PV
2020,20,321,Oaxaca,San Pedro Nopala,PV
2020,20,322,Oaxaca,San Pedro Ocopetatillo,PV
2020,20,323,Oaxaca,San Pedro Ocotepec,OI
2020,20,323,Oaxaca,San Pedro Ocotepec,PV
2020,20,325,Oaxaca,San Pedro Quiatoni,PV
2020,20,326,Oaxaca,San Pedro Sochiápam,OI
2020,20,326,Oaxaca,San Pedro Sochiápam,PV
2020,20,328,Oaxaca,San Pedro Taviche,OI
2020,20,328,Oaxaca,San Pedro Taviche,PV
2020,20,329,Oaxaca,San Pedro Teozacoalco,OI
2020,20,329,Oaxaca,San Pedro Teozacoalco,PV
2020,20,330,Oaxaca,San Pedro Teutila,PV
2020,20,331,Oaxaca,San Pedro Tidaá,PV
2020,20,332,Oaxaca,San Pedro Topiltepec,PV
2020,20,333,Oaxaca,San Pedro Totolápam,OI
2020,20,333,Oaxaca,San Pedro Totolápam,PV
2020,20,335,Oaxaca,San Pedro Yaneri,OI
2020,20,335,Oaxaca,San Pedro Yaneri,PV
2020,20,336,Oaxaca,San Pedro Yólox,OI
2020,20,336,Oaxaca,San Pedro Yólox,PV
2020,20,338,Oaxaca,Villa de Etla,OI
2020,20,338,Oaxaca,Villa de Etla,PV
2020,20,340,Oaxaca,San Pedro Y San Pablo Tequixtepec,OI
2020,20,340,Oaxaca,San Pedro Y San Pablo Tequixtepec,PV
2020,20,341,Oaxaca,San Pedro Yucunama,PV
2020,20,342,Oaxaca,San Raymundo Jalpan,OI
2020,20,342,Oaxaca,San Raymundo Jalpan,PV
2020,20,343,Oaxaca,San Sebastián Abasolo,OI
2020,20,343,Oaxaca,San Sebastián Abasolo,PV
2020,20,344,Oaxaca,San Sebastián Coatlán,PV
2020,20,345,Oaxaca,San Sebastián Ixcapa,OI
2020,20,345,Oaxaca,San Sebastián Ixcapa,PV
2020,20,346,Oaxaca,San Sebastián Nicananduta,PV
2020,20,347,Oaxaca,San Sebastián Río Hondo,PV
2020,20,348,Oaxaca,San Sebastián Tecomaxtlahuaca,OI
2020,20,348,Oaxaca,San Sebastián Tecomaxtlahuaca,PV
2020,20,349,Oaxaca,San Sebastián Teitipac,OI
2020,20,349,Oaxaca,San Sebastián Teitipac,PV
2020,20,350,Oaxaca,San Sebastián Tutla,PV
2020,20,351,Oaxaca,San Simón Almolongas,PV
2020,20,352,Oaxaca,San Simón Zahuatlán,PV
2020,20,353,Oaxaca,Santa Ana,OI
2020,20,353,Oaxaca,Santa Ana,PV
2020,20,355,Oaxaca,Santa Ana Cuauhtémoc,PV
2020,20,356,Oaxaca,Santa Ana del Valle,PV
2020,20,358,Oaxaca,Santa Ana Tlapacoyan,OI
2020,20,358,Oaxaca,Santa Ana Tlapacoyan,PV
2020,20,359,Oaxaca,Santa Ana Yareni,PV
2020,20,360,Oaxaca,Santa Ana Zegache,OI
2020,20,360,Oaxaca,Santa Ana Zegache,PV
2020,20,361,Oaxaca,Santa Catalina Quierí,PV
2020,20,362,Oaxaca,Santa Catarina Cuixtla,PV
2020,20,364,Oaxaca,Santa Catarina Juquila,OI
2020,20,364,Oaxaca,Santa Catarina Juquila,PV
2020,20,365,Oaxaca,Santa Catarina Lachatao,OI
2020,20,365,Oaxaca,Santa Catarina Lachatao,PV
2020,20,366,Oaxaca,Santa Catarina Loxicha,PV
2020,20,367,Oaxaca,Santa Catarina Mechoacán,OI
2020,20,367,Oaxaca,Santa Catarina Mechoacán,PV
2020,20,368,Oaxaca,Santa Catarina Minas,OI
2020,20,368,Oaxaca,Santa Catarina Minas,PV
2020,20,369,Oaxaca,Santa Catarina Quiané,OI
2020,20,369,Oaxaca,Santa Catarina Quiané,PV
2020,20,370,Oaxaca,Santa Catarina Tayata,PV
2020,20,371,Oaxaca,Santa Catarina Ticuá,PV
2020,20,372,Oaxaca,Santa Catarina Yosonotú,PV
2020,20,373,Oaxaca,Santa Catarina Zapoquila,OI
2020,20,373,Oaxaca,Santa Catarina Zapoquila,PV
2020,20,374,Oaxaca,Santa Cruz Acatepec,OI
2020,20,374,Oaxaca,Santa Cruz Acatepec,PV
2020,20,375,Oaxaca,Santa Cruz Amilpas,PV
2020,20,376,Oaxaca,Santa Cruz de Bravo,PV
2020,20,377,Oaxaca,Santa Cruz Itundujia,OI
2020,20,377,Oaxaca,Santa Cruz Itundujia,PV
2020,20,378,Oaxaca,Santa Cruz Mixtepec,OI
2020,20,378,Oaxaca,Santa Cruz Mixtepec,PV
2020,20,379,Oaxaca,Santa Cruz Nundaco,PV
2020,20,380,Oaxaca,Santa Cruz Papalutla,PV
2020,20,381,Oaxaca,Santa Cruz Tacache de Mina,OI
2020,20,381,Oaxaca,Santa Cruz Tacache de Mina,PV
2020,20,382,Oaxaca,Santa Cruz Tacahua,PV
2020,20,383,Oaxaca,Santa Cruz Tayata,PV
2020,20,384,Oaxaca,Santa Cruz Xitla,PV
2020,20,386,Oaxaca,Santa Cruz Zenzontepec,OI
2020,20,386,Oaxaca,Santa Cruz Zenzontepec,PV
2020,20,387,Oaxaca,Santa Gertrudis,OI
2020,20,387,Oaxaca,Santa Gertrudis,PV
2020,20,388,Oaxaca,Santa Inés del Monte,OI
2020,20,388,Oaxaca,Santa Inés del Monte,PV
2020,20,389,Oaxaca,Santa Inés Yatzeche,OI
2020,20,389,Oaxaca,Santa Inés Yatzeche,PV
2020,20,390,Oaxaca,Santa Lucía del Camino,PV
2020,20,391,Oaxaca,Santa Lucía Miahuatlán,PV
2020,20,392,Oaxaca,Santa Lucía Monteverde,PV
2020,20,393,Oaxaca,Santa Lucía Ocotlán,OI
2020,20,393,Oaxaca,Santa Lucía Ocotlán,PV
2020,20,394,Oaxaca,Santa María Alotepec,OI
2020,20,394,Oaxaca,Santa María Alotepec,PV
2020,20,395,Oaxaca,Santa María Apazco,PV
2020,20,396,Oaxaca,Santa María La Asunción,PV
2020,20,398,Oaxaca,Ayoquezco de Aldama,OI
2020,20,398,Oaxaca,Ayoquezco de Aldama,PV
2020,20,399,Oaxaca,Santa María Atzompa,OI
2020,20,399,Oaxaca,Santa María Atzompa,PV
2020,20,400,Oaxaca,Santa María Camotlán,OI
2020,20,400,Oaxaca,Santa María Camotlán,PV
2020,20,401,Oaxaca,Santa María Colotepec,OI
2020,20,401,Oaxaca,Santa María Colotepec,PV
2020,20,402,Oaxaca,Santa María Cortijo,OI
2020,20,402,Oaxaca,Santa María Cortijo,PV
2020,20,403,Oaxaca,Santa María Coyotepec,OI
2020,20,403,Oaxaca,Santa María Coyotepec,PV
2020,20,404,Oaxaca,Santa María Chachoápam,PV
2020,20,405,Oaxaca,Villa de Chilapa de Díaz,OI
2020,20,406,Oaxaca,Santa María Chilchotla,OI
2020,20,406,Oaxaca,Santa María Chilchotla,PV
2020,20,407,Oaxaca,Santa María Chimalapa,OI
2020,20,407,Oaxaca,Santa María Chimalapa,PV
2020,20,408,Oaxaca,Santa María del Rosario,PV
2020,20,409,Oaxaca,Santa María del Tule,OI
2020,20,409,Oaxaca,Santa María del Tule,PV
2020,20,410,Oaxaca,Santa María Ecatepec,PV
2020,20,411,Oaxaca,Santa María Guelacé,OI
2020,20,411,Oaxaca,Santa María Guelacé,PV
2020,20,412,Oaxaca,Santa María Guienagati,OI
2020,20,412,Oaxaca,Santa María Guienagati,PV
2020,20,413,Oaxaca,Santa María Huatulco,OI
2020,20,413,Oaxaca,Santa María Huatulco,PV
2020,20,414,Oaxaca,Santa María Huazolotitlán,OI
2020,20,414,Oaxaca,Santa María Huazolotitlán,PV
2020,20,415,Oaxaca,Santa María Ipalapa,OI
2020,20,415,Oaxaca,Santa María Ipalapa,PV
2020,20,416,Oaxaca,Santa María Ixcatlán,PV
2020,20,419,Oaxaca,Santa María Jaltianguis,PV
2020,20,420,Oaxaca,Santa María Lachixío,PV
2020,20,422,Oaxaca,Santa María Nativitas,PV
2020,20,423,Oaxaca,Santa María Nduayaco,PV
2020,20,424,Oaxaca,Santa María Ozolotepec,PV
2020,20,425,Oaxaca,Santa María Pápalo,PV
2020,20,426,Oaxaca,Santa María Peñoles,OI
2020,20,426,Oaxaca,Santa María Peñoles,PV
2020,20,427,Oaxaca,Santa María Petapa,OI
2020,20,427,Oaxaca,Santa María Petapa,PV
2020,20,428,Oaxaca,Santa María Quiegolani,PV
2020,20,429,Oaxaca,Santa María Sola,OI
2020,20,429,Oaxaca,Santa María Sola,PV
2020,20,430,Oaxaca,Santa María Tataltepec,PV
2020,20,431,Oaxaca,Santa María Tecomavaca,OI
2020,20,431,Oaxaca,Santa María Tecomavaca,PV
2020,20,432,Oaxaca,Santa María Temaxcalapa,OI
2020,20,432,Oaxaca,Santa María Temaxcalapa,PV
2020,20,433,Oaxaca,Santa María Temaxcaltepec,OI
2020,20,433,Oaxaca,Santa María Temaxcaltepec,PV
2020,20,434,Oaxaca,Santa María Teopoxco,PV
2020,20,435,Oaxaca,Santa María Tepantlali,PV
2020,20,436,Oaxaca,Santa María Texcatitlán,OI
2020,20,436,Oaxaca,Santa María Texcatitlán,PV
2020,20,437,Oaxaca,Santa María Tlahuitoltepec,PV
2020,20,438,Oaxaca,Santa María Tlalixtac,PV
2020,20,440,Oaxaca,Santa María Totolapilla,PV
2020,20,441,Oaxaca,Santa María Xadani,OI
2020,20,441,Oaxaca,Santa María Xadani,PV
2020,20,442,Oaxaca,Santa María Yalina,PV
2020,20,443,Oaxaca,Santa María Yavesía,PV
2020,20,444,Oaxaca,Santa María Yolotepec,PV
2020,20,445,Oaxaca,Santa María Yosoyúa,OI
2020,20,445,Oaxaca,Santa María Yosoyúa,PV
2020,20,446,Oaxaca,Santa María Yucuhiti,OI
2020,20,446,Oaxaca,Santa María Yucuhiti,PV
2020,20,447,Oaxaca,Santa María Zacatepec,OI
2020,20,447,Oaxaca,Santa María Zacatepec,PV
2020,20,448,Oaxaca,Santa María Zaniza,OI
2020,20,448,Oaxaca,Santa María Zaniza,PV
2020,20,449,Oaxaca,Santa María Zoquitlán,OI
2020,20,449,Oaxaca,Santa María Zoquitlán,PV
2020,20,450,Oaxaca,Santiago Amoltepec,PV
2020,20,451,Oaxaca,Santiago Apoala,OI
2020,20,451,Oaxaca,Santiago Apoala,PV
2020,20,452,Oaxaca,Santiago Apóstol,OI
2020,20,452,Oaxaca,Santiago Apóstol,PV
2020,20,453,Oaxaca,Santiago Astata,OI
2020,20,453,Oaxaca,Santiago Astata,PV
2020,20,454,Oaxaca,Santiago Atitlán,OI
2020,20,454,Oaxaca,Santiago Atitlán,PV
2020,20,455,Oaxaca,Santiago Ayuquililla,PV
2020,20,456,Oaxaca,Santiago Cacaloxtepec,PV
2020,20,457,Oaxaca,Santiago Camotlán,OI
2020,20,457,Oaxaca,Santiago Camotlán,PV
2020,20,458,Oaxaca,Santiago Comaltepec,OI
2020,20,458,Oaxaca,Santiago Comaltepec,PV
2020,20,460,Oaxaca,Santiago Choápam,OI
2020,20,460,Oaxaca,Santiago Choápam,PV
2020,20,461,Oaxaca,Santiago del Río,OI
2020,20,461,Oaxaca,Santiago del Río,PV
2020,20,462,Oaxaca,Santiago Huajolotitlán,OI
2020,20,462,Oaxaca,Santiago Huajolotitlán,PV
2020,20,463,Oaxaca,Santiago Huauclilla,OI
2020,20,463,Oaxaca,Santiago Huauclilla,PV
2020,20,464,Oaxaca,Santiago Ihuitlán Plumas,PV
2020,20,465,Oaxaca,Santiago Ixcuintepec,OI
2020,20,465,Oaxaca,Santiago Ixcuintepec,PV
2020,20,466,Oaxaca,Santiago Ixtayutla,OI
2020,20,466,Oaxaca,Santiago Ixtayutla,PV
2020,20,467,Oaxaca,Santiago Jamiltepec,OI
2020,20,467,Oaxaca,Santiago Jamiltepec,PV
2020,20,469,Oaxaca,Santiago Juxtlahuaca,OI
2020,20,469,Oaxaca,Santiago Juxtlahuaca,PV
2020,20,470,Oaxaca,Santiago Lachiguiri,OI
2020,20,470,Oaxaca,Santiago Lachiguiri,PV
2020,20,471,Oaxaca,Santiago Lalopa,OI
2020,20,471,Oaxaca,Santiago Lalopa,PV
2020,20,473,Oaxaca,Santiago Laxopa,PV
2020,20,474,Oaxaca,Santiago Llano Grande,OI
2020,20,474,Oaxaca,Santiago Llano Grande,PV
2020,20,475,Oaxaca,Santiago Matatlán,PV
2020,20,476,Oaxaca,Santiago Miltepec,OI
2020,20,476,Oaxaca,Santiago Miltepec,PV
2020,20,477,Oaxaca,Santiago Minas,OI
2020,20,477,Oaxaca,Santiago Minas,PV
2020,20,478,Oaxaca,Santiago Nacaltepec,OI
2020,20,479,Oaxaca,Santiago Nejapilla,PV
2020,20,480,Oaxaca,Santiago Nundiche,PV
2020,20,481,Oaxaca,Santiago Nuyoó,OI
2020,20,481,Oaxaca,Santiago Nuyoó,PV
2020,20,483,Oaxaca,Santiago Suchilquitongo,OI
2020,20,483,Oaxaca,Santiago Suchilquitongo,PV
2020,20,484,Oaxaca,Santiago Tamazola,OI
2020,20,484,Oaxaca,Santiago Tamazola,PV
2020,20,485,Oaxaca,Santiago Tapextla,OI
2020,20,485,Oaxaca,Santiago Tapextla,PV
2020,20,486,Oaxaca,Villa Tejúpam de La Unión,PV
2020,20,487,Oaxaca,Santiago Tenango,PV
2020,20,488,Oaxaca,Santiago Tepetlapa,PV
2020,20,489,Oaxaca,Santiago Tetepec,OI
2020,20,489,Oaxaca,Santiago Tetepec,PV
2020,20,490,Oaxaca,Santiago Texcalcingo,PV
2020,20,491,Oaxaca,Santiago Textitlán,OI
2020,20,491,Oaxaca,Santiago Textitlán,PV
2020,20,492,Oaxaca,Santiago Tilantongo,PV
2020,20,493,Oaxaca,Santiago Tillo,PV
2020,20,494,Oaxaca,Santiago Tlazoyaltepec,OI
2020,20,494,Oaxaca,Santiago Tlazoyaltepec,PV
2020,20,495,Oaxaca,Santiago Xanica,PV
2020,20,496,Oaxaca,Santiago Xiacuí,OI
2020,20,496,Oaxaca,Santiago Xiacuí,PV
2020,20,497,Oaxaca,Santiago Yaitepec,PV
2020,20,499,Oaxaca,Santiago Yolomécatl,PV
2020,20,500,Oaxaca,Santiago Yosondúa,OI
2020,20,500,Oaxaca,Santiago Yosondúa,PV
2020,20,501,Oaxaca,Santiago Yucuyachi,PV
2020,20,503,Oaxaca,Santiago Zoochila,OI
2020,20,503,Oaxaca,Santiago Zoochila,PV
2020,20,504,Oaxaca,Nuevo Zoquiápam,OI
2020,20,504,Oaxaca,Nuevo Zoquiápam,PV
2020,20,505,Oaxaca,Santo Domingo Ingenio,OI
2020,20,505,Oaxaca,Santo Domingo Ingenio,PV
2020,20,506,Oaxaca,Santo Domingo Albarradas,OI
2020,20,506,Oaxaca,Santo Domingo Albarradas,PV
2020,20,507,Oaxaca,Santo Domingo Armenta,PV
2020,20,508,Oaxaca,Santo Domingo Chihuitán,OI
2020,20,508,Oaxaca,Santo Domingo Chihuitán,PV
2020,20,509,Oaxaca,Santo Domingo de Morelos,OI
2020,20,509,Oaxaca,Santo Domingo de Morelos,PV
2020,20,510,Oaxaca,Santo Domingo Ixcatlán,PV
2020,20,511,Oaxaca,Santo Domingo Nuxaá,PV
2020,20,512,Oaxaca,Santo Domingo Ozolotepec,PV
2020,20,513,Oaxaca,Santo Domingo Petapa,OI
2020,20,513,Oaxaca,Santo Domingo Petapa,PV
2020,20,514,Oaxaca,Santo Domingo Roayaga,OI
2020,20,514,Oaxaca,Santo Domingo Roayaga,PV
2020,20,516,Oaxaca,Santo Domingo Teojomulco,OI
2020,20,516,Oaxaca,Santo Domingo Teojomulco,PV
2020,20,517,Oaxaca,Santo Domingo Tepuxtepec,PV
2020,20,518,Oaxaca,Santo Domingo Tlatayápam,PV
2020,20,519,Oaxaca,Santo Domingo Tomaltepec,OI
2020,20,519,Oaxaca,Santo Domingo Tomaltepec,PV
2020,20,520,Oaxaca,Santo Domingo Tonalá,OI
2020,20,520,Oaxaca,Santo Domingo Tonalá,PV
2020,20,521,Oaxaca,Santo Domingo Tonaltepec,PV
2020,20,522,Oaxaca,Santo Domingo Xagacía,OI
2020,20,522,Oaxaca,Santo Domingo Xagacía,PV
2020,20,523,Oaxaca,Santo Domingo Yanhuitlán,PV
2020,20,524,Oaxaca,Santo Domingo Yodohino,OI
2020,20,524,Oaxaca,Santo Domingo Yodohino,PV
2020,20,526,Oaxaca,Santos Reyes Nopala,OI
2020,20,526,Oaxaca,Santos Reyes Nopala,PV
2020,20,527,Oaxaca,Santos Reyes Pápalo,OI
2020,20,527,Oaxaca,Santos Reyes Pápalo,PV
2020,20,528,Oaxaca,Santos Reyes Tepejillo,OI
2020,20,528,Oaxaca,Santos Reyes Tepejillo,PV
2020,20,529,Oaxaca,Santos Reyes Yucuná,PV
2020,20,530,Oaxaca,Santo Tomás Jalieza,OI
2020,20,530,Oaxaca,Santo Tomás Jalieza,PV
2020,20,531,Oaxaca,Santo Tomás Mazaltepec,OI
2020,20,531,Oaxaca,Santo Tomás Mazaltepec,PV
2020,20,532,Oaxaca,Santo Tomás Ocotepec,PV
2020,20,533,Oaxaca,Santo Tomás Tamazulapan,OI
2020,20,533,Oaxaca,Santo Tomás Tamazulapan,PV
2020,20,534,Oaxaca,San Vicente Coatlán,PV
2020,20,535,Oaxaca,San Vicente Lachixío,PV
2020,20,536,Oaxaca,San Vicente Nuñú,PV
2020,20,538,Oaxaca,Sitio de Xitlapehua,PV
2020,20,539,Oaxaca,Soledad Etla,OI
2020,20,539,Oaxaca,Soledad Etla,PV
2020,20,540,Oaxaca,Villa de Tamazulápam del Progreso,OI
2020,20,540,Oaxaca,Villa de Tamazulápam del Progreso,PV
2020,20,541,Oaxaca,Tanetze de Zaragoza,OI
2020,20,541,Oaxaca,Tanetze de Zaragoza,PV
2020,20,542,Oaxaca,Taniche,OI
2020,20,542,Oaxaca,Taniche,PV
2020,20,543,Oaxaca,Tataltepec de Valdés,OI
2020,20,543,Oaxaca,Tataltepec de Valdés,PV
2020,20,544,Oaxaca,Teococuilco de Marcos Pérez,PV
2020,20,545,Oaxaca,Teotitlán de Flores Magón,OI
2020,20,545,Oaxaca,Teotitlán de Flores Magón,PV
2020,20,546,Oaxaca,Teotitlán del Valle,OI
2020,20,546,Oaxaca,Teotitlán del Valle,PV
2020,20,548,Oaxaca,Tepelmeme Villa de Morelos,PV
2020,20,550,Oaxaca,San Jerónimo Tlacochahuaya,OI
2020,20,550,Oaxaca,San Jerónimo Tlacochahuaya,PV
2020,20,551,Oaxaca,Tlacolula de Matamoros,OI
2020,20,551,Oaxaca,Tlacolula de Matamoros,PV
2020,20,552,Oaxaca,Tlacotepec Plumas,PV
2020,20,553,Oaxaca,Tlalixtac de Cabrera,OI
2020,20,553,Oaxaca,Tlalixtac de Cabrera,PV
2020,20,554,Oaxaca,Totontepec Villa de Morelos,OI
2020,20,554,Oaxaca,Totontepec Villa de Morelos,PV
2020,20,555,Oaxaca,Trinidad Zaachila,OI
2020,20,555,Oaxaca,Trinidad Zaachila,PV
2020,20,556,Oaxaca,La Trinidad Vista Hermosa,PV
2020,20,557,Oaxaca,Unión Hidalgo,OI
2020,20,557,Oaxaca,Unión Hidalgo,PV
2020,20,558,Oaxaca,Valerio Trujano,OI
2020,20,558,Oaxaca,Valerio Trujano,PV
2020,20,561,Oaxaca,Yaxe,OI
2020,20,561,Oaxaca,Yaxe,PV
2020,20,562,Oaxaca,Magdalena Yodocono de Porfirio Díaz,PV
2020,20,563,Oaxaca,Yogana,PV
2020,20,564,Oaxaca,Yutanduchi de Guerrero,OI
2020,20,564,Oaxaca,Yutanduchi de Guerrero,PV
2020,20,565,Oaxaca,Villa de Zaachila,OI
2020,20,565,Oaxaca,Villa de Zaachila,PV
2020,20,566,Oaxaca,San Mateo Yucutindoo,OI
2020,20,566,Oaxaca,San Mateo Yucutindoo,PV
2020,20,569,Oaxaca,Santa Inés de Zaragoza,OI
2020,20,569,Oaxaca,Santa Inés de Zaragoza,PV
2020,20,570,Oaxaca,Zimatlán de Álvarez,OI
2020,20,570,Oaxaca,Zimatlán de Álvarez,PV
2020,21,4,Puebla,Acatzingo,PV
2020,21,5,Puebla,Acteopan,PV
2020,21,6,Puebla,Ahuacatlán,OI
2020,21,6,Puebla,Ahuacatlán,PV
2020,21,7,Puebla,Ahuatlán,PV
2020,21,9,Puebla,Ahuehuetitla,OI
2020,21,9,Puebla,Ahuehuetitla,PV
2020,21,10,Puebla,Ajalpan,OI
2020,21,10,Puebla,Ajalpan,PV
2020,21,11,Puebla,Albino Zertuche,PV
2020,21,12,Puebla,Aljojuca,PV
2020,21,13,Puebla,Altepexi,OI
2020,21,14,Puebla,Amixtlán,OI
2020,21,14,Puebla,Amixtlán,PV
2020,21,16,Puebla,Aquixtla,PV
2020,21,17,Puebla,Atempan,PV
2020,21,18,Puebla,Atexcal,OI
2020,21,18,Puebla,Atexcal,PV
2020,21,20,Puebla,Atoyatempan,PV
2020,21,21,Puebla,Atzala,PV
2020,21,22,Puebla,Atzitzihuacán,OI
2020,21,22,Puebla,Atzitzihuacán,PV
2020,21,24,Puebla,Axutla,OI
2020,21,24,Puebla,Axutla,PV
2020,21,27,Puebla,Caltepec,OI
2020,21,27,Puebla,Caltepec,PV
2020,21,28,Puebla,Camocuautla,OI
2020,21,28,Puebla,Camocuautla,PV
2020,21,29,Puebla,Caxhuacan,OI
2020,21,29,Puebla,Caxhuacan,PV
2020,21,30,Puebla,Coatepec,OI
2020,21,30,Puebla,Coatepec,PV
2020,21,32,Puebla,Cohetzala,OI
2020,21,32,Puebla,Cohetzala,PV
2020,21,33,Puebla,Cohuecan,PV
2020,21,34,Puebla,Coronango,PV
2020,21,35,Puebla,Coxcatlán,PV
2020,21,36,Puebla,Coyomeapan,PV
2020,21,37,Puebla,Coyotepec,OI
2020,21,37,Puebla,Coyotepec,PV
2020,21,38,Puebla,Cuapiaxtla de Madero,PV
2020,21,39,Puebla,Cuautempan,PV
2020,21,40,Puebla,Cuautinchán,PV
2020,21,41,Puebla,Cuautlancingo,PV
2020,21,42,Puebla,Cuayuca de Andrade,OI
2020,21,42,Puebla,Cuayuca de Andrade,PV
2020,21,44,Puebla,Cuyoaco,PV
2020,21,46,Puebla,Chapulco,PV
2020,21,47,Puebla,Chiautla,OI
2020,21,47,Puebla,Chiautla,PV
2020,21,48,Puebla,Chiautzingo,PV
2020,21,49,Puebla,Chiconcuautla,OI
2020,21,49,Puebla,Chiconcuautla,PV
2020,21,50,Puebla,Chichiquila,PV
2020,21,52,Puebla,Chigmecatitlán,PV
2020,21,54,Puebla,Chignautla,PV
2020,21,55,Puebla,Chila,OI
2020,21,55,Puebla,Chila,PV
2020,21,56,Puebla,Chila de La Sal,PV
2020,21,57,Puebla,Honey,OI
2020,21,57,Puebla,Honey,PV
2020,21,58,Puebla,Chilchotla,OI
2020,21,58,Puebla,Chilchotla,PV
2020,21,60,Puebla,Domingo Arenas,PV
2020,21,61,Puebla,Eloxochitlán,PV
2020,21,62,Puebla,Epatlán,OI
2020,21,62,Puebla,Epatlán,PV
2020,21,63,Puebla,Esperanza,PV
2020,21,65,Puebla,General Felipe Ángeles,PV
2020,21,66,Puebla,Guadalupe,OI
2020,21,66,Puebla,Guadalupe,PV
2020,21,67,Puebla,Guadalupe Victoria,PV
2020,21,68,Puebla,Hermenegildo Galeana,OI
2020,21,68,Puebla,Hermenegildo Galeana,PV
2020,21,70,Puebla,Huatlatlauca,OI
2020,21,70,Puebla,Huatlatlauca,PV
2020,21,72,Puebla,Huehuetla,OI
2020,21,72,Puebla,Huehuetla,PV
2020,21,73,Puebla,Huehuetlán El Chico,OI
2020,21,73,Puebla,Huehuetlán El Chico,PV
2020,21,74,Puebla,Huejotzingo,PV
2020,21,75,Puebla,Hueyapan,OI
2020,21,75,Puebla,Hueyapan,PV
2020,21,76,Puebla,Hueytamalco,OI
2020,21,76,Puebla,Hueytamalco,PV
2020,21,77,Puebla,Hueytlalpan,OI
2020,21,77,Puebla,Hueytlalpan,PV
2020,21,78,Puebla,Huitzilan de Serdán,OI
2020,21,78,Puebla,Huitzilan de Serdán,PV
2020,21,79,Puebla,Huitziltepec,PV
2020,21,80,Puebla,Atlequizayan,OI
2020,21,80,Puebla,Atlequizayan,PV
2020,21,81,Puebla,Ixcamilpa de Guerrero,OI
2020,21,81,Puebla,Ixcamilpa de Guerrero,PV
2020,21,82,Puebla,Ixcaquixtla,OI
2020,21,82,Puebla,Ixcaquixtla,PV
2020,21,84,Puebla,Ixtepec,OI
2020,21,84,Puebla,Ixtepec,PV
2020,21,87,Puebla,Jolalpan,OI
2020,21,87,Puebla,Jolalpan,PV
2020,21,88,Puebla,Jonotla,OI
2020,21,88,Puebla,Jonotla,PV
2020,21,89,Puebla,Jopala,OI
2020,21,89,Puebla,Jopala,PV
2020,21,90,Puebla,Juan C. Bonilla,PV
2020,21,92,Puebla,Juan N. Méndez,OI
2020,21,92,Puebla,Juan N. Méndez,PV
2020,21,93,Puebla,Lafragua,PV
2020,21,95,Puebla,La Magdalena Tlatlauquitepec,PV
2020,21,96,Puebla,Mazapiltepec de Juárez,PV
2020,21,97,Puebla,Mixtla,PV
2020,21,99,Puebla,Cañada Morelos,PV
2020,21,100,Puebla,Naupan,OI
2020,21,100,Puebla,Naupan,PV
2020,21,101,Puebla,Nauzontla,OI
2020,21,101,Puebla,Nauzontla,PV
2020,21,102,Puebla,Nealtican,PV
2020,21,103,Puebla,Nicolás Bravo,PV
2020,21,104,Puebla,Nopalucan,PV
2020,21,105,Puebla,Ocotepec,PV
2020,21,107,Puebla,Olintla,OI
2020,21,107,Puebla,Olintla,PV
2020,21,110,Puebla,Palmar de Bravo,PV
2020,21,111,Puebla,Pantepec,OI
2020,21,111,Puebla,Pantepec,PV
2020,21,112,Puebla,Petlalcingo,OI
2020,21,112,Puebla,Petlalcingo,PV
2020,21,113,Puebla,Piaxtla,OI
2020,21,113,Puebla,Piaxtla,PV
2020,21,115,Puebla,Quecholac,PV
2020,21,116,Puebla,Quimixtlán,OI
2020,21,116,Puebla,Quimixtlán,PV
2020,21,117,Puebla,Rafael Lara Grajales,PV
2020,21,118,Puebla,Los Reyes de Juárez,PV
2020,21,119,Puebla,San Andrés Cholula,PV
2020,21,120,Puebla,San Antonio Cañada,OI
2020,21,120,Puebla,San Antonio Cañada,PV
2020,21,121,Puebla,San Diego La Mesa Tochimiltzingo,PV
2020,21,122,Puebla,San Felipe Teotlalcingo,PV
2020,21,123,Puebla,San Felipe Tepatlán,OI
2020,21,123,Puebla,San Felipe Tepatlán,PV
2020,21,124,Puebla,San Gabriel Chilac,OI
2020,21,125,Puebla,San Gregorio Atzompa,PV
2020,21,126,Puebla,San Jerónimo Tecuanipan,PV
2020,21,127,Puebla,San Jerónimo Xayacatlán,OI
2020,21,127,Puebla,San Jerónimo Xayacatlán,PV
2020,21,128,Puebla,San José Chiapa,PV
2020,21,129,Puebla,San José Miahuatlán,OI
2020,21,129,Puebla,San José Miahuatlán,PV
2020,21,130,Puebla,San Juan Atenco,PV
2020,21,131,Puebla,San Juan Atzompa,PV
2020,21,133,Puebla,San Martín Totoltepec,OI
2020,21,133,Puebla,San Martín Totoltepec,PV
2020,21,134,Puebla,San Matías Tlalancaleca,PV
2020,21,135,Puebla,San Miguel Ixitlán,PV
2020,21,136,Puebla,San Miguel Xoxtla,PV
2020,21,137,Puebla,San Nicolás Buenos Aires,PV
2020,21,138,Puebla,San Nicolás de Los Ranchos,PV
2020,21,139,Puebla,San Pablo Anicano,OI
2020,21,139,Puebla,San Pablo Anicano,PV
2020,21,141,Puebla,San Pedro Yeloixtlahuaca,OI
2020,21,141,Puebla,San Pedro Yeloixtlahuaca,PV
2020,21,142,Puebla,San Salvador El Seco,PV
2020,21,143,Puebla,San Salvador El Verde,PV
2020,21,144,Puebla,San Salvador Huixcolotla,PV
2020,21,146,Puebla,Santa Catarina Tlaltempan,PV
2020,21,147,Puebla,Santa Inés Ahuatempan,PV
2020,21,148,Puebla,Santa Isabel Cholula,OI
2020,21,148,Puebla,Santa Isabel Cholula,PV
2020,21,149,Puebla,Santiago Miahuatlán,OI
2020,21,149,Puebla,Santiago Miahuatlán,PV
2020,21,150,Puebla,Huehuetlán El Grande,OI
2020,21,150,Puebla,Huehuetlán El Grande,PV
2020,21,151,Puebla,Santo Tomás Hueyotlipan,PV
2020,21,152,Puebla,Soltepec,PV
2020,21,155,Puebla,Tecomatlán,OI
2020,21,155,Puebla,Tecomatlán,PV
2020,21,157,Puebla,Tehuitzingo,OI
2020,21,157,Puebla,Tehuitzingo,PV
2020,21,158,Puebla,Tenampulco,OI
2020,21,158,Puebla,Tenampulco,PV
2020,21,159,Puebla,Teopantlán,PV
2020,21,161,Puebla,Tepanco de López,PV
2020,21,163,Puebla,Tepatlaxco de Hidalgo,PV
2020,21,164,Puebla,Tepeaca,PV
2020,21,165,Puebla,Tepemaxalco,OI
2020,21,165,Puebla,Tepemaxalco,PV
2020,21,166,Puebla,Tepeojuma,OI
2020,21,166,Puebla,Tepeojuma,PV
2020,21,167,Puebla,Tepetzintla,OI
2020,21,167,Puebla,Tepetzintla,PV
2020,21,168,Puebla,Tepexco,OI
2020,21,168,Puebla,Tepexco,PV
2020,21,169,Puebla,Tepexi de Rodríguez,OI
2020,21,169,Puebla,Tepexi de Rodríguez,PV
2020,21,171,Puebla,Tepeyahualco de Cuauhtémoc,PV
2020,21,173,Puebla,Teteles de Avila Castillo,PV
2020,21,175,Puebla,Tianguismanalco,OI
2020,21,175,Puebla,Tianguismanalco,PV
2020,21,176,Puebla,Tilapa,OI
2020,21,176,Puebla,Tilapa,PV
2020,21,177,Puebla,Tlacotepec de Benito Juárez,PV
2020,21,178,Puebla,Tlacuilotepec,OI
2020,21,178,Puebla,Tlacuilotepec,PV
2020,21,179,Puebla,Tlachichuca,OI
2020,21,179,Puebla,Tlachichuca,PV
2020,21,181,Puebla,Tlaltenango,PV
2020,21,182,Puebla,Tlanepantla,PV
2020,21,189,Puebla,Tochtepec,PV
2020,21,190,Puebla,Totoltepec de Guerrero,OI
2020,21,190,Puebla,Totoltepec de Guerrero,PV
2020,21,191,Puebla,Tulcingo,OI
2020,21,191,Puebla,Tulcingo,PV
2020,21,192,Puebla,Tuzamapan de Galeana,OI
2020,21,192,Puebla,Tuzamapan de Galeana,PV
2020,21,196,Puebla,Xayacatlán de Bravo,OI
2020,21,196,Puebla,Xayacatlán de Bravo,PV
2020,21,199,Puebla,Xiutetelco,PV
2020,21,200,Puebla,Xochiapulco,PV
2020,21,201,Puebla,Xochiltepec,OI
2020,21,201,Puebla,Xochiltepec,PV
2020,21,202,Puebla,Xochitlán de Vicente Suárez,OI
2020,21,202,Puebla,Xochitlán de Vicente Suárez,PV
2020,21,203,Puebla,Xochitlán Todos Santos,PV
2020,21,204,Puebla,Yaonáhuac,OI
2020,21,204,Puebla,Yaonáhuac,PV
2020,21,205,Puebla,Yehualtepec,PV
2020,21,206,Puebla,Zacapala,OI
2020,21,206,Puebla,Zacapala,PV
2020,21,210,Puebla,Zapotitlán de Méndez,OI
2020,21,210,Puebla,Zapotitlán de Méndez,PV
2020,21,211,Puebla,Zaragoza,PV
2020,21,212,Puebla,Zautla,PV
2020,21,213,Puebla,Zihuateutla,OI
2020,21,213,Puebla,Zihuateutla,PV
2020,21,214,Puebla,Zinacatepec,PV
2020,21,215,Puebla,Zongozotla,OI
2020,21,215,Puebla,Zongozotla,PV
2020,21,216,Puebla,Zoquiapan,OI
2020,21,216,Puebla,Zoquiapan,PV
2020,22,2,Querétaro,Pinal de Amoles,PV
2020,22,3,Querétaro,Arroyo Seco,PV
2020,22,4,Querétaro,Cadereyta de Montes,PV
2020,22,5,Querétaro,Colón,OI
2020,22,5,Querétaro,Colón,PV
2020,22,7,Querétaro,Ezequiel Montes,PV
2020,22,10,Querétaro,Landa de Matamoros,PV
2020,22,11,Querétaro,El Marqués,PV
2020,22,12,Querétaro,Pedro Escobedo,PV
2020,22,15,Querétaro,San Joaquín,OI
2020,22,15,Querétaro,San Joaquín,PV
2020,22,17,Querétaro,Tequisquiapan,PV
2020,22,18,Querétaro,Tolimán,PV
2020,23,9,Quintana Roo,Tulum,PV
2020,23,10,Quintana Roo,Bacalar,OI
2020,23,10,Quintana Roo,Bacalar,PV
2020,24,1,San Luis Potosí,Ahualulco,PV
2020,24,2,San Luis Potosí,Alaquines,PV
2020,24,4,San Luis Potosí,Armadillo de Los Infante,PV
2020,24,5,San Luis Potosí,Cárdenas,PV
2020,24,6,San Luis Potosí,Catorce,PV
2020,24,7,San Luis Potosí,Cedral,PV
2020,24,9,San Luis Potosí,Cerro de San Pedro,PV
2020,24,10,San Luis Potosí,Ciudad del Maíz,PV
2020,24,12,San Luis Potosí,Tancanhuitz,OI
2020,24,12,San Luis Potosí,Tancanhuitz,PV
2020,24,14,San Luis Potosí,Coxcatlán,OI
2020,24,14,San Luis Potosí,Coxcatlán,PV
2020,24,15,San Luis Potosí,Charcas,PV
2020,24,17,San Luis Potosí,Guadalcázar,PV
2020,24,18,San Luis Potosí,Huehuetlán,OI
2020,24,18,San Luis Potosí,Huehuetlán,PV
2020,24,19,San Luis Potosí,Lagunillas,PV
2020,24,21,San Luis Potosí,Mexquitic de Carmona,PV
2020,24,22,San Luis Potosí,Moctezuma,PV
2020,24,23,San Luis Potosí,Rayón,PV
2020,24,25,San Luis Potosí,Salinas,PV
2020,24,26,San Luis Potosí,San Antonio,OI
2020,24,26,San Luis Potosí,San Antonio,PV
2020,24,29,San Luis Potosí,San Martín Chalchicuautla,PV
2020,24,30,San Luis Potosí,San Nicolás Tolentino,OI
2020,24,30,San Luis Potosí,San Nicolás Tolentino,PV
2020,24,31,San Luis Potosí,Santa Catarina,PV
2020,24,33,San Luis Potosí,Santo Domingo,PV
2020,24,35,San Luis Potosí,Soledad de Graciano Sánchez,PV
2020,24,36,San Luis Potosí,Tamasopo,OI
2020,24,36,San Luis Potosí,Tamasopo,PV
2020,24,38,San Luis Potosí,Tampacán,OI
2020,24,38,San Luis Potosí,Tampacán,PV
2020,24,39,San Luis Potosí,Tampamolón Corona,OI
2020,24,39,San Luis Potosí,Tampamolón Corona,PV
2020,24,42,San Luis Potosí,Tanquián de Escobedo,OI
2020,24,42,San Luis Potosí,Tanquián de Escobedo,PV
2020,24,44,San Luis Potosí,Vanegas,PV
2020,24,45,San Luis Potosí,Venado,PV
2020,24,46,San Luis Potosí,Villa de Arriaga,PV
2020,24,47,San Luis Potosí,Villa de Guadalupe,PV
2020,24,48,San Luis Potosí,Villa de La Paz,PV
2020,24,51,San Luis Potosí,Villa Hidalgo,PV
2020,24,52,San Luis Potosí,Villa Juárez,PV
2020,24,54,San Luis Potosí,Xilitla,OI
2020,24,54,San Luis Potosí,Xilitla,PV
2020,24,55,San Luis Potosí,Zaragoza,PV
2020,24,56,San Luis Potosí,Villa de Arista,PV
2020,25,2,Sinaloa,Angostura,OI
2020,25,2,Sinaloa,Angostura,PV
2020,25,4,Sinaloa,Concordia,PV
2020,25,9,Sinaloa,Escuinapa,OI
2020,25,9,Sinaloa,Escuinapa,PV
2020,25,18,Sinaloa,Navolato,OI
2020,25,18,Sinaloa,Navolato,PV
2020,26,5,Sonora,Arivechi,PV
2020,26,8,Sonora,Bacadéhuachi,PV
2020,26,27,Sonora,Fronteras,PV
2020,26,28,Sonora,Granados,PV
2020,26,34,Sonora,Huépac,PV
2020,26,38,Sonora,Moctezuma,PV
2020,26,50,Sonora,Rayón,PV
2020,26,53,Sonora,San Felipe de Jesús,PV
2020,26,60,Sonora,Sáric,PV
2020,27,5,Tabasco,Comalcalco,OI
2020,27,5,Tabasco,Comalcalco,PV
2020,27,7,Tabasco,Emiliano Zapata,OI
2020,27,7,Tabasco,Emiliano Zapata,PV
2020,27,9,Tabasco,Jalapa,OI
2020,27,9,Tabasco,Jalapa,PV
2020,27,10,Tabasco,Jalpa de Méndez,OI
2020,27,10,Tabasco,Jalpa de Méndez,PV
2020,27,11,Tabasco,Jonuta,OI
2020,27,11,Tabasco,Jonuta,PV
2020,27,13,Tabasco,Nacajuca,OI
2020,27,13,Tabasco,Nacajuca,PV
2020,28,4,Tamaulipas,Antiguo Morelos,OI
2020,28,4,Tamaulipas,Antiguo Morelos,PV
2020,28,5,Tamaulipas,Burgos,OI
2020,28,6,Tamaulipas,Bustamante,PV
2020,28,10,Tamaulipas,Cruillas,OI
2020,28,18,Tamaulipas,Jiménez,OI
2020,28,18,Tamaulipas,Jiménez,PV
2020,28,25,Tamaulipas,Miguel Alemán,OI
2020,28,26,Tamaulipas,Miquihuana,PV
2020,28,28,Tamaulipas,Nuevo Morelos,PV
2020,28,29,Tamaulipas,Ocampo,PV
2020,28,31,Tamaulipas,Palmillas,PV
2020,28,33,Tamaulipas,Río Bravo,OI
2020,28,33,Tamaulipas,Río Bravo,PV
2020,28,36,Tamaulipas,San Nicolás,PV
2020,28,39,Tamaulipas,Tula,OI
2020,28,39,Tamaulipas,Tula,PV
2020,28,42,Tamaulipas,Villagrán,OI
2020,28,42,Tamaulipas,Villagrán,PV
2020,29,1,Tlaxcala,Amaxac de Guerrero,PV
2020,29,2,Tlaxcala,Apetatitlán de Antonio Carvajal,PV
2020,29,4,Tlaxcala,Atltzayanca,PV
2020,29,5,Tlaxcala,Apizaco,PV
2020,29,9,Tlaxcala,Cuaxomulco,PV
2020,29,10,Tlaxcala,Chiautempan,PV
2020,29,11,Tlaxcala,Muñoz de Domingo Arenas,PV
2020,29,12,Tlaxcala,Españita,PV
2020,29,14,Tlaxcala,Hueyotlipan,PV
2020,29,15,Tlaxcala,Ixtacuixtla de Mariano Matamoros,PV
2020,29,16,Tlaxcala,Ixtenco,PV
2020,29,17,Tlaxcala,Mazatecochco de José María Morelos,PV
2020,29,18,Tlaxcala,Contla de Juan Cuamatzi,PV
2020,29,19,Tlaxcala,Tepetitla de Lardizábal,PV
2020,29,20,Tlaxcala,Sanctórum de Lázaro Cárdenas,PV
2020,29,21,Tlaxcala,Nanacamilpa de Mariano Arista,PV
2020,29,22,Tlaxcala,Acuamanala de Miguel Hidalgo,PV
2020,29,23,Tlaxcala,Natívitas,PV
2020,29,24,Tlaxcala,Panotla,PV
2020,29,25,Tlaxcala,San Pablo del Monte,PV
2020,29,26,Tlaxcala,Santa Cruz Tlaxcala,PV
2020,29,27,Tlaxcala,Tenancingo,PV
2020,29,28,Tlaxcala,Teolocholco,PV
2020,29,29,Tlaxcala,Tepeyanco,PV
2020,29,30,Tlaxcala,Terrenate,PV
2020,29,32,Tlaxcala,Tetlatlahuca,PV
2020,29,34,Tlaxcala,Tlaxco,PV
2020,29,35,Tlaxcala,Tocatlán,PV
2020,29,36,Tlaxcala,Totolac,PV
2020,29,38,Tlaxcala,Tzompantepec,PV
2020,29,39,Tlaxcala,Xaloztoc,PV
2020,29,40,Tlaxcala,Xaltocan,PV
2020,29,41,Tlaxcala,Papalotla de Xicohténcatl,PV
2020,29,42,Tlaxcala,Xicohtzinco,PV
2020,29,43,Tlaxcala,Yauhquemehcan,PV
2020,29,45,Tlaxcala,Benito Juárez,PV
2020,29,46,Tlaxcala,Emiliano Zapata,PV
2020,29,47,Tlaxcala,Lázaro Cárdenas,PV
2020,29,48,Tlaxcala,La Magdalena Tlaltelulco,PV
2020,29,49,Tlaxcala,San Damián Texóloc,PV
2020,29,50,Tlaxcala,San Francisco Tetlanohcan,PV
2020,29,51,Tlaxcala,San Jerónimo Zacualpan,PV
2020,29,53,Tlaxcala,San Juan Huactzinco,PV
2020,29,54,Tlaxcala,San Lorenzo Axocomanitla,PV
2020,29,55,Tlaxcala,San Lucas Tecopilco,PV
2020,29,56,Tlaxcala,Santa Ana Nopalucan,PV
2020,29,57,Tlaxcala,Santa Apolonia Teacalco,PV
2020,29,58,Tlaxcala,Santa Catarina Ayometla,PV
2020,29,59,Tlaxcala,Santa Cruz Quilehtla,PV
2020,29,60,Tlaxcala,Santa Isabel Xiloxoxtla,PV
2020,30,5,Veracruz,Acula,OI
2020,30,5,Veracruz,Acula,PV
2020,30,6,Veracruz,Acultzingo,PV
2020,30,8,Veracruz,Alpatláhuac,PV
2020,30,12,Veracruz,Amatitlán,OI
2020,30,12,Veracruz,Amatitlán,PV
2020,30,13,Veracruz,Naranjos Amatlán,OI
2020,30,13,Veracruz,Naranjos Amatlán,PV
2020,30,14,Veracruz,Amatlán de Los Reyes,OI
2020,30,14,Veracruz,Amatlán de Los Reyes,PV
2020,30,17,Veracruz,Apazapan,PV
2020,30,18,Veracruz,Aquila,PV
2020,30,19,Veracruz,Astacinga,PV
2020,30,20,Veracruz,Atlahuilco,PV
2020,30,22,Veracruz,Atzacan,OI
2020,30,22,Veracruz,Atzacan,PV
2020,30,24,Veracruz,Tlaltetela,PV
2020,30,25,Veracruz,Ayahualulco,OI
2020,30,25,Veracruz,Ayahualulco,PV
2020,30,27,Veracruz,Benito Juárez,OI
2020,30,27,Veracruz,Benito Juárez,PV
2020,30,29,Veracruz,Calcahualco,PV
2020,30,30,Veracruz,Camerino Z. Mendoza,PV
2020,30,31,Veracruz,Carrillo Puerto,OI
2020,30,33,Veracruz,Cazones de Herrera,OI
2020,30,33,Veracruz,Cazones de Herrera,PV
2020,30,34,Veracruz,Cerro Azul,OI
2020,30,34,Veracruz,Cerro Azul,PV
2020,30,35,Veracruz,Citlaltépetl,OI
2020,30,35,Veracruz,Citlaltépetl,PV
2020,30,36,Veracruz,Coacoatzintla,PV
2020,30,37,Veracruz,Coahuitlán,OI
2020,30,37,Veracruz,Coahuitlán,PV
2020,30,40,Veracruz,Coatzintla,OI
2020,30,40,Veracruz,Coatzintla,PV
2020,30,41,Veracruz,Coetzala,PV
2020,30,42,Veracruz,Colipa,OI
2020,30,42,Veracruz,Colipa,PV
2020,30,43,Veracruz,Comapa,PV
2020,30,48,Veracruz,Cosoleacaque,PV
2020,30,49,Veracruz,Cotaxtla,OI
2020,30,49,Veracruz,Cotaxtla,PV
2020,30,50,Veracruz,Coxquihui,OI
2020,30,50,Veracruz,Coxquihui,PV
2020,30,51,Veracruz,Coyutla,PV
2020,30,52,Veracruz,Cuichapa,OI
2020,30,52,Veracruz,Cuichapa,PV
2020,30,56,Veracruz,Chiconamel,OI
2020,30,56,Veracruz,Chiconamel,PV
2020,30,57,Veracruz,Chiconquiaco,OI
2020,30,57,Veracruz,Chiconquiaco,PV
2020,30,58,Veracruz,Chicontepec,OI
2020,30,58,Veracruz,Chicontepec,PV
2020,30,59,Veracruz,Chinameca,OI
2020,30,59,Veracruz,Chinameca,PV
2020,30,60,Veracruz,Chinampa de Gorostiza,OI
2020,30,60,Veracruz,Chinampa de Gorostiza,PV
2020,30,62,Veracruz,Chocamán,OI
2020,30,62,Veracruz,Chocamán,PV
2020,30,63,Veracruz,Chontla,OI
2020,30,63,Veracruz,Chontla,PV
2020,30,64,Veracruz,Chumatlán,OI
2020,30,64,Veracruz,Chumatlán,PV
2020,30,66,Veracruz,Espinal,OI
2020,30,66,Veracruz,Espinal,PV
2020,30,67,Veracruz,Filomeno Mata,OI
2020,30,67,Veracruz,Filomeno Mata,PV
2020,30,69,Veracruz,Gutiérrez Zamora,OI
2020,30,69,Veracruz,Gutiérrez Zamora,PV
2020,30,70,Veracruz,Hidalgotitlán,OI
2020,30,70,Veracruz,Hidalgotitlán,PV
2020,30,74,Veracruz,Huiloapan de Cuauhtémoc,PV
2020,30,75,Veracruz,Ignacio de La Llave,OI
2020,30,75,Veracruz,Ignacio de La Llave,PV
2020,30,76,Veracruz,Ilamatlán,OI
2020,30,76,Veracruz,Ilamatlán,PV
2020,30,78,Veracruz,Ixcatepec,OI
2020,30,78,Veracruz,Ixcatepec,PV
2020,30,79,Veracruz,Ixhuacán de Los Reyes,OI
2020,30,79,Veracruz,Ixhuacán de Los Reyes,PV
2020,30,80,Veracruz,Ixhuatlán del Café,PV
2020,30,81,Veracruz,Ixhuatlancillo,PV
2020,30,82,Veracruz,Ixhuatlán del Sureste,OI
2020,30,82,Veracruz,Ixhuatlán del Sureste,PV
2020,30,84,Veracruz,Ixmatlahuacan,OI
2020,30,84,Veracruz,Ixmatlahuacan,PV
2020,30,85,Veracruz,Ixtaczoquitlán,PV
2020,30,88,Veracruz,Jalcomulco,PV
2020,30,89,Veracruz,Jáltipan,OI
2020,30,89,Veracruz,Jáltipan,PV
2020,30,92,Veracruz,Xico,PV
2020,30,94,Veracruz,Juan Rodríguez Clara,OI
2020,30,94,Veracruz,Juan Rodríguez Clara,PV
2020,30,95,Veracruz,Juchique de Ferrer,OI
2020,30,95,Veracruz,Juchique de Ferrer,PV
2020,30,96,Veracruz,Landero Y Coss,PV
2020,30,98,Veracruz,Magdalena,PV
2020,30,99,Veracruz,Maltrata,PV
2020,30,103,Veracruz,Mecatlán,OI
2020,30,103,Veracruz,Mecatlán,PV
2020,30,106,Veracruz,Miahuatlán,PV
2020,30,107,Veracruz,Las Minas,OI
2020,30,107,Veracruz,Las Minas,PV
2020,30,108,Veracruz,Minatitlán,OI
2020,30,108,Veracruz,Minatitlán,PV
2020,30,110,Veracruz,Mixtla de Altamirano,PV
2020,30,113,Veracruz,Naranjal,PV
2020,30,115,Veracruz,Nogales,PV
2020,30,116,Veracruz,Oluta,OI
2020,30,116,Veracruz,Oluta,PV
2020,30,117,Veracruz,Omealca,OI
2020,30,117,Veracruz,Omealca,PV
2020,30,119,Veracruz,Otatitlán,OI
2020,30,119,Veracruz,Otatitlán,PV
2020,30,120,Veracruz,Oteapan,OI
2020,30,120,Veracruz,Oteapan,PV
2020,30,121,Veracruz,Ozuluama de Mascareñas,OI
2020,30,121,Veracruz,Ozuluama de Mascareñas,PV
2020,30,122,Veracruz,Pajapan,OI
2020,30,122,Veracruz,Pajapan,PV
2020,30,127,Veracruz,La Perla,PV
2020,30,129,Veracruz,Platón Sánchez,PV
2020,30,130,Veracruz,Playa Vicente,OI
2020,30,130,Veracruz,Playa Vicente,PV
2020,30,133,Veracruz,Pueblo Viejo,OI
2020,30,133,Veracruz,Pueblo Viejo,PV
2020,30,135,Veracruz,Rafael Delgado,PV
2020,30,137,Veracruz,Los Reyes,PV
2020,30,138,Veracruz,Río Blanco,PV
2020,30,139,Veracruz,Saltabarranca,OI
2020,30,139,Veracruz,Saltabarranca,PV
2020,30,140,Veracruz,San Andrés Tenejapan,PV
2020,30,144,Veracruz,Sayula de Alemán,OI
2020,30,144,Veracruz,Sayula de Alemán,PV
2020,30,145,Veracruz,Soconusco,OI
2020,30,145,Veracruz,Soconusco,PV
2020,30,146,Veracruz,Sochiapa,PV
2020,30,147,Veracruz,Soledad Atzompa,PV
2020,30,149,Veracruz,Soteapan,OI
2020,30,149,Veracruz,Soteapan,PV
2020,30,150,Veracruz,Tamalín,OI
2020,30,150,Veracruz,Tamalín,PV
2020,30,151,Veracruz,Tamiahua,OI
2020,30,151,Veracruz,Tamiahua,PV
2020,30,152,Veracruz,Tampico Alto,OI
2020,30,152,Veracruz,Tampico Alto,PV
2020,30,153,Veracruz,Tancoco,OI
2020,30,153,Veracruz,Tancoco,PV
2020,30,154,Veracruz,Tantima,OI
2020,30,154,Veracruz,Tantima,PV
2020,30,156,Veracruz,Tatatila,OI
2020,30,156,Veracruz,Tatatila,PV
2020,30,157,Veracruz,Castillo de Teayo,OI
2020,30,157,Veracruz,Castillo de Teayo,PV
2020,30,158,Veracruz,Tecolutla,OI
2020,30,158,Veracruz,Tecolutla,PV
2020,30,159,Veracruz,Tehuipango,PV
2020,30,162,Veracruz,Tenampa,PV
2020,30,166,Veracruz,Tepetlán,OI
2020,30,166,Veracruz,Tepetlán,PV
2020,30,168,Veracruz,Tequila,PV
2020,30,170,Veracruz,Texcatepec,OI
2020,30,170,Veracruz,Texcatepec,PV
2020,30,171,Veracruz,Texhuacán,PV
2020,30,172,Veracruz,Texistepec,OI
2020,30,172,Veracruz,Texistepec,PV
2020,30,173,Veracruz,Tezonapa,OI
2020,30,173,Veracruz,Tezonapa,PV
2020,30,176,Veracruz,Tlacojalpan,OI
2020,30,176,Veracruz,Tlacojalpan,PV
2020,30,177,Veracruz,Tlacolulan,PV
2020,30,178,Veracruz,Tlacotalpan,OI
2020,30,178,Veracruz,Tlacotalpan,PV
2020,30,179,Veracruz,Tlacotepec de Mejía,PV
2020,30,180,Veracruz,Tlachichilco,OI
2020,30,180,Veracruz,Tlachichilco,PV
2020,30,181,Veracruz,Tlalixcoyan,OI
2020,30,181,Veracruz,Tlalixcoyan,PV
2020,30,183,Veracruz,Tlapacoyan,OI
2020,30,183,Veracruz,Tlapacoyan,PV
2020,30,185,Veracruz,Tlilapan,PV
2020,30,186,Veracruz,Tomatlán,PV
2020,30,187,Veracruz,Tonayán,PV
2020,30,190,Veracruz,Tuxtilla,OI
2020,30,190,Veracruz,Tuxtilla,PV
2020,30,192,Veracruz,Vega de Alatorre,OI
2020,30,192,Veracruz,Vega de Alatorre,PV
2020,30,193,Veracruz,Veracruz,OI
2020,30,193,Veracruz,Veracruz,PV
2020,30,194,Veracruz,Villa Aldama,PV
2020,30,195,Veracruz,Xoxocotla,PV
2020,30,196,Veracruz,Yanga,PV
2020,30,197,Veracruz,Yecuatla,OI
2020,30,197,Veracruz,Yecuatla,PV
2020,30,198,Veracruz,Zacualpan,OI
2020,30,198,Veracruz,Zacualpan,PV
2020,30,200,Veracruz,Zentla,PV
2020,30,202,Veracruz,Zontecomatlán de López Y Fuentes,OI
2020,30,202,Veracruz,Zontecomatlán de López Y Fuentes,PV
2020,30,203,Veracruz,Zozocolco de Hidalgo,OI
2020,30,203,Veracruz,Zozocolco de Hidalgo,PV
2020,30,206,Veracruz,Nanchital de Lázaro Cárdenas del Río,OI
2020,30,206,Veracruz,Nanchital de Lázaro Cárdenas del Río,PV
2020,30,207,Veracruz,Tres Valles,OI
2020,30,207,Veracruz,Tres Valles,PV
2020,30,208,Veracruz,Carlos A. Carrillo,OI
2020,30,208,Veracruz,Carlos A. Carrillo,PV
2020,30,209,Veracruz,Uxpanapa,OI
2020,30,209,Veracruz,Uxpanapa,PV
2020,30,210,Veracruz,Tatahuicapan de Juárez,OI
2020,30,210,Veracruz,Tatahuicapan de Juárez,PV
2020,30,211,Veracruz,San Rafael,OI
2020,30,211,Veracruz,San Rafael,PV
2020,30,212,Veracruz,Santiago Sochiapan,OI
2020,30,212,Veracruz,Santiago Sochiapan,PV
2020,31,2,Yucatán,Acanceh,PV
2020,31,3,Yucatán,Akil,OI
2020,31,3,Yucatán,Akil,PV
2020,31,4,Yucatán,Baca,PV
2020,31,5,Yucatán,Bokobá,PV
2020,31,6,Yucatán,Buctzotz,PV
2020,31,7,Yucatán,Cacalchén,PV
2020,31,8,Yucatán,Calotmul,PV
2020,31,9,Yucatán,Cansahcab,PV
2020,31,12,Yucatán,Cenotillo,PV
2020,31,14,Yucatán,Cuncunul,PV
2020,31,15,Yucatán,Cuzamá,PV
2020,31,16,Yucatán,Chacsinkín,PV
2020,31,17,Yucatán,Chankom,PV
2020,31,18,Yucatán,Chapab,PV
2020,31,19,Yucatán,Chemax,PV
2020,31,20,Yucatán,Chicxulub Pueblo,PV
2020,31,21,Yucatán,Chichimilá,PV
2020,31,22,Yucatán,Chikindzonot,PV
2020,31,24,Yucatán,Chumayel,PV
2020,31,25,Yucatán,Dzán,OI
2020,31,25,Yucatán,Dzán,PV
2020,31,26,Yucatán,Dzemul,PV
2020,31,27,Yucatán,Dzidzantún,PV
2020,31,28,Yucatán,Dzilam de Bravo,PV
2020,31,29,Yucatán,Dzilam González,PV
2020,31,30,Yucatán,Dzitás,PV
2020,31,31,Yucatán,Dzoncauich,PV
2020,31,32,Yucatán,Espita,PV
2020,31,33,Yucatán,Halachó,PV
2020,31,34,Yucatán,Hocabá,PV
2020,31,35,Yucatán,Hoctún,PV
2020,31,36,Yucatán,Homún,PV
2020,31,37,Yucatán,Huhí,PV
2020,31,38,Yucatán,Hunucmá,PV
2020,31,39,Yucatán,Ixil,PV
2020,31,40,Yucatán,Izamal,PV
2020,31,41,Yucatán,Kanasín,PV
2020,31,42,Yucatán,Kantunil,PV
2020,31,43,Yucatán,Kaua,PV
2020,31,44,Yucatán,Kinchil,PV
2020,31,45,Yucatán,Kopomá,PV
2020,31,46,Yucatán,Mama,PV
2020,31,47,Yucatán,Maní,OI
2020,31,47,Yucatán,Maní,PV
2020,31,48,Yucatán,Maxcanú,PV
2020,31,49,Yucatán,Mayapán,PV
2020,31,54,Yucatán,Muxupip,PV
2020,31,55,Yucatán,Opichén,OI
2020,31,55,Yucatán,Opichén,PV
2020,31,57,Yucatán,Panabá,PV
2020,31,60,Yucatán,Quintana Roo,PV
2020,31,62,Yucatán,Sacalum,OI
2020,31,62,Yucatán,Sacalum,PV
2020,31,63,Yucatán,Samahil,PV
2020,31,64,Yucatán,Sanahcat,PV
2020,31,65,Yucatán,San Felipe,PV
2020,31,66,Yucatán,Santa Elena,OI
2020,31,66,Yucatán,Santa Elena,PV
2020,31,67,Yucatán,Seyé,PV
2020,31,68,Yucatán,Sinanché,PV
2020,31,69,Yucatán,Sotuta,PV
2020,31,70,Yucatán,Sucilá,OI
2020,31,70,Yucatán,Sucilá,PV
2020,31,71,Yucatán,Sudzal,PV
2020,31,72,Yucatán,Suma,PV
2020,31,73,Yucatán,Tahdziú,PV
2020,31,74,Yucatán,Tahmek,PV
2020,31,75,Yucatán,Teabo,PV
2020,31,76,Yucatán,Tecoh,PV
2020,31,77,Yucatán,Tekal de Venegas,PV
2020,31,78,Yucatán,Tekantó,PV
2020,31,80,Yucatán,Tekit,PV
2020,31,81,Yucatán,Tekom,PV
2020,31,82,Yucatán,Telchac Pueblo,PV
2020,31,83,Yucatán,Telchac Puerto,PV
2020,31,84,Yucatán,Temax,PV
2020,31,85,Yucatán,Temozón,PV
2020,31,86,Yucatán,Tepakán,PV
2020,31,87,Yucatán,Tetiz,PV
2020,31,88,Yucatán,Teya,PV
2020,31,90,Yucatán,Timucuy,PV
2020,31,91,Yucatán,Tinum,PV
2020,31,92,Yucatán,Tixcacalcupul,PV
2020,31,93,Yucatán,Tixkokob,PV
2020,31,94,Yucatán,Tixmehuac,PV
2020,31,95,Yucatán,Tixpéhual,PV
2020,31,97,Yucatán,Tunkás,PV
2020,31,99,Yucatán,Uayma,PV
2020,31,100,Yucatán,Ucú,PV
2020,31,101,Yucatán,Umán,PV
2020,31,103,Yucatán,Xocchel,PV
2020,31,104,Yucatán,Yaxcabá,PV
2020,31,105,Yucatán,Yaxkukul,PV
2020,31,106,Yucatán,Yobaín,PV
2020,32,1,Zacatecas,Apozol,OI
2020,32,1,Zacatecas,Apozol,PV
2020,32,2,Zacatecas,Apulco,PV
2020,32,4,Zacatecas,Benito Juárez,PV
2020,32,6,Zacatecas,Cañitas de Felipe Pescador,PV
2020,32,8,Zacatecas,Cuauhtémoc,PV
2020,32,11,Zacatecas,Trinidad García de La Cadena,PV
2020,32,13,Zacatecas,General Enrique Estrada,PV
2020,32,18,Zacatecas,Huanusco,PV
2020,32,21,Zacatecas,Jiménez del Teul,PV
2020,32,27,Zacatecas,Melchor Ocampo,PV
2020,32,30,Zacatecas,Momax,PV
2020,32,32,Zacatecas,Morelos,PV
2020,32,33,Zacatecas,Moyahua de Estrada,OI
2020,32,33,Zacatecas,Moyahua de Estrada,PV
2020,32,35,Zacatecas,Noria de Ángeles,PV
2020,32,37,Zacatecas,Pánuco,PV
2020,32,40,Zacatecas,Sain Alto,PV
2020,32,41,Zacatecas,El Salvador,PV
2020,32,50,Zacatecas,Vetagrande,PV
2020,32,52,Zacatecas,Villa García,PV
2020,32,57,Zacatecas,Trancoso,PV
2020,32,58,Zacatecas,Santa María de La Paz,PV
2021,1,11,Aguascalientes,San Francisco de Los Romo,PV
2021,4,1,Campeche,Calkiní,OI
2021,4,1,Campeche,Calkiní,PV
2021,4,8,Campeche,Tenabo,OI
2021,4,8,Campeche,Tenabo,PV
2021,5,1,Coahuila,Abasolo,PV
2021,5,6,Coahuila,Castaños,PV
2021,5,11,Coahuila,General Cepeda,PV
2021,5,12,Coahuila,Guerrero,PV
2021,5,13,Coahuila,Hidalgo,PV
2021,5,16,Coahuila,Lamadrid,PV
2021,5,19,Coahuila,Morelos,PV
2021,5,21,Coahuila,Nadadores,PV
2021,5,23,Coahuila,Ocampo,PV
2021,5,24,Coahuila,Parras,PV
2021,5,29,Coahuila,Sacramento,PV
2021,5,31,Coahuila,San Buenaventura,PV
2021,5,37,Coahuila,Villa Unión,PV
2021,6,6,Colima,Ixtlahuacán,OI
2021,6,8,Colima,Minatitlán,OI
2021,6,8,Colima,Minatitlán,PV
2021,6,10,Colima,Villa de Álvarez,OI
2021,6,10,Colima,Villa de Álvarez,PV
2021,7,4,Chiapas,Altamirano,OI
2021,7,4,Chiapas,Altamirano,PV
2021,7,6,Chiapas,Amatenango de La Frontera,PV
2021,7,7,Chiapas,Amatenango del Valle,PV
2021,7,10,Chiapas,Bejucal de Ocampo,PV
2021,7,11,Chiapas,Bella Vista,PV
2021,7,12,Chiapas,Berriozábal,PV
2021,7,13,Chiapas,Bochil,OI
2021,7,13,Chiapas,Bochil,PV
2021,7,14,Chiapas,El Bosque,OI
2021,7,14,Chiapas,El Bosque,PV
2021,7,15,Chiapas,Cacahoatán,OI
2021,7,15,Chiapas,Cacahoatán,PV
2021,7,16,Chiapas,Catazajá,OI
2021,7,17,Chiapas,Cintalapa,OI
2021,7,17,Chiapas,Cintalapa,PV
2021,7,18,Chiapas,Coapilla,PV
2021,7,21,Chiapas,Copainalá,OI
2021,7,21,Chiapas,Copainalá,PV
2021,7,22,Chiapas,Chalchihuitán,OI
2021,7,22,Chiapas,Chalchihuitán,PV
2021,7,23,Chiapas,Chamula,PV
2021,7,24,Chiapas,Chanal,PV
2021,7,25,Chiapas,Chapultenango,OI
2021,7,25,Chiapas,Chapultenango,PV
2021,7,26,Chiapas,Chenalhó,OI
2021,7,26,Chiapas,Chenalhó,PV
2021,7,28,Chiapas,Chiapilla,PV
2021,7,31,Chiapas,Chilón,OI
2021,7,31,Chiapas,Chilón,PV
2021,7,33,Chiapas,Francisco León,OI
2021,7,33,Chiapas,Francisco León,PV
2021,7,35,Chiapas,Frontera Hidalgo,OI
2021,7,35,Chiapas,Frontera Hidalgo,PV
2021,7,36,Chiapas,La Grandeza,PV
2021,7,38,Chiapas,Huixtán,PV
2021,7,39,Chiapas,Huitiupán,OI
2021,7,39,Chiapas,Huitiupán,PV
2021,7,41,Chiapas,La Independencia,OI
2021,7,41,Chiapas,La Independencia,PV
2021,7,42,Chiapas,Ixhuatán,OI
2021,7,42,Chiapas,Ixhuatán,PV
2021,7,43,Chiapas,Ixtacomitán,OI
2021,7,43,Chiapas,Ixtacomitán,PV
2021,7,44,Chiapas,Ixtapa,OI
2021,7,44,Chiapas,Ixtapa,PV
2021,7,45,Chiapas,Ixtapangajoya,OI
2021,7,45,Chiapas,Ixtapangajoya,PV
2021,7,47,Chiapas,Jitotol,OI
2021,7,47,Chiapas,Jitotol,PV
2021,7,48,Chiapas,Juárez,OI
2021,7,48,Chiapas,Juárez,PV
2021,7,50,Chiapas,La Libertad,OI
2021,7,50,Chiapas,La Libertad,PV
2021,7,53,Chiapas,Mazapa de Madero,PV
2021,7,54,Chiapas,Mazatán,OI
2021,7,54,Chiapas,Mazatán,PV
2021,7,55,Chiapas,Metapa,OI
2021,7,55,Chiapas,Metapa,PV
2021,7,56,Chiapas,Mitontic,OI
2021,7,56,Chiapas,Mitontic,PV
2021,7,58,Chiapas,Nicolás Ruíz,PV
2021,7,60,Chiapas,Ocotepec,OI
2021,7,66,Chiapas,Pantelhó,OI
2021,7,66,Chiapas,Pantelhó,PV
2021,7,67,Chiapas,Pantepec,OI
2021,7,67,Chiapas,Pantepec,PV
2021,7,70,Chiapas,El Porvenir,PV
2021,7,73,Chiapas,Rayón,OI
2021,7,73,Chiapas,Rayón,PV
2021,7,74,Chiapas,Reforma,OI
2021,7,74,Chiapas,Reforma,PV
2021,7,75,Chiapas,Las Rosas,OI
2021,7,75,Chiapas,Las Rosas,PV
2021,7,76,Chiapas,Sabanilla,OI
2021,7,76,Chiapas,Sabanilla,PV
2021,7,79,Chiapas,San Fernando,PV
2021,7,81,Chiapas,Simojovel,OI
2021,7,81,Chiapas,Simojovel,PV
2021,7,83,Chiapas,Socoltenango,OI
2021,7,83,Chiapas,Socoltenango,PV
2021,7,84,Chiapas,Solosuchiapa,OI
2021,7,84,Chiapas,Solosuchiapa,PV
2021,7,85,Chiapas,Soyaló,PV
2021,7,88,Chiapas,Sunuapa,OI
2021,7,88,Chiapas,Sunuapa,PV
2021,7,90,Chiapas,Tapalapa,OI
2021,7,90,Chiapas,Tapalapa,PV
2021,7,93,Chiapas,Tenejapa,OI
2021,7,93,Chiapas,Tenejapa,PV
2021,7,96,Chiapas,Tila,OI
2021,7,96,Chiapas,Tila,PV
2021,7,98,Chiapas,Totolapa,OI
2021,7,98,Chiapas,Totolapa,PV
2021,7,100,Chiapas,Tumbalá,OI
2021,7,100,Chiapas,Tumbalá,PV
2021,7,102,Chiapas,Tuxtla Chico,OI
2021,7,102,Chiapas,Tuxtla Chico,PV
2021,7,103,Chiapas,Tuzantán,OI
2021,7,103,Chiapas,Tuzantán,PV
2021,7,104,Chiapas,Tzimol,OI
2021,7,104,Chiapas,Tzimol,PV
2021,7,105,Chiapas,Unión Juárez,PV
2021,7,109,Chiapas,Yajalón,OI
2021,7,109,Chiapas,Yajalón,PV
2021,7,110,Chiapas,San Lucas,OI
2021,7,110,Chiapas,San Lucas,PV
2021,7,111,Chiapas,Zinacantán,PV
2021,7,113,Chiapas,Aldama,PV
2021,7,114,Chiapas,Benemérito de Las Américas,OI
2021,7,114,Chiapas,Benemérito de Las Américas,PV
2021,7,115,Chiapas,Maravilla Tenejapa,OI
2021,7,115,Chiapas,Maravilla Tenejapa,PV
2021,7,116,Chiapas,Marqués de Comillas,OI
2021,7,117,Chiapas,Montecristo de Guerrero,PV
2021,7,118,Chiapas,San Andrés Duraznal,OI
2021,7,118,Chiapas,San Andrés Duraznal,PV
2021,7,119,Chiapas,Santiago El Pinar,PV
2021,7,120,Chiapas,Capitán Luis Ángel Vidal,PV
2021,7,121,Chiapas,Rincón Chamula San Pedro,PV
2021,7,122,Chiapas,El Parral,PV
2021,8,3,Chihuahua,Allende,PV
2021,8,5,Chihuahua,Ascensión,PV
2021,8,12,Chihuahua,Carichí,PV
2021,8,13,Chihuahua,Casas Grandes,PV
2021,8,18,Chihuahua,Cusihuiriachi,PV
2021,8,22,Chihuahua,Dr. Belisario Domínguez,PV
2021,8,23,Chihuahua,Galeana,PV
2021,8,24,Chihuahua,Santa Isabel,PV
2021,8,25,Chihuahua,Gómez Farías,PV
2021,8,26,Chihuahua,Gran Morelos,PV
2021,8,30,Chihuahua,Guazapares,PV
2021,8,33,Chihuahua,Huejotitán,PV
2021,8,34,Chihuahua,Ignacio Zaragoza,PV
2021,8,44,Chihuahua,Matamoros,PV
2021,8,46,Chihuahua,Morelos,OI
2021,8,46,Chihuahua,Morelos,PV
2021,8,48,Chihuahua,Namiquipa,PV
2021,8,49,Chihuahua,Nonoava,PV
2021,8,54,Chihuahua,Riva Palacio,PV
2021,8,56,Chihuahua,Rosario,PV
2021,8,57,Chihuahua,San Francisco de Borja,PV
2021,8,60,Chihuahua,Santa Bárbara,PV
2021,8,64,Chihuahua,El Tule,PV
2021,8,66,Chihuahua,Uruachi,PV
2021,10,2,Durango,Canelas,OI
2021,10,2,Durango,Canelas,PV
2021,10,3,Durango,Coneto de Comonfort,PV
2021,10,6,Durango,General Simón Bolívar,PV
2021,10,14,Durango,Mezquital,PV
2021,10,16,Durango,Nombre de Dios,PV
2021,10,19,Durango,Otáez,PV
2021,10,28,Durango,San Juan del Río,PV
2021,10,29,Durango,San Luis del Cordero,PV
2021,11,9,Guanajuato,Comonfort,PV
2021,11,13,Guanajuato,Doctor Mora,PV
2021,11,16,Guanajuato,Huanímaro,PV
2021,11,21,Guanajuato,Moroleón,PV
2021,11,24,Guanajuato,Pueblo Nuevo,PV
2021,11,29,Guanajuato,San Diego de La Unión,PV
2021,11,32,Guanajuato,San José Iturbide,PV
2021,11,34,Guanajuato,Santa Catarina,PV
2021,11,35,Guanajuato,Santa Cruz de Juventino Rosas,PV
2021,11,36,Guanajuato,Santiago Maravatío,PV
2021,11,38,Guanajuato,Tarandacuao,OI
2021,11,38,Guanajuato,Tarandacuao,PV
2021,11,39,Guanajuato,Tarimoro,PV
2021,11,40,Guanajuato,Tierra Blanca,PV
2021,11,41,Guanajuato,Uriangato,PV
2021,11,43,Guanajuato,Victoria,PV
2021,11,44,Guanajuato,Villagrán,PV
2021,12,4,Guerrero,Alcozauca de Guerrero,OI
2021,12,4,Guerrero,Alcozauca de Guerrero,PV
2021,12,6,Guerrero,Apaxtla,PV
2021,12,8,Guerrero,Atenango del Río,OI
2021,12,8,Guerrero,Atenango del Río,PV
2021,12,9,Guerrero,Atlamajalcingo del Monte,PV
2021,12,10,Guerrero,Atlixtac,OI
2021,12,10,Guerrero,Atlixtac,PV
2021,12,13,Guerrero,Azoyú,OI
2021,12,13,Guerrero,Azoyú,PV
2021,12,16,Guerrero,Coahuayutla de José María Izazaga,OI
2021,12,16,Guerrero,Coahuayutla de José María Izazaga,PV
2021,12,17,Guerrero,Cocula,OI
2021,12,17,Guerrero,Cocula,PV
2021,12,19,Guerrero,Copalillo,OI
2021,12,19,Guerrero,Copalillo,PV
2021,12,20,Guerrero,Copanatoyac,OI
2021,12,20,Guerrero,Copanatoyac,PV
2021,12,22,Guerrero,Coyuca de Catalán,OI
2021,12,22,Guerrero,Coyuca de Catalán,PV
2021,12,24,Guerrero,Cualác,PV
2021,12,25,Guerrero,Cuautepec,OI
2021,12,25,Guerrero,Cuautepec,PV
2021,12,26,Guerrero,Cuetzala del Progreso,PV
2021,12,27,Guerrero,Cutzamala de Pinzón,OI
2021,12,27,Guerrero,Cutzamala de Pinzón,PV
2021,12,30,Guerrero,Florencio Villarreal,OI
2021,12,30,Guerrero,Florencio Villarreal,PV
2021,12,31,Guerrero,General Canuto A. Neri,PV
2021,12,33,Guerrero,Huamuxtitlán,OI
2021,12,33,Guerrero,Huamuxtitlán,PV
2021,12,37,Guerrero,Ixcateopan de Cuauhtémoc,PV
2021,12,41,Guerrero,Malinaltepec,OI
2021,12,41,Guerrero,Malinaltepec,PV
2021,12,42,Guerrero,Mártir de Cuilapan,PV
2021,12,43,Guerrero,Metlatónoc,OI
2021,12,43,Guerrero,Metlatónoc,PV
2021,12,47,Guerrero,Pedro Ascencio Alquisiras,PV
2021,12,49,Guerrero,Pilcaya,OI
2021,12,49,Guerrero,Pilcaya,PV
2021,12,51,Guerrero,Quechultenango,OI
2021,12,51,Guerrero,Quechultenango,PV
2021,12,52,Guerrero,San Luis Acatlán,OI
2021,12,52,Guerrero,San Luis Acatlán,PV
2021,12,54,Guerrero,San Miguel Totolapan,OI
2021,12,54,Guerrero,San Miguel Totolapan,PV
2021,12,56,Guerrero,Tecoanapa,PV
2021,12,58,Guerrero,Teloloapan,PV
2021,12,60,Guerrero,Tetipac,OI
2021,12,60,Guerrero,Tetipac,PV
2021,12,62,Guerrero,Tlacoachistlahuaca,OI
2021,12,62,Guerrero,Tlacoachistlahuaca,PV
2021,12,63,Guerrero,Tlacoapa,OI
2021,12,63,Guerrero,Tlacoapa,PV
2021,12,64,Guerrero,Tlalchapa,OI
2021,12,64,Guerrero,Tlalchapa,PV
2021,12,65,Guerrero,Tlalixtaquilla de Maldonado,OI
2021,12,65,Guerrero,Tlalixtaquilla de Maldonado,PV
2021,12,67,Guerrero,Tlapehuala,OI
2021,12,67,Guerrero,Tlapehuala,PV
2021,12,69,Guerrero,Xalpatláhuac,OI
2021,12,69,Guerrero,Xalpatláhuac,PV
2021,12,71,Guerrero,Xochistlahuaca,OI
2021,12,71,Guerrero,Xochistlahuaca,PV
2021,12,72,Guerrero,Zapotitlán Tablas,OI
2021,12,72,Guerrero,Zapotitlán Tablas,PV
2021,12,74,Guerrero,Zitlala,OI
2021,12,74,Guerrero,Zitlala,PV
2021,12,76,Guerrero,Acatepec,OI
2021,12,76,Guerrero,Acatepec,PV
2021,12,77,Guerrero,Marquelia,OI
2021,12,77,Guerrero,Marquelia,PV
2021,12,78,Guerrero,Cochoapa El Grande,OI
2021,12,78,Guerrero,Cochoapa El Grande,PV
2021,12,79,Guerrero,José Joaquín de Herrera,PV
2021,12,80,Guerrero,Juchitán,OI
2021,12,80,Guerrero,Juchitán,PV
2021,12,81,Guerrero,Iliatenco,PV
2021,13,1,Hidalgo,Acatlán,PV
2021,13,4,Hidalgo,Agua Blanca de Iturbide,PV
2021,13,5,Hidalgo,Ajacuba,PV
2021,13,7,Hidalgo,Almoloya,PV
2021,13,9,Hidalgo,El Arenal,PV
2021,13,10,Hidalgo,Atitalaquia,PV
2021,13,12,Hidalgo,Atotonilco El Grande,PV
2021,13,14,Hidalgo,Calnali,OI
2021,13,14,Hidalgo,Calnali,PV
2021,13,15,Hidalgo,Cardonal,PV
2021,13,17,Hidalgo,Chapantongo,PV
2021,13,18,Hidalgo,Chapulhuacán,OI
2021,13,18,Hidalgo,Chapulhuacán,PV
2021,13,20,Hidalgo,Eloxochitlán,OI
2021,13,20,Hidalgo,Eloxochitlán,PV
2021,13,21,Hidalgo,Emiliano Zapata,PV
2021,13,22,Hidalgo,Epazoyucan,PV
2021,13,23,Hidalgo,Francisco I. Madero,PV
2021,13,24,Hidalgo,Huasca de Ocampo,PV
2021,13,25,Hidalgo,Huautla,OI
2021,13,25,Hidalgo,Huautla,PV
2021,13,26,Hidalgo,Huazalingo,OI
2021,13,26,Hidalgo,Huazalingo,PV
2021,13,29,Hidalgo,Huichapan,OI
2021,13,29,Hidalgo,Huichapan,PV
2021,13,31,Hidalgo,Jacala de Ledezma,OI
2021,13,31,Hidalgo,Jacala de Ledezma,PV
2021,13,32,Hidalgo,Jaltocán,OI
2021,13,32,Hidalgo,Jaltocán,PV
2021,13,33,Hidalgo,Juárez Hidalgo,PV
2021,13,34,Hidalgo,Lolotla,OI
2021,13,34,Hidalgo,Lolotla,PV
2021,13,35,Hidalgo,Metepec,PV
2021,13,36,Hidalgo,San Agustín Metzquititlán,OI
2021,13,36,Hidalgo,San Agustín Metzquititlán,PV
2021,13,39,Hidalgo,Mineral del Monte,PV
2021,13,40,Hidalgo,La Misión,PV
2021,13,42,Hidalgo,Molango de Escamilla,OI
2021,13,42,Hidalgo,Molango de Escamilla,PV
2021,13,43,Hidalgo,Nicolás Flores,OI
2021,13,43,Hidalgo,Nicolás Flores,PV
2021,13,44,Hidalgo,Nopala de Villagrán,PV
2021,13,45,Hidalgo,Omitlán de Juárez,PV
2021,13,47,Hidalgo,Pacula,OI
2021,13,47,Hidalgo,Pacula,PV
2021,13,49,Hidalgo,Pisaflores,PV
2021,13,50,Hidalgo,Progreso de Obregón,PV
2021,13,51,Hidalgo,Mineral de La Reforma,PV
2021,13,52,Hidalgo,San Agustín Tlaxiaca,PV
2021,13,53,Hidalgo,San Bartolo Tutotepec,OI
2021,13,53,Hidalgo,San Bartolo Tutotepec,PV
2021,13,54,Hidalgo,San Salvador,PV
2021,13,55,Hidalgo,Santiago de Anaya,PV
2021,13,56,Hidalgo,Santiago Tulantepec de Lugo Guerrero,PV
2021,13,57,Hidalgo,Singuilucan,PV
2021,13,59,Hidalgo,Tecozautla,OI
2021,13,59,Hidalgo,Tecozautla,PV
2021,13,60,Hidalgo,Tenango de Doria,OI
2021,13,60,Hidalgo,Tenango de Doria,PV
2021,13,61,Hidalgo,Tepeapulco,PV
2021,13,62,Hidalgo,Tepehuacán de Guerrero,OI
2021,13,62,Hidalgo,Tepehuacán de Guerrero,PV
2021,13,63,Hidalgo,Tepeji del Río de Ocampo,PV
2021,13,65,Hidalgo,Tetepango,PV
2021,13,66,Hidalgo,Villa de Tezontepec,PV
2021,13,67,Hidalgo,Tezontepec de Aldama,PV
2021,13,68,Hidalgo,Tianguistengo,OI
2021,13,68,Hidalgo,Tianguistengo,PV
2021,13,69,Hidalgo,Tizayuca,PV
2021,13,70,Hidalgo,Tlahuelilpan,PV
2021,13,71,Hidalgo,Tlahuiltepa,OI
2021,13,71,Hidalgo,Tlahuiltepa,PV
2021,13,72,Hidalgo,Tlanalapa,PV
2021,13,74,Hidalgo,Tlaxcoapan,PV
2021,13,75,Hidalgo,Tolcayuca,PV
2021,13,78,Hidalgo,Xochiatipan,OI
2021,13,78,Hidalgo,Xochiatipan,PV
2021,13,79,Hidalgo,Xochicoatlán,OI
2021,13,79,Hidalgo,Xochicoatlán,PV
2021,13,80,Hidalgo,Yahualica,OI
2021,13,80,Hidalgo,Yahualica,PV
2021,13,82,Hidalgo,Zapotlán de Juárez,PV
2021,13,83,Hidalgo,Zempoala,PV
2021,14,1,Jalisco,Acatic,PV
2021,14,3,Jalisco,Ahualulco de Mercado,PV
2021,14,4,Jalisco,Amacueca,OI
2021,14,4,Jalisco,Amacueca,PV
2021,14,7,Jalisco,San Juanito de Escobedo,PV
2021,14,8,Jalisco,Arandas,PV
2021,14,9,Jalisco,El Arenal,PV
2021,14,10,Jalisco,Atemajac de Brizuela,PV
2021,14,11,Jalisco,Atengo,PV
2021,14,12,Jalisco,Atenguillo,PV
2021,14,14,Jalisco,Atoyac,OI
2021,14,14,Jalisco,Atoyac,PV
2021,14,20,Jalisco,Cabo Corrientes,OI
2021,14,20,Jalisco,Cabo Corrientes,PV
2021,14,24,Jalisco,Cocula,PV
2021,14,26,Jalisco,Concepción de Buenos Aires,PV
2021,14,27,Jalisco,Cuautitlán de García Barragán,OI
2021,14,27,Jalisco,Cuautitlán de García Barragán,PV
2021,14,28,Jalisco,Cuautla,PV
2021,14,29,Jalisco,Cuquío,PV
2021,14,31,Jalisco,Chimaltitán,OI
2021,14,32,Jalisco,Chiquilistlán,PV
2021,14,35,Jalisco,Encarnación de Díaz,PV
2021,14,36,Jalisco,Etzatlán,PV
2021,14,37,Jalisco,El Grullo,PV
2021,14,38,Jalisco,Guachinango,OI
2021,14,38,Jalisco,Guachinango,PV
2021,14,42,Jalisco,Huejuquilla El Alto,PV
2021,14,44,Jalisco,Ixtlahuacán de Los Membrillos,PV
2021,14,45,Jalisco,Ixtlahuacán del Río,PV
2021,14,48,Jalisco,Jesús María,PV
2021,14,52,Jalisco,Juchitlán,PV
2021,14,55,Jalisco,Magdalena,OI
2021,14,55,Jalisco,Magdalena,PV
2021,14,56,Jalisco,Santa María del Oro,PV
2021,14,57,Jalisco,La Manzanilla de la Paz,PV
2021,14,59,Jalisco,Mazamitla,PV
2021,14,60,Jalisco,Mexticacán,PV
2021,14,62,Jalisco,Mixtlán,PV
2021,14,64,Jalisco,Ojuelos de Jalisco,PV
2021,14,69,Jalisco,Quitupan,OI
2021,14,69,Jalisco,Quitupan,PV
2021,14,72,Jalisco,San Diego de Alejandría,PV
2021,14,73,Jalisco,San Juan de Los Lagos,PV
2021,14,74,Jalisco,San Julián,PV
2021,14,75,Jalisco,San Marcos,PV
2021,14,77,Jalisco,San Martín Hidalgo,PV
2021,14,78,Jalisco,San Miguel El Alto,PV
2021,14,79,Jalisco,Gómez Farías,PV
2021,14,80,Jalisco,San Sebastián del Oeste,OI
2021,14,80,Jalisco,San Sebastián del Oeste,PV
2021,14,82,Jalisco,Sayula,PV
2021,14,84,Jalisco,Talpa de Allende,OI
2021,14,84,Jalisco,Talpa de Allende,PV
2021,14,85,Jalisco,Tamazula de Gordiano,OI
2021,14,85,Jalisco,Tamazula de Gordiano,PV
2021,14,86,Jalisco,Tapalpa,PV
2021,14,87,Jalisco,Tecalitlán,OI
2021,14,87,Jalisco,Tecalitlán,PV
2021,14,88,Jalisco,Tecolotlán,PV
2021,14,89,Jalisco,Techaluta de Montenegro,PV
2021,14,90,Jalisco,Tenamaxtlán,PV
2021,14,92,Jalisco,Teocuitatlán de Corona,PV
2021,14,93,Jalisco,Tepatitlán de Morelos,PV
2021,14,94,Jalisco,Tequila,OI
2021,14,94,Jalisco,Tequila,PV
2021,14,101,Jalisco,Tonalá,PV
2021,14,102,Jalisco,Tonaya,PV
2021,14,103,Jalisco,Tonila,PV
2021,14,104,Jalisco,Totatiche,PV
2021,14,105,Jalisco,Tototlán,PV
2021,14,106,Jalisco,Tuxcacuesco,PV
2021,14,107,Jalisco,Tuxcueca,PV
2021,14,109,Jalisco,Unión de San Antonio,PV
2021,14,111,Jalisco,Valle de Guadalupe,PV
2021,14,112,Jalisco,Valle de Juárez,PV
2021,14,113,Jalisco,San Gabriel,PV
2021,14,114,Jalisco,Villa Corona,PV
2021,14,115,Jalisco,Villa Guerrero,PV
2021,14,116,Jalisco,Villa Hidalgo,PV
2021,14,117,Jalisco,Cañadas de Obregón,PV
2021,14,119,Jalisco,Zacoalco de Torres,OI
2021,14,119,Jalisco,Zacoalco de Torres,PV
2021,14,121,Jalisco,Zapotiltic,PV
2021,14,122,Jalisco,Zapotitlán de Vadillo,OI
2021,14,122,Jalisco,Zapotitlán de Vadillo,PV
2021,14,123,Jalisco,Zapotlán del Rey,PV
2021,15,1,México,Acambay de Ruíz Castañeda,PV
2021,15,4,México,Almoloya de Alquisiras,OI
2021,15,4,México,Almoloya de Alquisiras,PV
2021,15,6,México,Almoloya del Río,PV
2021,15,8,México,Amatepec,PV
2021,15,10,México,Apaxco,PV
2021,15,12,México,Atizapán,PV
2021,15,15,México,Atlautla,PV
2021,15,16,México,Axapusco,PV
2021,15,17,México,Ayapango,PV
2021,15,18,México,Calimaya,PV
2021,15,19,México,Capulhuac,PV
2021,15,20,México,Coacalco de Berriozábal,PV
2021,15,21,México,Coatepec Harinas,PV
2021,15,22,México,Cocotitlán,PV
2021,15,23,México,Coyotepec,PV
2021,15,24,México,Cuautitlán,PV
2021,15,26,México,Chapa de Mota,PV
2021,15,27,México,Chapultepec,PV
2021,15,28,México,Chiautla,PV
2021,15,29,México,Chicoloapan,PV
2021,15,30,México,Chiconcuac,PV
2021,15,31,México,Chimalhuacán,PV
2021,15,34,México,Ecatzingo,PV
2021,15,35,México,Huehuetoca,PV
2021,15,36,México,Hueypoxtla,PV
2021,15,40,México,Ixtapan de La Sal,OI
2021,15,40,México,Ixtapan de La Sal,PV
2021,15,41,México,Ixtapan del Oro,OI
2021,15,41,México,Ixtapan del Oro,PV
2021,15,43,México,Xalatlaco,PV
2021,15,44,México,Jaltenco,PV
2021,15,46,México,Jilotzingo,PV
2021,15,47,México,Jiquipilco,PV
2021,15,48,México,Jocotitlán,PV
2021,15,49,México,Joquicingo,PV
2021,15,50,México,Juchitepec,PV
2021,15,51,México,Lerma,PV
2021,15,53,México,Melchor Ocampo,PV
2021,15,54,México,Metepec,PV
2021,15,56,México,Morelos,PV
2021,15,59,México,Nextlalpan,PV
2021,15,60,México,Nicolás Romero,PV
2021,15,61,México,Nopaltepec,PV
2021,15,64,México,El Oro,PV
2021,15,65,México,Otumba,PV
2021,15,66,México,Otzoloapan,PV
2021,15,67,México,Otzolotepec,PV
2021,15,68,México,Ozumba,PV
2021,15,69,México,Papalotla,PV
2021,15,71,México,Polotitlán,PV
2021,15,72,México,Rayón,PV
2021,15,73,México,San Antonio La Isla,PV
2021,15,75,México,San Martín de Las Pirámides,PV
2021,15,76,México,San Mateo Atenco,PV
2021,15,77,México,San Simón de Guerrero,OI
2021,15,77,México,San Simón de Guerrero,PV
2021,15,79,México,Soyaniquilpan de Juárez,PV
2021,15,80,México,Sultepec,PV
2021,15,82,México,Tejupilco,OI
2021,15,82,México,Tejupilco,PV
2021,15,84,México,Temascalapa,PV
2021,15,86,México,Temascaltepec,PV
2021,15,88,México,Tenancingo,PV
2021,15,89,México,Tenango del Aire,PV
2021,15,92,México,Teotihuacán,PV
2021,15,93,México,Tepetlaoxtoc,PV
2021,15,94,México,Tepetlixpa,PV
2021,15,98,México,Texcalyacac,PV
2021,15,103,México,Tlalmanalco,PV
2021,15,105,México,Tlatlaya,OI
2021,15,105,México,Tlatlaya,PV
2021,15,107,México,Tonatico,PV
2021,15,108,México,Tultepec,PV
2021,15,115,México,Xonacatlán,PV
2021,15,116,México,Zacazonapan,PV
2021,15,117,México,Zacualpan,PV
2021,15,119,México,Zumpahuacán,OI
2021,15,119,México,Zumpahuacán,PV
2021,15,120,México,Zumpango,PV
2021,15,122,México,Valle de Chalco Solidaridad,PV
2021,15,123,México,Luvianos,PV
2021,15,124,México,San José del Rincón,PV
2021,15,125,México,Tonanitla,PV
2021,16,1,Michoacán,Acuitzio,PV
2021,16,2,Michoacán,Aguililla,PV
2021,16,5,Michoacán,Angangueo,PV
2021,16,7,Michoacán,Aporo,PV
2021,16,8,Michoacán,Aquila,OI
2021,16,8,Michoacán,Aquila,PV
2021,16,9,Michoacán,Ario,OI
2021,16,9,Michoacán,Ario,PV
2021,16,11,Michoacán,Briseñas,PV
2021,16,12,Michoacán,Buenavista,OI
2021,16,12,Michoacán,Buenavista,PV
2021,16,13,Michoacán,Carácuaro,OI
2021,16,13,Michoacán,Carácuaro,PV
2021,16,14,Michoacán,Coahuayana,OI
2021,16,14,Michoacán,Coahuayana,PV
2021,16,15,Michoacán,Coalcomán de Vázquez Pallares,OI
2021,16,15,Michoacán,Coalcomán de Vázquez Pallares,PV
2021,16,16,Michoacán,Coeneo,PV
2021,16,18,Michoacán,Copándaro,PV
2021,16,20,Michoacán,Cuitzeo,PV
2021,16,21,Michoacán,Charapan,PV
2021,16,22,Michoacán,Charo,PV
2021,16,23,Michoacán,Chavinda,PV
2021,16,24,Michoacán,Cherán,PV
2021,16,25,Michoacán,Chilchota,PV
2021,16,26,Michoacán,Chinicuila,OI
2021,16,26,Michoacán,Chinicuila,PV
2021,16,27,Michoacán,Chucándiro,OI
2021,16,27,Michoacán,Chucándiro,PV
2021,16,28,Michoacán,Churintzio,PV
2021,16,29,Michoacán,Churumuco,OI
2021,16,29,Michoacán,Churumuco,PV
2021,16,30,Michoacán,Ecuandureo,PV
2021,16,31,Michoacán,Epitacio Huerta,PV
2021,16,32,Michoacán,Erongarícuaro,PV
2021,16,33,Michoacán,Gabriel Zamora,OI
2021,16,33,Michoacán,Gabriel Zamora,PV
2021,16,36,Michoacán,Huandacareo,OI
2021,16,36,Michoacán,Huandacareo,PV
2021,16,37,Michoacán,Huaniqueo,PV
2021,16,40,Michoacán,Indaparapeo,PV
2021,16,41,Michoacán,Irimbo,PV
2021,16,45,Michoacán,Jiquilpan,PV
2021,16,46,Michoacán,Juárez,PV
2021,16,47,Michoacán,Jungapeo,OI
2021,16,47,Michoacán,Jungapeo,PV
2021,16,48,Michoacán,Lagunillas,PV
2021,16,51,Michoacán,Marcos Castellanos,PV
2021,16,54,Michoacán,Morelos,PV
2021,16,55,Michoacán,Múgica,OI
2021,16,55,Michoacán,Múgica,PV
2021,16,56,Michoacán,Nahuatzen,PV
2021,16,57,Michoacán,Nocupétaro,PV
2021,16,58,Michoacán,Nuevo Parangaricutiro,PV
2021,16,59,Michoacán,Nuevo Urecho,OI
2021,16,59,Michoacán,Nuevo Urecho,PV
2021,16,60,Michoacán,Numarán,PV
2021,16,62,Michoacán,Pajacuarán,PV
2021,16,63,Michoacán,Panindícuaro,PV
2021,16,64,Michoacán,Parácuaro,OI
2021,16,64,Michoacán,Parácuaro,PV
2021,16,65,Michoacán,Paracho,PV
2021,16,66,Michoacán,Pátzcuaro,PV
2021,16,68,Michoacán,Peribán,PV
2021,16,70,Michoacán,Purépero,PV
2021,16,71,Michoacán,Puruándiro,PV
2021,16,73,Michoacán,Quiroga,PV
2021,16,74,Michoacán,Cojumatlán de Régules,PV
2021,16,75,Michoacán,Los Reyes,PV
2021,16,77,Michoacán,San Lucas,OI
2021,16,77,Michoacán,San Lucas,PV
2021,16,78,Michoacán,Santa Ana Maya,OI
2021,16,78,Michoacán,Santa Ana Maya,PV
2021,16,79,Michoacán,Salvador Escalante,PV
2021,16,81,Michoacán,Susupuato,OI
2021,16,81,Michoacán,Susupuato,PV
2021,16,82,Michoacán,Tacámbaro,PV
2021,16,83,Michoacán,Tancítaro,OI
2021,16,83,Michoacán,Tancítaro,PV
2021,16,84,Michoacán,Tangamandapio,PV
2021,16,86,Michoacán,Tanhuato,PV
2021,16,87,Michoacán,Taretan,OI
2021,16,87,Michoacán,Taretan,PV
2021,16,88,Michoacán,Tarímbaro,PV
2021,16,90,Michoacán,Tingambato,PV
2021,16,91,Michoacán,Tingüindín,PV
2021,16,92,Michoacán,Tiquicheo de Nicolás Romero,OI
2021,16,92,Michoacán,Tiquicheo de Nicolás Romero,PV
2021,16,93,Michoacán,Tlalpujahua,PV
2021,16,95,Michoacán,Tocumbo,PV
2021,16,96,Michoacán,Tumbiscatío,OI
2021,16,96,Michoacán,Tumbiscatío,PV
2021,16,97,Michoacán,Turicato,OI
2021,16,97,Michoacán,Turicato,PV
2021,16,98,Michoacán,Tuxpan,OI
2021,16,98,Michoacán,Tuxpan,PV
2021,16,99,Michoacán,Tuzantla,OI
2021,16,99,Michoacán,Tuzantla,PV
2021,16,100,Michoacán,Tzintzuntzan,PV
2021,16,101,Michoacán,Tzitzio,PV
2021,16,107,Michoacán,Zacapu,PV
2021,16,109,Michoacán,Zináparo,PV
2021,16,111,Michoacán,Ziracuaretiro,PV
2021,17,3,Morelos,Axochiapan,PV
2021,17,10,Morelos,Jantetelco,PV
2021,17,22,Morelos,Tetela del Volcán,PV
2021,17,34,Morelos,Coatetelco,OI
2021,17,34,Morelos,Coatetelco,PV
2021,18,2,Nayarit,Ahuacatlán,PV
2021,18,3,Nayarit,Amatlán de Cañas,PV
2021,18,4,Nayarit,Compostela,OI
2021,18,4,Nayarit,Compostela,PV
2021,18,7,Nayarit,Jala,PV
2021,18,13,Nayarit,San Pedro Lagunillas,PV
2021,18,14,Nayarit,Santa María del Oro,PV
2021,18,16,Nayarit,Tecuala,OI
2021,18,18,Nayarit,Tuxpan,OI
2021,18,18,Nayarit,Tuxpan,PV
2021,19,8,Nuevo León,Bustamante,PV
2021,19,20,Nuevo León,General Bravo,OI
2021,19,32,Nuevo León,Lampazos de Naranjo,PV
2021,19,34,Nuevo León,Marín,PV
2021,19,41,Nuevo León,Pesquería,OI
2021,19,41,Nuevo León,Pesquería,PV
2021,19,45,Nuevo León,Salinas Victoria,OI
2021,19,51,Nuevo León,Villaldama,PV
2021,20,1,Oaxaca,Abejones,PV
2021,20,3,Oaxaca,Asunción Cacalotepec,OI
2021,20,3,Oaxaca,Asunción Cacalotepec,PV
2021,20,4,Oaxaca,Asunción Cuyotepeji,OI
2021,20,4,Oaxaca,Asunción Cuyotepeji,PV
2021,20,7,Oaxaca,Asunción Ocotlán,OI
2021,20,7,Oaxaca,Asunción Ocotlán,PV
2021,20,8,Oaxaca,Asunción Tlacolulita,OI
2021,20,8,Oaxaca,Asunción Tlacolulita,PV
2021,20,9,Oaxaca,Ayotzintepec,OI
2021,20,9,Oaxaca,Ayotzintepec,PV
2021,20,10,Oaxaca,El Barrio de la Soledad,OI
2021,20,10,Oaxaca,El Barrio de la Soledad,PV
2021,20,12,Oaxaca,Candelaria Loxicha,OI
2021,20,12,Oaxaca,Candelaria Loxicha,PV
2021,20,13,Oaxaca,Ciénega de Zimatlán,OI
2021,20,13,Oaxaca,Ciénega de Zimatlán,PV
2021,20,15,Oaxaca,Coatecas Altas,OI
2021,20,15,Oaxaca,Coatecas Altas,PV
2021,20,16,Oaxaca,Coicoyán de Las Flores,OI
2021,20,16,Oaxaca,Coicoyán de Las Flores,PV
2021,20,17,Oaxaca,La Compañía,OI
2021,20,17,Oaxaca,La Compañía,PV
2021,20,18,Oaxaca,Concepción Buenavista,PV
2021,20,19,Oaxaca,Concepción Pápalo,OI
2021,20,19,Oaxaca,Concepción Pápalo,PV
2021,20,20,Oaxaca,Constancia del Rosario,OI
2021,20,20,Oaxaca,Constancia del Rosario,PV
2021,20,21,Oaxaca,Cosolapa,OI
2021,20,21,Oaxaca,Cosolapa,PV
2021,20,22,Oaxaca,Cosoltepec,PV
2021,20,23,Oaxaca,Cuilápam de Guerrero,OI
2021,20,23,Oaxaca,Cuilápam de Guerrero,PV
2021,20,24,Oaxaca,Cuyamecalco Villa de Zaragoza,PV
2021,20,25,Oaxaca,Chahuites,OI
2021,20,25,Oaxaca,Chahuites,PV
2021,20,26,Oaxaca,Chalcatongo de Hidalgo,PV
2021,20,27,Oaxaca,Chiquihuitlán de Benito Juárez,PV
2021,20,28,Oaxaca,Heroica Ciudad de Ejutla de Crespo,OI
2021,20,28,Oaxaca,Heroica Ciudad de Ejutla de Crespo,PV
2021,20,29,Oaxaca,Eloxochitlán de Flores Magón,PV
2021,20,30,Oaxaca,El Espinal,OI
2021,20,30,Oaxaca,El Espinal,PV
2021,20,31,Oaxaca,Tamazulápam del Espíritu Santo,OI
2021,20,31,Oaxaca,Tamazulápam del Espíritu Santo,PV
2021,20,32,Oaxaca,Fresnillo de Trujano,PV
2021,20,33,Oaxaca,Guadalupe Etla,OI
2021,20,33,Oaxaca,Guadalupe Etla,PV
2021,20,34,Oaxaca,Guadalupe de Ramírez,PV
2021,20,35,Oaxaca,Guelatao de Juárez,OI
2021,20,35,Oaxaca,Guelatao de Juárez,PV
2021,20,36,Oaxaca,Guevea de Humboldt,OI
2021,20,36,Oaxaca,Guevea de Humboldt,PV
2021,20,37,Oaxaca,Mesones Hidalgo,OI
2021,20,37,Oaxaca,Mesones Hidalgo,PV
2021,20,38,Oaxaca,Villa Hidalgo,OI
2021,20,38,Oaxaca,Villa Hidalgo,PV
2021,20,40,Oaxaca,Huautepec,PV
2021,20,41,Oaxaca,Huautla de Jiménez,OI
2021,20,41,Oaxaca,Huautla de Jiménez,PV
2021,20,42,Oaxaca,Ixtlán de Juárez,OI
2021,20,42,Oaxaca,Ixtlán de Juárez,PV
2021,20,44,Oaxaca,Loma Bonita,OI
2021,20,44,Oaxaca,Loma Bonita,PV
2021,20,45,Oaxaca,Magdalena Apasco,OI
2021,20,45,Oaxaca,Magdalena Apasco,PV
2021,20,46,Oaxaca,Magdalena Jaltepec,PV
2021,20,47,Oaxaca,Santa Magdalena Jicotlán,PV
2021,20,48,Oaxaca,Magdalena Mixtepec,OI
2021,20,48,Oaxaca,Magdalena Mixtepec,PV
2021,20,49,Oaxaca,Magdalena Ocotlán,OI
2021,20,49,Oaxaca,Magdalena Ocotlán,PV
2021,20,50,Oaxaca,Magdalena Peñasco,PV
2021,20,51,Oaxaca,Magdalena Teitipac,PV
2021,20,53,Oaxaca,Magdalena Tlacotepec,OI
2021,20,53,Oaxaca,Magdalena Tlacotepec,PV
2021,20,54,Oaxaca,Magdalena Zahuatlán,PV
2021,20,55,Oaxaca,Mariscala de Juárez,OI
2021,20,55,Oaxaca,Mariscala de Juárez,PV
2021,20,56,Oaxaca,Mártires de Tacubaya,OI
2021,20,56,Oaxaca,Mártires de Tacubaya,PV
2021,20,58,Oaxaca,Mazatlán Villa de Flores,OI
2021,20,58,Oaxaca,Mazatlán Villa de Flores,PV
2021,20,60,Oaxaca,Mixistlán de La Reforma,PV
2021,20,61,Oaxaca,Monjas,OI
2021,20,61,Oaxaca,Monjas,PV
2021,20,62,Oaxaca,Natividad,PV
2021,20,63,Oaxaca,Nazareno Etla,OI
2021,20,63,Oaxaca,Nazareno Etla,PV
2021,20,64,Oaxaca,Nejapa de Madero,OI
2021,20,64,Oaxaca,Nejapa de Madero,PV
2021,20,65,Oaxaca,Ixpantepec Nieves,PV
2021,20,66,Oaxaca,Santiago Niltepec,OI
2021,20,66,Oaxaca,Santiago Niltepec,PV
2021,20,68,Oaxaca,Ocotlán de Morelos,OI
2021,20,68,Oaxaca,Ocotlán de Morelos,PV
2021,20,69,Oaxaca,La Pe,OI
2021,20,69,Oaxaca,La Pe,PV
2021,20,70,Oaxaca,Pinotepa de Don Luis,OI
2021,20,70,Oaxaca,Pinotepa de Don Luis,PV
2021,20,71,Oaxaca,Pluma Hidalgo,PV
2021,20,72,Oaxaca,San José del Progreso,OI
2021,20,72,Oaxaca,San José del Progreso,PV
2021,20,74,Oaxaca,Santa Catarina Quioquitani,PV
2021,20,75,Oaxaca,Reforma de Pineda,OI
2021,20,75,Oaxaca,Reforma de Pineda,PV
2021,20,76,Oaxaca,La Reforma,OI
2021,20,76,Oaxaca,La Reforma,PV
2021,20,77,Oaxaca,Reyes Etla,OI
2021,20,77,Oaxaca,Reyes Etla,PV
2021,20,78,Oaxaca,Rojas de Cuauhtémoc,OI
2021,20,78,Oaxaca,Rojas de Cuauhtémoc,PV
2021,20,80,Oaxaca,San Agustín Amatengo,OI
2021,20,80,Oaxaca,San Agustín Amatengo,PV
2021,20,81,Oaxaca,San Agustín Atenango,OI
2021,20,81,Oaxaca,San Agustín Atenango,PV
2021,20,82,Oaxaca,San Agustín Chayuco,OI
2021,20,82,Oaxaca,San Agustín Chayuco,PV
2021,20,84,Oaxaca,San Agustín Etla,PV
2021,20,85,Oaxaca,San Agustín Loxicha,PV
2021,20,86,Oaxaca,San Agustín Tlacotepec,PV
2021,20,87,Oaxaca,San Agustín Yatareni,PV
2021,20,88,Oaxaca,San Andrés Cabecera Nueva,PV
2021,20,89,Oaxaca,San Andrés Dinicuiti,OI
2021,20,89,Oaxaca,San Andrés Dinicuiti,PV
2021,20,90,Oaxaca,San Andrés Huaxpaltepec,OI
2021,20,90,Oaxaca,San Andrés Huaxpaltepec,PV
2021,20,91,Oaxaca,San Andrés Huayápam,OI
2021,20,91,Oaxaca,San Andrés Huayápam,PV
2021,20,92,Oaxaca,San Andrés Ixtlahuaca,OI
2021,20,92,Oaxaca,San Andrés Ixtlahuaca,PV
2021,20,93,Oaxaca,San Andrés Lagunas,PV
2021,20,94,Oaxaca,San Andrés Nuxiño,OI
2021,20,94,Oaxaca,San Andrés Nuxiño,PV
2021,20,95,Oaxaca,San Andrés Paxtlán,PV
2021,20,96,Oaxaca,San Andrés Sinaxtla,PV
2021,20,97,Oaxaca,San Andrés Solaga,OI
2021,20,97,Oaxaca,San Andrés Solaga,PV
2021,20,98,Oaxaca,San Andrés Teotilálpam,OI
2021,20,98,Oaxaca,San Andrés Teotilálpam,PV
2021,20,99,Oaxaca,San Andrés Tepetlapa,PV
2021,20,100,Oaxaca,San Andrés Yaá,PV
2021,20,101,Oaxaca,San Andrés Zabache,OI
2021,20,101,Oaxaca,San Andrés Zabache,PV
2021,20,102,Oaxaca,San Andrés Zautla,OI
2021,20,102,Oaxaca,San Andrés Zautla,PV
2021,20,103,Oaxaca,San Antonino Castillo Velasco,OI
2021,20,103,Oaxaca,San Antonino Castillo Velasco,PV
2021,20,104,Oaxaca,San Antonino El Alto,OI
2021,20,104,Oaxaca,San Antonino El Alto,PV
2021,20,106,Oaxaca,San Antonio Acutla,PV
2021,20,107,Oaxaca,San Antonio de La Cal,OI
2021,20,107,Oaxaca,San Antonio de La Cal,PV
2021,20,108,Oaxaca,San Antonio Huitepec,OI
2021,20,108,Oaxaca,San Antonio Huitepec,PV
2021,20,109,Oaxaca,San Antonio Nanahuatípam,OI
2021,20,109,Oaxaca,San Antonio Nanahuatípam,PV
2021,20,110,Oaxaca,San Antonio Sinicahua,PV
2021,20,111,Oaxaca,San Antonio Tepetlapa,OI
2021,20,111,Oaxaca,San Antonio Tepetlapa,PV
2021,20,112,Oaxaca,San Baltazar Chichicápam,OI
2021,20,112,Oaxaca,San Baltazar Chichicápam,PV
2021,20,113,Oaxaca,San Baltazar Loxicha,OI
2021,20,113,Oaxaca,San Baltazar Loxicha,PV
2021,20,114,Oaxaca,San Baltazar Yatzachi El Bajo,PV
2021,20,115,Oaxaca,San Bartolo Coyotepec,OI
2021,20,115,Oaxaca,San Bartolo Coyotepec,PV
2021,20,116,Oaxaca,San Bartolomé Ayautla,OI
2021,20,116,Oaxaca,San Bartolomé Ayautla,PV
2021,20,117,Oaxaca,San Bartolomé Loxicha,OI
2021,20,117,Oaxaca,San Bartolomé Loxicha,PV
2021,20,118,Oaxaca,San Bartolomé Quialana,OI
2021,20,118,Oaxaca,San Bartolomé Quialana,PV
2021,20,119,Oaxaca,San Bartolomé Yucuañe,PV
2021,20,120,Oaxaca,San Bartolomé Zoogocho,PV
2021,20,121,Oaxaca,San Bartolo Soyaltepec,PV
2021,20,122,Oaxaca,San Bartolo Yautepec,PV
2021,20,123,Oaxaca,San Bernardo Mixtepec,OI
2021,20,123,Oaxaca,San Bernardo Mixtepec,PV
2021,20,125,Oaxaca,San Carlos Yautepec,OI
2021,20,125,Oaxaca,San Carlos Yautepec,PV
2021,20,126,Oaxaca,San Cristóbal Amatlán,OI
2021,20,126,Oaxaca,San Cristóbal Amatlán,PV
2021,20,127,Oaxaca,San Cristóbal Amoltepec,PV
2021,20,128,Oaxaca,San Cristóbal Lachirioag,OI
2021,20,128,Oaxaca,San Cristóbal Lachirioag,PV
2021,20,129,Oaxaca,San Cristóbal Suchixtlahuaca,PV
2021,20,130,Oaxaca,San Dionisio del Mar,PV
2021,20,131,Oaxaca,San Dionisio Ocotepec,PV
2021,20,132,Oaxaca,San Dionisio Ocotlán,OI
2021,20,132,Oaxaca,San Dionisio Ocotlán,PV
2021,20,133,Oaxaca,San Esteban Atatlahuca,PV
2021,20,135,Oaxaca,San Felipe Tejalápam,OI
2021,20,135,Oaxaca,San Felipe Tejalápam,PV
2021,20,137,Oaxaca,San Francisco Cahuacuá,OI
2021,20,137,Oaxaca,San Francisco Cahuacuá,PV
2021,20,138,Oaxaca,San Francisco Cajonos,PV
2021,20,139,Oaxaca,San Francisco Chapulapa,PV
2021,20,140,Oaxaca,San Francisco Chindúa,PV
2021,20,141,Oaxaca,San Francisco del Mar,OI
2021,20,141,Oaxaca,San Francisco del Mar,PV
2021,20,143,Oaxaca,San Francisco Ixhuatán,OI
2021,20,143,Oaxaca,San Francisco Ixhuatán,PV
2021,20,144,Oaxaca,San Francisco Jaltepetongo,PV
2021,20,145,Oaxaca,San Francisco Lachigoló,OI
2021,20,145,Oaxaca,San Francisco Lachigoló,PV
2021,20,146,Oaxaca,San Francisco Logueche,PV
2021,20,147,Oaxaca,San Francisco Nuxaño,PV
2021,20,148,Oaxaca,San Francisco Ozolotepec,PV
2021,20,149,Oaxaca,San Francisco Sola,OI
2021,20,149,Oaxaca,San Francisco Sola,PV
2021,20,150,Oaxaca,San Francisco Telixtlahuaca,OI
2021,20,150,Oaxaca,San Francisco Telixtlahuaca,PV
2021,20,151,Oaxaca,San Francisco Teopan,PV
2021,20,152,Oaxaca,San Francisco Tlapancingo,OI
2021,20,152,Oaxaca,San Francisco Tlapancingo,PV
2021,20,153,Oaxaca,San Gabriel Mixtepec,OI
2021,20,153,Oaxaca,San Gabriel Mixtepec,PV
2021,20,154,Oaxaca,San Ildefonso Amatlán,OI
2021,20,154,Oaxaca,San Ildefonso Amatlán,PV
2021,20,155,Oaxaca,San Ildefonso Sola,OI
2021,20,155,Oaxaca,San Ildefonso Sola,PV
2021,20,156,Oaxaca,San Ildefonso Villa Alta,OI
2021,20,156,Oaxaca,San Ildefonso Villa Alta,PV
2021,20,157,Oaxaca,San Jacinto Amilpas,PV
2021,20,158,Oaxaca,San Jacinto Tlacotepec,OI
2021,20,158,Oaxaca,San Jacinto Tlacotepec,PV
2021,20,159,Oaxaca,San Jerónimo Coatlán,PV
2021,20,160,Oaxaca,San Jerónimo Silacayoapilla,PV
2021,20,161,Oaxaca,San Jerónimo Sosola,PV
2021,20,162,Oaxaca,San Jerónimo Taviche,PV
2021,20,163,Oaxaca,San Jerónimo Tecóatl,PV
2021,20,164,Oaxaca,San Jorge Nuchita,OI
2021,20,164,Oaxaca,San Jorge Nuchita,PV
2021,20,165,Oaxaca,San José Ayuquila,PV
2021,20,166,Oaxaca,San José Chiltepec,OI
2021,20,166,Oaxaca,San José Chiltepec,PV
2021,20,167,Oaxaca,San José del Peñasco,OI
2021,20,167,Oaxaca,San José del Peñasco,PV
2021,20,168,Oaxaca,San José Estancia Grande,PV
2021,20,169,Oaxaca,San José Independencia,OI
2021,20,169,Oaxaca,San José Independencia,PV
2021,20,170,Oaxaca,San José Lachiguiri,PV
2021,20,171,Oaxaca,San José Tenango,OI
2021,20,171,Oaxaca,San José Tenango,PV
2021,20,172,Oaxaca,San Juan Achiutla,PV
2021,20,174,Oaxaca,Ánimas Trujano,OI
2021,20,174,Oaxaca,Ánimas Trujano,PV
2021,20,175,Oaxaca,San Juan Bautista Atatlahuca,OI
2021,20,175,Oaxaca,San Juan Bautista Atatlahuca,PV
2021,20,176,Oaxaca,San Juan Bautista Coixtlahuaca,PV
2021,20,177,Oaxaca,San Juan Bautista Cuicatlán,OI
2021,20,177,Oaxaca,San Juan Bautista Cuicatlán,PV
2021,20,178,Oaxaca,San Juan Bautista Guelache,OI
2021,20,178,Oaxaca,San Juan Bautista Guelache,PV
2021,20,179,Oaxaca,San Juan Bautista Jayacatlán,OI
2021,20,179,Oaxaca,San Juan Bautista Jayacatlán,PV
2021,20,180,Oaxaca,San Juan Bautista Lo de Soto,OI
2021,20,180,Oaxaca,San Juan Bautista Lo de Soto,PV
2021,20,181,Oaxaca,San Juan Bautista Suchitepec,OI
2021,20,181,Oaxaca,San Juan Bautista Suchitepec,PV
2021,20,182,Oaxaca,San Juan Bautista Tlacoatzintepec,PV
2021,20,183,Oaxaca,San Juan Bautista Tlachichilco,OI
2021,20,183,Oaxaca,San Juan Bautista Tlachichilco,PV
2021,20,185,Oaxaca,San Juan Cacahuatepec,OI
2021,20,185,Oaxaca,San Juan Cacahuatepec,PV
2021,20,186,Oaxaca,San Juan Cieneguilla,PV
2021,20,187,Oaxaca,San Juan Coatzóspam,PV
2021,20,188,Oaxaca,San Juan Colorado,OI
2021,20,188,Oaxaca,San Juan Colorado,PV
2021,20,189,Oaxaca,San Juan Comaltepec,OI
2021,20,189,Oaxaca,San Juan Comaltepec,PV
2021,20,190,Oaxaca,San Juan Cotzocón,OI
2021,20,190,Oaxaca,San Juan Cotzocón,PV
2021,20,191,Oaxaca,San Juan Chicomezúchil,OI
2021,20,191,Oaxaca,San Juan Chicomezúchil,PV
2021,20,192,Oaxaca,San Juan Chilateca,OI
2021,20,192,Oaxaca,San Juan Chilateca,PV
2021,20,193,Oaxaca,San Juan del Estado,OI
2021,20,193,Oaxaca,San Juan del Estado,PV
2021,20,194,Oaxaca,San Juan del Río,OI
2021,20,194,Oaxaca,San Juan del Río,PV
2021,20,195,Oaxaca,San Juan Diuxi,PV
2021,20,196,Oaxaca,San Juan Evangelista Analco,PV
2021,20,197,Oaxaca,San Juan Guelavía,OI
2021,20,197,Oaxaca,San Juan Guelavía,PV
2021,20,198,Oaxaca,San Juan Guichicovi,OI
2021,20,198,Oaxaca,San Juan Guichicovi,PV
2021,20,199,Oaxaca,San Juan Ihualtepec,PV
2021,20,200,Oaxaca,San Juan Juquila Mixes,OI
2021,20,200,Oaxaca,San Juan Juquila Mixes,PV
2021,20,201,Oaxaca,San Juan Juquila Vijanos,OI
2021,20,201,Oaxaca,San Juan Juquila Vijanos,PV
2021,20,202,Oaxaca,San Juan Lachao,OI
2021,20,202,Oaxaca,San Juan Lachao,PV
2021,20,203,Oaxaca,San Juan Lachigalla,PV
2021,20,204,Oaxaca,San Juan Lajarcia,PV
2021,20,205,Oaxaca,San Juan Lalana,OI
2021,20,205,Oaxaca,San Juan Lalana,PV
2021,20,206,Oaxaca,San Juan de Los Cués,OI
2021,20,206,Oaxaca,San Juan de Los Cués,PV
2021,20,207,Oaxaca,San Juan Mazatlán,OI
2021,20,207,Oaxaca,San Juan Mazatlán,PV
2021,20,208,Oaxaca,San Juan Mixtepec,OI
2021,20,208,Oaxaca,San Juan Mixtepec,PV
2021,20,209,Oaxaca,San Juan Mixtepec,PV
2021,20,210,Oaxaca,San Juan Ñumí,OI
2021,20,210,Oaxaca,San Juan Ñumí,PV
2021,20,211,Oaxaca,San Juan Ozolotepec,PV
2021,20,212,Oaxaca,San Juan Petlapa,OI
2021,20,212,Oaxaca,San Juan Petlapa,PV
2021,20,213,Oaxaca,San Juan Quiahije,PV
2021,20,214,Oaxaca,San Juan Quiotepec,OI
2021,20,214,Oaxaca,San Juan Quiotepec,PV
2021,20,215,Oaxaca,San Juan Sayultepec,PV
2021,20,216,Oaxaca,San Juan Tabaá,OI
2021,20,216,Oaxaca,San Juan Tabaá,PV
2021,20,217,Oaxaca,San Juan Tamazola,PV
2021,20,218,Oaxaca,San Juan Teita,OI
2021,20,218,Oaxaca,San Juan Teita,PV
2021,20,219,Oaxaca,San Juan Teitipac,OI
2021,20,219,Oaxaca,San Juan Teitipac,PV
2021,20,220,Oaxaca,San Juan Tepeuxila,OI
2021,20,220,Oaxaca,San Juan Tepeuxila,PV
2021,20,222,Oaxaca,San Juan Yaeé,OI
2021,20,222,Oaxaca,San Juan Yaeé,PV
2021,20,223,Oaxaca,San Juan Yatzona,OI
2021,20,223,Oaxaca,San Juan Yatzona,PV
2021,20,224,Oaxaca,San Juan Yucuita,PV
2021,20,225,Oaxaca,San Lorenzo,OI
2021,20,225,Oaxaca,San Lorenzo,PV
2021,20,226,Oaxaca,San Lorenzo Albarradas,OI
2021,20,226,Oaxaca,San Lorenzo Albarradas,PV
2021,20,227,Oaxaca,San Lorenzo Cacaotepec,OI
2021,20,227,Oaxaca,San Lorenzo Cacaotepec,PV
2021,20,229,Oaxaca,San Lorenzo Texmelúcan,OI
2021,20,229,Oaxaca,San Lorenzo Texmelúcan,PV
2021,20,230,Oaxaca,San Lorenzo Victoria,OI
2021,20,230,Oaxaca,San Lorenzo Victoria,PV
2021,20,231,Oaxaca,San Lucas Camotlán,OI
2021,20,231,Oaxaca,San Lucas Camotlán,PV
2021,20,233,Oaxaca,San Lucas Quiaviní,OI
2021,20,233,Oaxaca,San Lucas Quiaviní,PV
2021,20,234,Oaxaca,San Lucas Zoquiápam,PV
2021,20,235,Oaxaca,San Luis Amatlán,OI
2021,20,235,Oaxaca,San Luis Amatlán,PV
2021,20,236,Oaxaca,San Marcial Ozolotepec,PV
2021,20,238,Oaxaca,San Martín de Los Cansecos,PV
2021,20,239,Oaxaca,San Martín Huamelúlpam,PV
2021,20,241,Oaxaca,San Martín Lachilá,OI
2021,20,241,Oaxaca,San Martín Lachilá,PV
2021,20,242,Oaxaca,San Martín Peras,PV
2021,20,243,Oaxaca,San Martín Tilcajete,PV
2021,20,244,Oaxaca,San Martín Toxpalan,OI
2021,20,244,Oaxaca,San Martín Toxpalan,PV
2021,20,245,Oaxaca,San Martín Zacatepec,OI
2021,20,245,Oaxaca,San Martín Zacatepec,PV
2021,20,246,Oaxaca,San Mateo Cajonos,PV
2021,20,247,Oaxaca,Capulálpam de Méndez,OI
2021,20,247,Oaxaca,Capulálpam de Méndez,PV
2021,20,248,Oaxaca,San Mateo del Mar,OI
2021,20,248,Oaxaca,San Mateo del Mar,PV
2021,20,249,Oaxaca,San Mateo Yoloxochitlán,OI
2021,20,249,Oaxaca,San Mateo Yoloxochitlán,PV
2021,20,251,Oaxaca,San Mateo Nejápam,OI
2021,20,251,Oaxaca,San Mateo Nejápam,PV
2021,20,252,Oaxaca,San Mateo Peñasco,OI
2021,20,252,Oaxaca,San Mateo Peñasco,PV
2021,20,253,Oaxaca,San Mateo Piñas,PV
2021,20,254,Oaxaca,San Mateo Río Hondo,PV
2021,20,255,Oaxaca,San Mateo Sindihui,OI
2021,20,255,Oaxaca,San Mateo Sindihui,PV
2021,20,256,Oaxaca,San Mateo Tlapiltepec,PV
2021,20,257,Oaxaca,San Melchor Betaza,OI
2021,20,257,Oaxaca,San Melchor Betaza,PV
2021,20,258,Oaxaca,San Miguel Achiutla,PV
2021,20,259,Oaxaca,San Miguel Ahuehuetitlán,OI
2021,20,259,Oaxaca,San Miguel Ahuehuetitlán,PV
2021,20,260,Oaxaca,San Miguel Aloápam,PV
2021,20,261,Oaxaca,San Miguel Amatitlán,PV
2021,20,263,Oaxaca,San Miguel Coatlán,OI
2021,20,263,Oaxaca,San Miguel Coatlán,PV
2021,20,264,Oaxaca,San Miguel Chicahua,PV
2021,20,265,Oaxaca,San Miguel Chimalapa,OI
2021,20,265,Oaxaca,San Miguel Chimalapa,PV
2021,20,266,Oaxaca,San Miguel del Puerto,OI
2021,20,266,Oaxaca,San Miguel del Puerto,PV
2021,20,267,Oaxaca,San Miguel del Río,PV
2021,20,268,Oaxaca,San Miguel Ejutla,OI
2021,20,268,Oaxaca,San Miguel Ejutla,PV
2021,20,269,Oaxaca,San Miguel El Grande,PV
2021,20,270,Oaxaca,San Miguel Huautla,PV
2021,20,271,Oaxaca,San Miguel Mixtepec,OI
2021,20,271,Oaxaca,San Miguel Mixtepec,PV
2021,20,272,Oaxaca,San Miguel Panixtlahuaca,OI
2021,20,272,Oaxaca,San Miguel Panixtlahuaca,PV
2021,20,273,Oaxaca,San Miguel Peras,OI
2021,20,273,Oaxaca,San Miguel Peras,PV
2021,20,274,Oaxaca,San Miguel Piedras,PV
2021,20,275,Oaxaca,San Miguel Quetzaltepec,OI
2021,20,275,Oaxaca,San Miguel Quetzaltepec,PV
2021,20,276,Oaxaca,San Miguel Santa Flor,PV
2021,20,277,Oaxaca,Villa Sola de Vega,OI
2021,20,277,Oaxaca,Villa Sola de Vega,PV
2021,20,279,Oaxaca,San Miguel Suchixtepec,PV
2021,20,280,Oaxaca,Villa Talea de Castro,OI
2021,20,280,Oaxaca,Villa Talea de Castro,PV
2021,20,281,Oaxaca,San Miguel Tecomatlán,PV
2021,20,282,Oaxaca,San Miguel Tenango,PV
2021,20,283,Oaxaca,San Miguel Tequixtepec,PV
2021,20,284,Oaxaca,San Miguel Tilquiápam,OI
2021,20,284,Oaxaca,San Miguel Tilquiápam,PV
2021,20,285,Oaxaca,San Miguel Tlacamama,OI
2021,20,285,Oaxaca,San Miguel Tlacamama,PV
2021,20,287,Oaxaca,San Miguel Tulancingo,PV
2021,20,288,Oaxaca,San Miguel Yotao,PV
2021,20,289,Oaxaca,San Nicolás,OI
2021,20,289,Oaxaca,San Nicolás,PV
2021,20,290,Oaxaca,San Nicolás Hidalgo,OI
2021,20,290,Oaxaca,San Nicolás Hidalgo,PV
2021,20,291,Oaxaca,San Pablo Coatlán,OI
2021,20,291,Oaxaca,San Pablo Coatlán,PV
2021,20,292,Oaxaca,San Pablo Cuatro Venados,PV
2021,20,293,Oaxaca,San Pablo Etla,OI
2021,20,293,Oaxaca,San Pablo Etla,PV
2021,20,294,Oaxaca,San Pablo Huitzo,OI
2021,20,294,Oaxaca,San Pablo Huitzo,PV
2021,20,295,Oaxaca,San Pablo Huixtepec,OI
2021,20,295,Oaxaca,San Pablo Huixtepec,PV
2021,20,296,Oaxaca,San Pablo Macuiltianguis,PV
2021,20,297,Oaxaca,San Pablo Tijaltepec,PV
2021,20,298,Oaxaca,San Pablo Villa de Mitla,PV
2021,20,299,Oaxaca,San Pablo Yaganiza,OI
2021,20,299,Oaxaca,San Pablo Yaganiza,PV
2021,20,300,Oaxaca,San Pedro Amuzgos,OI
2021,20,300,Oaxaca,San Pedro Amuzgos,PV
2021,20,301,Oaxaca,San Pedro Apóstol,OI
2021,20,301,Oaxaca,San Pedro Apóstol,PV
2021,20,302,Oaxaca,San Pedro Atoyac,OI
2021,20,302,Oaxaca,San Pedro Atoyac,PV
2021,20,303,Oaxaca,San Pedro Cajonos,PV
2021,20,304,Oaxaca,San Pedro Coxcaltepec Cántaros,PV
2021,20,305,Oaxaca,San Pedro Comitancillo,OI
2021,20,305,Oaxaca,San Pedro Comitancillo,PV
2021,20,306,Oaxaca,San Pedro El Alto,PV
2021,20,308,Oaxaca,San Pedro Huilotepec,OI
2021,20,308,Oaxaca,San Pedro Huilotepec,PV
2021,20,309,Oaxaca,San Pedro Ixcatlán,OI
2021,20,309,Oaxaca,San Pedro Ixcatlán,PV
2021,20,310,Oaxaca,San Pedro Ixtlahuaca,OI
2021,20,310,Oaxaca,San Pedro Ixtlahuaca,PV
2021,20,311,Oaxaca,San Pedro Jaltepetongo,PV
2021,20,312,Oaxaca,San Pedro Jicayán,OI
2021,20,312,Oaxaca,San Pedro Jicayán,PV
2021,20,313,Oaxaca,San Pedro Jocotipac,PV
2021,20,314,Oaxaca,San Pedro Juchatengo,OI
2021,20,314,Oaxaca,San Pedro Juchatengo,PV
2021,20,315,Oaxaca,San Pedro Mártir,OI
2021,20,315,Oaxaca,San Pedro Mártir,PV
2021,20,316,Oaxaca,San Pedro Mártir Quiechapa,OI
2021,20,316,Oaxaca,San Pedro Mártir Quiechapa,PV
2021,20,317,Oaxaca,San Pedro Mártir Yucuxaco,PV
2021,20,318,Oaxaca,San Pedro Mixtepec,OI
2021,20,318,Oaxaca,San Pedro Mixtepec,PV
2021,20,319,Oaxaca,San Pedro Mixtepec,PV
2021,20,320,Oaxaca,San Pedro Molinos,PV
2021,20,321,Oaxaca,San Pedro Nopala,PV
2021,20,322,Oaxaca,San Pedro Ocopetatillo,PV
2021,20,323,Oaxaca,San Pedro Ocotepec,OI
2021,20,323,Oaxaca,San Pedro Ocotepec,PV
2021,20,325,Oaxaca,San Pedro Quiatoni,PV
2021,20,326,Oaxaca,San Pedro Sochiápam,OI
2021,20,326,Oaxaca,San Pedro Sochiápam,PV
2021,20,328,Oaxaca,San Pedro Taviche,OI
2021,20,328,Oaxaca,San Pedro Taviche,PV
2021,20,329,Oaxaca,San Pedro Teozacoalco,OI
2021,20,329,Oaxaca,San Pedro Teozacoalco,PV
2021,20,330,Oaxaca,San Pedro Teutila,PV
2021,20,331,Oaxaca,San Pedro Tidaá,PV
2021,20,332,Oaxaca,San Pedro Topiltepec,PV
2021,20,333,Oaxaca,San Pedro Totolápam,OI
2021,20,333,Oaxaca,San Pedro Totolápam,PV
2021,20,335,Oaxaca,San Pedro Yaneri,OI
2021,20,335,Oaxaca,San Pedro Yaneri,PV
2021,20,336,Oaxaca,San Pedro Yólox,OI
2021,20,336,Oaxaca,San Pedro Yólox,PV
2021,20,338,Oaxaca,Villa de Etla,OI
2021,20,338,Oaxaca,Villa de Etla,PV
2021,20,340,Oaxaca,San Pedro Y San Pablo Tequixtepec,OI
2021,20,340,Oaxaca,San Pedro Y San Pablo Tequixtepec,PV
2021,20,341,Oaxaca,San Pedro Yucunama,PV
2021,20,342,Oaxaca,San Raymundo Jalpan,OI
2021,20,342,Oaxaca,San Raymundo Jalpan,PV
2021,20,343,Oaxaca,San Sebastián Abasolo,OI
2021,20,343,Oaxaca,San Sebastián Abasolo,PV
2021,20,344,Oaxaca,San Sebastián Coatlán,PV
2021,20,345,Oaxaca,San Sebastián Ixcapa,OI
2021,20,345,Oaxaca,San Sebastián Ixcapa,PV
2021,20,346,Oaxaca,San Sebastián Nicananduta,PV
2021,20,347,Oaxaca,San Sebastián Río Hondo,PV
2021,20,348,Oaxaca,San Sebastián Tecomaxtlahuaca,OI
2021,20,348,Oaxaca,San Sebastián Tecomaxtlahuaca,PV
2021,20,349,Oaxaca,San Sebastián Teitipac,OI
2021,20,349,Oaxaca,San Sebastián Teitipac,PV
2021,20,350,Oaxaca,San Sebastián Tutla,PV
2021,20,351,Oaxaca,San Simón Almolongas,PV
2021,20,352,Oaxaca,San Simón Zahuatlán,PV
2021,20,353,Oaxaca,Santa Ana,OI
2021,20,353,Oaxaca,Santa Ana,PV
2021,20,355,Oaxaca,Santa Ana Cuauhtémoc,PV
2021,20,356,Oaxaca,Santa Ana del Valle,PV
2021,20,358,Oaxaca,Santa Ana Tlapacoyan,OI
2021,20,358,Oaxaca,Santa Ana Tlapacoyan,PV
2021,20,359,Oaxaca,Santa Ana Yareni,PV
2021,20,360,Oaxaca,Santa Ana Zegache,OI
2021,20,360,Oaxaca,Santa Ana Zegache,PV
2021,20,361,Oaxaca,Santa Catalina Quierí,PV
2021,20,362,Oaxaca,Santa Catarina Cuixtla,PV
2021,20,364,Oaxaca,Santa Catarina Juquila,OI
2021,20,364,Oaxaca,Santa Catarina Juquila,PV
2021,20,365,Oaxaca,Santa Catarina Lachatao,OI
2021,20,365,Oaxaca,Santa Catarina Lachatao,PV
2021,20,366,Oaxaca,Santa Catarina Loxicha,PV
2021,20,367,Oaxaca,Santa Catarina Mechoacán,OI
2021,20,367,Oaxaca,Santa Catarina Mechoacán,PV
2021,20,368,Oaxaca,Santa Catarina Minas,OI
2021,20,368,Oaxaca,Santa Catarina Minas,PV
2021,20,369,Oaxaca,Santa Catarina Quiané,OI
2021,20,369,Oaxaca,Santa Catarina Quiané,PV
2021,20,370,Oaxaca,Santa Catarina Tayata,PV
2021,20,371,Oaxaca,Santa Catarina Ticuá,PV
2021,20,372,Oaxaca,Santa Catarina Yosonotú,PV
2021,20,373,Oaxaca,Santa Catarina Zapoquila,OI
2021,20,373,Oaxaca,Santa Catarina Zapoquila,PV
2021,20,374,Oaxaca,Santa Cruz Acatepec,OI
2021,20,374,Oaxaca,Santa Cruz Acatepec,PV
2021,20,375,Oaxaca,Santa Cruz Amilpas,PV
2021,20,376,Oaxaca,Santa Cruz de Bravo,PV
2021,20,377,Oaxaca,Santa Cruz Itundujia,OI
2021,20,377,Oaxaca,Santa Cruz Itundujia,PV
2021,20,378,Oaxaca,Santa Cruz Mixtepec,OI
2021,20,378,Oaxaca,Santa Cruz Mixtepec,PV
2021,20,379,Oaxaca,Santa Cruz Nundaco,PV
2021,20,380,Oaxaca,Santa Cruz Papalutla,PV
2021,20,381,Oaxaca,Santa Cruz Tacache de Mina,OI
2021,20,381,Oaxaca,Santa Cruz Tacache de Mina,PV
2021,20,382,Oaxaca,Santa Cruz Tacahua,PV
2021,20,383,Oaxaca,Santa Cruz Tayata,PV
2021,20,384,Oaxaca,Santa Cruz Xitla,PV
2021,20,386,Oaxaca,Santa Cruz Zenzontepec,OI
2021,20,386,Oaxaca,Santa Cruz Zenzontepec,PV
2021,20,387,Oaxaca,Santa Gertrudis,OI
2021,20,387,Oaxaca,Santa Gertrudis,PV
2021,20,388,Oaxaca,Santa Inés del Monte,OI
2021,20,388,Oaxaca,Santa Inés del Monte,PV
2021,20,389,Oaxaca,Santa Inés Yatzeche,OI
2021,20,389,Oaxaca,Santa Inés Yatzeche,PV
2021,20,390,Oaxaca,Santa Lucía del Camino,PV
2021,20,391,Oaxaca,Santa Lucía Miahuatlán,PV
2021,20,392,Oaxaca,Santa Lucía Monteverde,PV
2021,20,393,Oaxaca,Santa Lucía Ocotlán,OI
2021,20,393,Oaxaca,Santa Lucía Ocotlán,PV
2021,20,394,Oaxaca,Santa María Alotepec,OI
2021,20,394,Oaxaca,Santa María Alotepec,PV
2021,20,395,Oaxaca,Santa María Apazco,PV
2021,20,396,Oaxaca,Santa María La Asunción,PV
2021,20,398,Oaxaca,Ayoquezco de Aldama,OI
2021,20,398,Oaxaca,Ayoquezco de Aldama,PV
2021,20,399,Oaxaca,Santa María Atzompa,OI
2021,20,399,Oaxaca,Santa María Atzompa,PV
2021,20,400,Oaxaca,Santa María Camotlán,OI
2021,20,400,Oaxaca,Santa María Camotlán,PV
2021,20,401,Oaxaca,Santa María Colotepec,OI
2021,20,401,Oaxaca,Santa María Colotepec,PV
2021,20,402,Oaxaca,Santa María Cortijo,OI
2021,20,402,Oaxaca,Santa María Cortijo,PV
2021,20,403,Oaxaca,Santa María Coyotepec,OI
2021,20,403,Oaxaca,Santa María Coyotepec,PV
2021,20,404,Oaxaca,Santa María Chachoápam,PV
2021,20,406,Oaxaca,Santa María Chilchotla,OI
2021,20,406,Oaxaca,Santa María Chilchotla,PV
2021,20,407,Oaxaca,Santa María Chimalapa,OI
2021,20,407,Oaxaca,Santa María Chimalapa,PV
2021,20,408,Oaxaca,Santa María del Rosario,PV
2021,20,409,Oaxaca,Santa María del Tule,OI
2021,20,409,Oaxaca,Santa María del Tule,PV
2021,20,410,Oaxaca,Santa María Ecatepec,PV
2021,20,411,Oaxaca,Santa María Guelacé,OI
2021,20,411,Oaxaca,Santa María Guelacé,PV
2021,20,412,Oaxaca,Santa María Guienagati,OI
2021,20,412,Oaxaca,Santa María Guienagati,PV
2021,20,413,Oaxaca,Santa María Huatulco,OI
2021,20,414,Oaxaca,Santa María Huazolotitlán,OI
2021,20,414,Oaxaca,Santa María Huazolotitlán,PV
2021,20,415,Oaxaca,Santa María Ipalapa,OI
2021,20,415,Oaxaca,Santa María Ipalapa,PV
2021,20,416,Oaxaca,Santa María Ixcatlán,PV
2021,20,419,Oaxaca,Santa María Jaltianguis,PV
2021,20,420,Oaxaca,Santa María Lachixío,PV
2021,20,422,Oaxaca,Santa María Nativitas,PV
2021,20,423,Oaxaca,Santa María Nduayaco,PV
2021,20,424,Oaxaca,Santa María Ozolotepec,PV
2021,20,425,Oaxaca,Santa María Pápalo,PV
2021,20,426,Oaxaca,Santa María Peñoles,OI
2021,20,426,Oaxaca,Santa María Peñoles,PV
2021,20,427,Oaxaca,Santa María Petapa,OI
2021,20,427,Oaxaca,Santa María Petapa,PV
2021,20,428,Oaxaca,Santa María Quiegolani,PV
2021,20,429,Oaxaca,Santa María Sola,OI
2021,20,429,Oaxaca,Santa María Sola,PV
2021,20,430,Oaxaca,Santa María Tataltepec,PV
2021,20,431,Oaxaca,Santa María Tecomavaca,OI
2021,20,431,Oaxaca,Santa María Tecomavaca,PV
2021,20,432,Oaxaca,Santa María Temaxcalapa,OI
2021,20,432,Oaxaca,Santa María Temaxcalapa,PV
2021,20,433,Oaxaca,Santa María Temaxcaltepec,OI
2021,20,433,Oaxaca,Santa María Temaxcaltepec,PV
2021,20,434,Oaxaca,Santa María Teopoxco,PV
2021,20,435,Oaxaca,Santa María Tepantlali,PV
2021,20,436,Oaxaca,Santa María Texcatitlán,OI
2021,20,436,Oaxaca,Santa María Texcatitlán,PV
2021,20,437,Oaxaca,Santa María Tlahuitoltepec,PV
2021,20,438,Oaxaca,Santa María Tlalixtac,PV
2021,20,440,Oaxaca,Santa María Totolapilla,PV
2021,20,441,Oaxaca,Santa María Xadani,OI
2021,20,441,Oaxaca,Santa María Xadani,PV
2021,20,442,Oaxaca,Santa María Yalina,PV
2021,20,443,Oaxaca,Santa María Yavesía,PV
2021,20,444,Oaxaca,Santa María Yolotepec,PV
2021,20,445,Oaxaca,Santa María Yosoyúa,OI
2021,20,445,Oaxaca,Santa María Yosoyúa,PV
2021,20,446,Oaxaca,Santa María Yucuhiti,OI
2021,20,446,Oaxaca,Santa María Yucuhiti,PV
2021,20,447,Oaxaca,Santa María Zacatepec,OI
2021,20,447,Oaxaca,Santa María Zacatepec,PV
2021,20,448,Oaxaca,Santa María Zaniza,OI
2021,20,448,Oaxaca,Santa María Zaniza,PV
2021,20,449,Oaxaca,Santa María Zoquitlán,OI
2021,20,449,Oaxaca,Santa María Zoquitlán,PV
2021,20,450,Oaxaca,Santiago Amoltepec,PV
2021,20,451,Oaxaca,Santiago Apoala,OI
2021,20,451,Oaxaca,Santiago Apoala,PV
2021,20,452,Oaxaca,Santiago Apóstol,OI
2021,20,452,Oaxaca,Santiago Apóstol,PV
2021,20,453,Oaxaca,Santiago Astata,OI
2021,20,453,Oaxaca,Santiago Astata,PV
2021,20,454,Oaxaca,Santiago Atitlán,OI
2021,20,454,Oaxaca,Santiago Atitlán,PV
2021,20,455,Oaxaca,Santiago Ayuquililla,PV
2021,20,456,Oaxaca,Santiago Cacaloxtepec,PV
2021,20,457,Oaxaca,Santiago Camotlán,OI
2021,20,457,Oaxaca,Santiago Camotlán,PV
2021,20,458,Oaxaca,Santiago Comaltepec,OI
2021,20,458,Oaxaca,Santiago Comaltepec,PV
2021,20,460,Oaxaca,Santiago Choápam,OI
2021,20,460,Oaxaca,Santiago Choápam,PV
2021,20,461,Oaxaca,Santiago del Río,OI
2021,20,461,Oaxaca,Santiago del Río,PV
2021,20,462,Oaxaca,Santiago Huajolotitlán,OI
2021,20,462,Oaxaca,Santiago Huajolotitlán,PV
2021,20,463,Oaxaca,Santiago Huauclilla,OI
2021,20,463,Oaxaca,Santiago Huauclilla,PV
2021,20,464,Oaxaca,Santiago Ihuitlán Plumas,PV
2021,20,465,Oaxaca,Santiago Ixcuintepec,OI
2021,20,465,Oaxaca,Santiago Ixcuintepec,PV
2021,20,466,Oaxaca,Santiago Ixtayutla,OI
2021,20,466,Oaxaca,Santiago Ixtayutla,PV
2021,20,467,Oaxaca,Santiago Jamiltepec,OI
2021,20,467,Oaxaca,Santiago Jamiltepec,PV
2021,20,469,Oaxaca,Santiago Juxtlahuaca,OI
2021,20,469,Oaxaca,Santiago Juxtlahuaca,PV
2021,20,470,Oaxaca,Santiago Lachiguiri,OI
2021,20,470,Oaxaca,Santiago Lachiguiri,PV
2021,20,471,Oaxaca,Santiago Lalopa,OI
2021,20,471,Oaxaca,Santiago Lalopa,PV
2021,20,473,Oaxaca,Santiago Laxopa,PV
2021,20,474,Oaxaca,Santiago Llano Grande,OI
2021,20,474,Oaxaca,Santiago Llano Grande,PV
2021,20,475,Oaxaca,Santiago Matatlán,PV
2021,20,476,Oaxaca,Santiago Miltepec,OI
2021,20,476,Oaxaca,Santiago Miltepec,PV
2021,20,477,Oaxaca,Santiago Minas,OI
2021,20,477,Oaxaca,Santiago Minas,PV
2021,20,479,Oaxaca,Santiago Nejapilla,PV
2021,20,480,Oaxaca,Santiago Nundiche,PV
2021,20,481,Oaxaca,Santiago Nuyoó,OI
2021,20,481,Oaxaca,Santiago Nuyoó,PV
2021,20,482,Oaxaca,Santiago Pinotepa Nacional,PV
2021,20,483,Oaxaca,Santiago Suchilquitongo,OI
2021,20,483,Oaxaca,Santiago Suchilquitongo,PV
2021,20,484,Oaxaca,Santiago Tamazola,OI
2021,20,484,Oaxaca,Santiago Tamazola,PV
2021,20,485,Oaxaca,Santiago Tapextla,OI
2021,20,485,Oaxaca,Santiago Tapextla,PV
2021,20,486,Oaxaca,Villa Tejúpam de La Unión,PV
2021,20,487,Oaxaca,Santiago Tenango,PV
2021,20,488,Oaxaca,Santiago Tepetlapa,PV
2021,20,489,Oaxaca,Santiago Tetepec,OI
2021,20,489,Oaxaca,Santiago Tetepec,PV
2021,20,490,Oaxaca,Santiago Texcalcingo,PV
2021,20,491,Oaxaca,Santiago Textitlán,OI
2021,20,491,Oaxaca,Santiago Textitlán,PV
2021,20,492,Oaxaca,Santiago Tilantongo,PV
2021,20,493,Oaxaca,Santiago Tillo,PV
2021,20,494,Oaxaca,Santiago Tlazoyaltepec,OI
2021,20,494,Oaxaca,Santiago Tlazoyaltepec,PV
2021,20,495,Oaxaca,Santiago Xanica,PV
2021,20,496,Oaxaca,Santiago Xiacuí,OI
2021,20,496,Oaxaca,Santiago Xiacuí,PV
2021,20,497,Oaxaca,Santiago Yaitepec,PV
2021,20,499,Oaxaca,Santiago Yolomécatl,PV
2021,20,500,Oaxaca,Santiago Yosondúa,OI
2021,20,500,Oaxaca,Santiago Yosondúa,PV
2021,20,501,Oaxaca,Santiago Yucuyachi,PV
2021,20,503,Oaxaca,Santiago Zoochila,OI
2021,20,503,Oaxaca,Santiago Zoochila,PV
2021,20,504,Oaxaca,Nuevo Zoquiápam,OI
2021,20,504,Oaxaca,Nuevo Zoquiápam,PV
2021,20,505,Oaxaca,Santo Domingo Ingenio,OI
2021,20,505,Oaxaca,Santo Domingo Ingenio,PV
2021,20,506,Oaxaca,Santo Domingo Albarradas,OI
2021,20,506,Oaxaca,Santo Domingo Albarradas,PV
2021,20,507,Oaxaca,Santo Domingo Armenta,PV
2021,20,508,Oaxaca,Santo Domingo Chihuitán,OI
2021,20,508,Oaxaca,Santo Domingo Chihuitán,PV
2021,20,509,Oaxaca,Santo Domingo de Morelos,OI
2021,20,509,Oaxaca,Santo Domingo de Morelos,PV
2021,20,510,Oaxaca,Santo Domingo Ixcatlán,PV
2021,20,511,Oaxaca,Santo Domingo Nuxaá,PV
2021,20,512,Oaxaca,Santo Domingo Ozolotepec,PV
2021,20,513,Oaxaca,Santo Domingo Petapa,OI
2021,20,513,Oaxaca,Santo Domingo Petapa,PV
2021,20,514,Oaxaca,Santo Domingo Roayaga,OI
2021,20,514,Oaxaca,Santo Domingo Roayaga,PV
2021,20,516,Oaxaca,Santo Domingo Teojomulco,OI
2021,20,516,Oaxaca,Santo Domingo Teojomulco,PV
2021,20,517,Oaxaca,Santo Domingo Tepuxtepec,PV
2021,20,518,Oaxaca,Santo Domingo Tlatayápam,PV
2021,20,519,Oaxaca,Santo Domingo Tomaltepec,OI
2021,20,519,Oaxaca,Santo Domingo Tomaltepec,PV
2021,20,520,Oaxaca,Santo Domingo Tonalá,OI
2021,20,520,Oaxaca,Santo Domingo Tonalá,PV
2021,20,521,Oaxaca,Santo Domingo Tonaltepec,PV
2021,20,522,Oaxaca,Santo Domingo Xagacía,OI
2021,20,522,Oaxaca,Santo Domingo Xagacía,PV
2021,20,523,Oaxaca,Santo Domingo Yanhuitlán,PV
2021,20,524,Oaxaca,Santo Domingo Yodohino,OI
2021,20,524,Oaxaca,Santo Domingo Yodohino,PV
2021,20,526,Oaxaca,Santos Reyes Nopala,OI
2021,20,526,Oaxaca,Santos Reyes Nopala,PV
2021,20,527,Oaxaca,Santos Reyes Pápalo,OI
2021,20,527,Oaxaca,Santos Reyes Pápalo,PV
2021,20,528,Oaxaca,Santos Reyes Tepejillo,OI
2021,20,528,Oaxaca,Santos Reyes Tepejillo,PV
2021,20,529,Oaxaca,Santos Reyes Yucuná,PV
2021,20,530,Oaxaca,Santo Tomás Jalieza,OI
2021,20,530,Oaxaca,Santo Tomás Jalieza,PV
2021,20,531,Oaxaca,Santo Tomás Mazaltepec,OI
2021,20,531,Oaxaca,Santo Tomás Mazaltepec,PV
2021,20,532,Oaxaca,Santo Tomás Ocotepec,PV
2021,20,533,Oaxaca,Santo Tomás Tamazulapan,OI
2021,20,533,Oaxaca,Santo Tomás Tamazulapan,PV
2021,20,534,Oaxaca,San Vicente Coatlán,PV
2021,20,535,Oaxaca,San Vicente Lachixío,PV
2021,20,536,Oaxaca,San Vicente Nuñú,PV
2021,20,538,Oaxaca,Sitio de Xitlapehua,PV
2021,20,539,Oaxaca,Soledad Etla,OI
2021,20,539,Oaxaca,Soledad Etla,PV
2021,20,540,Oaxaca,Villa de Tamazulápam del Progreso,OI
2021,20,540,Oaxaca,Villa de Tamazulápam del Progreso,PV
2021,20,541,Oaxaca,Tanetze de Zaragoza,OI
2021,20,541,Oaxaca,Tanetze de Zaragoza,PV
2021,20,542,Oaxaca,Taniche,OI
2021,20,542,Oaxaca,Taniche,PV
2021,20,543,Oaxaca,Tataltepec de Valdés,OI
2021,20,543,Oaxaca,Tataltepec de Valdés,PV
2021,20,544,Oaxaca,Teococuilco de Marcos Pérez,PV
2021,20,545,Oaxaca,Teotitlán de Flores Magón,OI
2021,20,545,Oaxaca,Teotitlán de Flores Magón,PV
2021,20,546,Oaxaca,Teotitlán del Valle,OI
2021,20,546,Oaxaca,Teotitlán del Valle,PV
2021,20,548,Oaxaca,Tepelmeme Villa de Morelos,PV
2021,20,550,Oaxaca,San Jerónimo Tlacochahuaya,OI
2021,20,550,Oaxaca,San Jerónimo Tlacochahuaya,PV
2021,20,551,Oaxaca,Tlacolula de Matamoros,OI
2021,20,551,Oaxaca,Tlacolula de Matamoros,PV
2021,20,552,Oaxaca,Tlacotepec Plumas,PV
2021,20,553,Oaxaca,Tlalixtac de Cabrera,OI
2021,20,553,Oaxaca,Tlalixtac de Cabrera,PV
2021,20,554,Oaxaca,Totontepec Villa de Morelos,OI
2021,20,554,Oaxaca,Totontepec Villa de Morelos,PV
2021,20,555,Oaxaca,Trinidad Zaachila,OI
2021,20,555,Oaxaca,Trinidad Zaachila,PV
2021,20,556,Oaxaca,La Trinidad Vista Hermosa,PV
2021,20,557,Oaxaca,Unión Hidalgo,OI
2021,20,557,Oaxaca,Unión Hidalgo,PV
2021,20,558,Oaxaca,Valerio Trujano,OI
2021,20,558,Oaxaca,Valerio Trujano,PV
2021,20,561,Oaxaca,Yaxe,OI
2021,20,561,Oaxaca,Yaxe,PV
2021,20,562,Oaxaca,Magdalena Yodocono de Porfirio Díaz,PV
2021,20,563,Oaxaca,Yogana,PV
2021,20,564,Oaxaca,Yutanduchi de Guerrero,OI
2021,20,564,Oaxaca,Yutanduchi de Guerrero,PV
2021,20,565,Oaxaca,Villa de Zaachila,OI
2021,20,565,Oaxaca,Villa de Zaachila,PV
2021,20,566,Oaxaca,San Mateo Yucutindoo,OI
2021,20,566,Oaxaca,San Mateo Yucutindoo,PV
2021,20,569,Oaxaca,Santa Inés de Zaragoza,OI
2021,20,569,Oaxaca,Santa Inés de Zaragoza,PV
2021,20,570,Oaxaca,Zimatlán de Álvarez,OI
2021,20,570,Oaxaca,Zimatlán de Álvarez,PV
2021,21,4,Puebla,Acatzingo,PV
2021,21,5,Puebla,Acteopan,PV
2021,21,6,Puebla,Ahuacatlán,OI
2021,21,6,Puebla,Ahuacatlán,PV
2021,21,7,Puebla,Ahuatlán,PV
2021,21,9,Puebla,Ahuehuetitla,OI
2021,21,9,Puebla,Ahuehuetitla,PV
2021,21,10,Puebla,Ajalpan,OI
2021,21,10,Puebla,Ajalpan,PV
2021,21,11,Puebla,Albino Zertuche,PV
2021,21,12,Puebla,Aljojuca,PV
2021,21,13,Puebla,Altepexi,OI
2021,21,14,Puebla,Amixtlán,OI
2021,21,14,Puebla,Amixtlán,PV
2021,21,16,Puebla,Aquixtla,PV
2021,21,17,Puebla,Atempan,PV
2021,21,18,Puebla,Atexcal,OI
2021,21,18,Puebla,Atexcal,PV
2021,21,20,Puebla,Atoyatempan,PV
2021,21,21,Puebla,Atzala,PV
2021,21,22,Puebla,Atzitzihuacán,OI
2021,21,22,Puebla,Atzitzihuacán,PV
2021,21,24,Puebla,Axutla,OI
2021,21,24,Puebla,Axutla,PV
2021,21,27,Puebla,Caltepec,OI
2021,21,27,Puebla,Caltepec,PV
2021,21,28,Puebla,Camocuautla,OI
2021,21,28,Puebla,Camocuautla,PV
2021,21,29,Puebla,Caxhuacan,OI
2021,21,29,Puebla,Caxhuacan,PV
2021,21,30,Puebla,Coatepec,OI
2021,21,30,Puebla,Coatepec,PV
2021,21,32,Puebla,Cohetzala,OI
2021,21,32,Puebla,Cohetzala,PV
2021,21,33,Puebla,Cohuecan,PV
2021,21,34,Puebla,Coronango,PV
2021,21,35,Puebla,Coxcatlán,PV
2021,21,36,Puebla,Coyomeapan,PV
2021,21,37,Puebla,Coyotepec,OI
2021,21,37,Puebla,Coyotepec,PV
2021,21,38,Puebla,Cuapiaxtla de Madero,PV
2021,21,39,Puebla,Cuautempan,PV
2021,21,40,Puebla,Cuautinchán,PV
2021,21,41,Puebla,Cuautlancingo,PV
2021,21,42,Puebla,Cuayuca de Andrade,OI
2021,21,42,Puebla,Cuayuca de Andrade,PV
2021,21,44,Puebla,Cuyoaco,PV
2021,21,46,Puebla,Chapulco,PV
2021,21,47,Puebla,Chiautla,OI
2021,21,47,Puebla,Chiautla,PV
2021,21,48,Puebla,Chiautzingo,PV
2021,21,49,Puebla,Chiconcuautla,OI
2021,21,49,Puebla,Chiconcuautla,PV
2021,21,50,Puebla,Chichiquila,PV
2021,21,52,Puebla,Chigmecatitlán,PV
2021,21,54,Puebla,Chignautla,PV
2021,21,55,Puebla,Chila,OI
2021,21,55,Puebla,Chila,PV
2021,21,56,Puebla,Chila de La Sal,PV
2021,21,57,Puebla,Honey,OI
2021,21,57,Puebla,Honey,PV
2021,21,58,Puebla,Chilchotla,OI
2021,21,58,Puebla,Chilchotla,PV
2021,21,60,Puebla,Domingo Arenas,PV
2021,21,61,Puebla,Eloxochitlán,PV
2021,21,62,Puebla,Epatlán,OI
2021,21,62,Puebla,Epatlán,PV
2021,21,63,Puebla,Esperanza,PV
2021,21,65,Puebla,General Felipe Ángeles,PV
2021,21,66,Puebla,Guadalupe,OI
2021,21,66,Puebla,Guadalupe,PV
2021,21,67,Puebla,Guadalupe Victoria,PV
2021,21,68,Puebla,Hermenegildo Galeana,OI
2021,21,68,Puebla,Hermenegildo Galeana,PV
2021,21,70,Puebla,Huatlatlauca,OI
2021,21,70,Puebla,Huatlatlauca,PV
2021,21,72,Puebla,Huehuetla,OI
2021,21,72,Puebla,Huehuetla,PV
2021,21,73,Puebla,Huehuetlán El Chico,OI
2021,21,73,Puebla,Huehuetlán El Chico,PV
2021,21,75,Puebla,Hueyapan,OI
2021,21,75,Puebla,Hueyapan,PV
2021,21,76,Puebla,Hueytamalco,OI
2021,21,76,Puebla,Hueytamalco,PV
2021,21,77,Puebla,Hueytlalpan,OI
2021,21,77,Puebla,Hueytlalpan,PV
2021,21,78,Puebla,Huitzilan de Serdán,OI
2021,21,78,Puebla,Huitzilan de Serdán,PV
2021,21,79,Puebla,Huitziltepec,PV
2021,21,80,Puebla,Atlequizayan,OI
2021,21,80,Puebla,Atlequizayan,PV
2021,21,81,Puebla,Ixcamilpa de Guerrero,OI
2021,21,81,Puebla,Ixcamilpa de Guerrero,PV
2021,21,82,Puebla,Ixcaquixtla,OI
2021,21,82,Puebla,Ixcaquixtla,PV
2021,21,84,Puebla,Ixtepec,OI
2021,21,84,Puebla,Ixtepec,PV
2021,21,87,Puebla,Jolalpan,OI
2021,21,87,Puebla,Jolalpan,PV
2021,21,88,Puebla,Jonotla,OI
2021,21,88,Puebla,Jonotla,PV
2021,21,89,Puebla,Jopala,OI
2021,21,89,Puebla,Jopala,PV
2021,21,90,Puebla,Juan C. Bonilla,PV
2021,21,92,Puebla,Juan N. Méndez,OI
2021,21,92,Puebla,Juan N. Méndez,PV
2021,21,93,Puebla,Lafragua,PV
2021,21,95,Puebla,La Magdalena Tlatlauquitepec,PV
2021,21,96,Puebla,Mazapiltepec de Juárez,PV
2021,21,97,Puebla,Mixtla,PV
2021,21,99,Puebla,Cañada Morelos,PV
2021,21,100,Puebla,Naupan,OI
2021,21,100,Puebla,Naupan,PV
2021,21,101,Puebla,Nauzontla,OI
2021,21,101,Puebla,Nauzontla,PV
2021,21,102,Puebla,Nealtican,PV
2021,21,103,Puebla,Nicolás Bravo,PV
2021,21,104,Puebla,Nopalucan,PV
2021,21,105,Puebla,Ocotepec,PV
2021,21,107,Puebla,Olintla,OI
2021,21,107,Puebla,Olintla,PV
2021,21,110,Puebla,Palmar de Bravo,PV
2021,21,111,Puebla,Pantepec,OI
2021,21,111,Puebla,Pantepec,PV
2021,21,112,Puebla,Petlalcingo,OI
2021,21,112,Puebla,Petlalcingo,PV
2021,21,113,Puebla,Piaxtla,OI
2021,21,113,Puebla,Piaxtla,PV
2021,21,115,Puebla,Quecholac,PV
2021,21,116,Puebla,Quimixtlán,OI
2021,21,116,Puebla,Quimixtlán,PV
2021,21,117,Puebla,Rafael Lara Grajales,PV
2021,21,118,Puebla,Los Reyes de Juárez,PV
2021,21,119,Puebla,San Andrés Cholula,PV
2021,21,120,Puebla,San Antonio Cañada,OI
2021,21,120,Puebla,San Antonio Cañada,PV
2021,21,121,Puebla,San Diego La Mesa Tochimiltzingo,PV
2021,21,122,Puebla,San Felipe Teotlalcingo,PV
2021,21,123,Puebla,San Felipe Tepatlán,OI
2021,21,123,Puebla,San Felipe Tepatlán,PV
2021,21,124,Puebla,San Gabriel Chilac,OI
2021,21,125,Puebla,San Gregorio Atzompa,PV
2021,21,126,Puebla,San Jerónimo Tecuanipan,PV
2021,21,127,Puebla,San Jerónimo Xayacatlán,OI
2021,21,127,Puebla,San Jerónimo Xayacatlán,PV
2021,21,128,Puebla,San José Chiapa,PV
2021,21,129,Puebla,San José Miahuatlán,OI
2021,21,129,Puebla,San José Miahuatlán,PV
2021,21,130,Puebla,San Juan Atenco,PV
2021,21,131,Puebla,San Juan Atzompa,PV
2021,21,133,Puebla,San Martín Totoltepec,OI
2021,21,133,Puebla,San Martín Totoltepec,PV
2021,21,134,Puebla,San Matías Tlalancaleca,PV
2021,21,135,Puebla,San Miguel Ixitlán,PV
2021,21,136,Puebla,San Miguel Xoxtla,PV
2021,21,137,Puebla,San Nicolás Buenos Aires,PV
2021,21,138,Puebla,San Nicolás de Los Ranchos,PV
2021,21,139,Puebla,San Pablo Anicano,OI
2021,21,139,Puebla,San Pablo Anicano,PV
2021,21,141,Puebla,San Pedro Yeloixtlahuaca,OI
2021,21,141,Puebla,San Pedro Yeloixtlahuaca,PV
2021,21,142,Puebla,San Salvador El Seco,PV
2021,21,143,Puebla,San Salvador El Verde,PV
2021,21,144,Puebla,San Salvador Huixcolotla,PV
2021,21,146,Puebla,Santa Catarina Tlaltempan,PV
2021,21,147,Puebla,Santa Inés Ahuatempan,PV
2021,21,148,Puebla,Santa Isabel Cholula,OI
2021,21,148,Puebla,Santa Isabel Cholula,PV
2021,21,149,Puebla,Santiago Miahuatlán,OI
2021,21,149,Puebla,Santiago Miahuatlán,PV
2021,21,150,Puebla,Huehuetlán El Grande,OI
2021,21,150,Puebla,Huehuetlán El Grande,PV
2021,21,151,Puebla,Santo Tomás Hueyotlipan,PV
2021,21,152,Puebla,Soltepec,PV
2021,21,155,Puebla,Tecomatlán,OI
2021,21,155,Puebla,Tecomatlán,PV
2021,21,157,Puebla,Tehuitzingo,OI
2021,21,157,Puebla,Tehuitzingo,PV
2021,21,158,Puebla,Tenampulco,OI
2021,21,158,Puebla,Tenampulco,PV
2021,21,159,Puebla,Teopantlán,PV
2021,21,161,Puebla,Tepanco de López,PV
2021,21,163,Puebla,Tepatlaxco de Hidalgo,PV
2021,21,164,Puebla,Tepeaca,PV
2021,21,165,Puebla,Tepemaxalco,OI
2021,21,165,Puebla,Tepemaxalco,PV
2021,21,166,Puebla,Tepeojuma,OI
2021,21,166,Puebla,Tepeojuma,PV
2021,21,167,Puebla,Tepetzintla,OI
2021,21,167,Puebla,Tepetzintla,PV
2021,21,168,Puebla,Tepexco,OI
2021,21,168,Puebla,Tepexco,PV
2021,21,169,Puebla,Tepexi de Rodríguez,OI
2021,21,169,Puebla,Tepexi de Rodríguez,PV
2021,21,171,Puebla,Tepeyahualco de Cuauhtémoc,PV
2021,21,173,Puebla,Teteles de Avila Castillo,PV
2021,21,175,Puebla,Tianguismanalco,OI
2021,21,175,Puebla,Tianguismanalco,PV
2021,21,176,Puebla,Tilapa,OI
2021,21,176,Puebla,Tilapa,PV
2021,21,177,Puebla,Tlacotepec de Benito Juárez,PV
2021,21,178,Puebla,Tlacuilotepec,OI
2021,21,178,Puebla,Tlacuilotepec,PV
2021,21,179,Puebla,Tlachichuca,OI
2021,21,179,Puebla,Tlachichuca,PV
2021,21,181,Puebla,Tlaltenango,PV
2021,21,182,Puebla,Tlanepantla,PV
2021,21,189,Puebla,Tochtepec,PV
2021,21,190,Puebla,Totoltepec de Guerrero,OI
2021,21,190,Puebla,Totoltepec de Guerrero,PV
2021,21,191,Puebla,Tulcingo,OI
2021,21,191,Puebla,Tulcingo,PV
2021,21,192,Puebla,Tuzamapan de Galeana,OI
2021,21,192,Puebla,Tuzamapan de Galeana,PV
2021,21,196,Puebla,Xayacatlán de Bravo,OI
2021,21,196,Puebla,Xayacatlán de Bravo,PV
2021,21,199,Puebla,Xiutetelco,PV
2021,21,200,Puebla,Xochiapulco,PV
2021,21,201,Puebla,Xochiltepec,OI
2021,21,201,Puebla,Xochiltepec,PV
2021,21,202,Puebla,Xochitlán de Vicente Suárez,OI
2021,21,202,Puebla,Xochitlán de Vicente Suárez,PV
2021,21,203,Puebla,Xochitlán Todos Santos,PV
2021,21,204,Puebla,Yaonáhuac,OI
2021,21,204,Puebla,Yaonáhuac,PV
2021,21,205,Puebla,Yehualtepec,PV
2021,21,206,Puebla,Zacapala,OI
2021,21,206,Puebla,Zacapala,PV
2021,21,208,Puebla,Zacatlán,PV
2021,21,210,Puebla,Zapotitlán de Méndez,OI
2021,21,210,Puebla,Zapotitlán de Méndez,PV
2021,21,211,Puebla,Zaragoza,PV
2021,21,212,Puebla,Zautla,PV
2021,21,213,Puebla,Zihuateutla,OI
2021,21,213,Puebla,Zihuateutla,PV
2021,21,214,Puebla,Zinacatepec,PV
2021,21,215,Puebla,Zongozotla,OI
2021,21,215,Puebla,Zongozotla,PV
2021,21,216,Puebla,Zoquiapan,OI
2021,21,216,Puebla,Zoquiapan,PV
2021,22,2,Querétaro,Pinal de Amoles,PV
2021,22,3,Querétaro,Arroyo Seco,OI
2021,22,3,Querétaro,Arroyo Seco,PV
2021,22,4,Querétaro,Cadereyta de Montes,OI
2021,22,4,Querétaro,Cadereyta de Montes,PV
2021,22,5,Querétaro,Colón,OI
2021,22,5,Querétaro,Colón,PV
2021,22,7,Querétaro,Ezequiel Montes,PV
2021,22,10,Querétaro,Landa de Matamoros,PV
2021,22,12,Querétaro,Pedro Escobedo,PV
2021,22,15,Querétaro,San Joaquín,OI
2021,22,15,Querétaro,San Joaquín,PV
2021,22,17,Querétaro,Tequisquiapan,PV
2021,22,18,Querétaro,Tolimán,OI
2021,22,18,Querétaro,Tolimán,PV
2021,23,9,Quintana Roo,Tulum,PV
2021,23,10,Quintana Roo,Bacalar,OI
2021,23,10,Quintana Roo,Bacalar,PV
2021,24,1,San Luis Potosí,Ahualulco,PV
2021,24,2,San Luis Potosí,Alaquines,OI
2021,24,2,San Luis Potosí,Alaquines,PV
2021,24,4,San Luis Potosí,Armadillo de Los Infante,PV
2021,24,5,San Luis Potosí,Cárdenas,OI
2021,24,5,San Luis Potosí,Cárdenas,PV
2021,24,6,San Luis Potosí,Catorce,PV
2021,24,7,San Luis Potosí,Cedral,PV
2021,24,9,San Luis Potosí,Cerro de San Pedro,PV
2021,24,12,San Luis Potosí,Tancanhuitz,OI
2021,24,12,San Luis Potosí,Tancanhuitz,PV
2021,24,14,San Luis Potosí,Coxcatlán,OI
2021,24,14,San Luis Potosí,Coxcatlán,PV
2021,24,15,San Luis Potosí,Charcas,PV
2021,24,17,San Luis Potosí,Guadalcázar,PV
2021,24,18,San Luis Potosí,Huehuetlán,OI
2021,24,18,San Luis Potosí,Huehuetlán,PV
2021,24,19,San Luis Potosí,Lagunillas,OI
2021,24,19,San Luis Potosí,Lagunillas,PV
2021,24,21,San Luis Potosí,Mexquitic de Carmona,PV
2021,24,22,San Luis Potosí,Moctezuma,PV
2021,24,23,San Luis Potosí,Rayón,OI
2021,24,23,San Luis Potosí,Rayón,PV
2021,24,26,San Luis Potosí,San Antonio,OI
2021,24,26,San Luis Potosí,San Antonio,PV
2021,24,29,San Luis Potosí,San Martín Chalchicuautla,OI
2021,24,29,San Luis Potosí,San Martín Chalchicuautla,PV
2021,24,30,San Luis Potosí,San Nicolás Tolentino,OI
2021,24,30,San Luis Potosí,San Nicolás Tolentino,PV
2021,24,31,San Luis Potosí,Santa Catarina,OI
2021,24,31,San Luis Potosí,Santa Catarina,PV
2021,24,33,San Luis Potosí,Santo Domingo,PV
2021,24,35,San Luis Potosí,Soledad de Graciano Sánchez,PV
2021,24,36,San Luis Potosí,Tamasopo,OI
2021,24,36,San Luis Potosí,Tamasopo,PV
2021,24,38,San Luis Potosí,Tampacán,OI
2021,24,38,San Luis Potosí,Tampacán,PV
2021,24,39,San Luis Potosí,Tampamolón Corona,OI
2021,24,39,San Luis Potosí,Tampamolón Corona,PV
2021,24,42,San Luis Potosí,Tanquián de Escobedo,OI
2021,24,42,San Luis Potosí,Tanquián de Escobedo,PV
2021,24,43,San Luis Potosí,Tierra Nueva,PV
2021,24,44,San Luis Potosí,Vanegas,PV
2021,24,45,San Luis Potosí,Venado,PV
2021,24,46,San Luis Potosí,Villa de Arriaga,PV
2021,24,47,San Luis Potosí,Villa de Guadalupe,PV
2021,24,48,San Luis Potosí,Villa de La Paz,PV
2021,24,49,San Luis Potosí,Villa de Ramos,PV
2021,24,51,San Luis Potosí,Villa Hidalgo,PV
2021,24,52,San Luis Potosí,Villa Juárez,PV
2021,24,54,San Luis Potosí,Xilitla,OI
2021,24,54,San Luis Potosí,Xilitla,PV
2021,24,55,San Luis Potosí,Zaragoza,PV
2021,24,56,San Luis Potosí,Villa de Arista,PV
2021,25,2,Sinaloa,Angostura,OI
2021,25,2,Sinaloa,Angostura,PV
2021,25,4,Sinaloa,Concordia,PV
2021,25,9,Sinaloa,Escuinapa,OI
2021,25,9,Sinaloa,Escuinapa,PV
2021,25,18,Sinaloa,Navolato,OI
2021,25,18,Sinaloa,Navolato,PV
2021,26,5,Sonora,Arivechi,PV
2021,26,8,Sonora,Bacadéhuachi,PV
2021,26,11,Sonora,Bacoachi,PV
2021,26,27,Sonora,Fronteras,PV
2021,26,28,Sonora,Granados,PV
2021,26,34,Sonora,Huépac,PV
2021,26,38,Sonora,Moctezuma,PV
2021,26,50,Sonora,Rayón,PV
2021,26,53,Sonora,San Felipe de Jesús,PV
2021,27,5,Tabasco,Comalcalco,OI
2021,27,5,Tabasco,Comalcalco,PV
2021,27,7,Tabasco,Emiliano Zapata,OI
2021,27,7,Tabasco,Emiliano Zapata,PV
2021,27,9,Tabasco,Jalapa,OI
2021,27,9,Tabasco,Jalapa,PV
2021,27,10,Tabasco,Jalpa de Méndez,OI
2021,27,10,Tabasco,Jalpa de Méndez,PV
2021,27,11,Tabasco,Jonuta,OI
2021,27,13,Tabasco,Nacajuca,PV
2021,28,4,Tamaulipas,Antiguo Morelos,OI
2021,28,4,Tamaulipas,Antiguo Morelos,PV
2021,28,6,Tamaulipas,Bustamante,PV
2021,28,17,Tamaulipas,Jaumave,OI
2021,28,17,Tamaulipas,Jaumave,PV
2021,28,18,Tamaulipas,Jiménez,OI
2021,28,18,Tamaulipas,Jiménez,PV
2021,28,25,Tamaulipas,Miguel Alemán,OI
2021,28,26,Tamaulipas,Miquihuana,PV
2021,28,28,Tamaulipas,Nuevo Morelos,OI
2021,28,28,Tamaulipas,Nuevo Morelos,PV
2021,28,29,Tamaulipas,Ocampo,OI
2021,28,29,Tamaulipas,Ocampo,PV
2021,28,31,Tamaulipas,Palmillas,PV
2021,28,33,Tamaulipas,Río Bravo,OI
2021,28,33,Tamaulipas,Río Bravo,PV
2021,28,36,Tamaulipas,San Nicolás,PV
2021,28,39,Tamaulipas,Tula,OI
2021,28,39,Tamaulipas,Tula,PV
2021,28,42,Tamaulipas,Villagrán,OI
2021,28,42,Tamaulipas,Villagrán,PV
2021,29,1,Tlaxcala,Amaxac de Guerrero,PV
2021,29,2,Tlaxcala,Apetatitlán de Antonio Carvajal,PV
2021,29,4,Tlaxcala,Atltzayanca,PV
2021,29,5,Tlaxcala,Apizaco,PV
2021,29,9,Tlaxcala,Cuaxomulco,PV
2021,29,10,Tlaxcala,Chiautempan,PV
2021,29,11,Tlaxcala,Muñoz de Domingo Arenas,PV
2021,29,12,Tlaxcala,Españita,PV
2021,29,14,Tlaxcala,Hueyotlipan,PV
2021,29,15,Tlaxcala,Ixtacuixtla de Mariano Matamoros,PV
2021,29,16,Tlaxcala,Ixtenco,PV
2021,29,17,Tlaxcala,Mazatecochco de José María Morelos,PV
2021,29,18,Tlaxcala,Contla de Juan Cuamatzi,PV
2021,29,19,Tlaxcala,Tepetitla de Lardizábal,PV
2021,29,20,Tlaxcala,Sanctórum de Lázaro Cárdenas,PV
2021,29,21,Tlaxcala,Nanacamilpa de Mariano Arista,PV
2021,29,22,Tlaxcala,Acuamanala de Miguel Hidalgo,PV
2021,29,23,Tlaxcala,Natívitas,PV
2021,29,24,Tlaxcala,Panotla,PV
2021,29,25,Tlaxcala,San Pablo del Monte,PV
2021,29,26,Tlaxcala,Santa Cruz Tlaxcala,PV
2021,29,27,Tlaxcala,Tenancingo,PV
2021,29,28,Tlaxcala,Teolocholco,PV
2021,29,29,Tlaxcala,Tepeyanco,PV
2021,29,30,Tlaxcala,Terrenate,PV
2021,29,32,Tlaxcala,Tetlatlahuca,PV
2021,29,34,Tlaxcala,Tlaxco,PV
2021,29,35,Tlaxcala,Tocatlán,PV
2021,29,36,Tlaxcala,Totolac,PV
2021,29,38,Tlaxcala,Tzompantepec,PV
2021,29,39,Tlaxcala,Xaloztoc,PV
2021,29,40,Tlaxcala,Xaltocan,PV
2021,29,41,Tlaxcala,Papalotla de Xicohténcatl,PV
2021,29,42,Tlaxcala,Xicohtzinco,PV
2021,29,43,Tlaxcala,Yauhquemehcan,PV
2021,29,45,Tlaxcala,Benito Juárez,PV
2021,29,46,Tlaxcala,Emiliano Zapata,PV
2021,29,47,Tlaxcala,Lázaro Cárdenas,PV
2021,29,48,Tlaxcala,La Magdalena Tlaltelulco,PV
2021,29,49,Tlaxcala,San Damián Texóloc,PV
2021,29,50,Tlaxcala,San Francisco Tetlanohcan,PV
2021,29,51,Tlaxcala,San Jerónimo Zacualpan,PV
2021,29,53,Tlaxcala,San Juan Huactzinco,PV
2021,29,54,Tlaxcala,San Lorenzo Axocomanitla,PV
2021,29,55,Tlaxcala,San Lucas Tecopilco,PV
2021,29,56,Tlaxcala,Santa Ana Nopalucan,PV
2021,29,57,Tlaxcala,Santa Apolonia Teacalco,PV
2021,29,58,Tlaxcala,Santa Catarina Ayometla,PV
2021,29,59,Tlaxcala,Santa Cruz Quilehtla,PV
2021,29,60,Tlaxcala,Santa Isabel Xiloxoxtla,PV
2021,30,5,Veracruz,Acula,OI
2021,30,5,Veracruz,Acula,PV
2021,30,6,Veracruz,Acultzingo,PV
2021,30,8,Veracruz,Alpatláhuac,PV
2021,30,12,Veracruz,Amatitlán,OI
2021,30,12,Veracruz,Amatitlán,PV
2021,30,13,Veracruz,Naranjos Amatlán,OI
2021,30,13,Veracruz,Naranjos Amatlán,PV
2021,30,14,Veracruz,Amatlán de Los Reyes,OI
2021,30,14,Veracruz,Amatlán de Los Reyes,PV
2021,30,18,Veracruz,Aquila,PV
2021,30,19,Veracruz,Astacinga,PV
2021,30,20,Veracruz,Atlahuilco,PV
2021,30,22,Veracruz,Atzacan,OI
2021,30,22,Veracruz,Atzacan,PV
2021,30,24,Veracruz,Tlaltetela,PV
2021,30,25,Veracruz,Ayahualulco,OI
2021,30,25,Veracruz,Ayahualulco,PV
2021,30,27,Veracruz,Benito Juárez,OI
2021,30,27,Veracruz,Benito Juárez,PV
2021,30,29,Veracruz,Calcahualco,PV
2021,30,30,Veracruz,Camerino Z. Mendoza,PV
2021,30,31,Veracruz,Carrillo Puerto,PV
2021,30,33,Veracruz,Cazones de Herrera,OI
2021,30,33,Veracruz,Cazones de Herrera,PV
2021,30,34,Veracruz,Cerro Azul,OI
2021,30,34,Veracruz,Cerro Azul,PV
2021,30,35,Veracruz,Citlaltépetl,OI
2021,30,35,Veracruz,Citlaltépetl,PV
2021,30,36,Veracruz,Coacoatzintla,PV
2021,30,37,Veracruz,Coahuitlán,OI
2021,30,37,Veracruz,Coahuitlán,PV
2021,30,40,Veracruz,Coatzintla,OI
2021,30,40,Veracruz,Coatzintla,PV
2021,30,41,Veracruz,Coetzala,PV
2021,30,42,Veracruz,Colipa,OI
2021,30,42,Veracruz,Colipa,PV
2021,30,43,Veracruz,Comapa,PV
2021,30,48,Veracruz,Cosoleacaque,OI
2021,30,49,Veracruz,Cotaxtla,OI
2021,30,49,Veracruz,Cotaxtla,PV
2021,30,50,Veracruz,Coxquihui,OI
2021,30,50,Veracruz,Coxquihui,PV
2021,30,51,Veracruz,Coyutla,OI
2021,30,51,Veracruz,Coyutla,PV
2021,30,52,Veracruz,Cuichapa,OI
2021,30,52,Veracruz,Cuichapa,PV
2021,30,56,Veracruz,Chiconamel,OI
2021,30,56,Veracruz,Chiconamel,PV
2021,30,57,Veracruz,Chiconquiaco,OI
2021,30,57,Veracruz,Chiconquiaco,PV
2021,30,58,Veracruz,Chicontepec,OI
2021,30,58,Veracruz,Chicontepec,PV
2021,30,59,Veracruz,Chinameca,OI
2021,30,59,Veracruz,Chinameca,PV
2021,30,60,Veracruz,Chinampa de Gorostiza,OI
2021,30,60,Veracruz,Chinampa de Gorostiza,PV
2021,30,62,Veracruz,Chocamán,OI
2021,30,62,Veracruz,Chocamán,PV
2021,30,63,Veracruz,Chontla,OI
2021,30,63,Veracruz,Chontla,PV
2021,30,64,Veracruz,Chumatlán,OI
2021,30,64,Veracruz,Chumatlán,PV
2021,30,67,Veracruz,Filomeno Mata,OI
2021,30,67,Veracruz,Filomeno Mata,PV
2021,30,69,Veracruz,Gutiérrez Zamora,OI
2021,30,69,Veracruz,Gutiérrez Zamora,PV
2021,30,70,Veracruz,Hidalgotitlán,OI
2021,30,70,Veracruz,Hidalgotitlán,PV
2021,30,74,Veracruz,Huiloapan de Cuauhtémoc,PV
2021,30,75,Veracruz,Ignacio de La Llave,OI
2021,30,75,Veracruz,Ignacio de La Llave,PV
2021,30,76,Veracruz,Ilamatlán,OI
2021,30,76,Veracruz,Ilamatlán,PV
2021,30,78,Veracruz,Ixcatepec,OI
2021,30,78,Veracruz,Ixcatepec,PV
2021,30,79,Veracruz,Ixhuacán de Los Reyes,OI
2021,30,79,Veracruz,Ixhuacán de Los Reyes,PV
2021,30,80,Veracruz,Ixhuatlán del Café,PV
2021,30,81,Veracruz,Ixhuatlancillo,PV
2021,30,82,Veracruz,Ixhuatlán del Sureste,OI
2021,30,82,Veracruz,Ixhuatlán del Sureste,PV
2021,30,84,Veracruz,Ixmatlahuacan,OI
2021,30,84,Veracruz,Ixmatlahuacan,PV
2021,30,85,Veracruz,Ixtaczoquitlán,PV
2021,30,88,Veracruz,Jalcomulco,PV
2021,30,89,Veracruz,Jáltipan,OI
2021,30,89,Veracruz,Jáltipan,PV
2021,30,90,Veracruz,Jamapa,PV
2021,30,92,Veracruz,Xico,PV
2021,30,94,Veracruz,Juan Rodríguez Clara,OI
2021,30,94,Veracruz,Juan Rodríguez Clara,PV
2021,30,95,Veracruz,Juchique de Ferrer,OI
2021,30,95,Veracruz,Juchique de Ferrer,PV
2021,30,96,Veracruz,Landero Y Coss,PV
2021,30,97,Veracruz,Lerdo de Tejada,OI
2021,30,98,Veracruz,Magdalena,PV
2021,30,99,Veracruz,Maltrata,PV
2021,30,103,Veracruz,Mecatlán,OI
2021,30,103,Veracruz,Mecatlán,PV
2021,30,106,Veracruz,Miahuatlán,PV
2021,30,107,Veracruz,Las Minas,OI
2021,30,107,Veracruz,Las Minas,PV
2021,30,108,Veracruz,Minatitlán,OI
2021,30,108,Veracruz,Minatitlán,PV
2021,30,110,Veracruz,Mixtla de Altamirano,PV
2021,30,113,Veracruz,Naranjal,PV
2021,30,115,Veracruz,Nogales,PV
2021,30,116,Veracruz,Oluta,OI
2021,30,116,Veracruz,Oluta,PV
2021,30,117,Veracruz,Omealca,OI
2021,30,117,Veracruz,Omealca,PV
2021,30,119,Veracruz,Otatitlán,OI
2021,30,119,Veracruz,Otatitlán,PV
2021,30,120,Veracruz,Oteapan,OI
2021,30,120,Veracruz,Oteapan,PV
2021,30,121,Veracruz,Ozuluama de Mascareñas,OI
2021,30,121,Veracruz,Ozuluama de Mascareñas,PV
2021,30,122,Veracruz,Pajapan,OI
2021,30,122,Veracruz,Pajapan,PV
2021,30,127,Veracruz,La Perla,PV
2021,30,129,Veracruz,Platón Sánchez,OI
2021,30,129,Veracruz,Platón Sánchez,PV
2021,30,130,Veracruz,Playa Vicente,OI
2021,30,130,Veracruz,Playa Vicente,PV
2021,30,133,Veracruz,Pueblo Viejo,OI
2021,30,133,Veracruz,Pueblo Viejo,PV
2021,30,135,Veracruz,Rafael Delgado,PV
2021,30,137,Veracruz,Los Reyes,PV
2021,30,138,Veracruz,Río Blanco,PV
2021,30,139,Veracruz,Saltabarranca,OI
2021,30,139,Veracruz,Saltabarranca,PV
2021,30,140,Veracruz,San Andrés Tenejapan,PV
2021,30,144,Veracruz,Sayula de Alemán,OI
2021,30,144,Veracruz,Sayula de Alemán,PV
2021,30,145,Veracruz,Soconusco,OI
2021,30,145,Veracruz,Soconusco,PV
2021,30,146,Veracruz,Sochiapa,PV
2021,30,147,Veracruz,Soledad Atzompa,PV
2021,30,148,Veracruz,Soledad de Doblado,OI
2021,30,148,Veracruz,Soledad de Doblado,PV
2021,30,149,Veracruz,Soteapan,OI
2021,30,149,Veracruz,Soteapan,PV
2021,30,150,Veracruz,Tamalín,OI
2021,30,150,Veracruz,Tamalín,PV
2021,30,151,Veracruz,Tamiahua,OI
2021,30,151,Veracruz,Tamiahua,PV
2021,30,152,Veracruz,Tampico Alto,OI
2021,30,152,Veracruz,Tampico Alto,PV
2021,30,153,Veracruz,Tancoco,OI
2021,30,153,Veracruz,Tancoco,PV
2021,30,154,Veracruz,Tantima,OI
2021,30,154,Veracruz,Tantima,PV
2021,30,156,Veracruz,Tatatila,OI
2021,30,156,Veracruz,Tatatila,PV
2021,30,157,Veracruz,Castillo de Teayo,OI
2021,30,157,Veracruz,Castillo de Teayo,PV
2021,30,158,Veracruz,Tecolutla,OI
2021,30,158,Veracruz,Tecolutla,PV
2021,30,159,Veracruz,Tehuipango,PV
2021,30,162,Veracruz,Tenampa,PV
2021,30,166,Veracruz,Tepetlán,OI
2021,30,166,Veracruz,Tepetlán,PV
2021,30,168,Veracruz,Tequila,PV
2021,30,170,Veracruz,Texcatepec,OI
2021,30,170,Veracruz,Texcatepec,PV
2021,30,171,Veracruz,Texhuacán,PV
2021,30,172,Veracruz,Texistepec,OI
2021,30,172,Veracruz,Texistepec,PV
2021,30,173,Veracruz,Tezonapa,OI
2021,30,173,Veracruz,Tezonapa,PV
2021,30,174,Veracruz,Tierra Blanca,OI
2021,30,174,Veracruz,Tierra Blanca,PV
2021,30,176,Veracruz,Tlacojalpan,OI
2021,30,176,Veracruz,Tlacojalpan,PV
2021,30,177,Veracruz,Tlacolulan,PV
2021,30,178,Veracruz,Tlacotalpan,OI
2021,30,178,Veracruz,Tlacotalpan,PV
2021,30,179,Veracruz,Tlacotepec de Mejía,PV
2021,30,180,Veracruz,Tlachichilco,OI
2021,30,180,Veracruz,Tlachichilco,PV
2021,30,181,Veracruz,Tlalixcoyan,OI
2021,30,181,Veracruz,Tlalixcoyan,PV
2021,30,183,Veracruz,Tlapacoyan,OI
2021,30,183,Veracruz,Tlapacoyan,PV
2021,30,185,Veracruz,Tlilapan,PV
2021,30,186,Veracruz,Tomatlán,PV
2021,30,187,Veracruz,Tonayán,PV
2021,30,190,Veracruz,Tuxtilla,OI
2021,30,190,Veracruz,Tuxtilla,PV
2021,30,192,Veracruz,Vega de Alatorre,OI
2021,30,192,Veracruz,Vega de Alatorre,PV
2021,30,193,Veracruz,Veracruz,OI
2021,30,194,Veracruz,Villa Aldama,PV
2021,30,195,Veracruz,Xoxocotla,PV
2021,30,196,Veracruz,Yanga,PV
2021,30,197,Veracruz,Yecuatla,OI
2021,30,197,Veracruz,Yecuatla,PV
2021,30,198,Veracruz,Zacualpan,OI
2021,30,198,Veracruz,Zacualpan,PV
2021,30,200,Veracruz,Zentla,PV
2021,30,202,Veracruz,Zontecomatlán de López Y Fuentes,OI
2021,30,202,Veracruz,Zontecomatlán de López Y Fuentes,PV
2021,30,203,Veracruz,Zozocolco de Hidalgo,OI
2021,30,203,Veracruz,Zozocolco de Hidalgo,PV
2021,30,206,Veracruz,Nanchital de Lázaro Cárdenas del Río,OI
2021,30,206,Veracruz,Nanchital de Lázaro Cárdenas del Río,PV
2021,30,207,Veracruz,Tres Valles,OI
2021,30,207,Veracruz,Tres Valles,PV
2021,30,208,Veracruz,Carlos A. Carrillo,OI
2021,30,208,Veracruz,Carlos A. Carrillo,PV
2021,30,209,Veracruz,Uxpanapa,OI
2021,30,209,Veracruz,Uxpanapa,PV
2021,30,210,Veracruz,Tatahuicapan de Juárez,OI
2021,30,210,Veracruz,Tatahuicapan de Juárez,PV
2021,30,211,Veracruz,San Rafael,OI
2021,30,211,Veracruz,San Rafael,PV
2021,30,212,Veracruz,Santiago Sochiapan,OI
2021,30,212,Veracruz,Santiago Sochiapan,PV
2021,31,2,Yucatán,Acanceh,PV
2021,31,3,Yucatán,Akil,OI
2021,31,3,Yucatán,Akil,PV
2021,31,4,Yucatán,Baca,PV
2021,31,5,Yucatán,Bokobá,PV
2021,31,6,Yucatán,Buctzotz,PV
2021,31,7,Yucatán,Cacalchén,PV
2021,31,8,Yucatán,Calotmul,PV
2021,31,9,Yucatán,Cansahcab,PV
2021,31,12,Yucatán,Cenotillo,PV
2021,31,13,Yucatán,Conkal,PV
2021,31,14,Yucatán,Cuncunul,PV
2021,31,15,Yucatán,Cuzamá,PV
2021,31,16,Yucatán,Chacsinkín,PV
2021,31,17,Yucatán,Chankom,PV
2021,31,18,Yucatán,Chapab,PV
2021,31,19,Yucatán,Chemax,PV
2021,31,20,Yucatán,Chicxulub Pueblo,PV
2021,31,21,Yucatán,Chichimilá,PV
2021,31,22,Yucatán,Chikindzonot,PV
2021,31,24,Yucatán,Chumayel,PV
2021,31,25,Yucatán,Dzán,OI
2021,31,25,Yucatán,Dzán,PV
2021,31,26,Yucatán,Dzemul,PV
2021,31,27,Yucatán,Dzidzantún,PV
2021,31,28,Yucatán,Dzilam de Bravo,PV
2021,31,29,Yucatán,Dzilam González,PV
2021,31,30,Yucatán,Dzitás,PV
2021,31,31,Yucatán,Dzoncauich,PV
2021,31,32,Yucatán,Espita,PV
2021,31,33,Yucatán,Halachó,OI
2021,31,33,Yucatán,Halachó,PV
2021,31,34,Yucatán,Hocabá,PV
2021,31,35,Yucatán,Hoctún,PV
2021,31,36,Yucatán,Homún,PV
2021,31,37,Yucatán,Huhí,PV
2021,31,38,Yucatán,Hunucmá,PV
2021,31,39,Yucatán,Ixil,PV
2021,31,40,Yucatán,Izamal,PV
2021,31,41,Yucatán,Kanasín,PV
2021,31,42,Yucatán,Kantunil,PV
2021,31,43,Yucatán,Kaua,PV
2021,31,44,Yucatán,Kinchil,PV
2021,31,45,Yucatán,Kopomá,PV
2021,31,46,Yucatán,Mama,PV
2021,31,47,Yucatán,Maní,OI
2021,31,47,Yucatán,Maní,PV
2021,31,48,Yucatán,Maxcanú,PV
2021,31,49,Yucatán,Mayapán,PV
2021,31,54,Yucatán,Muxupip,PV
2021,31,55,Yucatán,Opichén,OI
2021,31,55,Yucatán,Opichén,PV
2021,31,57,Yucatán,Panabá,PV
2021,31,60,Yucatán,Quintana Roo,PV
2021,31,62,Yucatán,Sacalum,OI
2021,31,62,Yucatán,Sacalum,PV
2021,31,63,Yucatán,Samahil,PV
2021,31,64,Yucatán,Sanahcat,PV
2021,31,65,Yucatán,San Felipe,PV
2021,31,66,Yucatán,Santa Elena,OI
2021,31,66,Yucatán,Santa Elena,PV
2021,31,67,Yucatán,Seyé,PV
2021,31,68,Yucatán,Sinanché,PV
2021,31,69,Yucatán,Sotuta,PV
2021,31,70,Yucatán,Sucilá,PV
2021,31,71,Yucatán,Sudzal,PV
2021,31,72,Yucatán,Suma,PV
2021,31,73,Yucatán,Tahdziú,PV
2021,31,74,Yucatán,Tahmek,PV
2021,31,75,Yucatán,Teabo,PV
2021,31,76,Yucatán,Tecoh,PV
2021,31,77,Yucatán,Tekal de Venegas,PV
2021,31,78,Yucatán,Tekantó,PV
2021,31,80,Yucatán,Tekit,PV
2021,31,81,Yucatán,Tekom,PV
2021,31,82,Yucatán,Telchac Pueblo,PV
2021,31,83,Yucatán,Telchac Puerto,PV
2021,31,84,Yucatán,Temax,PV
2021,31,85,Yucatán,Temozón,PV
2021,31,86,Yucatán,Tepakán,PV
2021,31,87,Yucatán,Tetiz,PV
2021,31,88,Yucatán,Teya,PV
2021,31,90,Yucatán,Timucuy,PV
2021,31,91,Yucatán,Tinum,PV
2021,31,92,Yucatán,Tixcacalcupul,PV
2021,31,93,Yucatán,Tixkokob,PV
2021,31,94,Yucatán,Tixmehuac,PV
2021,31,95,Yucatán,Tixpéhual,PV
2021,31,97,Yucatán,Tunkás,PV
2021,31,99,Yucatán,Uayma,PV
2021,31,100,Yucatán,Ucú,PV
2021,31,101,Yucatán,Umán,PV
2021,31,103,Yucatán,Xocchel,PV
2021,31,104,Yucatán,Yaxcabá,PV
2021,31,105,Yucatán,Yaxkukul,PV
2021,31,106,Yucatán,Yobaín,PV
2021,32,1,Zacatecas,Apozol,OI
2021,32,1,Zacatecas,Apozol,PV
2021,32,2,Zacatecas,Apulco,PV
2021,32,4,Zacatecas,Benito Juárez,PV
2021,32,6,Zacatecas,Cañitas de Felipe Pescador,PV
2021,32,11,Zacatecas,Trinidad García de La Cadena,PV
2021,32,13,Zacatecas,General Enrique Estrada,PV
2021,32,18,Zacatecas,Huanusco,PV
2021,32,21,Zacatecas,Jiménez del Teul,PV
2021,32,27,Zacatecas,Melchor Ocampo,PV
2021,32,30,Zacatecas,Momax,PV
2021,32,33,Zacatecas,Moyahua de Estrada,OI
2021,32,33,Zacatecas,Moyahua de Estrada,PV
2021,32,35,Zacatecas,Noria de Ángeles,PV
2021,32,37,Zacatecas,Pánuco,PV
2021,32,41,Zacatecas,El Salvador,PV
2021,32,50,Zacatecas,Vetagrande,PV
2021,32,52,Zacatecas,Villa García,PV
2021,32,57,Zacatecas,Trancoso,PV
2021,32,58,Zacatecas,Santa María de La Paz,PV
2022,1,11,Aguascalientes,San Francisco de Los Romo,PV
2022,4,1,Campeche,Calkiní,OI
2022,4,1,Campeche,Calkiní,PV
2022,4,8,Campeche,Tenabo,OI
2022,4,8,Campeche,Tenabo,PV
2022,4,12,Campeche,Seybaplaya,PV
2022,4,13,Campeche,Dzitbalché,PV
2022,5,1,Coahuila,Abasolo,PV
2022,5,6,Coahuila,Castaños,PV
2022,5,8,Coahuila,Escobedo,PV
2022,5,11,Coahuila,General Cepeda,PV
2022,5,12,Coahuila,Guerrero,PV
2022,5,13,Coahuila,Hidalgo,PV
2022,5,16,Coahuila,Lamadrid,PV
2022,5,19,Coahuila,Morelos,PV
2022,5,21,Coahuila,Nadadores,PV
2022,5,23,Coahuila,Ocampo,PV
2022,5,29,Coahuila,Sacramento,PV
2022,5,31,Coahuila,San Buenaventura,PV
2022,5,37,Coahuila,Villa Unión,PV
2022,5,38,Coahuila,Zaragoza,PV
2022,6,8,Colima,Minatitlán,OI
2022,6,8,Colima,Minatitlán,PV
2022,6,10,Colima,Villa de Álvarez,OI
2022,6,10,Colima,Villa de Álvarez,PV
2022,7,4,Chiapas,Altamirano,OI
2022,7,6,Chiapas,Amatenango de La Frontera,PV
2022,7,7,Chiapas,Amatenango del Valle,PV
2022,7,10,Chiapas,Bejucal de Ocampo,PV
2022,7,11,Chiapas,Bella Vista,PV
2022,7,12,Chiapas,Berriozábal,PV
2022,7,14,Chiapas,El Bosque,OI
2022,7,15,Chiapas,Cacahoatán,OI
2022,7,15,Chiapas,Cacahoatán,PV
2022,7,16,Chiapas,Catazajá,OI
2022,7,16,Chiapas,Catazajá,PV
2022,7,17,Chiapas,Cintalapa,OI
2022,7,17,Chiapas,Cintalapa,PV
2022,7,18,Chiapas,Coapilla,PV
2022,7,21,Chiapas,Copainalá,OI
2022,7,21,Chiapas,Copainalá,PV
2022,7,22,Chiapas,Chalchihuitán,OI
2022,7,23,Chiapas,Chamula,PV
2022,7,24,Chiapas,Chanal,PV
2022,7,25,Chiapas,Chapultenango,OI
2022,7,26,Chiapas,Chenalhó,OI
2022,7,26,Chiapas,Chenalhó,PV
2022,7,31,Chiapas,Chilón,OI
2022,7,33,Chiapas,Francisco León,OI
2022,7,33,Chiapas,Francisco León,PV
2022,7,35,Chiapas,Frontera Hidalgo,OI
2022,7,35,Chiapas,Frontera Hidalgo,PV
2022,7,36,Chiapas,La Grandeza,PV
2022,7,39,Chiapas,Huitiupán,OI
2022,7,41,Chiapas,La Independencia,OI
2022,7,41,Chiapas,La Independencia,PV
2022,7,42,Chiapas,Ixhuatán,OI
2022,7,42,Chiapas,Ixhuatán,PV
2022,7,43,Chiapas,Ixtacomitán,OI
2022,7,43,Chiapas,Ixtacomitán,PV
2022,7,44,Chiapas,Ixtapa,OI
2022,7,45,Chiapas,Ixtapangajoya,OI
2022,7,45,Chiapas,Ixtapangajoya,PV
2022,7,47,Chiapas,Jitotol,OI
2022,7,47,Chiapas,Jitotol,PV
2022,7,48,Chiapas,Juárez,OI
2022,7,48,Chiapas,Juárez,PV
2022,7,50,Chiapas,La Libertad,OI
2022,7,50,Chiapas,La Libertad,PV
2022,7,53,Chiapas,Mazapa de Madero,PV
2022,7,54,Chiapas,Mazatán,OI
2022,7,54,Chiapas,Mazatán,PV
2022,7,55,Chiapas,Metapa,OI
2022,7,55,Chiapas,Metapa,PV
2022,7,56,Chiapas,Mitontic,OI
2022,7,56,Chiapas,Mitontic,PV
2022,7,58,Chiapas,Nicolás Ruíz,PV
2022,7,66,Chiapas,Pantelhó,OI
2022,7,66,Chiapas,Pantelhó,PV
2022,7,67,Chiapas,Pantepec,OI
2022,7,67,Chiapas,Pantepec,PV
2022,7,69,Chiapas,Pijijiapan,OI
2022,7,70,Chiapas,El Porvenir,PV
2022,7,73,Chiapas,Rayón,OI
2022,7,73,Chiapas,Rayón,PV
2022,7,74,Chiapas,Reforma,OI
2022,7,75,Chiapas,Las Rosas,OI
2022,7,75,Chiapas,Las Rosas,PV
2022,7,76,Chiapas,Sabanilla,OI
2022,7,76,Chiapas,Sabanilla,PV
2022,7,79,Chiapas,San Fernando,PV
2022,7,81,Chiapas,Simojovel,OI
2022,7,81,Chiapas,Simojovel,PV
2022,7,83,Chiapas,Socoltenango,OI
2022,7,83,Chiapas,Socoltenango,PV
2022,7,84,Chiapas,Solosuchiapa,OI
2022,7,88,Chiapas,Sunuapa,OI
2022,7,90,Chiapas,Tapalapa,OI
2022,7,90,Chiapas,Tapalapa,PV
2022,7,93,Chiapas,Tenejapa,OI
2022,7,93,Chiapas,Tenejapa,PV
2022,7,96,Chiapas,Tila,OI
2022,7,98,Chiapas,Totolapa,OI
2022,7,98,Chiapas,Totolapa,PV
2022,7,100,Chiapas,Tumbalá,OI
2022,7,100,Chiapas,Tumbalá,PV
2022,7,103,Chiapas,Tuzantán,OI
2022,7,103,Chiapas,Tuzantán,PV
2022,7,104,Chiapas,Tzimol,OI
2022,7,104,Chiapas,Tzimol,PV
2022,7,105,Chiapas,Unión Juárez,PV
2022,7,109,Chiapas,Yajalón,OI
2022,7,109,Chiapas,Yajalón,PV
2022,7,110,Chiapas,San Lucas,OI
2022,7,110,Chiapas,San Lucas,PV
2022,7,111,Chiapas,Zinacantán,PV
2022,7,113,Chiapas,Aldama,PV
2022,7,114,Chiapas,Benemérito de Las Américas,OI
2022,7,114,Chiapas,Benemérito de Las Américas,PV
2022,7,115,Chiapas,Maravilla Tenejapa,OI
2022,7,115,Chiapas,Maravilla Tenejapa,PV
2022,7,117,Chiapas,Montecristo de Guerrero,PV
2022,7,118,Chiapas,San Andrés Duraznal,OI
2022,7,118,Chiapas,San Andrés Duraznal,PV
2022,7,119,Chiapas,Santiago El Pinar,PV
2022,7,120,Chiapas,Capitán Luis Ángel Vidal,PV
2022,7,121,Chiapas,Rincón Chamula San Pedro,OI
2022,7,121,Chiapas,Rincón Chamula San Pedro,PV
2022,7,122,Chiapas,El Parral,OI
2022,7,122,Chiapas,El Parral,PV
2022,7,125,Chiapas,Honduras de la Sierra,PV
2022,8,3,Chihuahua,Allende,PV
2022,8,5,Chihuahua,Ascensión,PV
2022,8,12,Chihuahua,Carichí,PV
2022,8,13,Chihuahua,Casas Grandes,PV
2022,8,18,Chihuahua,Cusihuiriachi,PV
2022,8,22,Chihuahua,Dr. Belisario Domínguez,PV
2022,8,23,Chihuahua,Galeana,PV
2022,8,25,Chihuahua,Gómez Farías,PV
2022,8,26,Chihuahua,Gran Morelos,PV
2022,8,30,Chihuahua,Guazapares,PV
2022,8,33,Chihuahua,Huejotitán,PV
2022,8,34,Chihuahua,Ignacio Zaragoza,PV
2022,8,44,Chihuahua,Matamoros,PV
2022,8,46,Chihuahua,Morelos,OI
2022,8,46,Chihuahua,Morelos,PV
2022,8,48,Chihuahua,Namiquipa,PV
2022,8,49,Chihuahua,Nonoava,PV
2022,8,54,Chihuahua,Riva Palacio,PV
2022,8,56,Chihuahua,Rosario,PV
2022,8,57,Chihuahua,San Francisco de Borja,PV
2022,8,60,Chihuahua,Santa Bárbara,PV
2022,8,64,Chihuahua,El Tule,PV
2022,8,66,Chihuahua,Uruachi,PV
2022,10,2,Durango,Canelas,OI
2022,10,2,Durango,Canelas,PV
2022,10,6,Durango,General Simón Bolívar,PV
2022,10,14,Durango,Mezquital,PV
2022,10,16,Durango,Nombre de Dios,PV
2022,10,19,Durango,Otáez,PV
2022,10,29,Durango,San Luis del Cordero,PV
2022,11,9,Guanajuato,Comonfort,PV
2022,11,13,Guanajuato,Doctor Mora,PV
2022,11,16,Guanajuato,Huanímaro,PV
2022,11,21,Guanajuato,Moroleón,PV
2022,11,24,Guanajuato,Pueblo Nuevo,PV
2022,11,29,Guanajuato,San Diego de La Unión,PV
2022,11,32,Guanajuato,San José Iturbide,PV
2022,11,34,Guanajuato,Santa Catarina,PV
2022,11,35,Guanajuato,Santa Cruz de Juventino Rosas,PV
2022,11,36,Guanajuato,Santiago Maravatío,PV
2022,11,38,Guanajuato,Tarandacuao,OI
2022,11,38,Guanajuato,Tarandacuao,PV
2022,11,39,Guanajuato,Tarimoro,PV
2022,11,40,Guanajuato,Tierra Blanca,PV
2022,11,41,Guanajuato,Uriangato,PV
2022,11,43,Guanajuato,Victoria,PV
2022,11,44,Guanajuato,Villagrán,PV
2022,12,4,Guerrero,Alcozauca de Guerrero,OI
2022,12,4,Guerrero,Alcozauca de Guerrero,PV
2022,12,6,Guerrero,Apaxtla,PV
2022,12,9,Guerrero,Atlamajalcingo del Monte,PV
2022,12,10,Guerrero,Atlixtac,OI
2022,12,10,Guerrero,Atlixtac,PV
2022,12,13,Guerrero,Azoyú,OI
2022,12,13,Guerrero,Azoyú,PV
2022,12,16,Guerrero,Coahuayutla de José María Izazaga,OI
2022,12,17,Guerrero,Cocula,OI
2022,12,17,Guerrero,Cocula,PV
2022,12,18,Guerrero,Copala,OI
2022,12,18,Guerrero,Copala,PV
2022,12,19,Guerrero,Copalillo,OI
2022,12,19,Guerrero,Copalillo,PV
2022,12,20,Guerrero,Copanatoyac,OI
2022,12,20,Guerrero,Copanatoyac,PV
2022,12,22,Guerrero,Coyuca de Catalán,OI
2022,12,24,Guerrero,Cualác,PV
2022,12,25,Guerrero,Cuautepec,OI
2022,12,25,Guerrero,Cuautepec,PV
2022,12,26,Guerrero,Cuetzala del Progreso,OI
2022,12,26,Guerrero,Cuetzala del Progreso,PV
2022,12,27,Guerrero,Cutzamala de Pinzón,OI
2022,12,30,Guerrero,Florencio Villarreal,OI
2022,12,30,Guerrero,Florencio Villarreal,PV
2022,12,31,Guerrero,General Canuto A. Neri,PV
2022,12,33,Guerrero,Huamuxtitlán,OI
2022,12,33,Guerrero,Huamuxtitlán,PV
2022,12,37,Guerrero,Ixcateopan de Cuauhtémoc,PV
2022,12,41,Guerrero,Malinaltepec,OI
2022,12,41,Guerrero,Malinaltepec,PV
2022,12,42,Guerrero,Mártir de Cuilapan,PV
2022,12,43,Guerrero,Metlatónoc,OI
2022,12,43,Guerrero,Metlatónoc,PV
2022,12,47,Guerrero,Pedro Ascencio Alquisiras,PV
2022,12,49,Guerrero,Pilcaya,OI
2022,12,49,Guerrero,Pilcaya,PV
2022,12,51,Guerrero,Quechultenango,OI
2022,12,51,Guerrero,Quechultenango,PV
2022,12,52,Guerrero,San Luis Acatlán,OI
2022,12,52,Guerrero,San Luis Acatlán,PV
2022,12,54,Guerrero,San Miguel Totolapan,OI
2022,12,54,Guerrero,San Miguel Totolapan,PV
2022,12,56,Guerrero,Tecoanapa,OI
2022,12,56,Guerrero,Tecoanapa,PV
2022,12,58,Guerrero,Teloloapan,PV
2022,12,60,Guerrero,Tetipac,OI
2022,12,60,Guerrero,Tetipac,PV
2022,12,62,Guerrero,Tlacoachistlahuaca,OI
2022,12,62,Guerrero,Tlacoachistlahuaca,PV
2022,12,63,Guerrero,Tlacoapa,OI
2022,12,63,Guerrero,Tlacoapa,PV
2022,12,64,Guerrero,Tlalchapa,OI
2022,12,64,Guerrero,Tlalchapa,PV
2022,12,65,Guerrero,Tlalixtaquilla de Maldonado,OI
2022,12,65,Guerrero,Tlalixtaquilla de Maldonado,PV
2022,12,67,Guerrero,Tlapehuala,OI
2022,12,67,Guerrero,Tlapehuala,PV
2022,12,69,Guerrero,Xalpatláhuac,OI
2022,12,69,Guerrero,Xalpatláhuac,PV
2022,12,71,Guerrero,Xochistlahuaca,OI
2022,12,71,Guerrero,Xochistlahuaca,PV
2022,12,72,Guerrero,Zapotitlán Tablas,OI
2022,12,72,Guerrero,Zapotitlán Tablas,PV
2022,12,74,Guerrero,Zitlala,OI
2022,12,74,Guerrero,Zitlala,PV
2022,12,76,Guerrero,Acatepec,OI
2022,12,76,Guerrero,Acatepec,PV
2022,12,77,Guerrero,Marquelia,OI
2022,12,77,Guerrero,Marquelia,PV
2022,12,78,Guerrero,Cochoapa El Grande,OI
2022,12,78,Guerrero,Cochoapa El Grande,PV
2022,12,79,Guerrero,José Joaquín de Herrera,PV
2022,12,80,Guerrero,Juchitán,OI
2022,12,80,Guerrero,Juchitán,PV
2022,12,81,Guerrero,Iliatenco,PV
2022,13,1,Hidalgo,Acatlán,PV
2022,13,4,Hidalgo,Agua Blanca de Iturbide,PV
2022,13,5,Hidalgo,Ajacuba,PV
2022,13,7,Hidalgo,Almoloya,PV
2022,13,9,Hidalgo,El Arenal,PV
2022,13,10,Hidalgo,Atitalaquia,PV
2022,13,12,Hidalgo,Atotonilco El Grande,PV
2022,13,14,Hidalgo,Calnali,OI
2022,13,14,Hidalgo,Calnali,PV
2022,13,15,Hidalgo,Cardonal,PV
2022,13,17,Hidalgo,Chapantongo,PV
2022,13,18,Hidalgo,Chapulhuacán,OI
2022,13,18,Hidalgo,Chapulhuacán,PV
2022,13,20,Hidalgo,Eloxochitlán,OI
2022,13,20,Hidalgo,Eloxochitlán,PV
2022,13,21,Hidalgo,Emiliano Zapata,PV
2022,13,22,Hidalgo,Epazoyucan,PV
2022,13,23,Hidalgo,Francisco I. Madero,PV
2022,13,24,Hidalgo,Huasca de Ocampo,PV
2022,13,26,Hidalgo,Huazalingo,OI
2022,13,26,Hidalgo,Huazalingo,PV
2022,13,29,Hidalgo,Huichapan,OI
2022,13,29,Hidalgo,Huichapan,PV
2022,13,31,Hidalgo,Jacala de Ledezma,OI
2022,13,31,Hidalgo,Jacala de Ledezma,PV
2022,13,32,Hidalgo,Jaltocán,OI
2022,13,32,Hidalgo,Jaltocán,PV
2022,13,33,Hidalgo,Juárez Hidalgo,PV
2022,13,34,Hidalgo,Lolotla,OI
2022,13,34,Hidalgo,Lolotla,PV
2022,13,35,Hidalgo,Metepec,PV
2022,13,36,Hidalgo,San Agustín Metzquititlán,OI
2022,13,36,Hidalgo,San Agustín Metzquititlán,PV
2022,13,39,Hidalgo,Mineral del Monte,PV
2022,13,40,Hidalgo,La Misión,PV
2022,13,42,Hidalgo,Molango de Escamilla,OI
2022,13,42,Hidalgo,Molango de Escamilla,PV
2022,13,43,Hidalgo,Nicolás Flores,OI
2022,13,43,Hidalgo,Nicolás Flores,PV
2022,13,44,Hidalgo,Nopala de Villagrán,PV
2022,13,45,Hidalgo,Omitlán de Juárez,PV
2022,13,47,Hidalgo,Pacula,OI
2022,13,47,Hidalgo,Pacula,PV
2022,13,49,Hidalgo,Pisaflores,PV
2022,13,50,Hidalgo,Progreso de Obregón,PV
2022,13,51,Hidalgo,Mineral de La Reforma,PV
2022,13,52,Hidalgo,San Agustín Tlaxiaca,PV
2022,13,53,Hidalgo,San Bartolo Tutotepec,OI
2022,13,53,Hidalgo,San Bartolo Tutotepec,PV
2022,13,54,Hidalgo,San Salvador,PV
2022,13,55,Hidalgo,Santiago de Anaya,PV
2022,13,56,Hidalgo,Santiago Tulantepec de Lugo Guerrero,PV
2022,13,57,Hidalgo,Singuilucan,PV
2022,13,59,Hidalgo,Tecozautla,OI
2022,13,59,Hidalgo,Tecozautla,PV
2022,13,60,Hidalgo,Tenango de Doria,OI
2022,13,60,Hidalgo,Tenango de Doria,PV
2022,13,61,Hidalgo,Tepeapulco,PV
2022,13,62,Hidalgo,Tepehuacán de Guerrero,OI
2022,13,62,Hidalgo,Tepehuacán de Guerrero,PV
2022,13,63,Hidalgo,Tepeji del Río de Ocampo,PV
2022,13,65,Hidalgo,Tetepango,PV
2022,13,66,Hidalgo,Villa de Tezontepec,PV
2022,13,67,Hidalgo,Tezontepec de Aldama,PV
2022,13,68,Hidalgo,Tianguistengo,OI
2022,13,68,Hidalgo,Tianguistengo,PV
2022,13,69,Hidalgo,Tizayuca,PV
2022,13,70,Hidalgo,Tlahuelilpan,PV
2022,13,71,Hidalgo,Tlahuiltepa,OI
2022,13,71,Hidalgo,Tlahuiltepa,PV
2022,13,72,Hidalgo,Tlanalapa,PV
2022,13,74,Hidalgo,Tlaxcoapan,PV
2022,13,75,Hidalgo,Tolcayuca,PV
2022,13,78,Hidalgo,Xochiatipan,OI
2022,13,78,Hidalgo,Xochiatipan,PV
2022,13,79,Hidalgo,Xochicoatlán,OI
2022,13,79,Hidalgo,Xochicoatlán,PV
2022,13,80,Hidalgo,Yahualica,OI
2022,13,80,Hidalgo,Yahualica,PV
2022,13,82,Hidalgo,Zapotlán de Juárez,PV
2022,13,83,Hidalgo,Zempoala,PV
2022,14,1,Jalisco,Acatic,PV
2022,14,3,Jalisco,Ahualulco de Mercado,PV
2022,14,4,Jalisco,Amacueca,OI
2022,14,4,Jalisco,Amacueca,PV
2022,14,7,Jalisco,San Juanito de Escobedo,PV
2022,14,8,Jalisco,Arandas,PV
2022,14,9,Jalisco,El Arenal,PV
2022,14,10,Jalisco,Atemajac de Brizuela,PV
2022,14,11,Jalisco,Atengo,PV
2022,14,12,Jalisco,Atenguillo,PV
2022,14,20,Jalisco,Cabo Corrientes,OI
2022,14,20,Jalisco,Cabo Corrientes,PV
2022,14,24,Jalisco,Cocula,PV
2022,14,26,Jalisco,Concepción de Buenos Aires,PV
2022,14,27,Jalisco,Cuautitlán de García Barragán,OI
2022,14,27,Jalisco,Cuautitlán de García Barragán,PV
2022,14,28,Jalisco,Cuautla,PV
2022,14,29,Jalisco,Cuquío,PV
2022,14,31,Jalisco,Chimaltitán,OI
2022,14,32,Jalisco,Chiquilistlán,PV
2022,14,35,Jalisco,Encarnación de Díaz,PV
2022,14,36,Jalisco,Etzatlán,PV
2022,14,37,Jalisco,El Grullo,PV
2022,14,38,Jalisco,Guachinango,OI
2022,14,38,Jalisco,Guachinango,PV
2022,14,42,Jalisco,Huejuquilla El Alto,PV
2022,14,43,Jalisco,La Huerta,PV
2022,14,44,Jalisco,Ixtlahuacán de Los Membrillos,PV
2022,14,45,Jalisco,Ixtlahuacán del Río,PV
2022,14,48,Jalisco,Jesús María,PV
2022,14,52,Jalisco,Juchitlán,PV
2022,14,55,Jalisco,Magdalena,OI
2022,14,55,Jalisco,Magdalena,PV
2022,14,56,Jalisco,Santa María del Oro,PV
2022,14,57,Jalisco,La Manzanilla de la Paz,PV
2022,14,59,Jalisco,Mazamitla,PV
2022,14,60,Jalisco,Mexticacán,PV
2022,14,62,Jalisco,Mixtlán,PV
2022,14,64,Jalisco,Ojuelos de Jalisco,PV
2022,14,69,Jalisco,Quitupan,OI
2022,14,69,Jalisco,Quitupan,PV
2022,14,72,Jalisco,San Diego de Alejandría,PV
2022,14,73,Jalisco,San Juan de Los Lagos,PV
2022,14,74,Jalisco,San Julián,PV
2022,14,75,Jalisco,San Marcos,PV
2022,14,77,Jalisco,San Martín Hidalgo,PV
2022,14,78,Jalisco,San Miguel El Alto,PV
2022,14,79,Jalisco,Gómez Farías,PV
2022,14,80,Jalisco,San Sebastián del Oeste,OI
2022,14,80,Jalisco,San Sebastián del Oeste,PV
2022,14,82,Jalisco,Sayula,PV
2022,14,84,Jalisco,Talpa de Allende,OI
2022,14,84,Jalisco,Talpa de Allende,PV
2022,14,85,Jalisco,Tamazula de Gordiano,OI
2022,14,85,Jalisco,Tamazula de Gordiano,PV
2022,14,86,Jalisco,Tapalpa,PV
2022,14,87,Jalisco,Tecalitlán,OI
2022,14,87,Jalisco,Tecalitlán,PV
2022,14,88,Jalisco,Tecolotlán,PV
2022,14,89,Jalisco,Techaluta de Montenegro,PV
2022,14,90,Jalisco,Tenamaxtlán,PV
2022,14,92,Jalisco,Teocuitatlán de Corona,PV
2022,14,93,Jalisco,Tepatitlán de Morelos,PV
2022,14,94,Jalisco,Tequila,OI
2022,14,94,Jalisco,Tequila,PV
2022,14,101,Jalisco,Tonalá,PV
2022,14,102,Jalisco,Tonaya,PV
2022,14,103,Jalisco,Tonila,PV
2022,14,104,Jalisco,Totatiche,PV
2022,14,105,Jalisco,Tototlán,PV
2022,14,106,Jalisco,Tuxcacuesco,PV
2022,14,109,Jalisco,Unión de San Antonio,PV
2022,14,111,Jalisco,Valle de Guadalupe,PV
2022,14,112,Jalisco,Valle de Juárez,PV
2022,14,113,Jalisco,San Gabriel,PV
2022,14,114,Jalisco,Villa Corona,PV
2022,14,115,Jalisco,Villa Guerrero,PV
2022,14,116,Jalisco,Villa Hidalgo,PV
2022,14,117,Jalisco,Cañadas de Obregón,PV
2022,14,118,Jalisco,Yahualica de González Gallo,PV
2022,14,119,Jalisco,Zacoalco de Torres,OI
2022,14,119,Jalisco,Zacoalco de Torres,PV
2022,14,121,Jalisco,Zapotiltic,PV
2022,14,122,Jalisco,Zapotitlán de Vadillo,OI
2022,14,122,Jalisco,Zapotitlán de Vadillo,PV
2022,14,123,Jalisco,Zapotlán del Rey,PV
2022,15,1,México,Acambay de Ruíz Castañeda,PV
2022,15,4,México,Almoloya de Alquisiras,OI
2022,15,4,México,Almoloya de Alquisiras,PV
2022,15,6,México,Almoloya del Río,PV
2022,15,7,México,Amanalco,PV
2022,15,8,México,Amatepec,PV
2022,15,10,México,Apaxco,PV
2022,15,12,México,Atizapán,PV
2022,15,15,México,Atlautla,PV
2022,15,16,México,Axapusco,PV
2022,15,17,México,Ayapango,PV
2022,15,18,México,Calimaya,PV
2022,15,19,México,Capulhuac,PV
2022,15,20,México,Coacalco de Berriozábal,PV
2022,15,21,México,Coatepec Harinas,OI
2022,15,21,México,Coatepec Harinas,PV
2022,15,22,México,Cocotitlán,PV
2022,15,23,México,Coyotepec,PV
2022,15,24,México,Cuautitlán,PV
2022,15,26,México,Chapa de Mota,PV
2022,15,27,México,Chapultepec,PV
2022,15,28,México,Chiautla,PV
2022,15,29,México,Chicoloapan,PV
2022,15,30,México,Chiconcuac,PV
2022,15,31,México,Chimalhuacán,PV
2022,15,34,México,Ecatzingo,PV
2022,15,35,México,Huehuetoca,PV
2022,15,36,México,Hueypoxtla,PV
2022,15,40,México,Ixtapan de La Sal,OI
2022,15,40,México,Ixtapan de La Sal,PV
2022,15,41,México,Ixtapan del Oro,OI
2022,15,41,México,Ixtapan del Oro,PV
2022,15,43,México,Xalatlaco,PV
2022,15,44,México,Jaltenco,PV
2022,15,46,México,Jilotzingo,PV
2022,15,47,México,Jiquipilco,PV
2022,15,49,México,Joquicingo,PV
2022,15,50,México,Juchitepec,PV
2022,15,51,México,Lerma,PV
2022,15,53,México,Melchor Ocampo,PV
2022,15,54,México,Metepec,PV
2022,15,56,México,Morelos,PV
2022,15,59,México,Nextlalpan,PV
2022,15,60,México,Nicolás Romero,PV
2022,15,61,México,Nopaltepec,PV
2022,15,62,México,Ocoyoacac,PV
2022,15,64,México,El Oro,PV
2022,15,65,México,Otumba,PV
2022,15,66,México,Otzoloapan,PV
2022,15,67,México,Otzolotepec,PV
2022,15,68,México,Ozumba,PV
2022,15,69,México,Papalotla,PV
2022,15,70,México,La Paz,PV
2022,15,71,México,Polotitlán,PV
2022,15,72,México,Rayón,PV
2022,15,73,México,San Antonio La Isla,PV
2022,15,75,México,San Martín de Las Pirámides,PV
2022,15,76,México,San Mateo Atenco,PV
2022,15,77,México,San Simón de Guerrero,OI
2022,15,77,México,San Simón de Guerrero,PV
2022,15,79,México,Soyaniquilpan de Juárez,PV
2022,15,80,México,Sultepec,OI
2022,15,80,México,Sultepec,PV
2022,15,82,México,Tejupilco,OI
2022,15,82,México,Tejupilco,PV
2022,15,84,México,Temascalapa,PV
2022,15,88,México,Tenancingo,PV
2022,15,89,México,Tenango del Aire,PV
2022,15,92,México,Teotihuacán,PV
2022,15,94,México,Tepetlixpa,PV
2022,15,98,México,Texcalyacac,PV
2022,15,103,México,Tlalmanalco,PV
2022,15,105,México,Tlatlaya,OI
2022,15,105,México,Tlatlaya,PV
2022,15,107,México,Tonatico,OI
2022,15,107,México,Tonatico,PV
2022,15,108,México,Tultepec,PV
2022,15,115,México,Xonacatlán,PV
2022,15,116,México,Zacazonapan,PV
2022,15,117,México,Zacualpan,PV
2022,15,119,México,Zumpahuacán,OI
2022,15,119,México,Zumpahuacán,PV
2022,15,122,México,Valle de Chalco Solidaridad,PV
2022,15,123,México,Luvianos,PV
2022,15,124,México,San José del Rincón,PV
2022,15,125,México,Tonanitla,PV
2022,16,1,Michoacán,Acuitzio,PV
2022,16,2,Michoacán,Aguililla,OI
2022,16,2,Michoacán,Aguililla,PV
2022,16,5,Michoacán,Angangueo,PV
2022,16,7,Michoacán,Aporo,PV
2022,16,8,Michoacán,Aquila,OI
2022,16,8,Michoacán,Aquila,PV
2022,16,9,Michoacán,Ario,OI
2022,16,9,Michoacán,Ario,PV
2022,16,11,Michoacán,Briseñas,PV
2022,16,12,Michoacán,Buenavista,OI
2022,16,12,Michoacán,Buenavista,PV
2022,16,13,Michoacán,Carácuaro,OI
2022,16,13,Michoacán,Carácuaro,PV
2022,16,14,Michoacán,Coahuayana,OI
2022,16,14,Michoacán,Coahuayana,PV
2022,16,15,Michoacán,Coalcomán de Vázquez Pallares,OI
2022,16,15,Michoacán,Coalcomán de Vázquez Pallares,PV
2022,16,16,Michoacán,Coeneo,PV
2022,16,18,Michoacán,Copándaro,OI
2022,16,18,Michoacán,Copándaro,PV
2022,16,20,Michoacán,Cuitzeo,PV
2022,16,21,Michoacán,Charapan,PV
2022,16,22,Michoacán,Charo,PV
2022,16,23,Michoacán,Chavinda,PV
2022,16,24,Michoacán,Cherán,PV
2022,16,25,Michoacán,Chilchota,PV
2022,16,26,Michoacán,Chinicuila,OI
2022,16,26,Michoacán,Chinicuila,PV
2022,16,27,Michoacán,Chucándiro,OI
2022,16,27,Michoacán,Chucándiro,PV
2022,16,28,Michoacán,Churintzio,PV
2022,16,29,Michoacán,Churumuco,OI
2022,16,29,Michoacán,Churumuco,PV
2022,16,30,Michoacán,Ecuandureo,PV
2022,16,31,Michoacán,Epitacio Huerta,PV
2022,16,32,Michoacán,Erongarícuaro,PV
2022,16,33,Michoacán,Gabriel Zamora,OI
2022,16,33,Michoacán,Gabriel Zamora,PV
2022,16,36,Michoacán,Huandacareo,OI
2022,16,36,Michoacán,Huandacareo,PV
2022,16,37,Michoacán,Huaniqueo,PV
2022,16,40,Michoacán,Indaparapeo,PV
2022,16,41,Michoacán,Irimbo,PV
2022,16,45,Michoacán,Jiquilpan,PV
2022,16,46,Michoacán,Juárez,PV
2022,16,47,Michoacán,Jungapeo,OI
2022,16,47,Michoacán,Jungapeo,PV
2022,16,48,Michoacán,Lagunillas,PV
2022,16,51,Michoacán,Marcos Castellanos,PV
2022,16,54,Michoacán,Morelos,PV
2022,16,55,Michoacán,Múgica,OI
2022,16,55,Michoacán,Múgica,PV
2022,16,56,Michoacán,Nahuatzen,PV
2022,16,57,Michoacán,Nocupétaro,OI
2022,16,57,Michoacán,Nocupétaro,PV
2022,16,58,Michoacán,Nuevo Parangaricutiro,PV
2022,16,59,Michoacán,Nuevo Urecho,OI
2022,16,59,Michoacán,Nuevo Urecho,PV
2022,16,60,Michoacán,Numarán,PV
2022,16,62,Michoacán,Pajacuarán,PV
2022,16,63,Michoacán,Panindícuaro,PV
2022,16,64,Michoacán,Parácuaro,OI
2022,16,64,Michoacán,Parácuaro,PV
2022,16,65,Michoacán,Paracho,PV
2022,16,66,Michoacán,Pátzcuaro,PV
2022,16,68,Michoacán,Peribán,PV
2022,16,70,Michoacán,Purépero,PV
2022,16,71,Michoacán,Puruándiro,PV
2022,16,73,Michoacán,Quiroga,PV
2022,16,74,Michoacán,Cojumatlán de Régules,PV
2022,16,75,Michoacán,Los Reyes,PV
2022,16,77,Michoacán,San Lucas,OI
2022,16,77,Michoacán,San Lucas,PV
2022,16,78,Michoacán,Santa Ana Maya,OI
2022,16,78,Michoacán,Santa Ana Maya,PV
2022,16,79,Michoacán,Salvador Escalante,PV
2022,16,81,Michoacán,Susupuato,OI
2022,16,81,Michoacán,Susupuato,PV
2022,16,82,Michoacán,Tacámbaro,PV
2022,16,83,Michoacán,Tancítaro,OI
2022,16,83,Michoacán,Tancítaro,PV
2022,16,84,Michoacán,Tangamandapio,PV
2022,16,86,Michoacán,Tanhuato,PV
2022,16,87,Michoacán,Taretan,PV
2022,16,88,Michoacán,Tarímbaro,PV
2022,16,90,Michoacán,Tingambato,PV
2022,16,91,Michoacán,Tingüindín,PV
2022,16,92,Michoacán,Tiquicheo de Nicolás Romero,OI
2022,16,92,Michoacán,Tiquicheo de Nicolás Romero,PV
2022,16,93,Michoacán,Tlalpujahua,PV
2022,16,95,Michoacán,Tocumbo,PV
2022,16,96,Michoacán,Tumbiscatío,OI
2022,16,96,Michoacán,Tumbiscatío,PV
2022,16,97,Michoacán,Turicato,OI
2022,16,97,Michoacán,Turicato,PV
2022,16,98,Michoacán,Tuxpan,OI
2022,16,98,Michoacán,Tuxpan,PV
2022,16,99,Michoacán,Tuzantla,OI
2022,16,99,Michoacán,Tuzantla,PV
2022,16,100,Michoacán,Tzintzuntzan,PV
2022,16,101,Michoacán,Tzitzio,PV
2022,16,109,Michoacán,Zináparo,PV
2022,16,111,Michoacán,Ziracuaretiro,PV
2022,17,10,Morelos,Jantetelco,PV
2022,17,22,Morelos,Tetela del Volcán,PV
2022,17,34,Morelos,Coatetelco,OI
2022,17,34,Morelos,Coatetelco,PV
2022,18,2,Nayarit,Ahuacatlán,PV
2022,18,3,Nayarit,Amatlán de Cañas,PV
2022,18,4,Nayarit,Compostela,OI
2022,18,4,Nayarit,Compostela,PV
2022,18,7,Nayarit,Jala,PV
2022,18,13,Nayarit,San Pedro Lagunillas,OI
2022,18,13,Nayarit,San Pedro Lagunillas,PV
2022,18,14,Nayarit,Santa María del Oro,PV
2022,18,16,Nayarit,Tecuala,OI
2022,18,16,Nayarit,Tecuala,PV
2022,18,18,Nayarit,Tuxpan,OI
2022,18,18,Nayarit,Tuxpan,PV
2022,19,2,Nuevo León,Agualeguas,PV
2022,19,8,Nuevo León,Bustamante,PV
2022,19,20,Nuevo León,General Bravo,OI
2022,19,20,Nuevo León,General Bravo,PV
2022,19,22,Nuevo León,General Terán,PV
2022,19,23,Nuevo León,General Treviño,PV
2022,19,32,Nuevo León,Lampazos de Naranjo,PV
2022,19,41,Nuevo León,Pesquería,OI
2022,19,41,Nuevo León,Pesquería,PV
2022,19,50,Nuevo León,Vallecillo,PV
2022,19,51,Nuevo León,Villaldama,PV
2022,20,1,Oaxaca,Abejones,PV
2022,20,3,Oaxaca,Asunción Cacalotepec,OI
2022,20,3,Oaxaca,Asunción Cacalotepec,PV
2022,20,4,Oaxaca,Asunción Cuyotepeji,OI
2022,20,4,Oaxaca,Asunción Cuyotepeji,PV
2022,20,7,Oaxaca,Asunción Ocotlán,OI
2022,20,7,Oaxaca,Asunción Ocotlán,PV
2022,20,8,Oaxaca,Asunción Tlacolulita,OI
2022,20,8,Oaxaca,Asunción Tlacolulita,PV
2022,20,9,Oaxaca,Ayotzintepec,OI
2022,20,9,Oaxaca,Ayotzintepec,PV
2022,20,10,Oaxaca,El Barrio de la Soledad,OI
2022,20,10,Oaxaca,El Barrio de la Soledad,PV
2022,20,12,Oaxaca,Candelaria Loxicha,OI
2022,20,12,Oaxaca,Candelaria Loxicha,PV
2022,20,13,Oaxaca,Ciénega de Zimatlán,OI
2022,20,13,Oaxaca,Ciénega de Zimatlán,PV
2022,20,15,Oaxaca,Coatecas Altas,OI
2022,20,15,Oaxaca,Coatecas Altas,PV
2022,20,16,Oaxaca,Coicoyán de Las Flores,OI
2022,20,16,Oaxaca,Coicoyán de Las Flores,PV
2022,20,17,Oaxaca,La Compañía,OI
2022,20,17,Oaxaca,La Compañía,PV
2022,20,18,Oaxaca,Concepción Buenavista,PV
2022,20,19,Oaxaca,Concepción Pápalo,OI
2022,20,19,Oaxaca,Concepción Pápalo,PV
2022,20,20,Oaxaca,Constancia del Rosario,OI
2022,20,20,Oaxaca,Constancia del Rosario,PV
2022,20,21,Oaxaca,Cosolapa,OI
2022,20,21,Oaxaca,Cosolapa,PV
2022,20,23,Oaxaca,Cuilápam de Guerrero,OI
2022,20,23,Oaxaca,Cuilápam de Guerrero,PV
2022,20,24,Oaxaca,Cuyamecalco Villa de Zaragoza,PV
2022,20,25,Oaxaca,Chahuites,OI
2022,20,25,Oaxaca,Chahuites,PV
2022,20,26,Oaxaca,Chalcatongo de Hidalgo,PV
2022,20,27,Oaxaca,Chiquihuitlán de Benito Juárez,PV
2022,20,28,Oaxaca,Heroica Ciudad de Ejutla de Crespo,OI
2022,20,28,Oaxaca,Heroica Ciudad de Ejutla de Crespo,PV
2022,20,29,Oaxaca,Eloxochitlán de Flores Magón,PV
2022,20,30,Oaxaca,El Espinal,OI
2022,20,30,Oaxaca,El Espinal,PV
2022,20,31,Oaxaca,Tamazulápam del Espíritu Santo,OI
2022,20,31,Oaxaca,Tamazulápam del Espíritu Santo,PV
2022,20,32,Oaxaca,Fresnillo de Trujano,PV
2022,20,33,Oaxaca,Guadalupe Etla,OI
2022,20,33,Oaxaca,Guadalupe Etla,PV
2022,20,34,Oaxaca,Guadalupe de Ramírez,PV
2022,20,35,Oaxaca,Guelatao de Juárez,OI
2022,20,35,Oaxaca,Guelatao de Juárez,PV
2022,20,36,Oaxaca,Guevea de Humboldt,OI
2022,20,36,Oaxaca,Guevea de Humboldt,PV
2022,20,37,Oaxaca,Mesones Hidalgo,OI
2022,20,37,Oaxaca,Mesones Hidalgo,PV
2022,20,38,Oaxaca,Villa Hidalgo,OI
2022,20,38,Oaxaca,Villa Hidalgo,PV
2022,20,40,Oaxaca,Huautepec,PV
2022,20,41,Oaxaca,Huautla de Jiménez,OI
2022,20,41,Oaxaca,Huautla de Jiménez,PV
2022,20,42,Oaxaca,Ixtlán de Juárez,OI
2022,20,42,Oaxaca,Ixtlán de Juárez,PV
2022,20,44,Oaxaca,Loma Bonita,OI
2022,20,44,Oaxaca,Loma Bonita,PV
2022,20,45,Oaxaca,Magdalena Apasco,OI
2022,20,45,Oaxaca,Magdalena Apasco,PV
2022,20,46,Oaxaca,Magdalena Jaltepec,PV
2022,20,47,Oaxaca,Santa Magdalena Jicotlán,PV
2022,20,48,Oaxaca,Magdalena Mixtepec,OI
2022,20,48,Oaxaca,Magdalena Mixtepec,PV
2022,20,49,Oaxaca,Magdalena Ocotlán,OI
2022,20,49,Oaxaca,Magdalena Ocotlán,PV
2022,20,50,Oaxaca,Magdalena Peñasco,PV
2022,20,51,Oaxaca,Magdalena Teitipac,OI
2022,20,51,Oaxaca,Magdalena Teitipac,PV
2022,20,53,Oaxaca,Magdalena Tlacotepec,OI
2022,20,53,Oaxaca,Magdalena Tlacotepec,PV
2022,20,54,Oaxaca,Magdalena Zahuatlán,PV
2022,20,55,Oaxaca,Mariscala de Juárez,OI
2022,20,55,Oaxaca,Mariscala de Juárez,PV
2022,20,56,Oaxaca,Mártires de Tacubaya,OI
2022,20,56,Oaxaca,Mártires de Tacubaya,PV
2022,20,57,Oaxaca,Matías Romero Avendaño,PV
2022,20,58,Oaxaca,Mazatlán Villa de Flores,OI
2022,20,58,Oaxaca,Mazatlán Villa de Flores,PV
2022,20,60,Oaxaca,Mixistlán de La Reforma,PV
2022,20,61,Oaxaca,Monjas,OI
2022,20,61,Oaxaca,Monjas,PV
2022,20,62,Oaxaca,Natividad,PV
2022,20,63,Oaxaca,Nazareno Etla,OI
2022,20,63,Oaxaca,Nazareno Etla,PV
2022,20,64,Oaxaca,Nejapa de Madero,OI
2022,20,64,Oaxaca,Nejapa de Madero,PV
2022,20,65,Oaxaca,Ixpantepec Nieves,PV
2022,20,66,Oaxaca,Santiago Niltepec,OI
2022,20,66,Oaxaca,Santiago Niltepec,PV
2022,20,68,Oaxaca,Ocotlán de Morelos,OI
2022,20,68,Oaxaca,Ocotlán de Morelos,PV
2022,20,69,Oaxaca,La Pe,OI
2022,20,69,Oaxaca,La Pe,PV
2022,20,70,Oaxaca,Pinotepa de Don Luis,OI
2022,20,70,Oaxaca,Pinotepa de Don Luis,PV
2022,20,71,Oaxaca,Pluma Hidalgo,PV
2022,20,72,Oaxaca,San José del Progreso,OI
2022,20,72,Oaxaca,San José del Progreso,PV
2022,20,74,Oaxaca,Santa Catarina Quioquitani,PV
2022,20,75,Oaxaca,Reforma de Pineda,OI
2022,20,75,Oaxaca,Reforma de Pineda,PV
2022,20,76,Oaxaca,La Reforma,OI
2022,20,76,Oaxaca,La Reforma,PV
2022,20,77,Oaxaca,Reyes Etla,OI
2022,20,77,Oaxaca,Reyes Etla,PV
2022,20,78,Oaxaca,Rojas de Cuauhtémoc,OI
2022,20,78,Oaxaca,Rojas de Cuauhtémoc,PV
2022,20,80,Oaxaca,San Agustín Amatengo,OI
2022,20,80,Oaxaca,San Agustín Amatengo,PV
2022,20,81,Oaxaca,San Agustín Atenango,OI
2022,20,81,Oaxaca,San Agustín Atenango,PV
2022,20,82,Oaxaca,San Agustín Chayuco,OI
2022,20,82,Oaxaca,San Agustín Chayuco,PV
2022,20,84,Oaxaca,San Agustín Etla,PV
2022,20,85,Oaxaca,San Agustín Loxicha,PV
2022,20,86,Oaxaca,San Agustín Tlacotepec,PV
2022,20,87,Oaxaca,San Agustín Yatareni,PV
2022,20,88,Oaxaca,San Andrés Cabecera Nueva,PV
2022,20,89,Oaxaca,San Andrés Dinicuiti,OI
2022,20,89,Oaxaca,San Andrés Dinicuiti,PV
2022,20,90,Oaxaca,San Andrés Huaxpaltepec,OI
2022,20,90,Oaxaca,San Andrés Huaxpaltepec,PV
2022,20,91,Oaxaca,San Andrés Huayápam,OI
2022,20,91,Oaxaca,San Andrés Huayápam,PV
2022,20,92,Oaxaca,San Andrés Ixtlahuaca,OI
2022,20,92,Oaxaca,San Andrés Ixtlahuaca,PV
2022,20,93,Oaxaca,San Andrés Lagunas,PV
2022,20,94,Oaxaca,San Andrés Nuxiño,OI
2022,20,94,Oaxaca,San Andrés Nuxiño,PV
2022,20,95,Oaxaca,San Andrés Paxtlán,PV
2022,20,96,Oaxaca,San Andrés Sinaxtla,PV
2022,20,97,Oaxaca,San Andrés Solaga,OI
2022,20,97,Oaxaca,San Andrés Solaga,PV
2022,20,98,Oaxaca,San Andrés Teotilálpam,OI
2022,20,98,Oaxaca,San Andrés Teotilálpam,PV
2022,20,99,Oaxaca,San Andrés Tepetlapa,PV
2022,20,100,Oaxaca,San Andrés Yaá,PV
2022,20,101,Oaxaca,San Andrés Zabache,OI
2022,20,101,Oaxaca,San Andrés Zabache,PV
2022,20,102,Oaxaca,San Andrés Zautla,OI
2022,20,102,Oaxaca,San Andrés Zautla,PV
2022,20,103,Oaxaca,San Antonino Castillo Velasco,OI
2022,20,103,Oaxaca,San Antonino Castillo Velasco,PV
2022,20,104,Oaxaca,San Antonino El Alto,OI
2022,20,104,Oaxaca,San Antonino El Alto,PV
2022,20,106,Oaxaca,San Antonio Acutla,PV
2022,20,107,Oaxaca,San Antonio de La Cal,OI
2022,20,107,Oaxaca,San Antonio de La Cal,PV
2022,20,108,Oaxaca,San Antonio Huitepec,OI
2022,20,108,Oaxaca,San Antonio Huitepec,PV
2022,20,109,Oaxaca,San Antonio Nanahuatípam,OI
2022,20,109,Oaxaca,San Antonio Nanahuatípam,PV
2022,20,110,Oaxaca,San Antonio Sinicahua,PV
2022,20,111,Oaxaca,San Antonio Tepetlapa,OI
2022,20,111,Oaxaca,San Antonio Tepetlapa,PV
2022,20,112,Oaxaca,San Baltazar Chichicápam,OI
2022,20,112,Oaxaca,San Baltazar Chichicápam,PV
2022,20,113,Oaxaca,San Baltazar Loxicha,OI
2022,20,113,Oaxaca,San Baltazar Loxicha,PV
2022,20,114,Oaxaca,San Baltazar Yatzachi El Bajo,PV
2022,20,115,Oaxaca,San Bartolo Coyotepec,OI
2022,20,115,Oaxaca,San Bartolo Coyotepec,PV
2022,20,116,Oaxaca,San Bartolomé Ayautla,OI
2022,20,116,Oaxaca,San Bartolomé Ayautla,PV
2022,20,117,Oaxaca,San Bartolomé Loxicha,OI
2022,20,117,Oaxaca,San Bartolomé Loxicha,PV
2022,20,118,Oaxaca,San Bartolomé Quialana,OI
2022,20,118,Oaxaca,San Bartolomé Quialana,PV
2022,20,119,Oaxaca,San Bartolomé Yucuañe,PV
2022,20,120,Oaxaca,San Bartolomé Zoogocho,PV
2022,20,121,Oaxaca,San Bartolo Soyaltepec,PV
2022,20,122,Oaxaca,San Bartolo Yautepec,PV
2022,20,123,Oaxaca,San Bernardo Mixtepec,OI
2022,20,123,Oaxaca,San Bernardo Mixtepec,PV
2022,20,125,Oaxaca,San Carlos Yautepec,OI
2022,20,125,Oaxaca,San Carlos Yautepec,PV
2022,20,126,Oaxaca,San Cristóbal Amatlán,OI
2022,20,126,Oaxaca,San Cristóbal Amatlán,PV
2022,20,127,Oaxaca,San Cristóbal Amoltepec,PV
2022,20,128,Oaxaca,San Cristóbal Lachirioag,OI
2022,20,128,Oaxaca,San Cristóbal Lachirioag,PV
2022,20,129,Oaxaca,San Cristóbal Suchixtlahuaca,PV
2022,20,130,Oaxaca,San Dionisio del Mar,PV
2022,20,131,Oaxaca,San Dionisio Ocotepec,OI
2022,20,131,Oaxaca,San Dionisio Ocotepec,PV
2022,20,132,Oaxaca,San Dionisio Ocotlán,OI
2022,20,132,Oaxaca,San Dionisio Ocotlán,PV
2022,20,133,Oaxaca,San Esteban Atatlahuca,PV
2022,20,135,Oaxaca,San Felipe Tejalápam,OI
2022,20,135,Oaxaca,San Felipe Tejalápam,PV
2022,20,137,Oaxaca,San Francisco Cahuacuá,OI
2022,20,137,Oaxaca,San Francisco Cahuacuá,PV
2022,20,138,Oaxaca,San Francisco Cajonos,PV
2022,20,139,Oaxaca,San Francisco Chapulapa,PV
2022,20,140,Oaxaca,San Francisco Chindúa,PV
2022,20,141,Oaxaca,San Francisco del Mar,OI
2022,20,141,Oaxaca,San Francisco del Mar,PV
2022,20,142,Oaxaca,San Francisco Huehuetlán,PV
2022,20,143,Oaxaca,San Francisco Ixhuatán,OI
2022,20,143,Oaxaca,San Francisco Ixhuatán,PV
2022,20,144,Oaxaca,San Francisco Jaltepetongo,PV
2022,20,145,Oaxaca,San Francisco Lachigoló,OI
2022,20,145,Oaxaca,San Francisco Lachigoló,PV
2022,20,146,Oaxaca,San Francisco Logueche,PV
2022,20,147,Oaxaca,San Francisco Nuxaño,PV
2022,20,148,Oaxaca,San Francisco Ozolotepec,PV
2022,20,149,Oaxaca,San Francisco Sola,OI
2022,20,149,Oaxaca,San Francisco Sola,PV
2022,20,150,Oaxaca,San Francisco Telixtlahuaca,OI
2022,20,150,Oaxaca,San Francisco Telixtlahuaca,PV
2022,20,151,Oaxaca,San Francisco Teopan,PV
2022,20,152,Oaxaca,San Francisco Tlapancingo,OI
2022,20,152,Oaxaca,San Francisco Tlapancingo,PV
2022,20,153,Oaxaca,San Gabriel Mixtepec,OI
2022,20,153,Oaxaca,San Gabriel Mixtepec,PV
2022,20,154,Oaxaca,San Ildefonso Amatlán,OI
2022,20,154,Oaxaca,San Ildefonso Amatlán,PV
2022,20,155,Oaxaca,San Ildefonso Sola,OI
2022,20,155,Oaxaca,San Ildefonso Sola,PV
2022,20,156,Oaxaca,San Ildefonso Villa Alta,OI
2022,20,156,Oaxaca,San Ildefonso Villa Alta,PV
2022,20,157,Oaxaca,San Jacinto Amilpas,OI
2022,20,157,Oaxaca,San Jacinto Amilpas,PV
2022,20,158,Oaxaca,San Jacinto Tlacotepec,OI
2022,20,158,Oaxaca,San Jacinto Tlacotepec,PV
2022,20,159,Oaxaca,San Jerónimo Coatlán,PV
2022,20,160,Oaxaca,San Jerónimo Silacayoapilla,PV
2022,20,161,Oaxaca,San Jerónimo Sosola,PV
2022,20,162,Oaxaca,San Jerónimo Taviche,PV
2022,20,163,Oaxaca,San Jerónimo Tecóatl,PV
2022,20,164,Oaxaca,San Jorge Nuchita,OI
2022,20,164,Oaxaca,San Jorge Nuchita,PV
2022,20,165,Oaxaca,San José Ayuquila,PV
2022,20,166,Oaxaca,San José Chiltepec,OI
2022,20,166,Oaxaca,San José Chiltepec,PV
2022,20,167,Oaxaca,San José del Peñasco,OI
2022,20,167,Oaxaca,San José del Peñasco,PV
2022,20,168,Oaxaca,San José Estancia Grande,PV
2022,20,169,Oaxaca,San José Independencia,OI
2022,20,169,Oaxaca,San José Independencia,PV
2022,20,170,Oaxaca,San José Lachiguiri,PV
2022,20,171,Oaxaca,San José Tenango,OI
2022,20,171,Oaxaca,San José Tenango,PV
2022,20,172,Oaxaca,San Juan Achiutla,PV
2022,20,174,Oaxaca,Ánimas Trujano,OI
2022,20,174,Oaxaca,Ánimas Trujano,PV
2022,20,175,Oaxaca,San Juan Bautista Atatlahuca,OI
2022,20,175,Oaxaca,San Juan Bautista Atatlahuca,PV
2022,20,176,Oaxaca,San Juan Bautista Coixtlahuaca,PV
2022,20,177,Oaxaca,San Juan Bautista Cuicatlán,OI
2022,20,177,Oaxaca,San Juan Bautista Cuicatlán,PV
2022,20,178,Oaxaca,San Juan Bautista Guelache,OI
2022,20,178,Oaxaca,San Juan Bautista Guelache,PV
2022,20,179,Oaxaca,San Juan Bautista Jayacatlán,OI
2022,20,179,Oaxaca,San Juan Bautista Jayacatlán,PV
2022,20,180,Oaxaca,San Juan Bautista Lo de Soto,OI
2022,20,180,Oaxaca,San Juan Bautista Lo de Soto,PV
2022,20,181,Oaxaca,San Juan Bautista Suchitepec,OI
2022,20,181,Oaxaca,San Juan Bautista Suchitepec,PV
2022,20,182,Oaxaca,San Juan Bautista Tlacoatzintepec,PV
2022,20,183,Oaxaca,San Juan Bautista Tlachichilco,OI
2022,20,183,Oaxaca,San Juan Bautista Tlachichilco,PV
2022,20,185,Oaxaca,San Juan Cacahuatepec,OI
2022,20,185,Oaxaca,San Juan Cacahuatepec,PV
2022,20,187,Oaxaca,San Juan Coatzóspam,PV
2022,20,188,Oaxaca,San Juan Colorado,OI
2022,20,188,Oaxaca,San Juan Colorado,PV
2022,20,189,Oaxaca,San Juan Comaltepec,OI
2022,20,189,Oaxaca,San Juan Comaltepec,PV
2022,20,190,Oaxaca,San Juan Cotzocón,OI
2022,20,190,Oaxaca,San Juan Cotzocón,PV
2022,20,191,Oaxaca,San Juan Chicomezúchil,OI
2022,20,191,Oaxaca,San Juan Chicomezúchil,PV
2022,20,192,Oaxaca,San Juan Chilateca,OI
2022,20,192,Oaxaca,San Juan Chilateca,PV
2022,20,193,Oaxaca,San Juan del Estado,OI
2022,20,193,Oaxaca,San Juan del Estado,PV
2022,20,194,Oaxaca,San Juan del Río,OI
2022,20,194,Oaxaca,San Juan del Río,PV
2022,20,195,Oaxaca,San Juan Diuxi,PV
2022,20,196,Oaxaca,San Juan Evangelista Analco,PV
2022,20,197,Oaxaca,San Juan Guelavía,OI
2022,20,197,Oaxaca,San Juan Guelavía,PV
2022,20,198,Oaxaca,San Juan Guichicovi,OI
2022,20,198,Oaxaca,San Juan Guichicovi,PV
2022,20,199,Oaxaca,San Juan Ihualtepec,PV
2022,20,200,Oaxaca,San Juan Juquila Mixes,OI
2022,20,200,Oaxaca,San Juan Juquila Mixes,PV
2022,20,201,Oaxaca,San Juan Juquila Vijanos,OI
2022,20,201,Oaxaca,San Juan Juquila Vijanos,PV
2022,20,202,Oaxaca,San Juan Lachao,OI
2022,20,202,Oaxaca,San Juan Lachao,PV
2022,20,203,Oaxaca,San Juan Lachigalla,PV
2022,20,204,Oaxaca,San Juan Lajarcia,PV
2022,20,205,Oaxaca,San Juan Lalana,OI
2022,20,205,Oaxaca,San Juan Lalana,PV
2022,20,206,Oaxaca,San Juan de Los Cués,OI
2022,20,206,Oaxaca,San Juan de Los Cués,PV
2022,20,207,Oaxaca,San Juan Mazatlán,OI
2022,20,207,Oaxaca,San Juan Mazatlán,PV
2022,20,208,Oaxaca,San Juan Mixtepec,OI
2022,20,208,Oaxaca,San Juan Mixtepec,PV
2022,20,209,Oaxaca,San Juan Mixtepec,PV
2022,20,210,Oaxaca,San Juan Ñumí,OI
2022,20,210,Oaxaca,San Juan Ñumí,PV
2022,20,211,Oaxaca,San Juan Ozolotepec,PV
2022,20,212,Oaxaca,San Juan Petlapa,OI
2022,20,212,Oaxaca,San Juan Petlapa,PV
2022,20,213,Oaxaca,San Juan Quiahije,PV
2022,20,214,Oaxaca,San Juan Quiotepec,OI
2022,20,214,Oaxaca,San Juan Quiotepec,PV
2022,20,215,Oaxaca,San Juan Sayultepec,PV
2022,20,216,Oaxaca,San Juan Tabaá,OI
2022,20,216,Oaxaca,San Juan Tabaá,PV
2022,20,217,Oaxaca,San Juan Tamazola,PV
2022,20,218,Oaxaca,San Juan Teita,OI
2022,20,218,Oaxaca,San Juan Teita,PV
2022,20,219,Oaxaca,San Juan Teitipac,OI
2022,20,219,Oaxaca,San Juan Teitipac,PV
2022,20,220,Oaxaca,San Juan Tepeuxila,OI
2022,20,220,Oaxaca,San Juan Tepeuxila,PV
2022,20,222,Oaxaca,San Juan Yaeé,OI
2022,20,222,Oaxaca,San Juan Yaeé,PV
2022,20,223,Oaxaca,San Juan Yatzona,OI
2022,20,223,Oaxaca,San Juan Yatzona,PV
2022,20,224,Oaxaca,San Juan Yucuita,PV
2022,20,225,Oaxaca,San Lorenzo,OI
2022,20,225,Oaxaca,San Lorenzo,PV
2022,20,226,Oaxaca,San Lorenzo Albarradas,OI
2022,20,226,Oaxaca,San Lorenzo Albarradas,PV
2022,20,227,Oaxaca,San Lorenzo Cacaotepec,OI
2022,20,227,Oaxaca,San Lorenzo Cacaotepec,PV
2022,20,229,Oaxaca,San Lorenzo Texmelúcan,OI
2022,20,229,Oaxaca,San Lorenzo Texmelúcan,PV
2022,20,230,Oaxaca,San Lorenzo Victoria,OI
2022,20,230,Oaxaca,San Lorenzo Victoria,PV
2022,20,231,Oaxaca,San Lucas Camotlán,OI
2022,20,231,Oaxaca,San Lucas Camotlán,PV
2022,20,233,Oaxaca,San Lucas Quiaviní,OI
2022,20,233,Oaxaca,San Lucas Quiaviní,PV
2022,20,234,Oaxaca,San Lucas Zoquiápam,PV
2022,20,235,Oaxaca,San Luis Amatlán,OI
2022,20,235,Oaxaca,San Luis Amatlán,PV
2022,20,236,Oaxaca,San Marcial Ozolotepec,PV
2022,20,238,Oaxaca,San Martín de Los Cansecos,PV
2022,20,239,Oaxaca,San Martín Huamelúlpam,PV
2022,20,241,Oaxaca,San Martín Lachilá,OI
2022,20,241,Oaxaca,San Martín Lachilá,PV
2022,20,242,Oaxaca,San Martín Peras,PV
2022,20,243,Oaxaca,San Martín Tilcajete,PV
2022,20,244,Oaxaca,San Martín Toxpalan,OI
2022,20,244,Oaxaca,San Martín Toxpalan,PV
2022,20,245,Oaxaca,San Martín Zacatepec,OI
2022,20,245,Oaxaca,San Martín Zacatepec,PV
2022,20,246,Oaxaca,San Mateo Cajonos,PV
2022,20,247,Oaxaca,Capulálpam de Méndez,OI
2022,20,247,Oaxaca,Capulálpam de Méndez,PV
2022,20,248,Oaxaca,San Mateo del Mar,OI
2022,20,248,Oaxaca,San Mateo del Mar,PV
2022,20,249,Oaxaca,San Mateo Yoloxochitlán,OI
2022,20,249,Oaxaca,San Mateo Yoloxochitlán,PV
2022,20,251,Oaxaca,San Mateo Nejápam,OI
2022,20,251,Oaxaca,San Mateo Nejápam,PV
2022,20,252,Oaxaca,San Mateo Peñasco,OI
2022,20,252,Oaxaca,San Mateo Peñasco,PV
2022,20,253,Oaxaca,San Mateo Piñas,PV
2022,20,254,Oaxaca,San Mateo Río Hondo,PV
2022,20,255,Oaxaca,San Mateo Sindihui,OI
2022,20,255,Oaxaca,San Mateo Sindihui,PV
2022,20,256,Oaxaca,San Mateo Tlapiltepec,PV
2022,20,257,Oaxaca,San Melchor Betaza,OI
2022,20,257,Oaxaca,San Melchor Betaza,PV
2022,20,258,Oaxaca,San Miguel Achiutla,PV
2022,20,259,Oaxaca,San Miguel Ahuehuetitlán,OI
2022,20,259,Oaxaca,San Miguel Ahuehuetitlán,PV
2022,20,260,Oaxaca,San Miguel Aloápam,PV
2022,20,261,Oaxaca,San Miguel Amatitlán,PV
2022,20,263,Oaxaca,San Miguel Coatlán,OI
2022,20,263,Oaxaca,San Miguel Coatlán,PV
2022,20,264,Oaxaca,San Miguel Chicahua,PV
2022,20,265,Oaxaca,San Miguel Chimalapa,OI
2022,20,265,Oaxaca,San Miguel Chimalapa,PV
2022,20,266,Oaxaca,San Miguel del Puerto,OI
2022,20,266,Oaxaca,San Miguel del Puerto,PV
2022,20,267,Oaxaca,San Miguel del Río,PV
2022,20,268,Oaxaca,San Miguel Ejutla,OI
2022,20,268,Oaxaca,San Miguel Ejutla,PV
2022,20,269,Oaxaca,San Miguel El Grande,PV
2022,20,270,Oaxaca,San Miguel Huautla,PV
2022,20,271,Oaxaca,San Miguel Mixtepec,OI
2022,20,271,Oaxaca,San Miguel Mixtepec,PV
2022,20,272,Oaxaca,San Miguel Panixtlahuaca,OI
2022,20,272,Oaxaca,San Miguel Panixtlahuaca,PV
2022,20,273,Oaxaca,San Miguel Peras,OI
2022,20,273,Oaxaca,San Miguel Peras,PV
2022,20,274,Oaxaca,San Miguel Piedras,PV
2022,20,275,Oaxaca,San Miguel Quetzaltepec,OI
2022,20,275,Oaxaca,San Miguel Quetzaltepec,PV
2022,20,276,Oaxaca,San Miguel Santa Flor,PV
2022,20,277,Oaxaca,Villa Sola de Vega,OI
2022,20,277,Oaxaca,Villa Sola de Vega,PV
2022,20,279,Oaxaca,San Miguel Suchixtepec,PV
2022,20,280,Oaxaca,Villa Talea de Castro,OI
2022,20,280,Oaxaca,Villa Talea de Castro,PV
2022,20,281,Oaxaca,San Miguel Tecomatlán,PV
2022,20,282,Oaxaca,San Miguel Tenango,PV
2022,20,283,Oaxaca,San Miguel Tequixtepec,PV
2022,20,284,Oaxaca,San Miguel Tilquiápam,OI
2022,20,284,Oaxaca,San Miguel Tilquiápam,PV
2022,20,285,Oaxaca,San Miguel Tlacamama,OI
2022,20,285,Oaxaca,San Miguel Tlacamama,PV
2022,20,287,Oaxaca,San Miguel Tulancingo,PV
2022,20,288,Oaxaca,San Miguel Yotao,PV
2022,20,289,Oaxaca,San Nicolás,OI
2022,20,289,Oaxaca,San Nicolás,PV
2022,20,290,Oaxaca,San Nicolás Hidalgo,OI
2022,20,290,Oaxaca,San Nicolás Hidalgo,PV
2022,20,291,Oaxaca,San Pablo Coatlán,OI
2022,20,291,Oaxaca,San Pablo Coatlán,PV
2022,20,292,Oaxaca,San Pablo Cuatro Venados,PV
2022,20,293,Oaxaca,San Pablo Etla,OI
2022,20,293,Oaxaca,San Pablo Etla,PV
2022,20,294,Oaxaca,San Pablo Huitzo,OI
2022,20,294,Oaxaca,San Pablo Huitzo,PV
2022,20,295,Oaxaca,San Pablo Huixtepec,OI
2022,20,295,Oaxaca,San Pablo Huixtepec,PV
2022,20,296,Oaxaca,San Pablo Macuiltianguis,PV
2022,20,297,Oaxaca,San Pablo Tijaltepec,PV
2022,20,298,Oaxaca,San Pablo Villa de Mitla,PV
2022,20,299,Oaxaca,San Pablo Yaganiza,OI
2022,20,299,Oaxaca,San Pablo Yaganiza,PV
2022,20,300,Oaxaca,San Pedro Amuzgos,OI
2022,20,300,Oaxaca,San Pedro Amuzgos,PV
2022,20,301,Oaxaca,San Pedro Apóstol,OI
2022,20,301,Oaxaca,San Pedro Apóstol,PV
2022,20,302,Oaxaca,San Pedro Atoyac,OI
2022,20,302,Oaxaca,San Pedro Atoyac,PV
2022,20,303,Oaxaca,San Pedro Cajonos,PV
2022,20,304,Oaxaca,San Pedro Coxcaltepec Cántaros,PV
2022,20,305,Oaxaca,San Pedro Comitancillo,OI
2022,20,305,Oaxaca,San Pedro Comitancillo,PV
2022,20,306,Oaxaca,San Pedro El Alto,PV
2022,20,308,Oaxaca,San Pedro Huilotepec,OI
2022,20,308,Oaxaca,San Pedro Huilotepec,PV
2022,20,309,Oaxaca,San Pedro Ixcatlán,OI
2022,20,309,Oaxaca,San Pedro Ixcatlán,PV
2022,20,310,Oaxaca,San Pedro Ixtlahuaca,OI
2022,20,310,Oaxaca,San Pedro Ixtlahuaca,PV
2022,20,311,Oaxaca,San Pedro Jaltepetongo,PV
2022,20,312,Oaxaca,San Pedro Jicayán,OI
2022,20,312,Oaxaca,San Pedro Jicayán,PV
2022,20,313,Oaxaca,San Pedro Jocotipac,PV
2022,20,314,Oaxaca,San Pedro Juchatengo,OI
2022,20,314,Oaxaca,San Pedro Juchatengo,PV
2022,20,315,Oaxaca,San Pedro Mártir,OI
2022,20,315,Oaxaca,San Pedro Mártir,PV
2022,20,316,Oaxaca,San Pedro Mártir Quiechapa,OI
2022,20,316,Oaxaca,San Pedro Mártir Quiechapa,PV
2022,20,317,Oaxaca,San Pedro Mártir Yucuxaco,PV
2022,20,319,Oaxaca,San Pedro Mixtepec,PV
2022,20,320,Oaxaca,San Pedro Molinos,PV
2022,20,321,Oaxaca,San Pedro Nopala,PV
2022,20,322,Oaxaca,San Pedro Ocopetatillo,PV
2022,20,323,Oaxaca,San Pedro Ocotepec,OI
2022,20,323,Oaxaca,San Pedro Ocotepec,PV
2022,20,325,Oaxaca,San Pedro Quiatoni,PV
2022,20,326,Oaxaca,San Pedro Sochiápam,OI
2022,20,326,Oaxaca,San Pedro Sochiápam,PV
2022,20,328,Oaxaca,San Pedro Taviche,OI
2022,20,328,Oaxaca,San Pedro Taviche,PV
2022,20,329,Oaxaca,San Pedro Teozacoalco,OI
2022,20,329,Oaxaca,San Pedro Teozacoalco,PV
2022,20,330,Oaxaca,San Pedro Teutila,PV
2022,20,331,Oaxaca,San Pedro Tidaá,PV
2022,20,332,Oaxaca,San Pedro Topiltepec,PV
2022,20,333,Oaxaca,San Pedro Totolápam,OI
2022,20,333,Oaxaca,San Pedro Totolápam,PV
2022,20,335,Oaxaca,San Pedro Yaneri,OI
2022,20,335,Oaxaca,San Pedro Yaneri,PV
2022,20,336,Oaxaca,San Pedro Yólox,OI
2022,20,336,Oaxaca,San Pedro Yólox,PV
2022,20,338,Oaxaca,Villa de Etla,OI
2022,20,338,Oaxaca,Villa de Etla,PV
2022,20,340,Oaxaca,San Pedro Y San Pablo Tequixtepec,OI
2022,20,340,Oaxaca,San Pedro Y San Pablo Tequixtepec,PV
2022,20,341,Oaxaca,San Pedro Yucunama,PV
2022,20,342,Oaxaca,San Raymundo Jalpan,OI
2022,20,342,Oaxaca,San Raymundo Jalpan,PV
2022,20,343,Oaxaca,San Sebastián Abasolo,OI
2022,20,343,Oaxaca,San Sebastián Abasolo,PV
2022,20,344,Oaxaca,San Sebastián Coatlán,PV
2022,20,345,Oaxaca,San Sebastián Ixcapa,OI
2022,20,345,Oaxaca,San Sebastián Ixcapa,PV
2022,20,346,Oaxaca,San Sebastián Nicananduta,PV
2022,20,347,Oaxaca,San Sebastián Río Hondo,PV
2022,20,348,Oaxaca,San Sebastián Tecomaxtlahuaca,OI
2022,20,348,Oaxaca,San Sebastián Tecomaxtlahuaca,PV
2022,20,349,Oaxaca,San Sebastián Teitipac,OI
2022,20,349,Oaxaca,San Sebastián Teitipac,PV
2022,20,350,Oaxaca,San Sebastián Tutla,PV
2022,20,351,Oaxaca,San Simón Almolongas,PV
2022,20,352,Oaxaca,San Simón Zahuatlán,PV
2022,20,353,Oaxaca,Santa Ana,OI
2022,20,353,Oaxaca,Santa Ana,PV
2022,20,355,Oaxaca,Santa Ana Cuauhtémoc,PV
2022,20,356,Oaxaca,Santa Ana del Valle,PV
2022,20,358,Oaxaca,Santa Ana Tlapacoyan,OI
2022,20,358,Oaxaca,Santa Ana Tlapacoyan,PV
2022,20,359,Oaxaca,Santa Ana Yareni,PV
2022,20,360,Oaxaca,Santa Ana Zegache,OI
2022,20,360,Oaxaca,Santa Ana Zegache,PV
2022,20,361,Oaxaca,Santa Catalina Quierí,PV
2022,20,362,Oaxaca,Santa Catarina Cuixtla,PV
2022,20,364,Oaxaca,Santa Catarina Juquila,OI
2022,20,364,Oaxaca,Santa Catarina Juquila,PV
2022,20,365,Oaxaca,Santa Catarina Lachatao,OI
2022,20,365,Oaxaca,Santa Catarina Lachatao,PV
2022,20,366,Oaxaca,Santa Catarina Loxicha,PV
2022,20,367,Oaxaca,Santa Catarina Mechoacán,OI
2022,20,367,Oaxaca,Santa Catarina Mechoacán,PV
2022,20,368,Oaxaca,Santa Catarina Minas,OI
2022,20,368,Oaxaca,Santa Catarina Minas,PV
2022,20,369,Oaxaca,Santa Catarina Quiané,OI
2022,20,369,Oaxaca,Santa Catarina Quiané,PV
2022,20,370,Oaxaca,Santa Catarina Tayata,PV
2022,20,371,Oaxaca,Santa Catarina Ticuá,PV
2022,20,372,Oaxaca,Santa Catarina Yosonotú,PV
2022,20,373,Oaxaca,Santa Catarina Zapoquila,OI
2022,20,373,Oaxaca,Santa Catarina Zapoquila,PV
2022,20,374,Oaxaca,Santa Cruz Acatepec,OI
2022,20,374,Oaxaca,Santa Cruz Acatepec,PV
2022,20,375,Oaxaca,Santa Cruz Amilpas,PV
2022,20,376,Oaxaca,Santa Cruz de Bravo,PV
2022,20,377,Oaxaca,Santa Cruz Itundujia,OI
2022,20,377,Oaxaca,Santa Cruz Itundujia,PV
2022,20,378,Oaxaca,Santa Cruz Mixtepec,OI
2022,20,378,Oaxaca,Santa Cruz Mixtepec,PV
2022,20,379,Oaxaca,Santa Cruz Nundaco,PV
2022,20,380,Oaxaca,Santa Cruz Papalutla,PV
2022,20,381,Oaxaca,Santa Cruz Tacache de Mina,OI
2022,20,381,Oaxaca,Santa Cruz Tacache de Mina,PV
2022,20,382,Oaxaca,Santa Cruz Tacahua,PV
2022,20,383,Oaxaca,Santa Cruz Tayata,PV
2022,20,384,Oaxaca,Santa Cruz Xitla,PV
2022,20,386,Oaxaca,Santa Cruz Zenzontepec,OI
2022,20,386,Oaxaca,Santa Cruz Zenzontepec,PV
2022,20,387,Oaxaca,Santa Gertrudis,OI
2022,20,387,Oaxaca,Santa Gertrudis,PV
2022,20,388,Oaxaca,Santa Inés del Monte,OI
2022,20,388,Oaxaca,Santa Inés del Monte,PV
2022,20,389,Oaxaca,Santa Inés Yatzeche,OI
2022,20,389,Oaxaca,Santa Inés Yatzeche,PV
2022,20,390,Oaxaca,Santa Lucía del Camino,PV
2022,20,391,Oaxaca,Santa Lucía Miahuatlán,PV
2022,20,392,Oaxaca,Santa Lucía Monteverde,PV
2022,20,393,Oaxaca,Santa Lucía Ocotlán,OI
2022,20,393,Oaxaca,Santa Lucía Ocotlán,PV
2022,20,394,Oaxaca,Santa María Alotepec,OI
2022,20,394,Oaxaca,Santa María Alotepec,PV
2022,20,395,Oaxaca,Santa María Apazco,PV
2022,20,396,Oaxaca,Santa María La Asunción,PV
2022,20,398,Oaxaca,Ayoquezco de Aldama,OI
2022,20,398,Oaxaca,Ayoquezco de Aldama,PV
2022,20,399,Oaxaca,Santa María Atzompa,OI
2022,20,399,Oaxaca,Santa María Atzompa,PV
2022,20,400,Oaxaca,Santa María Camotlán,OI
2022,20,400,Oaxaca,Santa María Camotlán,PV
2022,20,401,Oaxaca,Santa María Colotepec,OI
2022,20,401,Oaxaca,Santa María Colotepec,PV
2022,20,402,Oaxaca,Santa María Cortijo,OI
2022,20,402,Oaxaca,Santa María Cortijo,PV
2022,20,403,Oaxaca,Santa María Coyotepec,OI
2022,20,403,Oaxaca,Santa María Coyotepec,PV
2022,20,404,Oaxaca,Santa María Chachoápam,PV
2022,20,406,Oaxaca,Santa María Chilchotla,OI
2022,20,406,Oaxaca,Santa María Chilchotla,PV
2022,20,407,Oaxaca,Santa María Chimalapa,OI
2022,20,407,Oaxaca,Santa María Chimalapa,PV
2022,20,408,Oaxaca,Santa María del Rosario,PV
2022,20,409,Oaxaca,Santa María del Tule,OI
2022,20,409,Oaxaca,Santa María del Tule,PV
2022,20,410,Oaxaca,Santa María Ecatepec,PV
2022,20,411,Oaxaca,Santa María Guelacé,OI
2022,20,411,Oaxaca,Santa María Guelacé,PV
2022,20,412,Oaxaca,Santa María Guienagati,OI
2022,20,412,Oaxaca,Santa María Guienagati,PV
2022,20,414,Oaxaca,Santa María Huazolotitlán,OI
2022,20,414,Oaxaca,Santa María Huazolotitlán,PV
2022,20,415,Oaxaca,Santa María Ipalapa,OI
2022,20,415,Oaxaca,Santa María Ipalapa,PV
2022,20,416,Oaxaca,Santa María Ixcatlán,PV
2022,20,419,Oaxaca,Santa María Jaltianguis,PV
2022,20,420,Oaxaca,Santa María Lachixío,PV
2022,20,422,Oaxaca,Santa María Nativitas,PV
2022,20,423,Oaxaca,Santa María Nduayaco,PV
2022,20,424,Oaxaca,Santa María Ozolotepec,PV
2022,20,425,Oaxaca,Santa María Pápalo,PV
2022,20,426,Oaxaca,Santa María Peñoles,OI
2022,20,426,Oaxaca,Santa María Peñoles,PV
2022,20,427,Oaxaca,Santa María Petapa,OI
2022,20,427,Oaxaca,Santa María Petapa,PV
2022,20,428,Oaxaca,Santa María Quiegolani,PV
2022,20,429,Oaxaca,Santa María Sola,OI
2022,20,429,Oaxaca,Santa María Sola,PV
2022,20,430,Oaxaca,Santa María Tataltepec,PV
2022,20,431,Oaxaca,Santa María Tecomavaca,OI
2022,20,431,Oaxaca,Santa María Tecomavaca,PV
2022,20,432,Oaxaca,Santa María Temaxcalapa,OI
2022,20,432,Oaxaca,Santa María Temaxcalapa,PV
2022,20,433,Oaxaca,Santa María Temaxcaltepec,OI
2022,20,433,Oaxaca,Santa María Temaxcaltepec,PV
2022,20,434,Oaxaca,Santa María Teopoxco,PV
2022,20,435,Oaxaca,Santa María Tepantlali,PV
2022,20,436,Oaxaca,Santa María Texcatitlán,OI
2022,20,436,Oaxaca,Santa María Texcatitlán,PV
2022,20,437,Oaxaca,Santa María Tlahuitoltepec,PV
2022,20,438,Oaxaca,Santa María Tlalixtac,PV
2022,20,440,Oaxaca,Santa María Totolapilla,PV
2022,20,441,Oaxaca,Santa María Xadani,OI
2022,20,441,Oaxaca,Santa María Xadani,PV
2022,20,442,Oaxaca,Santa María Yalina,PV
2022,20,443,Oaxaca,Santa María Yavesía,PV
2022,20,444,Oaxaca,Santa María Yolotepec,PV
2022,20,445,Oaxaca,Santa María Yosoyúa,OI
2022,20,445,Oaxaca,Santa María Yosoyúa,PV
2022,20,446,Oaxaca,Santa María Yucuhiti,OI
2022,20,446,Oaxaca,Santa María Yucuhiti,PV
2022,20,447,Oaxaca,Santa María Zacatepec,OI
2022,20,447,Oaxaca,Santa María Zacatepec,PV
2022,20,448,Oaxaca,Santa María Zaniza,OI
2022,20,448,Oaxaca,Santa María Zaniza,PV
2022,20,449,Oaxaca,Santa María Zoquitlán,OI
2022,20,449,Oaxaca,Santa María Zoquitlán,PV
2022,20,450,Oaxaca,Santiago Amoltepec,PV
2022,20,451,Oaxaca,Santiago Apoala,OI
2022,20,451,Oaxaca,Santiago Apoala,PV
2022,20,452,Oaxaca,Santiago Apóstol,OI
2022,20,452,Oaxaca,Santiago Apóstol,PV
2022,20,453,Oaxaca,Santiago Astata,OI
2022,20,453,Oaxaca,Santiago Astata,PV
2022,20,454,Oaxaca,Santiago Atitlán,OI
2022,20,454,Oaxaca,Santiago Atitlán,PV
2022,20,455,Oaxaca,Santiago Ayuquililla,PV
2022,20,456,Oaxaca,Santiago Cacaloxtepec,PV
2022,20,457,Oaxaca,Santiago Camotlán,OI
2022,20,457,Oaxaca,Santiago Camotlán,PV
2022,20,458,Oaxaca,Santiago Comaltepec,OI
2022,20,458,Oaxaca,Santiago Comaltepec,PV
2022,20,460,Oaxaca,Santiago Choápam,OI
2022,20,460,Oaxaca,Santiago Choápam,PV
2022,20,461,Oaxaca,Santiago del Río,OI
2022,20,461,Oaxaca,Santiago del Río,PV
2022,20,462,Oaxaca,Santiago Huajolotitlán,OI
2022,20,462,Oaxaca,Santiago Huajolotitlán,PV
2022,20,463,Oaxaca,Santiago Huauclilla,OI
2022,20,463,Oaxaca,Santiago Huauclilla,PV
2022,20,464,Oaxaca,Santiago Ihuitlán Plumas,PV
2022,20,465,Oaxaca,Santiago Ixcuintepec,OI
2022,20,465,Oaxaca,Santiago Ixcuintepec,PV
2022,20,466,Oaxaca,Santiago Ixtayutla,OI
2022,20,466,Oaxaca,Santiago Ixtayutla,PV
2022,20,467,Oaxaca,Santiago Jamiltepec,OI
2022,20,467,Oaxaca,Santiago Jamiltepec,PV
2022,20,469,Oaxaca,Santiago Juxtlahuaca,OI
2022,20,469,Oaxaca,Santiago Juxtlahuaca,PV
2022,20,470,Oaxaca,Santiago Lachiguiri,OI
2022,20,470,Oaxaca,Santiago Lachiguiri,PV
2022,20,471,Oaxaca,Santiago Lalopa,OI
2022,20,471,Oaxaca,Santiago Lalopa,PV
2022,20,473,Oaxaca,Santiago Laxopa,PV
2022,20,474,Oaxaca,Santiago Llano Grande,OI
2022,20,474,Oaxaca,Santiago Llano Grande,PV
2022,20,475,Oaxaca,Santiago Matatlán,PV
2022,20,476,Oaxaca,Santiago Miltepec,OI
2022,20,476,Oaxaca,Santiago Miltepec,PV
2022,20,477,Oaxaca,Santiago Minas,OI
2022,20,477,Oaxaca,Santiago Minas,PV
2022,20,478,Oaxaca,Santiago Nacaltepec,PV
2022,20,479,Oaxaca,Santiago Nejapilla,PV
2022,20,480,Oaxaca,Santiago Nundiche,PV
2022,20,481,Oaxaca,Santiago Nuyoó,OI
2022,20,481,Oaxaca,Santiago Nuyoó,PV
2022,20,482,Oaxaca,Santiago Pinotepa Nacional,OI
2022,20,482,Oaxaca,Santiago Pinotepa Nacional,PV
2022,20,483,Oaxaca,Santiago Suchilquitongo,OI
2022,20,483,Oaxaca,Santiago Suchilquitongo,PV
2022,20,484,Oaxaca,Santiago Tamazola,OI
2022,20,484,Oaxaca,Santiago Tamazola,PV
2022,20,485,Oaxaca,Santiago Tapextla,OI
2022,20,485,Oaxaca,Santiago Tapextla,PV
2022,20,486,Oaxaca,Villa Tejúpam de La Unión,PV
2022,20,487,Oaxaca,Santiago Tenango,PV
2022,20,488,Oaxaca,Santiago Tepetlapa,PV
2022,20,489,Oaxaca,Santiago Tetepec,OI
2022,20,489,Oaxaca,Santiago Tetepec,PV
2022,20,490,Oaxaca,Santiago Texcalcingo,PV
2022,20,491,Oaxaca,Santiago Textitlán,OI
2022,20,491,Oaxaca,Santiago Textitlán,PV
2022,20,492,Oaxaca,Santiago Tilantongo,PV
2022,20,493,Oaxaca,Santiago Tillo,PV
2022,20,494,Oaxaca,Santiago Tlazoyaltepec,OI
2022,20,494,Oaxaca,Santiago Tlazoyaltepec,PV
2022,20,495,Oaxaca,Santiago Xanica,PV
2022,20,496,Oaxaca,Santiago Xiacuí,OI
2022,20,496,Oaxaca,Santiago Xiacuí,PV
2022,20,497,Oaxaca,Santiago Yaitepec,PV
2022,20,499,Oaxaca,Santiago Yolomécatl,PV
2022,20,500,Oaxaca,Santiago Yosondúa,OI
2022,20,500,Oaxaca,Santiago Yosondúa,PV
2022,20,501,Oaxaca,Santiago Yucuyachi,PV
2022,20,503,Oaxaca,Santiago Zoochila,OI
2022,20,503,Oaxaca,Santiago Zoochila,PV
2022,20,504,Oaxaca,Nuevo Zoquiápam,OI
2022,20,504,Oaxaca,Nuevo Zoquiápam,PV
2022,20,505,Oaxaca,Santo Domingo Ingenio,OI
2022,20,505,Oaxaca,Santo Domingo Ingenio,PV
2022,20,506,Oaxaca,Santo Domingo Albarradas,OI
2022,20,506,Oaxaca,Santo Domingo Albarradas,PV
2022,20,507,Oaxaca,Santo Domingo Armenta,PV
2022,20,508,Oaxaca,Santo Domingo Chihuitán,OI
2022,20,508,Oaxaca,Santo Domingo Chihuitán,PV
2022,20,509,Oaxaca,Santo Domingo de Morelos,OI
2022,20,509,Oaxaca,Santo Domingo de Morelos,PV
2022,20,510,Oaxaca,Santo Domingo Ixcatlán,PV
2022,20,511,Oaxaca,Santo Domingo Nuxaá,PV
2022,20,512,Oaxaca,Santo Domingo Ozolotepec,PV
2022,20,513,Oaxaca,Santo Domingo Petapa,OI
2022,20,513,Oaxaca,Santo Domingo Petapa,PV
2022,20,514,Oaxaca,Santo Domingo Roayaga,OI
2022,20,514,Oaxaca,Santo Domingo Roayaga,PV
2022,20,516,Oaxaca,Santo Domingo Teojomulco,OI
2022,20,516,Oaxaca,Santo Domingo Teojomulco,PV
2022,20,517,Oaxaca,Santo Domingo Tepuxtepec,PV
2022,20,518,Oaxaca,Santo Domingo Tlatayápam,PV
2022,20,519,Oaxaca,Santo Domingo Tomaltepec,OI
2022,20,519,Oaxaca,Santo Domingo Tomaltepec,PV
2022,20,520,Oaxaca,Santo Domingo Tonalá,OI
2022,20,520,Oaxaca,Santo Domingo Tonalá,PV
2022,20,521,Oaxaca,Santo Domingo Tonaltepec,PV
2022,20,522,Oaxaca,Santo Domingo Xagacía,OI
2022,20,522,Oaxaca,Santo Domingo Xagacía,PV
2022,20,523,Oaxaca,Santo Domingo Yanhuitlán,PV
2022,20,524,Oaxaca,Santo Domingo Yodohino,OI
2022,20,524,Oaxaca,Santo Domingo Yodohino,PV
2022,20,526,Oaxaca,Santos Reyes Nopala,OI
2022,20,526,Oaxaca,Santos Reyes Nopala,PV
2022,20,527,Oaxaca,Santos Reyes Pápalo,OI
2022,20,527,Oaxaca,Santos Reyes Pápalo,PV
2022,20,528,Oaxaca,Santos Reyes Tepejillo,OI
2022,20,528,Oaxaca,Santos Reyes Tepejillo,PV
2022,20,529,Oaxaca,Santos Reyes Yucuná,PV
2022,20,530,Oaxaca,Santo Tomás Jalieza,OI
2022,20,530,Oaxaca,Santo Tomás Jalieza,PV
2022,20,531,Oaxaca,Santo Tomás Mazaltepec,OI
2022,20,531,Oaxaca,Santo Tomás Mazaltepec,PV
2022,20,532,Oaxaca,Santo Tomás Ocotepec,PV
2022,20,533,Oaxaca,Santo Tomás Tamazulapan,OI
2022,20,533,Oaxaca,Santo Tomás Tamazulapan,PV
2022,20,534,Oaxaca,San Vicente Coatlán,PV
2022,20,535,Oaxaca,San Vicente Lachixío,PV
2022,20,536,Oaxaca,San Vicente Nuñú,PV
2022,20,538,Oaxaca,Sitio de Xitlapehua,PV
2022,20,539,Oaxaca,Soledad Etla,OI
2022,20,539,Oaxaca,Soledad Etla,PV
2022,20,540,Oaxaca,Villa de Tamazulápam del Progreso,OI
2022,20,540,Oaxaca,Villa de Tamazulápam del Progreso,PV
2022,20,541,Oaxaca,Tanetze de Zaragoza,OI
2022,20,541,Oaxaca,Tanetze de Zaragoza,PV
2022,20,542,Oaxaca,Taniche,OI
2022,20,542,Oaxaca,Taniche,PV
2022,20,543,Oaxaca,Tataltepec de Valdés,OI
2022,20,543,Oaxaca,Tataltepec de Valdés,PV
2022,20,544,Oaxaca,Teococuilco de Marcos Pérez,PV
2022,20,545,Oaxaca,Teotitlán de Flores Magón,OI
2022,20,545,Oaxaca,Teotitlán de Flores Magón,PV
2022,20,546,Oaxaca,Teotitlán del Valle,OI
2022,20,546,Oaxaca,Teotitlán del Valle,PV
2022,20,548,Oaxaca,Tepelmeme Villa de Morelos,PV
2022,20,550,Oaxaca,San Jerónimo Tlacochahuaya,OI
2022,20,550,Oaxaca,San Jerónimo Tlacochahuaya,PV
2022,20,551,Oaxaca,Tlacolula de Matamoros,OI
2022,20,551,Oaxaca,Tlacolula de Matamoros,PV
2022,20,552,Oaxaca,Tlacotepec Plumas,PV
2022,20,553,Oaxaca,Tlalixtac de Cabrera,OI
2022,20,553,Oaxaca,Tlalixtac de Cabrera,PV
2022,20,554,Oaxaca,Totontepec Villa de Morelos,OI
2022,20,554,Oaxaca,Totontepec Villa de Morelos,PV
2022,20,555,Oaxaca,Trinidad Zaachila,OI
2022,20,555,Oaxaca,Trinidad Zaachila,PV
2022,20,556,Oaxaca,La Trinidad Vista Hermosa,PV
2022,20,557,Oaxaca,Unión Hidalgo,OI
2022,20,557,Oaxaca,Unión Hidalgo,PV
2022,20,558,Oaxaca,Valerio Trujano,OI
2022,20,558,Oaxaca,Valerio Trujano,PV
2022,20,561,Oaxaca,Yaxe,OI
2022,20,561,Oaxaca,Yaxe,PV
2022,20,562,Oaxaca,Magdalena Yodocono de Porfirio Díaz,PV
2022,20,563,Oaxaca,Yogana,PV
2022,20,564,Oaxaca,Yutanduchi de Guerrero,OI
2022,20,564,Oaxaca,Yutanduchi de Guerrero,PV
2022,20,565,Oaxaca,Villa de Zaachila,OI
2022,20,565,Oaxaca,Villa de Zaachila,PV
2022,20,566,Oaxaca,San Mateo Yucutindoo,OI
2022,20,566,Oaxaca,San Mateo Yucutindoo,PV
2022,20,569,Oaxaca,Santa Inés de Zaragoza,OI
2022,20,569,Oaxaca,Santa Inés de Zaragoza,PV
2022,20,570,Oaxaca,Zimatlán de Álvarez,OI
2022,20,570,Oaxaca,Zimatlán de Álvarez,PV
2022,21,4,Puebla,Acatzingo,PV
2022,21,5,Puebla,Acteopan,PV
2022,21,6,Puebla,Ahuacatlán,OI
2022,21,6,Puebla,Ahuacatlán,PV
2022,21,7,Puebla,Ahuatlán,PV
2022,21,9,Puebla,Ahuehuetitla,OI
2022,21,9,Puebla,Ahuehuetitla,PV
2022,21,10,Puebla,Ajalpan,PV
2022,21,11,Puebla,Albino Zertuche,PV
2022,21,12,Puebla,Aljojuca,PV
2022,21,13,Puebla,Altepexi,OI
2022,21,14,Puebla,Amixtlán,OI
2022,21,14,Puebla,Amixtlán,PV
2022,21,16,Puebla,Aquixtla,PV
2022,21,17,Puebla,Atempan,PV
2022,21,18,Puebla,Atexcal,OI
2022,21,18,Puebla,Atexcal,PV
2022,21,20,Puebla,Atoyatempan,PV
2022,21,21,Puebla,Atzala,PV
2022,21,22,Puebla,Atzitzihuacán,OI
2022,21,22,Puebla,Atzitzihuacán,PV
2022,21,27,Puebla,Caltepec,OI
2022,21,28,Puebla,Camocuautla,OI
2022,21,28,Puebla,Camocuautla,PV
2022,21,29,Puebla,Caxhuacan,OI
2022,21,29,Puebla,Caxhuacan,PV
2022,21,30,Puebla,Coatepec,OI
2022,21,30,Puebla,Coatepec,PV
2022,21,32,Puebla,Cohetzala,OI
2022,21,32,Puebla,Cohetzala,PV
2022,21,33,Puebla,Cohuecan,PV
2022,21,34,Puebla,Coronango,PV
2022,21,35,Puebla,Coxcatlán,PV
2022,21,36,Puebla,Coyomeapan,PV
2022,21,37,Puebla,Coyotepec,OI
2022,21,37,Puebla,Coyotepec,PV
2022,21,38,Puebla,Cuapiaxtla de Madero,PV
2022,21,39,Puebla,Cuautempan,PV
2022,21,40,Puebla,Cuautinchán,PV
2022,21,41,Puebla,Cuautlancingo,PV
2022,21,42,Puebla,Cuayuca de Andrade,OI
2022,21,42,Puebla,Cuayuca de Andrade,PV
2022,21,44,Puebla,Cuyoaco,PV
2022,21,46,Puebla,Chapulco,PV
2022,21,47,Puebla,Chiautla,OI
2022,21,47,Puebla,Chiautla,PV
2022,21,48,Puebla,Chiautzingo,PV
2022,21,49,Puebla,Chiconcuautla,OI
2022,21,49,Puebla,Chiconcuautla,PV
2022,21,50,Puebla,Chichiquila,PV
2022,21,52,Puebla,Chigmecatitlán,PV
2022,21,54,Puebla,Chignautla,PV
2022,21,55,Puebla,Chila,OI
2022,21,55,Puebla,Chila,PV
2022,21,56,Puebla,Chila de La Sal,PV
2022,21,57,Puebla,Honey,OI
2022,21,57,Puebla,Honey,PV
2022,21,58,Puebla,Chilchotla,OI
2022,21,58,Puebla,Chilchotla,PV
2022,21,60,Puebla,Domingo Arenas,PV
2022,21,61,Puebla,Eloxochitlán,PV
2022,21,62,Puebla,Epatlán,OI
2022,21,62,Puebla,Epatlán,PV
2022,21,63,Puebla,Esperanza,PV
2022,21,65,Puebla,General Felipe Ángeles,PV
2022,21,66,Puebla,Guadalupe,OI
2022,21,66,Puebla,Guadalupe,PV
2022,21,67,Puebla,Guadalupe Victoria,PV
2022,21,68,Puebla,Hermenegildo Galeana,OI
2022,21,68,Puebla,Hermenegildo Galeana,PV
2022,21,70,Puebla,Huatlatlauca,OI
2022,21,70,Puebla,Huatlatlauca,PV
2022,21,72,Puebla,Huehuetla,OI
2022,21,72,Puebla,Huehuetla,PV
2022,21,73,Puebla,Huehuetlán El Chico,OI
2022,21,73,Puebla,Huehuetlán El Chico,PV
2022,21,75,Puebla,Hueyapan,OI
2022,21,75,Puebla,Hueyapan,PV
2022,21,76,Puebla,Hueytamalco,OI
2022,21,76,Puebla,Hueytamalco,PV
2022,21,77,Puebla,Hueytlalpan,OI
2022,21,77,Puebla,Hueytlalpan,PV
2022,21,78,Puebla,Huitzilan de Serdán,OI
2022,21,78,Puebla,Huitzilan de Serdán,PV
2022,21,79,Puebla,Huitziltepec,PV
2022,21,80,Puebla,Atlequizayan,OI
2022,21,80,Puebla,Atlequizayan,PV
2022,21,82,Puebla,Ixcaquixtla,OI
2022,21,82,Puebla,Ixcaquixtla,PV
2022,21,84,Puebla,Ixtepec,OI
2022,21,84,Puebla,Ixtepec,PV
2022,21,87,Puebla,Jolalpan,OI
2022,21,87,Puebla,Jolalpan,PV
2022,21,88,Puebla,Jonotla,OI
2022,21,88,Puebla,Jonotla,PV
2022,21,89,Puebla,Jopala,OI
2022,21,89,Puebla,Jopala,PV
2022,21,90,Puebla,Juan C. Bonilla,PV
2022,21,92,Puebla,Juan N. Méndez,OI
2022,21,92,Puebla,Juan N. Méndez,PV
2022,21,93,Puebla,Lafragua,PV
2022,21,95,Puebla,La Magdalena Tlatlauquitepec,PV
2022,21,96,Puebla,Mazapiltepec de Juárez,PV
2022,21,97,Puebla,Mixtla,PV
2022,21,99,Puebla,Cañada Morelos,PV
2022,21,100,Puebla,Naupan,OI
2022,21,100,Puebla,Naupan,PV
2022,21,101,Puebla,Nauzontla,OI
2022,21,101,Puebla,Nauzontla,PV
2022,21,102,Puebla,Nealtican,PV
2022,21,103,Puebla,Nicolás Bravo,PV
2022,21,104,Puebla,Nopalucan,PV
2022,21,105,Puebla,Ocotepec,PV
2022,21,107,Puebla,Olintla,OI
2022,21,107,Puebla,Olintla,PV
2022,21,110,Puebla,Palmar de Bravo,PV
2022,21,111,Puebla,Pantepec,OI
2022,21,111,Puebla,Pantepec,PV
2022,21,112,Puebla,Petlalcingo,OI
2022,21,112,Puebla,Petlalcingo,PV
2022,21,113,Puebla,Piaxtla,OI
2022,21,113,Puebla,Piaxtla,PV
2022,21,115,Puebla,Quecholac,PV
2022,21,116,Puebla,Quimixtlán,OI
2022,21,116,Puebla,Quimixtlán,PV
2022,21,117,Puebla,Rafael Lara Grajales,PV
2022,21,118,Puebla,Los Reyes de Juárez,PV
2022,21,119,Puebla,San Andrés Cholula,PV
2022,21,120,Puebla,San Antonio Cañada,OI
2022,21,120,Puebla,San Antonio Cañada,PV
2022,21,121,Puebla,San Diego La Mesa Tochimiltzingo,PV
2022,21,122,Puebla,San Felipe Teotlalcingo,PV
2022,21,123,Puebla,San Felipe Tepatlán,OI
2022,21,123,Puebla,San Felipe Tepatlán,PV
2022,21,124,Puebla,San Gabriel Chilac,OI
2022,21,125,Puebla,San Gregorio Atzompa,PV
2022,21,126,Puebla,San Jerónimo Tecuanipan,PV
2022,21,127,Puebla,San Jerónimo Xayacatlán,OI
2022,21,127,Puebla,San Jerónimo Xayacatlán,PV
2022,21,128,Puebla,San José Chiapa,PV
2022,21,129,Puebla,San José Miahuatlán,OI
2022,21,129,Puebla,San José Miahuatlán,PV
2022,21,130,Puebla,San Juan Atenco,PV
2022,21,131,Puebla,San Juan Atzompa,PV
2022,21,133,Puebla,San Martín Totoltepec,OI
2022,21,133,Puebla,San Martín Totoltepec,PV
2022,21,134,Puebla,San Matías Tlalancaleca,PV
2022,21,135,Puebla,San Miguel Ixitlán,PV
2022,21,136,Puebla,San Miguel Xoxtla,PV
2022,21,137,Puebla,San Nicolás Buenos Aires,PV
2022,21,138,Puebla,San Nicolás de Los Ranchos,PV
2022,21,139,Puebla,San Pablo Anicano,OI
2022,21,139,Puebla,San Pablo Anicano,PV
2022,21,141,Puebla,San Pedro Yeloixtlahuaca,OI
2022,21,141,Puebla,San Pedro Yeloixtlahuaca,PV
2022,21,142,Puebla,San Salvador El Seco,PV
2022,21,143,Puebla,San Salvador El Verde,PV
2022,21,144,Puebla,San Salvador Huixcolotla,PV
2022,21,146,Puebla,Santa Catarina Tlaltempan,PV
2022,21,147,Puebla,Santa Inés Ahuatempan,PV
2022,21,148,Puebla,Santa Isabel Cholula,OI
2022,21,148,Puebla,Santa Isabel Cholula,PV
2022,21,149,Puebla,Santiago Miahuatlán,OI
2022,21,149,Puebla,Santiago Miahuatlán,PV
2022,21,150,Puebla,Huehuetlán El Grande,OI
2022,21,150,Puebla,Huehuetlán El Grande,PV
2022,21,151,Puebla,Santo Tomás Hueyotlipan,PV
2022,21,152,Puebla,Soltepec,PV
2022,21,155,Puebla,Tecomatlán,OI
2022,21,155,Puebla,Tecomatlán,PV
2022,21,157,Puebla,Tehuitzingo,OI
2022,21,157,Puebla,Tehuitzingo,PV
2022,21,158,Puebla,Tenampulco,OI
2022,21,158,Puebla,Tenampulco,PV
2022,21,159,Puebla,Teopantlán,PV
2022,21,161,Puebla,Tepanco de López,PV
2022,21,163,Puebla,Tepatlaxco de Hidalgo,PV
2022,21,164,Puebla,Tepeaca,PV
2022,21,165,Puebla,Tepemaxalco,OI
2022,21,165,Puebla,Tepemaxalco,PV
2022,21,166,Puebla,Tepeojuma,OI
2022,21,166,Puebla,Tepeojuma,PV
2022,21,167,Puebla,Tepetzintla,OI
2022,21,167,Puebla,Tepetzintla,PV
2022,21,168,Puebla,Tepexco,OI
2022,21,168,Puebla,Tepexco,PV
2022,21,169,Puebla,Tepexi de Rodríguez,OI
2022,21,169,Puebla,Tepexi de Rodríguez,PV
2022,21,171,Puebla,Tepeyahualco de Cuauhtémoc,PV
2022,21,173,Puebla,Teteles de Avila Castillo,PV
2022,21,175,Puebla,Tianguismanalco,OI
2022,21,175,Puebla,Tianguismanalco,PV
2022,21,176,Puebla,Tilapa,OI
2022,21,176,Puebla,Tilapa,PV
2022,21,177,Puebla,Tlacotepec de Benito Juárez,PV
2022,21,178,Puebla,Tlacuilotepec,OI
2022,21,178,Puebla,Tlacuilotepec,PV
2022,21,179,Puebla,Tlachichuca,OI
2022,21,179,Puebla,Tlachichuca,PV
2022,21,181,Puebla,Tlaltenango,PV
2022,21,182,Puebla,Tlanepantla,PV
2022,21,185,Puebla,Tlapanalá,OI
2022,21,189,Puebla,Tochtepec,PV
2022,21,190,Puebla,Totoltepec de Guerrero,OI
2022,21,190,Puebla,Totoltepec de Guerrero,PV
2022,21,191,Puebla,Tulcingo,OI
2022,21,191,Puebla,Tulcingo,PV
2022,21,192,Puebla,Tuzamapan de Galeana,OI
2022,21,192,Puebla,Tuzamapan de Galeana,PV
2022,21,195,Puebla,Vicente Guerrero,PV
2022,21,196,Puebla,Xayacatlán de Bravo,OI
2022,21,196,Puebla,Xayacatlán de Bravo,PV
2022,21,199,Puebla,Xiutetelco,PV
2022,21,200,Puebla,Xochiapulco,PV
2022,21,201,Puebla,Xochiltepec,OI
2022,21,201,Puebla,Xochiltepec,PV
2022,21,202,Puebla,Xochitlán de Vicente Suárez,OI
2022,21,202,Puebla,Xochitlán de Vicente Suárez,PV
2022,21,203,Puebla,Xochitlán Todos Santos,PV
2022,21,204,Puebla,Yaonáhuac,OI
2022,21,204,Puebla,Yaonáhuac,PV
2022,21,205,Puebla,Yehualtepec,PV
2022,21,206,Puebla,Zacapala,OI
2022,21,206,Puebla,Zacapala,PV
2022,21,210,Puebla,Zapotitlán de Méndez,OI
2022,21,210,Puebla,Zapotitlán de Méndez,PV
2022,21,211,Puebla,Zaragoza,PV
2022,21,212,Puebla,Zautla,PV
2022,21,213,Puebla,Zihuateutla,OI
2022,21,213,Puebla,Zihuateutla,PV
2022,21,214,Puebla,Zinacatepec,PV
2022,21,215,Puebla,Zongozotla,OI
2022,21,215,Puebla,Zongozotla,PV
2022,21,216,Puebla,Zoquiapan,OI
2022,21,216,Puebla,Zoquiapan,PV
2022,22,2,Querétaro,Pinal de Amoles,PV
2022,22,3,Querétaro,Arroyo Seco,OI
2022,22,3,Querétaro,Arroyo Seco,PV
2022,22,4,Querétaro,Cadereyta de Montes,OI
2022,22,4,Querétaro,Cadereyta de Montes,PV
2022,22,5,Querétaro,Colón,OI
2022,22,5,Querétaro,Colón,PV
2022,22,7,Querétaro,Ezequiel Montes,PV
2022,22,10,Querétaro,Landa de Matamoros,PV
2022,22,12,Querétaro,Pedro Escobedo,PV
2022,22,15,Querétaro,San Joaquín,OI
2022,22,15,Querétaro,San Joaquín,PV
2022,22,17,Querétaro,Tequisquiapan,PV
2022,22,18,Querétaro,Tolimán,OI
2022,22,18,Querétaro,Tolimán,PV
2022,23,10,Quintana Roo,Bacalar,OI
2022,23,10,Quintana Roo,Bacalar,PV
2022,24,1,San Luis Potosí,Ahualulco,PV
2022,24,2,San Luis Potosí,Alaquines,OI
2022,24,2,San Luis Potosí,Alaquines,PV
2022,24,4,San Luis Potosí,Armadillo de Los Infante,PV
2022,24,5,San Luis Potosí,Cárdenas,OI
2022,24,5,San Luis Potosí,Cárdenas,PV
2022,24,6,San Luis Potosí,Catorce,PV
2022,24,7,San Luis Potosí,Cedral,PV
2022,24,9,San Luis Potosí,Cerro de San Pedro,PV
2022,24,12,San Luis Potosí,Tancanhuitz,OI
2022,24,12,San Luis Potosí,Tancanhuitz,PV
2022,24,14,San Luis Potosí,Coxcatlán,OI
2022,24,14,San Luis Potosí,Coxcatlán,PV
2022,24,15,San Luis Potosí,Charcas,PV
2022,24,17,San Luis Potosí,Guadalcázar,PV
2022,24,18,San Luis Potosí,Huehuetlán,OI
2022,24,18,San Luis Potosí,Huehuetlán,PV
2022,24,19,San Luis Potosí,Lagunillas,OI
2022,24,19,San Luis Potosí,Lagunillas,PV
2022,24,21,San Luis Potosí,Mexquitic de Carmona,PV
2022,24,22,San Luis Potosí,Moctezuma,PV
2022,24,23,San Luis Potosí,Rayón,OI
2022,24,23,San Luis Potosí,Rayón,PV
2022,24,25,San Luis Potosí,Salinas,PV
2022,24,26,San Luis Potosí,San Antonio,OI
2022,24,26,San Luis Potosí,San Antonio,PV
2022,24,29,San Luis Potosí,San Martín Chalchicuautla,OI
2022,24,29,San Luis Potosí,San Martín Chalchicuautla,PV
2022,24,30,San Luis Potosí,San Nicolás Tolentino,OI
2022,24,30,San Luis Potosí,San Nicolás Tolentino,PV
2022,24,31,San Luis Potosí,Santa Catarina,OI
2022,24,31,San Luis Potosí,Santa Catarina,PV
2022,24,33,San Luis Potosí,Santo Domingo,PV
2022,24,35,San Luis Potosí,Soledad de Graciano Sánchez,PV
2022,24,36,San Luis Potosí,Tamasopo,OI
2022,24,36,San Luis Potosí,Tamasopo,PV
2022,24,38,San Luis Potosí,Tampacán,OI
2022,24,38,San Luis Potosí,Tampacán,PV
2022,24,39,San Luis Potosí,Tampamolón Corona,OI
2022,24,39,San Luis Potosí,Tampamolón Corona,PV
2022,24,42,San Luis Potosí,Tanquián de Escobedo,OI
2022,24,42,San Luis Potosí,Tanquián de Escobedo,PV
2022,24,44,San Luis Potosí,Vanegas,PV
2022,24,45,San Luis Potosí,Venado,PV
2022,24,46,San Luis Potosí,Villa de Arriaga,PV
2022,24,47,San Luis Potosí,Villa de Guadalupe,PV
2022,24,48,San Luis Potosí,Villa de La Paz,PV
2022,24,51,San Luis Potosí,Villa Hidalgo,PV
2022,24,52,San Luis Potosí,Villa Juárez,PV
2022,24,54,San Luis Potosí,Xilitla,OI
2022,24,54,San Luis Potosí,Xilitla,PV
2022,24,55,San Luis Potosí,Zaragoza,PV
2022,24,56,San Luis Potosí,Villa de Arista,PV
2022,25,2,Sinaloa,Angostura,OI
2022,25,2,Sinaloa,Angostura,PV
2022,25,4,Sinaloa,Concordia,PV
2022,25,9,Sinaloa,Escuinapa,OI
2022,25,9,Sinaloa,Escuinapa,PV
2022,25,18,Sinaloa,Navolato,OI
2022,25,18,Sinaloa,Navolato,PV
2022,26,5,Sonora,Arivechi,PV
2022,26,9,Sonora,Bacanora,PV
2022,26,11,Sonora,Bacoachi,PV
2022,26,27,Sonora,Fronteras,PV
2022,26,28,Sonora,Granados,PV
2022,26,34,Sonora,Huépac,PV
2022,26,50,Sonora,Rayón,PV
2022,27,5,Tabasco,Comalcalco,OI
2022,27,5,Tabasco,Comalcalco,PV
2022,27,7,Tabasco,Emiliano Zapata,OI
2022,27,9,Tabasco,Jalapa,OI
2022,27,9,Tabasco,Jalapa,PV
2022,27,10,Tabasco,Jalpa de Méndez,OI
2022,27,10,Tabasco,Jalpa de Méndez,PV
2022,28,4,Tamaulipas,Antiguo Morelos,OI
2022,28,4,Tamaulipas,Antiguo Morelos,PV
2022,28,6,Tamaulipas,Bustamante,OI
2022,28,6,Tamaulipas,Bustamante,PV
2022,28,10,Tamaulipas,Cruillas,PV
2022,28,18,Tamaulipas,Jiménez,OI
2022,28,18,Tamaulipas,Jiménez,PV
2022,28,25,Tamaulipas,Miguel Alemán,OI
2022,28,26,Tamaulipas,Miquihuana,PV
2022,28,28,Tamaulipas,Nuevo Morelos,OI
2022,28,28,Tamaulipas,Nuevo Morelos,PV
2022,28,29,Tamaulipas,Ocampo,OI
2022,28,29,Tamaulipas,Ocampo,PV
2022,28,31,Tamaulipas,Palmillas,PV
2022,28,33,Tamaulipas,Río Bravo,OI
2022,28,33,Tamaulipas,Río Bravo,PV
2022,28,36,Tamaulipas,San Nicolás,PV
2022,28,39,Tamaulipas,Tula,OI
2022,28,39,Tamaulipas,Tula,PV
2022,28,42,Tamaulipas,Villagrán,OI
2022,28,42,Tamaulipas,Villagrán,PV
2022,29,1,Tlaxcala,Amaxac de Guerrero,PV
2022,29,2,Tlaxcala,Apetatitlán de Antonio Carvajal,PV
2022,29,4,Tlaxcala,Atltzayanca,PV
2022,29,5,Tlaxcala,Apizaco,PV
2022,29,9,Tlaxcala,Cuaxomulco,PV
2022,29,10,Tlaxcala,Chiautempan,PV
2022,29,11,Tlaxcala,Muñoz de Domingo Arenas,PV
2022,29,12,Tlaxcala,Españita,PV
2022,29,14,Tlaxcala,Hueyotlipan,PV
2022,29,15,Tlaxcala,Ixtacuixtla de Mariano Matamoros,PV
2022,29,16,Tlaxcala,Ixtenco,PV
2022,29,17,Tlaxcala,Mazatecochco de José María Morelos,PV
2022,29,18,Tlaxcala,Contla de Juan Cuamatzi,PV
2022,29,19,Tlaxcala,Tepetitla de Lardizábal,PV
2022,29,20,Tlaxcala,Sanctórum de Lázaro Cárdenas,PV
2022,29,21,Tlaxcala,Nanacamilpa de Mariano Arista,PV
2022,29,22,Tlaxcala,Acuamanala de Miguel Hidalgo,PV
2022,29,23,Tlaxcala,Natívitas,PV
2022,29,24,Tlaxcala,Panotla,PV
2022,29,25,Tlaxcala,San Pablo del Monte,PV
2022,29,26,Tlaxcala,Santa Cruz Tlaxcala,PV
2022,29,27,Tlaxcala,Tenancingo,PV
2022,29,28,Tlaxcala,Teolocholco,PV
2022,29,29,Tlaxcala,Tepeyanco,PV
2022,29,30,Tlaxcala,Terrenate,PV
2022,29,32,Tlaxcala,Tetlatlahuca,PV
2022,29,34,Tlaxcala,Tlaxco,PV
2022,29,35,Tlaxcala,Tocatlán,PV
2022,29,36,Tlaxcala,Totolac,PV
2022,29,38,Tlaxcala,Tzompantepec,PV
2022,29,39,Tlaxcala,Xaloztoc,PV
2022,29,40,Tlaxcala,Xaltocan,PV
2022,29,41,Tlaxcala,Papalotla de Xicohténcatl,PV
2022,29,42,Tlaxcala,Xicohtzinco,PV
2022,29,43,Tlaxcala,Yauhquemehcan,PV
2022,29,45,Tlaxcala,Benito Juárez,PV
2022,29,46,Tlaxcala,Emiliano Zapata,PV
2022,29,47,Tlaxcala,Lázaro Cárdenas,PV
2022,29,48,Tlaxcala,La Magdalena Tlaltelulco,PV
2022,29,49,Tlaxcala,San Damián Texóloc,PV
2022,29,50,Tlaxcala,San Francisco Tetlanohcan,PV
2022,29,51,Tlaxcala,San Jerónimo Zacualpan,PV
2022,29,52,Tlaxcala,San José Teacalco,PV
2022,29,53,Tlaxcala,San Juan Huactzinco,PV
2022,29,54,Tlaxcala,San Lorenzo Axocomanitla,PV
2022,29,55,Tlaxcala,San Lucas Tecopilco,PV
2022,29,56,Tlaxcala,Santa Ana Nopalucan,PV
2022,29,57,Tlaxcala,Santa Apolonia Teacalco,PV
2022,29,58,Tlaxcala,Santa Catarina Ayometla,PV
2022,29,59,Tlaxcala,Santa Cruz Quilehtla,PV
2022,29,60,Tlaxcala,Santa Isabel Xiloxoxtla,PV
2022,30,5,Veracruz,Acula,OI
2022,30,5,Veracruz,Acula,PV
2022,30,6,Veracruz,Acultzingo,PV
2022,30,8,Veracruz,Alpatláhuac,PV
2022,30,12,Veracruz,Amatitlán,OI
2022,30,12,Veracruz,Amatitlán,PV
2022,30,13,Veracruz,Naranjos Amatlán,OI
2022,30,13,Veracruz,Naranjos Amatlán,PV
2022,30,14,Veracruz,Amatlán de Los Reyes,OI
2022,30,14,Veracruz,Amatlán de Los Reyes,PV
2022,30,18,Veracruz,Aquila,PV
2022,30,19,Veracruz,Astacinga,PV
2022,30,20,Veracruz,Atlahuilco,PV
2022,30,22,Veracruz,Atzacan,OI
2022,30,22,Veracruz,Atzacan,PV
2022,30,24,Veracruz,Tlaltetela,PV
2022,30,25,Veracruz,Ayahualulco,OI
2022,30,25,Veracruz,Ayahualulco,PV
2022,30,27,Veracruz,Benito Juárez,OI
2022,30,27,Veracruz,Benito Juárez,PV
2022,30,29,Veracruz,Calcahualco,PV
2022,30,30,Veracruz,Camerino Z. Mendoza,PV
2022,30,31,Veracruz,Carrillo Puerto,OI
2022,30,33,Veracruz,Cazones de Herrera,OI
2022,30,33,Veracruz,Cazones de Herrera,PV
2022,30,34,Veracruz,Cerro Azul,OI
2022,30,34,Veracruz,Cerro Azul,PV
2022,30,35,Veracruz,Citlaltépetl,OI
2022,30,35,Veracruz,Citlaltépetl,PV
2022,30,36,Veracruz,Coacoatzintla,PV
2022,30,37,Veracruz,Coahuitlán,OI
2022,30,37,Veracruz,Coahuitlán,PV
2022,30,40,Veracruz,Coatzintla,OI
2022,30,40,Veracruz,Coatzintla,PV
2022,30,41,Veracruz,Coetzala,PV
2022,30,42,Veracruz,Colipa,OI
2022,30,42,Veracruz,Colipa,PV
2022,30,43,Veracruz,Comapa,PV
2022,30,49,Veracruz,Cotaxtla,OI
2022,30,49,Veracruz,Cotaxtla,PV
2022,30,50,Veracruz,Coxquihui,OI
2022,30,50,Veracruz,Coxquihui,PV
2022,30,52,Veracruz,Cuichapa,OI
2022,30,52,Veracruz,Cuichapa,PV
2022,30,56,Veracruz,Chiconamel,OI
2022,30,56,Veracruz,Chiconamel,PV
2022,30,57,Veracruz,Chiconquiaco,OI
2022,30,57,Veracruz,Chiconquiaco,PV
2022,30,58,Veracruz,Chicontepec,OI
2022,30,58,Veracruz,Chicontepec,PV
2022,30,59,Veracruz,Chinameca,OI
2022,30,59,Veracruz,Chinameca,PV
2022,30,60,Veracruz,Chinampa de Gorostiza,OI
2022,30,60,Veracruz,Chinampa de Gorostiza,PV
2022,30,62,Veracruz,Chocamán,OI
2022,30,62,Veracruz,Chocamán,PV
2022,30,63,Veracruz,Chontla,OI
2022,30,63,Veracruz,Chontla,PV
2022,30,64,Veracruz,Chumatlán,OI
2022,30,64,Veracruz,Chumatlán,PV
2022,30,67,Veracruz,Filomeno Mata,OI
2022,30,67,Veracruz,Filomeno Mata,PV
2022,30,69,Veracruz,Gutiérrez Zamora,OI
2022,30,69,Veracruz,Gutiérrez Zamora,PV
2022,30,70,Veracruz,Hidalgotitlán,OI
2022,30,70,Veracruz,Hidalgotitlán,PV
2022,30,74,Veracruz,Huiloapan de Cuauhtémoc,PV
2022,30,75,Veracruz,Ignacio de La Llave,OI
2022,30,75,Veracruz,Ignacio de La Llave,PV
2022,30,76,Veracruz,Ilamatlán,OI
2022,30,76,Veracruz,Ilamatlán,PV
2022,30,78,Veracruz,Ixcatepec,OI
2022,30,78,Veracruz,Ixcatepec,PV
2022,30,79,Veracruz,Ixhuacán de Los Reyes,OI
2022,30,79,Veracruz,Ixhuacán de Los Reyes,PV
2022,30,80,Veracruz,Ixhuatlán del Café,PV
2022,30,81,Veracruz,Ixhuatlancillo,PV
2022,30,82,Veracruz,Ixhuatlán del Sureste,OI
2022,30,82,Veracruz,Ixhuatlán del Sureste,PV
2022,30,84,Veracruz,Ixmatlahuacan,OI
2022,30,84,Veracruz,Ixmatlahuacan,PV
2022,30,85,Veracruz,Ixtaczoquitlán,PV
2022,30,88,Veracruz,Jalcomulco,PV
2022,30,89,Veracruz,Jáltipan,OI
2022,30,89,Veracruz,Jáltipan,PV
2022,30,90,Veracruz,Jamapa,OI
2022,30,90,Veracruz,Jamapa,PV
2022,30,92,Veracruz,Xico,PV
2022,30,94,Veracruz,Juan Rodríguez Clara,OI
2022,30,94,Veracruz,Juan Rodríguez Clara,PV
2022,30,95,Veracruz,Juchique de Ferrer,OI
2022,30,95,Veracruz,Juchique de Ferrer,PV
2022,30,96,Veracruz,Landero Y Coss,PV
2022,30,97,Veracruz,Lerdo de Tejada,OI
2022,30,97,Veracruz,Lerdo de Tejada,PV
2022,30,98,Veracruz,Magdalena,PV
2022,30,99,Veracruz,Maltrata,PV
2022,30,103,Veracruz,Mecatlán,OI
2022,30,103,Veracruz,Mecatlán,PV
2022,30,106,Veracruz,Miahuatlán,PV
2022,30,107,Veracruz,Las Minas,OI
2022,30,107,Veracruz,Las Minas,PV
2022,30,108,Veracruz,Minatitlán,OI
2022,30,108,Veracruz,Minatitlán,PV
2022,30,110,Veracruz,Mixtla de Altamirano,PV
2022,30,113,Veracruz,Naranjal,PV
2022,30,115,Veracruz,Nogales,PV
2022,30,116,Veracruz,Oluta,OI
2022,30,116,Veracruz,Oluta,PV
2022,30,117,Veracruz,Omealca,OI
2022,30,117,Veracruz,Omealca,PV
2022,30,119,Veracruz,Otatitlán,OI
2022,30,119,Veracruz,Otatitlán,PV
2022,30,120,Veracruz,Oteapan,OI
2022,30,120,Veracruz,Oteapan,PV
2022,30,121,Veracruz,Ozuluama de Mascareñas,OI
2022,30,121,Veracruz,Ozuluama de Mascareñas,PV
2022,30,122,Veracruz,Pajapan,OI
2022,30,122,Veracruz,Pajapan,PV
2022,30,127,Veracruz,La Perla,PV
2022,30,129,Veracruz,Platón Sánchez,OI
2022,30,129,Veracruz,Platón Sánchez,PV
2022,30,130,Veracruz,Playa Vicente,OI
2022,30,130,Veracruz,Playa Vicente,PV
2022,30,133,Veracruz,Pueblo Viejo,OI
2022,30,133,Veracruz,Pueblo Viejo,PV
2022,30,135,Veracruz,Rafael Delgado,PV
2022,30,137,Veracruz,Los Reyes,PV
2022,30,138,Veracruz,Río Blanco,PV
2022,30,139,Veracruz,Saltabarranca,OI
2022,30,139,Veracruz,Saltabarranca,PV
2022,30,140,Veracruz,San Andrés Tenejapan,PV
2022,30,144,Veracruz,Sayula de Alemán,OI
2022,30,144,Veracruz,Sayula de Alemán,PV
2022,30,145,Veracruz,Soconusco,OI
2022,30,145,Veracruz,Soconusco,PV
2022,30,146,Veracruz,Sochiapa,PV
2022,30,147,Veracruz,Soledad Atzompa,PV
2022,30,148,Veracruz,Soledad de Doblado,OI
2022,30,148,Veracruz,Soledad de Doblado,PV
2022,30,149,Veracruz,Soteapan,OI
2022,30,149,Veracruz,Soteapan,PV
2022,30,150,Veracruz,Tamalín,OI
2022,30,150,Veracruz,Tamalín,PV
2022,30,151,Veracruz,Tamiahua,OI
2022,30,151,Veracruz,Tamiahua,PV
2022,30,152,Veracruz,Tampico Alto,OI
2022,30,152,Veracruz,Tampico Alto,PV
2022,30,153,Veracruz,Tancoco,OI
2022,30,153,Veracruz,Tancoco,PV
2022,30,154,Veracruz,Tantima,OI
2022,30,154,Veracruz,Tantima,PV
2022,30,156,Veracruz,Tatatila,OI
2022,30,156,Veracruz,Tatatila,PV
2022,30,157,Veracruz,Castillo de Teayo,OI
2022,30,157,Veracruz,Castillo de Teayo,PV
2022,30,158,Veracruz,Tecolutla,OI
2022,30,158,Veracruz,Tecolutla,PV
2022,30,159,Veracruz,Tehuipango,PV
2022,30,162,Veracruz,Tenampa,PV
2022,30,166,Veracruz,Tepetlán,OI
2022,30,166,Veracruz,Tepetlán,PV
2022,30,168,Veracruz,Tequila,PV
2022,30,170,Veracruz,Texcatepec,OI
2022,30,170,Veracruz,Texcatepec,PV
2022,30,171,Veracruz,Texhuacán,PV
2022,30,172,Veracruz,Texistepec,OI
2022,30,172,Veracruz,Texistepec,PV
2022,30,173,Veracruz,Tezonapa,OI
2022,30,173,Veracruz,Tezonapa,PV
2022,30,174,Veracruz,Tierra Blanca,OI
2022,30,174,Veracruz,Tierra Blanca,PV
2022,30,176,Veracruz,Tlacojalpan,OI
2022,30,176,Veracruz,Tlacojalpan,PV
2022,30,177,Veracruz,Tlacolulan,PV
2022,30,178,Veracruz,Tlacotalpan,OI
2022,30,178,Veracruz,Tlacotalpan,PV
2022,30,179,Veracruz,Tlacotepec de Mejía,PV
2022,30,180,Veracruz,Tlachichilco,OI
2022,30,180,Veracruz,Tlachichilco,PV
2022,30,181,Veracruz,Tlalixcoyan,OI
2022,30,181,Veracruz,Tlalixcoyan,PV
2022,30,183,Veracruz,Tlapacoyan,OI
2022,30,183,Veracruz,Tlapacoyan,PV
2022,30,185,Veracruz,Tlilapan,PV
2022,30,186,Veracruz,Tomatlán,PV
2022,30,187,Veracruz,Tonayán,PV
2022,30,190,Veracruz,Tuxtilla,OI
2022,30,190,Veracruz,Tuxtilla,PV
2022,30,192,Veracruz,Vega de Alatorre,OI
2022,30,192,Veracruz,Vega de Alatorre,PV
2022,30,194,Veracruz,Villa Aldama,PV
2022,30,195,Veracruz,Xoxocotla,PV
2022,30,196,Veracruz,Yanga,PV
2022,30,198,Veracruz,Zacualpan,OI
2022,30,198,Veracruz,Zacualpan,PV
2022,30,200,Veracruz,Zentla,PV
2022,30,202,Veracruz,Zontecomatlán de López Y Fuentes,OI
2022,30,202,Veracruz,Zontecomatlán de López Y Fuentes,PV
2022,30,203,Veracruz,Zozocolco de Hidalgo,OI
2022,30,203,Veracruz,Zozocolco de Hidalgo,PV
2022,30,206,Veracruz,Nanchital de Lázaro Cárdenas del Río,OI
2022,30,206,Veracruz,Nanchital de Lázaro Cárdenas del Río,PV
2022,30,207,Veracruz,Tres Valles,OI
2022,30,207,Veracruz,Tres Valles,PV
2022,30,208,Veracruz,Carlos A. Carrillo,OI
2022,30,208,Veracruz,Carlos A. Carrillo,PV
2022,30,209,Veracruz,Uxpanapa,OI
2022,30,209,Veracruz,Uxpanapa,PV
2022,30,210,Veracruz,Tatahuicapan de Juárez,OI
2022,30,210,Veracruz,Tatahuicapan de Juárez,PV
2022,30,211,Veracruz,San Rafael,OI
2022,30,211,Veracruz,San Rafael,PV
2022,30,212,Veracruz,Santiago Sochiapan,OI
2022,30,212,Veracruz,Santiago Sochiapan,PV
2022,31,2,Yucatán,Acanceh,PV
2022,31,3,Yucatán,Akil,OI
2022,31,3,Yucatán,Akil,PV
2022,31,4,Yucatán,Baca,PV
2022,31,5,Yucatán,Bokobá,PV
2022,31,6,Yucatán,Buctzotz,PV
2022,31,7,Yucatán,Cacalchén,PV
2022,31,8,Yucatán,Calotmul,PV
2022,31,9,Yucatán,Cansahcab,PV
2022,31,12,Yucatán,Cenotillo,PV
2022,31,14,Yucatán,Cuncunul,PV
2022,31,15,Yucatán,Cuzamá,PV
2022,31,16,Yucatán,Chacsinkín,PV
2022,31,17,Yucatán,Chankom,PV
2022,31,18,Yucatán,Chapab,PV
2022,31,19,Yucatán,Chemax,PV
2022,31,20,Yucatán,Chicxulub Pueblo,PV
2022,31,21,Yucatán,Chichimilá,PV
2022,31,22,Yucatán,Chikindzonot,PV
2022,31,24,Yucatán,Chumayel,PV
2022,31,25,Yucatán,Dzán,OI
2022,31,25,Yucatán,Dzán,PV
2022,31,26,Yucatán,Dzemul,PV
2022,31,27,Yucatán,Dzidzantún,PV
2022,31,28,Yucatán,Dzilam de Bravo,PV
2022,31,30,Yucatán,Dzitás,PV
2022,31,31,Yucatán,Dzoncauich,PV
2022,31,32,Yucatán,Espita,PV
2022,31,33,Yucatán,Halachó,OI
2022,31,33,Yucatán,Halachó,PV
2022,31,34,Yucatán,Hocabá,PV
2022,31,35,Yucatán,Hoctún,PV
2022,31,36,Yucatán,Homún,PV
2022,31,37,Yucatán,Huhí,PV
2022,31,38,Yucatán,Hunucmá,PV
2022,31,39,Yucatán,Ixil,PV
2022,31,40,Yucatán,Izamal,PV
2022,31,41,Yucatán,Kanasín,PV
2022,31,42,Yucatán,Kantunil,PV
2022,31,44,Yucatán,Kinchil,PV
2022,31,45,Yucatán,Kopomá,PV
2022,31,46,Yucatán,Mama,PV
2022,31,47,Yucatán,Maní,OI
2022,31,47,Yucatán,Maní,PV
2022,31,48,Yucatán,Maxcanú,PV
2022,31,49,Yucatán,Mayapán,PV
2022,31,54,Yucatán,Muxupip,PV
2022,31,55,Yucatán,Opichén,OI
2022,31,55,Yucatán,Opichén,PV
2022,31,57,Yucatán,Panabá,PV
2022,31,60,Yucatán,Quintana Roo,PV
2022,31,62,Yucatán,Sacalum,OI
2022,31,62,Yucatán,Sacalum,PV
2022,31,63,Yucatán,Samahil,PV
2022,31,64,Yucatán,Sanahcat,PV
2022,31,65,Yucatán,San Felipe,PV
2022,31,66,Yucatán,Santa Elena,OI
2022,31,66,Yucatán,Santa Elena,PV
2022,31,67,Yucatán,Seyé,PV
2022,31,68,Yucatán,Sinanché,PV
2022,31,69,Yucatán,Sotuta,PV
2022,31,70,Yucatán,Sucilá,OI
2022,31,70,Yucatán,Sucilá,PV
2022,31,71,Yucatán,Sudzal,PV
2022,31,72,Yucatán,Suma,PV
2022,31,73,Yucatán,Tahdziú,PV
2022,31,74,Yucatán,Tahmek,PV
2022,31,75,Yucatán,Teabo,PV
2022,31,76,Yucatán,Tecoh,PV
2022,31,77,Yucatán,Tekal de Venegas,PV
2022,31,78,Yucatán,Tekantó,PV
2022,31,80,Yucatán,Tekit,PV
2022,31,81,Yucatán,Tekom,PV
2022,31,82,Yucatán,Telchac Pueblo,PV
2022,31,83,Yucatán,Telchac Puerto,PV
2022,31,84,Yucatán,Temax,PV
2022,31,85,Yucatán,Temozón,PV
2022,31,86,Yucatán,Tepakán,PV
2022,31,87,Yucatán,Tetiz,PV
2022,31,88,Yucatán,Teya,PV
2022,31,90,Yucatán,Timucuy,PV
2022,31,91,Yucatán,Tinum,PV
2022,31,92,Yucatán,Tixcacalcupul,PV
2022,31,93,Yucatán,Tixkokob,PV
2022,31,94,Yucatán,Tixmehuac,PV
2022,31,95,Yucatán,Tixpéhual,PV
2022,31,97,Yucatán,Tunkás,PV
2022,31,99,Yucatán,Uayma,PV
2022,31,100,Yucatán,Ucú,PV
2022,31,101,Yucatán,Umán,PV
2022,31,103,Yucatán,Xocchel,PV
2022,31,104,Yucatán,Yaxcabá,PV
2022,31,105,Yucatán,Yaxkukul,PV
2022,31,106,Yucatán,Yobaín,PV
2022,32,1,Zacatecas,Apozol,OI
2022,32,1,Zacatecas,Apozol,PV
2022,32,2,Zacatecas,Apulco,OI
2022,32,2,Zacatecas,Apulco,PV
2022,32,4,Zacatecas,Benito Juárez,PV
2022,32,11,Zacatecas,Trinidad García de La Cadena,PV
2022,32,13,Zacatecas,General Enrique Estrada,PV
2022,32,21,Zacatecas,Jiménez del Teul,PV
2022,32,27,Zacatecas,Melchor Ocampo,PV
2022,32,30,Zacatecas,Momax,PV
2022,32,33,Zacatecas,Moyahua de Estrada,OI
2022,32,33,Zacatecas,Moyahua de Estrada,PV
2022,32,35,Zacatecas,Noria de Ángeles,PV
2022,32,37,Zacatecas,Pánuco,PV
2022,32,41,Zacatecas,El Salvador,PV
2022,32,50,Zacatecas,Vetagrande,PV
2022,32,52,Zacatecas,Villa García,PV
2022,32,57,Zacatecas,Trancoso,PV
2022,32,58,Zacatecas,Santa María de La Paz,PV
2023,1,5,Aguascalientes,Jesús María,PV
2023,1,11,Aguascalientes,San Francisco de Los Romo,PV
2023,4,1,Campeche,Calkiní,OI
2023,4,1,Campeche,Calkiní,PV
2023,4,8,Campeche,Tenabo,OI
2023,4,8,Campeche,Tenabo,PV
2023,4,12,Campeche,Seybaplaya,PV
2023,4,13,Campeche,Dzitbalché,OI
2023,4,13,Campeche,Dzitbalché,PV
2023,5,1,Coahuila,Abasolo,PV
2023,5,4,Coahuila,Arteaga,PV
2023,5,6,Coahuila,Castaños,PV
2023,5,8,Coahuila,Escobedo,PV
2023,5,11,Coahuila,General Cepeda,PV
2023,5,12,Coahuila,Guerrero,PV
2023,5,13,Coahuila,Hidalgo,PV
2023,5,16,Coahuila,Lamadrid,PV
2023,5,19,Coahuila,Morelos,PV
2023,5,21,Coahuila,Nadadores,PV
2023,5,23,Coahuila,Ocampo,PV
2023,5,24,Coahuila,Parras,PV
2023,5,29,Coahuila,Sacramento,PV
2023,5,31,Coahuila,San Buenaventura,PV
2023,5,36,Coahuila,Viesca,PV
2023,5,37,Coahuila,Villa Unión,PV
2023,6,6,Colima,Ixtlahuacán,PV
2023,6,8,Colima,Minatitlán,OI
2023,6,8,Colima,Minatitlán,PV
2023,6,10,Colima,Villa de Álvarez,OI
2023,6,10,Colima,Villa de Álvarez,PV
2023,7,6,Chiapas,Amatenango de La Frontera,PV
2023,7,7,Chiapas,Amatenango del Valle,PV
2023,7,10,Chiapas,Bejucal de Ocampo,PV
2023,7,11,Chiapas,Bella Vista,PV
2023,7,12,Chiapas,Berriozábal,PV
2023,7,16,Chiapas,Catazajá,OI
2023,7,18,Chiapas,Coapilla,PV
2023,7,21,Chiapas,Copainalá,OI
2023,7,21,Chiapas,Copainalá,PV
2023,7,22,Chiapas,Chalchihuitán,PV
2023,7,23,Chiapas,Chamula,PV
2023,7,24,Chiapas,Chanal,PV
2023,7,25,Chiapas,Chapultenango,PV
2023,7,26,Chiapas,Chenalhó,OI
2023,7,26,Chiapas,Chenalhó,PV
2023,7,28,Chiapas,Chiapilla,PV
2023,7,31,Chiapas,Chilón,PV
2023,7,33,Chiapas,Francisco León,OI
2023,7,33,Chiapas,Francisco León,PV
2023,7,35,Chiapas,Frontera Hidalgo,OI
2023,7,35,Chiapas,Frontera Hidalgo,PV
2023,7,36,Chiapas,La Grandeza,PV
2023,7,38,Chiapas,Huixtán,PV
2023,7,39,Chiapas,Huitiupán,PV
2023,7,41,Chiapas,La Independencia,OI
2023,7,41,Chiapas,La Independencia,PV
2023,7,42,Chiapas,Ixhuatán,OI
2023,7,42,Chiapas,Ixhuatán,PV
2023,7,43,Chiapas,Ixtacomitán,OI
2023,7,43,Chiapas,Ixtacomitán,PV
2023,7,44,Chiapas,Ixtapa,PV
2023,7,45,Chiapas,Ixtapangajoya,OI
2023,7,45,Chiapas,Ixtapangajoya,PV
2023,7,47,Chiapas,Jitotol,OI
2023,7,47,Chiapas,Jitotol,PV
2023,7,48,Chiapas,Juárez,OI
2023,7,48,Chiapas,Juárez,PV
2023,7,50,Chiapas,La Libertad,OI
2023,7,50,Chiapas,La Libertad,PV
2023,7,53,Chiapas,Mazapa de Madero,PV
2023,7,54,Chiapas,Mazatán,OI
2023,7,54,Chiapas,Mazatán,PV
2023,7,55,Chiapas,Metapa,OI
2023,7,55,Chiapas,Metapa,PV
2023,7,56,Chiapas,Mitontic,OI
2023,7,56,Chiapas,Mitontic,PV
2023,7,58,Chiapas,Nicolás Ruíz,PV
2023,7,64,Chiapas,Oxchuc,PV
2023,7,66,Chiapas,Pantelhó,OI
2023,7,66,Chiapas,Pantelhó,PV
2023,7,67,Chiapas,Pantepec,OI
2023,7,67,Chiapas,Pantepec,PV
2023,7,69,Chiapas,Pijijiapan,OI
2023,7,70,Chiapas,El Porvenir,PV
2023,7,73,Chiapas,Rayón,OI
2023,7,73,Chiapas,Rayón,PV
2023,7,74,Chiapas,Reforma,PV
2023,7,75,Chiapas,Las Rosas,OI
2023,7,75,Chiapas,Las Rosas,PV
2023,7,76,Chiapas,Sabanilla,PV
2023,7,79,Chiapas,San Fernando,PV
2023,7,81,Chiapas,Simojovel,OI
2023,7,81,Chiapas,Simojovel,PV
2023,7,82,Chiapas,Sitalá,OI
2023,7,82,Chiapas,Sitalá,PV
2023,7,83,Chiapas,Socoltenango,OI
2023,7,83,Chiapas,Socoltenango,PV
2023,7,88,Chiapas,Sunuapa,PV
2023,7,90,Chiapas,Tapalapa,OI
2023,7,90,Chiapas,Tapalapa,PV
2023,7,91,Chiapas,Tapilula,PV
2023,7,93,Chiapas,Tenejapa,OI
2023,7,93,Chiapas,Tenejapa,PV
2023,7,94,Chiapas,Teopisca,PV
2023,7,96,Chiapas,Tila,PV
2023,7,98,Chiapas,Totolapa,OI
2023,7,98,Chiapas,Totolapa,PV
2023,7,100,Chiapas,Tumbalá,OI
2023,7,100,Chiapas,Tumbalá,PV
2023,7,104,Chiapas,Tzimol,OI
2023,7,104,Chiapas,Tzimol,PV
2023,7,105,Chiapas,Unión Juárez,PV
2023,7,109,Chiapas,Yajalón,OI
2023,7,109,Chiapas,Yajalón,PV
2023,7,110,Chiapas,San Lucas,OI
2023,7,110,Chiapas,San Lucas,PV
2023,7,111,Chiapas,Zinacantán,PV
2023,7,112,Chiapas,San Juan Cancuc,OI
2023,7,112,Chiapas,San Juan Cancuc,PV
2023,7,113,Chiapas,Aldama,PV
2023,7,114,Chiapas,Benemérito de Las Américas,OI
2023,7,114,Chiapas,Benemérito de Las Américas,PV
2023,7,115,Chiapas,Maravilla Tenejapa,OI
2023,7,115,Chiapas,Maravilla Tenejapa,PV
2023,7,116,Chiapas,Marqués de Comillas,PV
2023,7,117,Chiapas,Montecristo de Guerrero,PV
2023,7,118,Chiapas,San Andrés Duraznal,OI
2023,7,118,Chiapas,San Andrés Duraznal,PV
2023,7,119,Chiapas,Santiago El Pinar,PV
2023,7,120,Chiapas,Capitán Luis Ángel Vidal,PV
2023,7,121,Chiapas,Rincón Chamula San Pedro,OI
2023,7,121,Chiapas,Rincón Chamula San Pedro,PV
2023,7,122,Chiapas,El Parral,OI
2023,7,122,Chiapas,El Parral,PV
2023,7,125,Chiapas,Honduras de la Sierra,PV
2023,8,3,Chihuahua,Allende,PV
2023,8,5,Chihuahua,Ascensión,PV
2023,8,12,Chihuahua,Carichí,PV
2023,8,13,Chihuahua,Casas Grandes,PV
2023,8,18,Chihuahua,Cusihuiriachi,PV
2023,8,22,Chihuahua,Dr. Belisario Domínguez,PV
2023,8,23,Chihuahua,Galeana,PV
2023,8,25,Chihuahua,Gómez Farías,PV
2023,8,26,Chihuahua,Gran Morelos,PV
2023,8,30,Chihuahua,Guazapares,PV
2023,8,33,Chihuahua,Huejotitán,PV
2023,8,34,Chihuahua,Ignacio Zaragoza,PV
2023,8,44,Chihuahua,Matamoros,PV
2023,8,46,Chihuahua,Morelos,OI
2023,8,46,Chihuahua,Morelos,PV
2023,8,48,Chihuahua,Namiquipa,PV
2023,8,49,Chihuahua,Nonoava,PV
2023,8,51,Chihuahua,Ocampo,PV
2023,8,54,Chihuahua,Riva Palacio,PV
2023,8,56,Chihuahua,Rosario,PV
2023,8,57,Chihuahua,San Francisco de Borja,PV
2023,8,60,Chihuahua,Santa Bárbara,PV
2023,8,61,Chihuahua,Satevó,PV
2023,8,64,Chihuahua,El Tule,PV
2023,8,66,Chihuahua,Uruachi,PV
2023,10,2,Durango,Canelas,OI
2023,10,2,Durango,Canelas,PV
2023,10,3,Durango,Coneto de Comonfort,PV
2023,10,6,Durango,General Simón Bolívar,PV
2023,10,14,Durango,Mezquital,PV
2023,10,16,Durango,Nombre de Dios,PV
2023,10,19,Durango,Otáez,PV
2023,10,20,Durango,Pánuco de Coronado,PV
2023,10,21,Durango,Peñón Blanco,PV
2023,10,23,Durango,Pueblo Nuevo,PV
2023,10,28,Durango,San Juan del Río,PV
2023,10,29,Durango,San Luis del Cordero,PV
2023,11,9,Guanajuato,Comonfort,PV
2023,11,13,Guanajuato,Doctor Mora,PV
2023,11,16,Guanajuato,Huanímaro,PV
2023,11,21,Guanajuato,Moroleón,PV
2023,11,24,Guanajuato,Pueblo Nuevo,PV
2023,11,29,Guanajuato,San Diego de La Unión,PV
2023,11,32,Guanajuato,San José Iturbide,PV
2023,11,34,Guanajuato,Santa Catarina,PV
2023,11,35,Guanajuato,Santa Cruz de Juventino Rosas,PV
2023,11,36,Guanajuato,Santiago Maravatío,PV
2023,11,38,Guanajuato,Tarandacuao,OI
2023,11,38,Guanajuato,Tarandacuao,PV
2023,11,39,Guanajuato,Tarimoro,PV
2023,11,40,Guanajuato,Tierra Blanca,PV
2023,11,41,Guanajuato,Uriangato,PV
2023,11,43,Guanajuato,Victoria,PV
2023,11,44,Guanajuato,Villagrán,PV
2023,12,4,Guerrero,Alcozauca de Guerrero,OI
2023,12,4,Guerrero,Alcozauca de Guerrero,PV
2023,12,6,Guerrero,Apaxtla,PV
2023,12,8,Guerrero,Atenango del Río,PV
2023,12,9,Guerrero,Atlamajalcingo del Monte,PV
2023,12,10,Guerrero,Atlixtac,OI
2023,12,10,Guerrero,Atlixtac,PV
2023,12,13,Guerrero,Azoyú,OI
2023,12,13,Guerrero,Azoyú,PV
2023,12,16,Guerrero,Coahuayutla de José María Izazaga,PV
2023,12,19,Guerrero,Copalillo,OI
2023,12,19,Guerrero,Copalillo,PV
2023,12,20,Guerrero,Copanatoyac,OI
2023,12,20,Guerrero,Copanatoyac,PV
2023,12,22,Guerrero,Coyuca de Catalán,PV
2023,12,24,Guerrero,Cualác,PV
2023,12,25,Guerrero,Cuautepec,OI
2023,12,25,Guerrero,Cuautepec,PV
2023,12,26,Guerrero,Cuetzala del Progreso,OI
2023,12,26,Guerrero,Cuetzala del Progreso,PV
2023,12,30,Guerrero,Florencio Villarreal,OI
2023,12,30,Guerrero,Florencio Villarreal,PV
2023,12,31,Guerrero,General Canuto A. Neri,PV
2023,12,33,Guerrero,Huamuxtitlán,OI
2023,12,33,Guerrero,Huamuxtitlán,PV
2023,12,37,Guerrero,Ixcateopan de Cuauhtémoc,PV
2023,12,41,Guerrero,Malinaltepec,OI
2023,12,41,Guerrero,Malinaltepec,PV
2023,12,42,Guerrero,Mártir de Cuilapan,PV
2023,12,43,Guerrero,Metlatónoc,OI
2023,12,43,Guerrero,Metlatónoc,PV
2023,12,47,Guerrero,Pedro Ascencio Alquisiras,PV
2023,12,49,Guerrero,Pilcaya,OI
2023,12,49,Guerrero,Pilcaya,PV
2023,12,51,Guerrero,Quechultenango,OI
2023,12,51,Guerrero,Quechultenango,PV
2023,12,52,Guerrero,San Luis Acatlán,OI
2023,12,52,Guerrero,San Luis Acatlán,PV
2023,12,54,Guerrero,San Miguel Totolapan,OI
2023,12,54,Guerrero,San Miguel Totolapan,PV
2023,12,56,Guerrero,Tecoanapa,OI
2023,12,56,Guerrero,Tecoanapa,PV
2023,12,58,Guerrero,Teloloapan,OI
2023,12,58,Guerrero,Teloloapan,PV
2023,12,60,Guerrero,Tetipac,OI
2023,12,60,Guerrero,Tetipac,PV
2023,12,62,Guerrero,Tlacoachistlahuaca,OI
2023,12,62,Guerrero,Tlacoachistlahuaca,PV
2023,12,63,Guerrero,Tlacoapa,OI
2023,12,63,Guerrero,Tlacoapa,PV
2023,12,64,Guerrero,Tlalchapa,OI
2023,12,64,Guerrero,Tlalchapa,PV
2023,12,65,Guerrero,Tlalixtaquilla de Maldonado,OI
2023,12,65,Guerrero,Tlalixtaquilla de Maldonado,PV
2023,12,67,Guerrero,Tlapehuala,OI
2023,12,67,Guerrero,Tlapehuala,PV
2023,12,69,Guerrero,Xalpatláhuac,OI
2023,12,69,Guerrero,Xalpatláhuac,PV
2023,12,71,Guerrero,Xochistlahuaca,OI
2023,12,71,Guerrero,Xochistlahuaca,PV
2023,12,72,Guerrero,Zapotitlán Tablas,OI
2023,12,72,Guerrero,Zapotitlán Tablas,PV
2023,12,74,Guerrero,Zitlala,OI
2023,12,74,Guerrero,Zitlala,PV
2023,12,75,Guerrero,Eduardo Neri,PV
2023,12,76,Guerrero,Acatepec,OI
2023,12,76,Guerrero,Acatepec,PV
2023,12,77,Guerrero,Marquelia,OI
2023,12,77,Guerrero,Marquelia,PV
2023,12,78,Guerrero,Cochoapa El Grande,OI
2023,12,78,Guerrero,Cochoapa El Grande,PV
2023,12,79,Guerrero,José Joaquín de Herrera,PV
2023,12,80,Guerrero,Juchitán,OI
2023,12,80,Guerrero,Juchitán,PV
2023,12,81,Guerrero,Iliatenco,PV
2023,13,1,Hidalgo,Acatlán,PV
2023,13,4,Hidalgo,Agua Blanca de Iturbide,PV
2023,13,5,Hidalgo,Ajacuba,PV
2023,13,7,Hidalgo,Almoloya,PV
2023,13,9,Hidalgo,El Arenal,PV
2023,13,10,Hidalgo,Atitalaquia,PV
2023,13,12,Hidalgo,Atotonilco El Grande,PV
2023,13,14,Hidalgo,Calnali,OI
2023,13,14,Hidalgo,Calnali,PV
2023,13,15,Hidalgo,Cardonal,PV
2023,13,17,Hidalgo,Chapantongo,PV
2023,13,18,Hidalgo,Chapulhuacán,OI
2023,13,18,Hidalgo,Chapulhuacán,PV
2023,13,20,Hidalgo,Eloxochitlán,OI
2023,13,20,Hidalgo,Eloxochitlán,PV
2023,13,21,Hidalgo,Emiliano Zapata,PV
2023,13,22,Hidalgo,Epazoyucan,PV
2023,13,23,Hidalgo,Francisco I. Madero,PV
2023,13,24,Hidalgo,Huasca de Ocampo,PV
2023,13,26,Hidalgo,Huazalingo,OI
2023,13,26,Hidalgo,Huazalingo,PV
2023,13,31,Hidalgo,Jacala de Ledezma,OI
2023,13,31,Hidalgo,Jacala de Ledezma,PV
2023,13,32,Hidalgo,Jaltocán,OI
2023,13,32,Hidalgo,Jaltocán,PV
2023,13,33,Hidalgo,Juárez Hidalgo,PV
2023,13,34,Hidalgo,Lolotla,OI
2023,13,34,Hidalgo,Lolotla,PV
2023,13,35,Hidalgo,Metepec,PV
2023,13,36,Hidalgo,San Agustín Metzquititlán,OI
2023,13,36,Hidalgo,San Agustín Metzquititlán,PV
2023,13,39,Hidalgo,Mineral del Monte,PV
2023,13,40,Hidalgo,La Misión,PV
2023,13,42,Hidalgo,Molango de Escamilla,OI
2023,13,42,Hidalgo,Molango de Escamilla,PV
2023,13,43,Hidalgo,Nicolás Flores,OI
2023,13,43,Hidalgo,Nicolás Flores,PV
2023,13,44,Hidalgo,Nopala de Villagrán,PV
2023,13,45,Hidalgo,Omitlán de Juárez,PV
2023,13,47,Hidalgo,Pacula,OI
2023,13,47,Hidalgo,Pacula,PV
2023,13,49,Hidalgo,Pisaflores,PV
2023,13,50,Hidalgo,Progreso de Obregón,PV
2023,13,51,Hidalgo,Mineral de La Reforma,PV
2023,13,52,Hidalgo,San Agustín Tlaxiaca,PV
2023,13,53,Hidalgo,San Bartolo Tutotepec,OI
2023,13,53,Hidalgo,San Bartolo Tutotepec,PV
2023,13,54,Hidalgo,San Salvador,PV
2023,13,55,Hidalgo,Santiago de Anaya,PV
2023,13,56,Hidalgo,Santiago Tulantepec de Lugo Guerrero,PV
2023,13,57,Hidalgo,Singuilucan,PV
2023,13,59,Hidalgo,Tecozautla,OI
2023,13,59,Hidalgo,Tecozautla,PV
2023,13,60,Hidalgo,Tenango de Doria,OI
2023,13,60,Hidalgo,Tenango de Doria,PV
2023,13,61,Hidalgo,Tepeapulco,PV
2023,13,62,Hidalgo,Tepehuacán de Guerrero,OI
2023,13,62,Hidalgo,Tepehuacán de Guerrero,PV
2023,13,63,Hidalgo,Tepeji del Río de Ocampo,PV
2023,13,65,Hidalgo,Tetepango,PV
2023,13,66,Hidalgo,Villa de Tezontepec,PV
2023,13,67,Hidalgo,Tezontepec de Aldama,PV
2023,13,68,Hidalgo,Tianguistengo,OI
2023,13,68,Hidalgo,Tianguistengo,PV
2023,13,69,Hidalgo,Tizayuca,PV
2023,13,70,Hidalgo,Tlahuelilpan,PV
2023,13,71,Hidalgo,Tlahuiltepa,OI
2023,13,71,Hidalgo,Tlahuiltepa,PV
2023,13,72,Hidalgo,Tlanalapa,PV
2023,13,74,Hidalgo,Tlaxcoapan,PV
2023,13,75,Hidalgo,Tolcayuca,PV
2023,13,78,Hidalgo,Xochiatipan,OI
2023,13,78,Hidalgo,Xochiatipan,PV
2023,13,79,Hidalgo,Xochicoatlán,OI
2023,13,79,Hidalgo,Xochicoatlán,PV
2023,13,80,Hidalgo,Yahualica,OI
2023,13,80,Hidalgo,Yahualica,PV
2023,13,82,Hidalgo,Zapotlán de Juárez,PV
2023,13,83,Hidalgo,Zempoala,PV
2023,14,1,Jalisco,Acatic,PV
2023,14,3,Jalisco,Ahualulco de Mercado,PV
2023,14,4,Jalisco,Amacueca,OI
2023,14,4,Jalisco,Amacueca,PV
2023,14,7,Jalisco,San Juanito de Escobedo,PV
2023,14,8,Jalisco,Arandas,PV
2023,14,9,Jalisco,El Arenal,PV
2023,14,10,Jalisco,Atemajac de Brizuela,PV
2023,14,11,Jalisco,Atengo,PV
2023,14,13,Jalisco,Atotonilco El Alto,PV
2023,14,14,Jalisco,Atoyac,OI
2023,14,14,Jalisco,Atoyac,PV
2023,14,18,Jalisco,La Barca,PV
2023,14,20,Jalisco,Cabo Corrientes,OI
2023,14,20,Jalisco,Cabo Corrientes,PV
2023,14,24,Jalisco,Cocula,PV
2023,14,26,Jalisco,Concepción de Buenos Aires,PV
2023,14,28,Jalisco,Cuautla,PV
2023,14,29,Jalisco,Cuquío,PV
2023,14,31,Jalisco,Chimaltitán,OI
2023,14,32,Jalisco,Chiquilistlán,PV
2023,14,35,Jalisco,Encarnación de Díaz,PV
2023,14,36,Jalisco,Etzatlán,PV
2023,14,38,Jalisco,Guachinango,OI
2023,14,38,Jalisco,Guachinango,PV
2023,14,42,Jalisco,Huejuquilla El Alto,PV
2023,14,43,Jalisco,La Huerta,OI
2023,14,43,Jalisco,La Huerta,PV
2023,14,44,Jalisco,Ixtlahuacán de Los Membrillos,PV
2023,14,45,Jalisco,Ixtlahuacán del Río,PV
2023,14,48,Jalisco,Jesús María,PV
2023,14,52,Jalisco,Juchitlán,PV
2023,14,54,Jalisco,El Limón,PV
2023,14,55,Jalisco,Magdalena,OI
2023,14,55,Jalisco,Magdalena,PV
2023,14,56,Jalisco,Santa María del Oro,PV
2023,14,57,Jalisco,La Manzanilla de la Paz,PV
2023,14,59,Jalisco,Mazamitla,PV
2023,14,60,Jalisco,Mexticacán,PV
2023,14,62,Jalisco,Mixtlán,PV
2023,14,64,Jalisco,Ojuelos de Jalisco,PV
2023,14,69,Jalisco,Quitupan,OI
2023,14,69,Jalisco,Quitupan,PV
2023,14,72,Jalisco,San Diego de Alejandría,PV
2023,14,73,Jalisco,San Juan de Los Lagos,PV
2023,14,74,Jalisco,San Julián,PV
2023,14,75,Jalisco,San Marcos,PV
2023,14,78,Jalisco,San Miguel El Alto,PV
2023,14,80,Jalisco,San Sebastián del Oeste,OI
2023,14,80,Jalisco,San Sebastián del Oeste,PV
2023,14,82,Jalisco,Sayula,PV
2023,14,84,Jalisco,Talpa de Allende,OI
2023,14,84,Jalisco,Talpa de Allende,PV
2023,14,85,Jalisco,Tamazula de Gordiano,OI
2023,14,85,Jalisco,Tamazula de Gordiano,PV
2023,14,86,Jalisco,Tapalpa,PV
2023,14,87,Jalisco,Tecalitlán,OI
2023,14,87,Jalisco,Tecalitlán,PV
2023,14,88,Jalisco,Tecolotlán,PV
2023,14,89,Jalisco,Techaluta de Montenegro,PV
2023,14,90,Jalisco,Tenamaxtlán,PV
2023,14,92,Jalisco,Teocuitatlán de Corona,PV
2023,14,93,Jalisco,Tepatitlán de Morelos,PV
2023,14,94,Jalisco,Tequila,OI
2023,14,94,Jalisco,Tequila,PV
2023,14,101,Jalisco,Tonalá,PV
2023,14,102,Jalisco,Tonaya,PV
2023,14,103,Jalisco,Tonila,PV
2023,14,104,Jalisco,Totatiche,PV
2023,14,105,Jalisco,Tototlán,PV
2023,14,106,Jalisco,Tuxcacuesco,PV
2023,14,109,Jalisco,Unión de San Antonio,PV
2023,14,111,Jalisco,Valle de Guadalupe,PV
2023,14,112,Jalisco,Valle de Juárez,PV
2023,14,113,Jalisco,San Gabriel,PV
2023,14,114,Jalisco,Villa Corona,PV
2023,14,115,Jalisco,Villa Guerrero,PV
2023,14,116,Jalisco,Villa Hidalgo,PV
2023,14,117,Jalisco,Cañadas de Obregón,PV
2023,14,118,Jalisco,Yahualica de González Gallo,PV
2023,14,119,Jalisco,Zacoalco de Torres,OI
2023,14,119,Jalisco,Zacoalco de Torres,PV
2023,14,121,Jalisco,Zapotiltic,PV
2023,14,122,Jalisco,Zapotitlán de Vadillo,OI
2023,14,122,Jalisco,Zapotitlán de Vadillo,PV
2023,14,123,Jalisco,Zapotlán del Rey,PV
2023,15,1,México,Acambay de Ruíz Castañeda,PV
2023,15,4,México,Almoloya de Alquisiras,OI
2023,15,4,México,Almoloya de Alquisiras,PV
2023,15,6,México,Almoloya del Río,PV
2023,15,7,México,Amanalco,PV
2023,15,8,México,Amatepec,PV
2023,15,10,México,Apaxco,PV
2023,15,12,México,Atizapán,PV
2023,15,15,México,Atlautla,PV
2023,15,16,México,Axapusco,PV
2023,15,17,México,Ayapango,PV
2023,15,18,México,Calimaya,PV
2023,15,19,México,Capulhuac,PV
2023,15,21,México,Coatepec Harinas,OI
2023,15,21,México,Coatepec Harinas,PV
2023,15,22,México,Cocotitlán,PV
2023,15,23,México,Coyotepec,PV
2023,15,24,México,Cuautitlán,PV
2023,15,26,México,Chapa de Mota,PV
2023,15,27,México,Chapultepec,PV
2023,15,28,México,Chiautla,PV
2023,15,29,México,Chicoloapan,PV
2023,15,30,México,Chiconcuac,PV
2023,15,31,México,Chimalhuacán,PV
2023,15,34,México,Ecatzingo,PV
2023,15,35,México,Huehuetoca,PV
2023,15,36,México,Hueypoxtla,PV
2023,15,40,México,Ixtapan de La Sal,OI
2023,15,40,México,Ixtapan de La Sal,PV
2023,15,41,México,Ixtapan del Oro,OI
2023,15,41,México,Ixtapan del Oro,PV
2023,15,43,México,Xalatlaco,PV
2023,15,44,México,Jaltenco,PV
2023,15,46,México,Jilotzingo,PV
2023,15,47,México,Jiquipilco,PV
2023,15,48,México,Jocotitlán,PV
2023,15,49,México,Joquicingo,PV
2023,15,50,México,Juchitepec,PV
2023,15,51,México,Lerma,PV
2023,15,53,México,Melchor Ocampo,PV
2023,15,54,México,Metepec,PV
2023,15,56,México,Morelos,PV
2023,15,59,México,Nextlalpan,PV
2023,15,60,México,Nicolás Romero,PV
2023,15,61,México,Nopaltepec,PV
2023,15,64,México,El Oro,PV
2023,15,65,México,Otumba,PV
2023,15,66,México,Otzoloapan,PV
2023,15,67,México,Otzolotepec,PV
2023,15,68,México,Ozumba,PV
2023,15,69,México,Papalotla,PV
2023,15,70,México,La Paz,PV
2023,15,71,México,Polotitlán,PV
2023,15,72,México,Rayón,PV
2023,15,73,México,San Antonio La Isla,PV
2023,15,75,México,San Martín de Las Pirámides,PV
2023,15,76,México,San Mateo Atenco,PV
2023,15,77,México,San Simón de Guerrero,OI
2023,15,77,México,San Simón de Guerrero,PV
2023,15,79,México,Soyaniquilpan de Juárez,PV
2023,15,80,México,Sultepec,OI
2023,15,80,México,Sultepec,PV
2023,15,82,México,Tejupilco,OI
2023,15,82,México,Tejupilco,PV
2023,15,84,México,Temascalapa,PV
2023,15,85,México,Temascalcingo,PV
2023,15,88,México,Tenancingo,PV
2023,15,89,México,Tenango del Aire,PV
2023,15,92,México,Teotihuacán,PV
2023,15,93,México,Tepetlaoxtoc,PV
2023,15,94,México,Tepetlixpa,PV
2023,15,98,México,Texcalyacac,PV
2023,15,103,México,Tlalmanalco,PV
2023,15,105,México,Tlatlaya,OI
2023,15,105,México,Tlatlaya,PV
2023,15,107,México,Tonatico,OI
2023,15,107,México,Tonatico,PV
2023,15,108,México,Tultepec,PV
2023,15,115,México,Xonacatlán,PV
2023,15,116,México,Zacazonapan,PV
2023,15,117,México,Zacualpan,PV
2023,15,119,México,Zumpahuacán,OI
2023,15,119,México,Zumpahuacán,PV
2023,15,122,México,Valle de Chalco Solidaridad,PV
2023,15,123,México,Luvianos,PV
2023,15,124,México,San José del Rincón,PV
2023,15,125,México,Tonanitla,PV
2023,16,1,Michoacán,Acuitzio,PV
2023,16,2,Michoacán,Aguililla,OI
2023,16,2,Michoacán,Aguililla,PV
2023,16,5,Michoacán,Angangueo,PV
2023,16,7,Michoacán,Aporo,PV
2023,16,8,Michoacán,Aquila,OI
2023,16,8,Michoacán,Aquila,PV
2023,16,9,Michoacán,Ario,OI
2023,16,9,Michoacán,Ario,PV
2023,16,12,Michoacán,Buenavista,OI
2023,16,12,Michoacán,Buenavista,PV
2023,16,13,Michoacán,Carácuaro,OI
2023,16,13,Michoacán,Carácuaro,PV
2023,16,14,Michoacán,Coahuayana,OI
2023,16,14,Michoacán,Coahuayana,PV
2023,16,15,Michoacán,Coalcomán de Vázquez Pallares,OI
2023,16,15,Michoacán,Coalcomán de Vázquez Pallares,PV
2023,16,16,Michoacán,Coeneo,PV
2023,16,18,Michoacán,Copándaro,OI
2023,16,18,Michoacán,Copándaro,PV
2023,16,20,Michoacán,Cuitzeo,PV
2023,16,21,Michoacán,Charapan,PV
2023,16,22,Michoacán,Charo,PV
2023,16,23,Michoacán,Chavinda,PV
2023,16,24,Michoacán,Cherán,PV
2023,16,25,Michoacán,Chilchota,PV
2023,16,26,Michoacán,Chinicuila,OI
2023,16,26,Michoacán,Chinicuila,PV
2023,16,27,Michoacán,Chucándiro,OI
2023,16,27,Michoacán,Chucándiro,PV
2023,16,28,Michoacán,Churintzio,PV
2023,16,29,Michoacán,Churumuco,OI
2023,16,29,Michoacán,Churumuco,PV
2023,16,30,Michoacán,Ecuandureo,PV
2023,16,31,Michoacán,Epitacio Huerta,PV
2023,16,32,Michoacán,Erongarícuaro,PV
2023,16,33,Michoacán,Gabriel Zamora,OI
2023,16,33,Michoacán,Gabriel Zamora,PV
2023,16,36,Michoacán,Huandacareo,OI
2023,16,36,Michoacán,Huandacareo,PV
2023,16,37,Michoacán,Huaniqueo,PV
2023,16,40,Michoacán,Indaparapeo,PV
2023,16,41,Michoacán,Irimbo,PV
2023,16,45,Michoacán,Jiquilpan,PV
2023,16,46,Michoacán,Juárez,PV
2023,16,47,Michoacán,Jungapeo,OI
2023,16,47,Michoacán,Jungapeo,PV
2023,16,48,Michoacán,Lagunillas,PV
2023,16,51,Michoacán,Marcos Castellanos,PV
2023,16,54,Michoacán,Morelos,PV
2023,16,55,Michoacán,Múgica,OI
2023,16,55,Michoacán,Múgica,PV
2023,16,56,Michoacán,Nahuatzen,PV
2023,16,57,Michoacán,Nocupétaro,OI
2023,16,57,Michoacán,Nocupétaro,PV
2023,16,58,Michoacán,Nuevo Parangaricutiro,PV
2023,16,59,Michoacán,Nuevo Urecho,OI
2023,16,59,Michoacán,Nuevo Urecho,PV
2023,16,62,Michoacán,Pajacuarán,PV
2023,16,63,Michoacán,Panindícuaro,PV
2023,16,64,Michoacán,Parácuaro,OI
2023,16,64,Michoacán,Parácuaro,PV
2023,16,65,Michoacán,Paracho,PV
2023,16,66,Michoacán,Pátzcuaro,PV
2023,16,68,Michoacán,Peribán,PV
2023,16,70,Michoacán,Purépero,PV
2023,16,71,Michoacán,Puruándiro,PV
2023,16,73,Michoacán,Quiroga,PV
2023,16,74,Michoacán,Cojumatlán de Régules,PV
2023,16,75,Michoacán,Los Reyes,PV
2023,16,77,Michoacán,San Lucas,OI
2023,16,77,Michoacán,San Lucas,PV
2023,16,78,Michoacán,Santa Ana Maya,OI
2023,16,78,Michoacán,Santa Ana Maya,PV
2023,16,79,Michoacán,Salvador Escalante,PV
2023,16,80,Michoacán,Senguio,PV
2023,16,81,Michoacán,Susupuato,OI
2023,16,81,Michoacán,Susupuato,PV
2023,16,82,Michoacán,Tacámbaro,PV
2023,16,83,Michoacán,Tancítaro,OI
2023,16,83,Michoacán,Tancítaro,PV
2023,16,84,Michoacán,Tangamandapio,PV
2023,16,86,Michoacán,Tanhuato,PV
2023,16,87,Michoacán,Taretan,PV
2023,16,88,Michoacán,Tarímbaro,PV
2023,16,90,Michoacán,Tingambato,PV
2023,16,91,Michoacán,Tingüindín,PV
2023,16,92,Michoacán,Tiquicheo de Nicolás Romero,OI
2023,16,92,Michoacán,Tiquicheo de Nicolás Romero,PV
2023,16,93,Michoacán,Tlalpujahua,PV
2023,16,95,Michoacán,Tocumbo,PV
2023,16,96,Michoacán,Tumbiscatío,OI
2023,16,96,Michoacán,Tumbiscatío,PV
2023,16,97,Michoacán,Turicato,OI
2023,16,97,Michoacán,Turicato,PV
2023,16,98,Michoacán,Tuxpan,OI
2023,16,98,Michoacán,Tuxpan,PV
2023,16,99,Michoacán,Tuzantla,OI
2023,16,99,Michoacán,Tuzantla,PV
2023,16,100,Michoacán,Tzintzuntzan,PV
2023,16,101,Michoacán,Tzitzio,PV
2023,16,111,Michoacán,Ziracuaretiro,PV
2023,17,10,Morelos,Jantetelco,PV
2023,17,22,Morelos,Tetela del Volcán,PV
2023,17,26,Morelos,Tlayacapan,PV
2023,17,34,Morelos,Coatetelco,OI
2023,18,2,Nayarit,Ahuacatlán,PV
2023,18,3,Nayarit,Amatlán de Cañas,PV
2023,18,4,Nayarit,Compostela,OI
2023,18,4,Nayarit,Compostela,PV
2023,18,5,Nayarit,Huajicori,PV
2023,18,7,Nayarit,Jala,PV
2023,18,13,Nayarit,San Pedro Lagunillas,OI
2023,18,13,Nayarit,San Pedro Lagunillas,PV
2023,18,14,Nayarit,Santa María del Oro,PV
2023,18,15,Nayarit,Santiago Ixcuintla,PV
2023,18,16,Nayarit,Tecuala,OI
2023,18,16,Nayarit,Tecuala,PV
2023,18,18,Nayarit,Tuxpan,OI
2023,18,18,Nayarit,Tuxpan,PV
2023,19,2,Nuevo León,Agualeguas,PV
2023,19,8,Nuevo León,Bustamante,PV
2023,19,14,Nuevo León,Doctor Arroyo,PV
2023,19,20,Nuevo León,General Bravo,OI
2023,19,20,Nuevo León,General Bravo,PV
2023,19,22,Nuevo León,General Terán,PV
2023,19,23,Nuevo León,General Treviño,PV
2023,19,32,Nuevo León,Lampazos de Naranjo,PV
2023,19,41,Nuevo León,Pesquería,OI
2023,19,41,Nuevo León,Pesquería,PV
2023,19,48,Nuevo León,Santa Catarina,PV
2023,19,50,Nuevo León,Vallecillo,PV
2023,19,51,Nuevo León,Villaldama,PV
2023,20,1,Oaxaca,Abejones,PV
2023,20,3,Oaxaca,Asunción Cacalotepec,OI
2023,20,3,Oaxaca,Asunción Cacalotepec,PV
2023,20,4,Oaxaca,Asunción Cuyotepeji,OI
2023,20,4,Oaxaca,Asunción Cuyotepeji,PV
2023,20,7,Oaxaca,Asunción Ocotlán,OI
2023,20,7,Oaxaca,Asunción Ocotlán,PV
2023,20,8,Oaxaca,Asunción Tlacolulita,OI
2023,20,8,Oaxaca,Asunción Tlacolulita,PV
2023,20,9,Oaxaca,Ayotzintepec,OI
2023,20,9,Oaxaca,Ayotzintepec,PV
2023,20,10,Oaxaca,El Barrio de la Soledad,OI
2023,20,10,Oaxaca,El Barrio de la Soledad,PV
2023,20,12,Oaxaca,Candelaria Loxicha,OI
2023,20,12,Oaxaca,Candelaria Loxicha,PV
2023,20,13,Oaxaca,Ciénega de Zimatlán,OI
2023,20,13,Oaxaca,Ciénega de Zimatlán,PV
2023,20,15,Oaxaca,Coatecas Altas,OI
2023,20,15,Oaxaca,Coatecas Altas,PV
2023,20,16,Oaxaca,Coicoyán de Las Flores,OI
2023,20,16,Oaxaca,Coicoyán de Las Flores,PV
2023,20,17,Oaxaca,La Compañía,OI
2023,20,17,Oaxaca,La Compañía,PV
2023,20,18,Oaxaca,Concepción Buenavista,PV
2023,20,19,Oaxaca,Concepción Pápalo,OI
2023,20,19,Oaxaca,Concepción Pápalo,PV
2023,20,20,Oaxaca,Constancia del Rosario,OI
2023,20,20,Oaxaca,Constancia del Rosario,PV
2023,20,21,Oaxaca,Cosolapa,OI
2023,20,21,Oaxaca,Cosolapa,PV
2023,20,23,Oaxaca,Cuilápam de Guerrero,OI
2023,20,23,Oaxaca,Cuilápam de Guerrero,PV
2023,20,24,Oaxaca,Cuyamecalco Villa de Zaragoza,PV
2023,20,25,Oaxaca,Chahuites,OI
2023,20,25,Oaxaca,Chahuites,PV
2023,20,26,Oaxaca,Chalcatongo de Hidalgo,PV
2023,20,27,Oaxaca,Chiquihuitlán de Benito Juárez,PV
2023,20,28,Oaxaca,Heroica Ciudad de Ejutla de Crespo,OI
2023,20,28,Oaxaca,Heroica Ciudad de Ejutla de Crespo,PV
2023,20,29,Oaxaca,Eloxochitlán de Flores Magón,PV
2023,20,30,Oaxaca,El Espinal,OI
2023,20,30,Oaxaca,El Espinal,PV
2023,20,31,Oaxaca,Tamazulápam del Espíritu Santo,OI
2023,20,31,Oaxaca,Tamazulápam del Espíritu Santo,PV
2023,20,32,Oaxaca,Fresnillo de Trujano,PV
2023,20,33,Oaxaca,Guadalupe Etla,OI
2023,20,33,Oaxaca,Guadalupe Etla,PV
2023,20,34,Oaxaca,Guadalupe de Ramírez,PV
2023,20,35,Oaxaca,Guelatao de Juárez,OI
2023,20,35,Oaxaca,Guelatao de Juárez,PV
2023,20,36,Oaxaca,Guevea de Humboldt,OI
2023,20,36,Oaxaca,Guevea de Humboldt,PV
2023,20,37,Oaxaca,Mesones Hidalgo,OI
2023,20,37,Oaxaca,Mesones Hidalgo,PV
2023,20,38,Oaxaca,Villa Hidalgo,OI
2023,20,38,Oaxaca,Villa Hidalgo,PV
2023,20,40,Oaxaca,Huautepec,PV
2023,20,41,Oaxaca,Huautla de Jiménez,OI
2023,20,41,Oaxaca,Huautla de Jiménez,PV
2023,20,42,Oaxaca,Ixtlán de Juárez,OI
2023,20,42,Oaxaca,Ixtlán de Juárez,PV
2023,20,44,Oaxaca,Loma Bonita,OI
2023,20,44,Oaxaca,Loma Bonita,PV
2023,20,45,Oaxaca,Magdalena Apasco,OI
2023,20,45,Oaxaca,Magdalena Apasco,PV
2023,20,46,Oaxaca,Magdalena Jaltepec,PV
2023,20,47,Oaxaca,Santa Magdalena Jicotlán,PV
2023,20,48,Oaxaca,Magdalena Mixtepec,OI
2023,20,48,Oaxaca,Magdalena Mixtepec,PV
2023,20,49,Oaxaca,Magdalena Ocotlán,OI
2023,20,49,Oaxaca,Magdalena Ocotlán,PV
2023,20,50,Oaxaca,Magdalena Peñasco,PV
2023,20,51,Oaxaca,Magdalena Teitipac,OI
2023,20,51,Oaxaca,Magdalena Teitipac,PV
2023,20,53,Oaxaca,Magdalena Tlacotepec,OI
2023,20,53,Oaxaca,Magdalena Tlacotepec,PV
2023,20,54,Oaxaca,Magdalena Zahuatlán,PV
2023,20,55,Oaxaca,Mariscala de Juárez,OI
2023,20,55,Oaxaca,Mariscala de Juárez,PV
2023,20,56,Oaxaca,Mártires de Tacubaya,OI
2023,20,56,Oaxaca,Mártires de Tacubaya,PV
2023,20,57,Oaxaca,Matías Romero Avendaño,OI
2023,20,57,Oaxaca,Matías Romero Avendaño,PV
2023,20,58,Oaxaca,Mazatlán Villa de Flores,OI
2023,20,58,Oaxaca,Mazatlán Villa de Flores,PV
2023,20,60,Oaxaca,Mixistlán de La Reforma,PV
2023,20,61,Oaxaca,Monjas,OI
2023,20,61,Oaxaca,Monjas,PV
2023,20,62,Oaxaca,Natividad,PV
2023,20,63,Oaxaca,Nazareno Etla,OI
2023,20,63,Oaxaca,Nazareno Etla,PV
2023,20,64,Oaxaca,Nejapa de Madero,OI
2023,20,64,Oaxaca,Nejapa de Madero,PV
2023,20,65,Oaxaca,Ixpantepec Nieves,PV
2023,20,66,Oaxaca,Santiago Niltepec,OI
2023,20,66,Oaxaca,Santiago Niltepec,PV
2023,20,68,Oaxaca,Ocotlán de Morelos,OI
2023,20,68,Oaxaca,Ocotlán de Morelos,PV
2023,20,69,Oaxaca,La Pe,OI
2023,20,69,Oaxaca,La Pe,PV
2023,20,70,Oaxaca,Pinotepa de Don Luis,OI
2023,20,70,Oaxaca,Pinotepa de Don Luis,PV
2023,20,71,Oaxaca,Pluma Hidalgo,PV
2023,20,72,Oaxaca,San José del Progreso,OI
2023,20,72,Oaxaca,San José del Progreso,PV
2023,20,74,Oaxaca,Santa Catarina Quioquitani,PV
2023,20,75,Oaxaca,Reforma de Pineda,OI
2023,20,75,Oaxaca,Reforma de Pineda,PV
2023,20,76,Oaxaca,La Reforma,OI
2023,20,76,Oaxaca,La Reforma,PV
2023,20,77,Oaxaca,Reyes Etla,OI
2023,20,77,Oaxaca,Reyes Etla,PV
2023,20,78,Oaxaca,Rojas de Cuauhtémoc,OI
2023,20,78,Oaxaca,Rojas de Cuauhtémoc,PV
2023,20,80,Oaxaca,San Agustín Amatengo,OI
2023,20,80,Oaxaca,San Agustín Amatengo,PV
2023,20,81,Oaxaca,San Agustín Atenango,OI
2023,20,81,Oaxaca,San Agustín Atenango,PV
2023,20,82,Oaxaca,San Agustín Chayuco,OI
2023,20,82,Oaxaca,San Agustín Chayuco,PV
2023,20,84,Oaxaca,San Agustín Etla,PV
2023,20,85,Oaxaca,San Agustín Loxicha,PV
2023,20,86,Oaxaca,San Agustín Tlacotepec,PV
2023,20,87,Oaxaca,San Agustín Yatareni,PV
2023,20,88,Oaxaca,San Andrés Cabecera Nueva,PV
2023,20,89,Oaxaca,San Andrés Dinicuiti,OI
2023,20,89,Oaxaca,San Andrés Dinicuiti,PV
2023,20,90,Oaxaca,San Andrés Huaxpaltepec,OI
2023,20,90,Oaxaca,San Andrés Huaxpaltepec,PV
2023,20,91,Oaxaca,San Andrés Huayápam,OI
2023,20,91,Oaxaca,San Andrés Huayápam,PV
2023,20,92,Oaxaca,San Andrés Ixtlahuaca,OI
2023,20,92,Oaxaca,San Andrés Ixtlahuaca,PV
2023,20,93,Oaxaca,San Andrés Lagunas,PV
2023,20,94,Oaxaca,San Andrés Nuxiño,OI
2023,20,94,Oaxaca,San Andrés Nuxiño,PV
2023,20,95,Oaxaca,San Andrés Paxtlán,PV
2023,20,96,Oaxaca,San Andrés Sinaxtla,PV
2023,20,97,Oaxaca,San Andrés Solaga,OI
2023,20,97,Oaxaca,San Andrés Solaga,PV
2023,20,98,Oaxaca,San Andrés Teotilálpam,OI
2023,20,98,Oaxaca,San Andrés Teotilálpam,PV
2023,20,99,Oaxaca,San Andrés Tepetlapa,PV
2023,20,100,Oaxaca,San Andrés Yaá,PV
2023,20,101,Oaxaca,San Andrés Zabache,OI
2023,20,101,Oaxaca,San Andrés Zabache,PV
2023,20,102,Oaxaca,San Andrés Zautla,OI
2023,20,102,Oaxaca,San Andrés Zautla,PV
2023,20,103,Oaxaca,San Antonino Castillo Velasco,OI
2023,20,103,Oaxaca,San Antonino Castillo Velasco,PV
2023,20,104,Oaxaca,San Antonino El Alto,OI
2023,20,104,Oaxaca,San Antonino El Alto,PV
2023,20,106,Oaxaca,San Antonio Acutla,PV
2023,20,107,Oaxaca,San Antonio de La Cal,OI
2023,20,107,Oaxaca,San Antonio de La Cal,PV
2023,20,108,Oaxaca,San Antonio Huitepec,OI
2023,20,108,Oaxaca,San Antonio Huitepec,PV
2023,20,109,Oaxaca,San Antonio Nanahuatípam,OI
2023,20,109,Oaxaca,San Antonio Nanahuatípam,PV
2023,20,110,Oaxaca,San Antonio Sinicahua,PV
2023,20,111,Oaxaca,San Antonio Tepetlapa,OI
2023,20,111,Oaxaca,San Antonio Tepetlapa,PV
2023,20,112,Oaxaca,San Baltazar Chichicápam,OI
2023,20,112,Oaxaca,San Baltazar Chichicápam,PV
2023,20,113,Oaxaca,San Baltazar Loxicha,OI
2023,20,113,Oaxaca,San Baltazar Loxicha,PV
2023,20,114,Oaxaca,San Baltazar Yatzachi El Bajo,PV
2023,20,115,Oaxaca,San Bartolo Coyotepec,OI
2023,20,115,Oaxaca,San Bartolo Coyotepec,PV
2023,20,116,Oaxaca,San Bartolomé Ayautla,OI
2023,20,116,Oaxaca,San Bartolomé Ayautla,PV
2023,20,117,Oaxaca,San Bartolomé Loxicha,OI
2023,20,117,Oaxaca,San Bartolomé Loxicha,PV
2023,20,118,Oaxaca,San Bartolomé Quialana,OI
2023,20,118,Oaxaca,San Bartolomé Quialana,PV
2023,20,119,Oaxaca,San Bartolomé Yucuañe,PV
2023,20,120,Oaxaca,San Bartolomé Zoogocho,PV
2023,20,121,Oaxaca,San Bartolo Soyaltepec,PV
2023,20,122,Oaxaca,San Bartolo Yautepec,PV
2023,20,123,Oaxaca,San Bernardo Mixtepec,OI
2023,20,123,Oaxaca,San Bernardo Mixtepec,PV
2023,20,124,Oaxaca,San Blas Atempa,PV
2023,20,125,Oaxaca,San Carlos Yautepec,OI
2023,20,125,Oaxaca,San Carlos Yautepec,PV
2023,20,126,Oaxaca,San Cristóbal Amatlán,OI
2023,20,126,Oaxaca,San Cristóbal Amatlán,PV
2023,20,127,Oaxaca,San Cristóbal Amoltepec,PV
2023,20,128,Oaxaca,San Cristóbal Lachirioag,OI
2023,20,128,Oaxaca,San Cristóbal Lachirioag,PV
2023,20,129,Oaxaca,San Cristóbal Suchixtlahuaca,PV
2023,20,130,Oaxaca,San Dionisio del Mar,PV
2023,20,131,Oaxaca,San Dionisio Ocotepec,OI
2023,20,131,Oaxaca,San Dionisio Ocotepec,PV
2023,20,132,Oaxaca,San Dionisio Ocotlán,OI
2023,20,132,Oaxaca,San Dionisio Ocotlán,PV
2023,20,133,Oaxaca,San Esteban Atatlahuca,PV
2023,20,135,Oaxaca,San Felipe Tejalápam,OI
2023,20,135,Oaxaca,San Felipe Tejalápam,PV
2023,20,137,Oaxaca,San Francisco Cahuacuá,OI
2023,20,137,Oaxaca,San Francisco Cahuacuá,PV
2023,20,138,Oaxaca,San Francisco Cajonos,PV
2023,20,139,Oaxaca,San Francisco Chapulapa,PV
2023,20,140,Oaxaca,San Francisco Chindúa,PV
2023,20,141,Oaxaca,San Francisco del Mar,OI
2023,20,141,Oaxaca,San Francisco del Mar,PV
2023,20,142,Oaxaca,San Francisco Huehuetlán,PV
2023,20,143,Oaxaca,San Francisco Ixhuatán,OI
2023,20,143,Oaxaca,San Francisco Ixhuatán,PV
2023,20,144,Oaxaca,San Francisco Jaltepetongo,PV
2023,20,145,Oaxaca,San Francisco Lachigoló,OI
2023,20,145,Oaxaca,San Francisco Lachigoló,PV
2023,20,146,Oaxaca,San Francisco Logueche,PV
2023,20,147,Oaxaca,San Francisco Nuxaño,PV
2023,20,148,Oaxaca,San Francisco Ozolotepec,PV
2023,20,149,Oaxaca,San Francisco Sola,OI
2023,20,149,Oaxaca,San Francisco Sola,PV
2023,20,150,Oaxaca,San Francisco Telixtlahuaca,OI
2023,20,150,Oaxaca,San Francisco Telixtlahuaca,PV
2023,20,151,Oaxaca,San Francisco Teopan,PV
2023,20,152,Oaxaca,San Francisco Tlapancingo,OI
2023,20,152,Oaxaca,San Francisco Tlapancingo,PV
2023,20,153,Oaxaca,San Gabriel Mixtepec,OI
2023,20,153,Oaxaca,San Gabriel Mixtepec,PV
2023,20,154,Oaxaca,San Ildefonso Amatlán,OI
2023,20,154,Oaxaca,San Ildefonso Amatlán,PV
2023,20,155,Oaxaca,San Ildefonso Sola,OI
2023,20,155,Oaxaca,San Ildefonso Sola,PV
2023,20,156,Oaxaca,San Ildefonso Villa Alta,OI
2023,20,156,Oaxaca,San Ildefonso Villa Alta,PV
2023,20,157,Oaxaca,San Jacinto Amilpas,OI
2023,20,157,Oaxaca,San Jacinto Amilpas,PV
2023,20,158,Oaxaca,San Jacinto Tlacotepec,OI
2023,20,158,Oaxaca,San Jacinto Tlacotepec,PV
2023,20,159,Oaxaca,San Jerónimo Coatlán,PV
2023,20,160,Oaxaca,San Jerónimo Silacayoapilla,PV
2023,20,161,Oaxaca,San Jerónimo Sosola,PV
2023,20,162,Oaxaca,San Jerónimo Taviche,PV
2023,20,163,Oaxaca,San Jerónimo Tecóatl,PV
2023,20,164,Oaxaca,San Jorge Nuchita,OI
2023,20,164,Oaxaca,San Jorge Nuchita,PV
2023,20,165,Oaxaca,San José Ayuquila,PV
2023,20,166,Oaxaca,San José Chiltepec,OI
2023,20,166,Oaxaca,San José Chiltepec,PV
2023,20,167,Oaxaca,San José del Peñasco,OI
2023,20,167,Oaxaca,San José del Peñasco,PV
2023,20,168,Oaxaca,San José Estancia Grande,PV
2023,20,169,Oaxaca,San José Independencia,OI
2023,20,169,Oaxaca,San José Independencia,PV
2023,20,170,Oaxaca,San José Lachiguiri,PV
2023,20,171,Oaxaca,San José Tenango,OI
2023,20,171,Oaxaca,San José Tenango,PV
2023,20,172,Oaxaca,San Juan Achiutla,PV
2023,20,173,Oaxaca,San Juan Atepec,PV
2023,20,174,Oaxaca,Ánimas Trujano,OI
2023,20,174,Oaxaca,Ánimas Trujano,PV
2023,20,175,Oaxaca,San Juan Bautista Atatlahuca,OI
2023,20,175,Oaxaca,San Juan Bautista Atatlahuca,PV
2023,20,176,Oaxaca,San Juan Bautista Coixtlahuaca,PV
2023,20,177,Oaxaca,San Juan Bautista Cuicatlán,OI
2023,20,177,Oaxaca,San Juan Bautista Cuicatlán,PV
2023,20,178,Oaxaca,San Juan Bautista Guelache,OI
2023,20,178,Oaxaca,San Juan Bautista Guelache,PV
2023,20,179,Oaxaca,San Juan Bautista Jayacatlán,OI
2023,20,179,Oaxaca,San Juan Bautista Jayacatlán,PV
2023,20,180,Oaxaca,San Juan Bautista Lo de Soto,OI
2023,20,180,Oaxaca,San Juan Bautista Lo de Soto,PV
2023,20,181,Oaxaca,San Juan Bautista Suchitepec,OI
2023,20,181,Oaxaca,San Juan Bautista Suchitepec,PV
2023,20,182,Oaxaca,San Juan Bautista Tlacoatzintepec,PV
2023,20,183,Oaxaca,San Juan Bautista Tlachichilco,OI
2023,20,183,Oaxaca,San Juan Bautista Tlachichilco,PV
2023,20,185,Oaxaca,San Juan Cacahuatepec,OI
2023,20,185,Oaxaca,San Juan Cacahuatepec,PV
2023,20,186,Oaxaca,San Juan Cieneguilla,PV
2023,20,187,Oaxaca,San Juan Coatzóspam,PV
2023,20,188,Oaxaca,San Juan Colorado,OI
2023,20,188,Oaxaca,San Juan Colorado,PV
2023,20,189,Oaxaca,San Juan Comaltepec,OI
2023,20,189,Oaxaca,San Juan Comaltepec,PV
2023,20,190,Oaxaca,San Juan Cotzocón,OI
2023,20,190,Oaxaca,San Juan Cotzocón,PV
2023,20,191,Oaxaca,San Juan Chicomezúchil,OI
2023,20,191,Oaxaca,San Juan Chicomezúchil,PV
2023,20,192,Oaxaca,San Juan Chilateca,OI
2023,20,192,Oaxaca,San Juan Chilateca,PV
2023,20,193,Oaxaca,San Juan del Estado,OI
2023,20,193,Oaxaca,San Juan del Estado,PV
2023,20,194,Oaxaca,San Juan del Río,OI
2023,20,194,Oaxaca,San Juan del Río,PV
2023,20,195,Oaxaca,San Juan Diuxi,PV
2023,20,196,Oaxaca,San Juan Evangelista Analco,PV
2023,20,197,Oaxaca,San Juan Guelavía,OI
2023,20,197,Oaxaca,San Juan Guelavía,PV
2023,20,198,Oaxaca,San Juan Guichicovi,OI
2023,20,198,Oaxaca,San Juan Guichicovi,PV
2023,20,199,Oaxaca,San Juan Ihualtepec,PV
2023,20,200,Oaxaca,San Juan Juquila Mixes,OI
2023,20,200,Oaxaca,San Juan Juquila Mixes,PV
2023,20,201,Oaxaca,San Juan Juquila Vijanos,OI
2023,20,201,Oaxaca,San Juan Juquila Vijanos,PV
2023,20,202,Oaxaca,San Juan Lachao,OI
2023,20,202,Oaxaca,San Juan Lachao,PV
2023,20,203,Oaxaca,San Juan Lachigalla,PV
2023,20,204,Oaxaca,San Juan Lajarcia,PV
2023,20,205,Oaxaca,San Juan Lalana,OI
2023,20,205,Oaxaca,San Juan Lalana,PV
2023,20,206,Oaxaca,San Juan de Los Cués,OI
2023,20,206,Oaxaca,San Juan de Los Cués,PV
2023,20,207,Oaxaca,San Juan Mazatlán,OI
2023,20,207,Oaxaca,San Juan Mazatlán,PV
2023,20,208,Oaxaca,San Juan Mixtepec,OI
2023,20,208,Oaxaca,San Juan Mixtepec,PV
2023,20,209,Oaxaca,San Juan Mixtepec,PV
2023,20,210,Oaxaca,San Juan Ñumí,OI
2023,20,210,Oaxaca,San Juan Ñumí,PV
2023,20,211,Oaxaca,San Juan Ozolotepec,PV
2023,20,212,Oaxaca,San Juan Petlapa,OI
2023,20,212,Oaxaca,San Juan Petlapa,PV
2023,20,213,Oaxaca,San Juan Quiahije,PV
2023,20,214,Oaxaca,San Juan Quiotepec,OI
2023,20,214,Oaxaca,San Juan Quiotepec,PV
2023,20,215,Oaxaca,San Juan Sayultepec,PV
2023,20,216,Oaxaca,San Juan Tabaá,OI
2023,20,216,Oaxaca,San Juan Tabaá,PV
2023,20,217,Oaxaca,San Juan Tamazola,PV
2023,20,218,Oaxaca,San Juan Teita,OI
2023,20,218,Oaxaca,San Juan Teita,PV
2023,20,219,Oaxaca,San Juan Teitipac,OI
2023,20,219,Oaxaca,San Juan Teitipac,PV
2023,20,220,Oaxaca,San Juan Tepeuxila,OI
2023,20,220,Oaxaca,San Juan Tepeuxila,PV
2023,20,222,Oaxaca,San Juan Yaeé,OI
2023,20,222,Oaxaca,San Juan Yaeé,PV
2023,20,223,Oaxaca,San Juan Yatzona,OI
2023,20,223,Oaxaca,San Juan Yatzona,PV
2023,20,224,Oaxaca,San Juan Yucuita,PV
2023,20,225,Oaxaca,San Lorenzo,OI
2023,20,225,Oaxaca,San Lorenzo,PV
2023,20,226,Oaxaca,San Lorenzo Albarradas,OI
2023,20,226,Oaxaca,San Lorenzo Albarradas,PV
2023,20,227,Oaxaca,San Lorenzo Cacaotepec,OI
2023,20,227,Oaxaca,San Lorenzo Cacaotepec,PV
2023,20,228,Oaxaca,San Lorenzo Cuaunecuiltitla,PV
2023,20,229,Oaxaca,San Lorenzo Texmelúcan,OI
2023,20,229,Oaxaca,San Lorenzo Texmelúcan,PV
2023,20,230,Oaxaca,San Lorenzo Victoria,OI
2023,20,230,Oaxaca,San Lorenzo Victoria,PV
2023,20,231,Oaxaca,San Lucas Camotlán,OI
2023,20,231,Oaxaca,San Lucas Camotlán,PV
2023,20,233,Oaxaca,San Lucas Quiaviní,OI
2023,20,233,Oaxaca,San Lucas Quiaviní,PV
2023,20,234,Oaxaca,San Lucas Zoquiápam,PV
2023,20,235,Oaxaca,San Luis Amatlán,OI
2023,20,235,Oaxaca,San Luis Amatlán,PV
2023,20,236,Oaxaca,San Marcial Ozolotepec,PV
2023,20,238,Oaxaca,San Martín de Los Cansecos,PV
2023,20,239,Oaxaca,San Martín Huamelúlpam,PV
2023,20,241,Oaxaca,San Martín Lachilá,OI
2023,20,241,Oaxaca,San Martín Lachilá,PV
2023,20,242,Oaxaca,San Martín Peras,PV
2023,20,243,Oaxaca,San Martín Tilcajete,PV
2023,20,244,Oaxaca,San Martín Toxpalan,OI
2023,20,244,Oaxaca,San Martín Toxpalan,PV
2023,20,245,Oaxaca,San Martín Zacatepec,OI
2023,20,245,Oaxaca,San Martín Zacatepec,PV
2023,20,246,Oaxaca,San Mateo Cajonos,PV
2023,20,247,Oaxaca,Capulálpam de Méndez,OI
2023,20,247,Oaxaca,Capulálpam de Méndez,PV
2023,20,248,Oaxaca,San Mateo del Mar,OI
2023,20,248,Oaxaca,San Mateo del Mar,PV
2023,20,249,Oaxaca,San Mateo Yoloxochitlán,OI
2023,20,249,Oaxaca,San Mateo Yoloxochitlán,PV
2023,20,250,Oaxaca,San Mateo Etlatongo,OI
2023,20,250,Oaxaca,San Mateo Etlatongo,PV
2023,20,251,Oaxaca,San Mateo Nejápam,OI
2023,20,251,Oaxaca,San Mateo Nejápam,PV
2023,20,252,Oaxaca,San Mateo Peñasco,OI
2023,20,252,Oaxaca,San Mateo Peñasco,PV
2023,20,253,Oaxaca,San Mateo Piñas,PV
2023,20,254,Oaxaca,San Mateo Río Hondo,PV
2023,20,255,Oaxaca,San Mateo Sindihui,OI
2023,20,255,Oaxaca,San Mateo Sindihui,PV
2023,20,256,Oaxaca,San Mateo Tlapiltepec,PV
2023,20,257,Oaxaca,San Melchor Betaza,OI
2023,20,257,Oaxaca,San Melchor Betaza,PV
2023,20,258,Oaxaca,San Miguel Achiutla,PV
2023,20,259,Oaxaca,San Miguel Ahuehuetitlán,OI
2023,20,259,Oaxaca,San Miguel Ahuehuetitlán,PV
2023,20,260,Oaxaca,San Miguel Aloápam,PV
2023,20,261,Oaxaca,San Miguel Amatitlán,PV
2023,20,263,Oaxaca,San Miguel Coatlán,OI
2023,20,263,Oaxaca,San Miguel Coatlán,PV
2023,20,264,Oaxaca,San Miguel Chicahua,PV
2023,20,265,Oaxaca,San Miguel Chimalapa,OI
2023,20,265,Oaxaca,San Miguel Chimalapa,PV
2023,20,266,Oaxaca,San Miguel del Puerto,OI
2023,20,266,Oaxaca,San Miguel del Puerto,PV
2023,20,267,Oaxaca,San Miguel del Río,PV
2023,20,268,Oaxaca,San Miguel Ejutla,OI
2023,20,268,Oaxaca,San Miguel Ejutla,PV
2023,20,269,Oaxaca,San Miguel El Grande,PV
2023,20,270,Oaxaca,San Miguel Huautla,PV
2023,20,271,Oaxaca,San Miguel Mixtepec,OI
2023,20,271,Oaxaca,San Miguel Mixtepec,PV
2023,20,272,Oaxaca,San Miguel Panixtlahuaca,OI
2023,20,272,Oaxaca,San Miguel Panixtlahuaca,PV
2023,20,273,Oaxaca,San Miguel Peras,OI
2023,20,273,Oaxaca,San Miguel Peras,PV
2023,20,274,Oaxaca,San Miguel Piedras,PV
2023,20,275,Oaxaca,San Miguel Quetzaltepec,OI
2023,20,275,Oaxaca,San Miguel Quetzaltepec,PV
2023,20,276,Oaxaca,San Miguel Santa Flor,PV
2023,20,277,Oaxaca,Villa Sola de Vega,OI
2023,20,277,Oaxaca,Villa Sola de Vega,PV
2023,20,279,Oaxaca,San Miguel Suchixtepec,PV
2023,20,280,Oaxaca,Villa Talea de Castro,OI
2023,20,280,Oaxaca,Villa Talea de Castro,PV
2023,20,281,Oaxaca,San Miguel Tecomatlán,PV
2023,20,282,Oaxaca,San Miguel Tenango,PV
2023,20,283,Oaxaca,San Miguel Tequixtepec,PV
2023,20,284,Oaxaca,San Miguel Tilquiápam,OI
2023,20,284,Oaxaca,San Miguel Tilquiápam,PV
2023,20,285,Oaxaca,San Miguel Tlacamama,OI
2023,20,285,Oaxaca,San Miguel Tlacamama,PV
2023,20,286,Oaxaca,San Miguel Tlacotepec,PV
2023,20,287,Oaxaca,San Miguel Tulancingo,PV
2023,20,288,Oaxaca,San Miguel Yotao,PV
2023,20,289,Oaxaca,San Nicolás,OI
2023,20,289,Oaxaca,San Nicolás,PV
2023,20,290,Oaxaca,San Nicolás Hidalgo,OI
2023,20,290,Oaxaca,San Nicolás Hidalgo,PV
2023,20,291,Oaxaca,San Pablo Coatlán,OI
2023,20,291,Oaxaca,San Pablo Coatlán,PV
2023,20,292,Oaxaca,San Pablo Cuatro Venados,PV
2023,20,294,Oaxaca,San Pablo Huitzo,OI
2023,20,294,Oaxaca,San Pablo Huitzo,PV
2023,20,295,Oaxaca,San Pablo Huixtepec,OI
2023,20,295,Oaxaca,San Pablo Huixtepec,PV
2023,20,296,Oaxaca,San Pablo Macuiltianguis,PV
2023,20,297,Oaxaca,San Pablo Tijaltepec,PV
2023,20,298,Oaxaca,San Pablo Villa de Mitla,PV
2023,20,299,Oaxaca,San Pablo Yaganiza,OI
2023,20,299,Oaxaca,San Pablo Yaganiza,PV
2023,20,300,Oaxaca,San Pedro Amuzgos,OI
2023,20,300,Oaxaca,San Pedro Amuzgos,PV
2023,20,301,Oaxaca,San Pedro Apóstol,OI
2023,20,301,Oaxaca,San Pedro Apóstol,PV
2023,20,302,Oaxaca,San Pedro Atoyac,OI
2023,20,302,Oaxaca,San Pedro Atoyac,PV
2023,20,303,Oaxaca,San Pedro Cajonos,PV
2023,20,304,Oaxaca,San Pedro Coxcaltepec Cántaros,PV
2023,20,305,Oaxaca,San Pedro Comitancillo,OI
2023,20,305,Oaxaca,San Pedro Comitancillo,PV
2023,20,306,Oaxaca,San Pedro El Alto,PV
2023,20,308,Oaxaca,San Pedro Huilotepec,OI
2023,20,308,Oaxaca,San Pedro Huilotepec,PV
2023,20,309,Oaxaca,San Pedro Ixcatlán,OI
2023,20,309,Oaxaca,San Pedro Ixcatlán,PV
2023,20,310,Oaxaca,San Pedro Ixtlahuaca,OI
2023,20,310,Oaxaca,San Pedro Ixtlahuaca,PV
2023,20,311,Oaxaca,San Pedro Jaltepetongo,PV
2023,20,312,Oaxaca,San Pedro Jicayán,OI
2023,20,312,Oaxaca,San Pedro Jicayán,PV
2023,20,313,Oaxaca,San Pedro Jocotipac,PV
2023,20,314,Oaxaca,San Pedro Juchatengo,OI
2023,20,314,Oaxaca,San Pedro Juchatengo,PV
2023,20,315,Oaxaca,San Pedro Mártir,OI
2023,20,315,Oaxaca,San Pedro Mártir,PV
2023,20,316,Oaxaca,San Pedro Mártir Quiechapa,OI
2023,20,316,Oaxaca,San Pedro Mártir Quiechapa,PV
2023,20,317,Oaxaca,San Pedro Mártir Yucuxaco,PV
2023,20,319,Oaxaca,San Pedro Mixtepec,PV
2023,20,320,Oaxaca,San Pedro Molinos,PV
2023,20,321,Oaxaca,San Pedro Nopala,PV
2023,20,322,Oaxaca,San Pedro Ocopetatillo,PV
2023,20,323,Oaxaca,San Pedro Ocotepec,OI
2023,20,323,Oaxaca,San Pedro Ocotepec,PV
2023,20,325,Oaxaca,San Pedro Quiatoni,PV
2023,20,326,Oaxaca,San Pedro Sochiápam,OI
2023,20,326,Oaxaca,San Pedro Sochiápam,PV
2023,20,328,Oaxaca,San Pedro Taviche,OI
2023,20,328,Oaxaca,San Pedro Taviche,PV
2023,20,329,Oaxaca,San Pedro Teozacoalco,OI
2023,20,329,Oaxaca,San Pedro Teozacoalco,PV
2023,20,330,Oaxaca,San Pedro Teutila,PV
2023,20,331,Oaxaca,San Pedro Tidaá,PV
2023,20,332,Oaxaca,San Pedro Topiltepec,PV
2023,20,333,Oaxaca,San Pedro Totolápam,OI
2023,20,333,Oaxaca,San Pedro Totolápam,PV
2023,20,335,Oaxaca,San Pedro Yaneri,OI
2023,20,335,Oaxaca,San Pedro Yaneri,PV
2023,20,336,Oaxaca,San Pedro Yólox,OI
2023,20,336,Oaxaca,San Pedro Yólox,PV
2023,20,338,Oaxaca,Villa de Etla,OI
2023,20,338,Oaxaca,Villa de Etla,PV
2023,20,340,Oaxaca,San Pedro Y San Pablo Tequixtepec,OI
2023,20,340,Oaxaca,San Pedro Y San Pablo Tequixtepec,PV
2023,20,341,Oaxaca,San Pedro Yucunama,PV
2023,20,342,Oaxaca,San Raymundo Jalpan,OI
2023,20,342,Oaxaca,San Raymundo Jalpan,PV
2023,20,343,Oaxaca,San Sebastián Abasolo,OI
2023,20,343,Oaxaca,San Sebastián Abasolo,PV
2023,20,344,Oaxaca,San Sebastián Coatlán,PV
2023,20,345,Oaxaca,San Sebastián Ixcapa,OI
2023,20,345,Oaxaca,San Sebastián Ixcapa,PV
2023,20,346,Oaxaca,San Sebastián Nicananduta,PV
2023,20,347,Oaxaca,San Sebastián Río Hondo,PV
2023,20,348,Oaxaca,San Sebastián Tecomaxtlahuaca,OI
2023,20,348,Oaxaca,San Sebastián Tecomaxtlahuaca,PV
2023,20,349,Oaxaca,San Sebastián Teitipac,OI
2023,20,349,Oaxaca,San Sebastián Teitipac,PV
2023,20,350,Oaxaca,San Sebastián Tutla,PV
2023,20,351,Oaxaca,San Simón Almolongas,PV
2023,20,352,Oaxaca,San Simón Zahuatlán,PV
2023,20,353,Oaxaca,Santa Ana,OI
2023,20,353,Oaxaca,Santa Ana,PV
2023,20,354,Oaxaca,Santa Ana Ateixtlahuaca,PV
2023,20,355,Oaxaca,Santa Ana Cuauhtémoc,PV
2023,20,356,Oaxaca,Santa Ana del Valle,PV
2023,20,358,Oaxaca,Santa Ana Tlapacoyan,OI
2023,20,358,Oaxaca,Santa Ana Tlapacoyan,PV
2023,20,359,Oaxaca,Santa Ana Yareni,PV
2023,20,360,Oaxaca,Santa Ana Zegache,OI
2023,20,360,Oaxaca,Santa Ana Zegache,PV
2023,20,361,Oaxaca,Santa Catalina Quierí,PV
2023,20,362,Oaxaca,Santa Catarina Cuixtla,PV
2023,20,364,Oaxaca,Santa Catarina Juquila,OI
2023,20,364,Oaxaca,Santa Catarina Juquila,PV
2023,20,365,Oaxaca,Santa Catarina Lachatao,OI
2023,20,365,Oaxaca,Santa Catarina Lachatao,PV
2023,20,366,Oaxaca,Santa Catarina Loxicha,PV
2023,20,367,Oaxaca,Santa Catarina Mechoacán,OI
2023,20,367,Oaxaca,Santa Catarina Mechoacán,PV
2023,20,368,Oaxaca,Santa Catarina Minas,OI
2023,20,368,Oaxaca,Santa Catarina Minas,PV
2023,20,369,Oaxaca,Santa Catarina Quiané,OI
2023,20,369,Oaxaca,Santa Catarina Quiané,PV
2023,20,370,Oaxaca,Santa Catarina Tayata,PV
2023,20,371,Oaxaca,Santa Catarina Ticuá,PV
2023,20,372,Oaxaca,Santa Catarina Yosonotú,PV
2023,20,373,Oaxaca,Santa Catarina Zapoquila,OI
2023,20,373,Oaxaca,Santa Catarina Zapoquila,PV
2023,20,374,Oaxaca,Santa Cruz Acatepec,OI
2023,20,374,Oaxaca,Santa Cruz Acatepec,PV
2023,20,375,Oaxaca,Santa Cruz Amilpas,PV
2023,20,376,Oaxaca,Santa Cruz de Bravo,PV
2023,20,377,Oaxaca,Santa Cruz Itundujia,OI
2023,20,377,Oaxaca,Santa Cruz Itundujia,PV
2023,20,378,Oaxaca,Santa Cruz Mixtepec,OI
2023,20,378,Oaxaca,Santa Cruz Mixtepec,PV
2023,20,379,Oaxaca,Santa Cruz Nundaco,PV
2023,20,380,Oaxaca,Santa Cruz Papalutla,PV
2023,20,381,Oaxaca,Santa Cruz Tacache de Mina,OI
2023,20,381,Oaxaca,Santa Cruz Tacache de Mina,PV
2023,20,382,Oaxaca,Santa Cruz Tacahua,PV
2023,20,383,Oaxaca,Santa Cruz Tayata,PV
2023,20,384,Oaxaca,Santa Cruz Xitla,PV
2023,20,386,Oaxaca,Santa Cruz Zenzontepec,OI
2023,20,386,Oaxaca,Santa Cruz Zenzontepec,PV
2023,20,387,Oaxaca,Santa Gertrudis,OI
2023,20,387,Oaxaca,Santa Gertrudis,PV
2023,20,388,Oaxaca,Santa Inés del Monte,OI
2023,20,388,Oaxaca,Santa Inés del Monte,PV
2023,20,389,Oaxaca,Santa Inés Yatzeche,OI
2023,20,389,Oaxaca,Santa Inés Yatzeche,PV
2023,20,390,Oaxaca,Santa Lucía del Camino,PV
2023,20,391,Oaxaca,Santa Lucía Miahuatlán,PV
2023,20,392,Oaxaca,Santa Lucía Monteverde,PV
2023,20,393,Oaxaca,Santa Lucía Ocotlán,OI
2023,20,393,Oaxaca,Santa Lucía Ocotlán,PV
2023,20,394,Oaxaca,Santa María Alotepec,OI
2023,20,395,Oaxaca,Santa María Apazco,PV
2023,20,396,Oaxaca,Santa María La Asunción,PV
2023,20,397,Oaxaca,Heroica Ciudad de Tlaxiaco,PV
2023,20,398,Oaxaca,Ayoquezco de Aldama,OI
2023,20,398,Oaxaca,Ayoquezco de Aldama,PV
2023,20,399,Oaxaca,Santa María Atzompa,OI
2023,20,399,Oaxaca,Santa María Atzompa,PV
2023,20,400,Oaxaca,Santa María Camotlán,OI
2023,20,400,Oaxaca,Santa María Camotlán,PV
2023,20,401,Oaxaca,Santa María Colotepec,OI
2023,20,401,Oaxaca,Santa María Colotepec,PV
2023,20,402,Oaxaca,Santa María Cortijo,OI
2023,20,402,Oaxaca,Santa María Cortijo,PV
2023,20,403,Oaxaca,Santa María Coyotepec,OI
2023,20,403,Oaxaca,Santa María Coyotepec,PV
2023,20,404,Oaxaca,Santa María Chachoápam,PV
2023,20,405,Oaxaca,Villa de Chilapa de Díaz,PV
2023,20,406,Oaxaca,Santa María Chilchotla,OI
2023,20,406,Oaxaca,Santa María Chilchotla,PV
2023,20,407,Oaxaca,Santa María Chimalapa,OI
2023,20,407,Oaxaca,Santa María Chimalapa,PV
2023,20,408,Oaxaca,Santa María del Rosario,PV
2023,20,409,Oaxaca,Santa María del Tule,OI
2023,20,409,Oaxaca,Santa María del Tule,PV
2023,20,410,Oaxaca,Santa María Ecatepec,PV
2023,20,411,Oaxaca,Santa María Guelacé,OI
2023,20,411,Oaxaca,Santa María Guelacé,PV
2023,20,412,Oaxaca,Santa María Guienagati,OI
2023,20,412,Oaxaca,Santa María Guienagati,PV
2023,20,414,Oaxaca,Santa María Huazolotitlán,OI
2023,20,414,Oaxaca,Santa María Huazolotitlán,PV
2023,20,415,Oaxaca,Santa María Ipalapa,OI
2023,20,415,Oaxaca,Santa María Ipalapa,PV
2023,20,416,Oaxaca,Santa María Ixcatlán,PV
2023,20,419,Oaxaca,Santa María Jaltianguis,PV
2023,20,420,Oaxaca,Santa María Lachixío,PV
2023,20,421,Oaxaca,Santa María Mixtequilla,PV
2023,20,422,Oaxaca,Santa María Nativitas,PV
2023,20,423,Oaxaca,Santa María Nduayaco,PV
2023,20,424,Oaxaca,Santa María Ozolotepec,PV
2023,20,425,Oaxaca,Santa María Pápalo,PV
2023,20,426,Oaxaca,Santa María Peñoles,OI
2023,20,426,Oaxaca,Santa María Peñoles,PV
2023,20,427,Oaxaca,Santa María Petapa,OI
2023,20,427,Oaxaca,Santa María Petapa,PV
2023,20,428,Oaxaca,Santa María Quiegolani,PV
2023,20,429,Oaxaca,Santa María Sola,OI
2023,20,429,Oaxaca,Santa María Sola,PV
2023,20,430,Oaxaca,Santa María Tataltepec,PV
2023,20,431,Oaxaca,Santa María Tecomavaca,OI
2023,20,431,Oaxaca,Santa María Tecomavaca,PV
2023,20,432,Oaxaca,Santa María Temaxcalapa,OI
2023,20,432,Oaxaca,Santa María Temaxcalapa,PV
2023,20,433,Oaxaca,Santa María Temaxcaltepec,OI
2023,20,433,Oaxaca,Santa María Temaxcaltepec,PV
2023,20,434,Oaxaca,Santa María Teopoxco,PV
2023,20,435,Oaxaca,Santa María Tepantlali,PV
2023,20,436,Oaxaca,Santa María Texcatitlán,OI
2023,20,436,Oaxaca,Santa María Texcatitlán,PV
2023,20,437,Oaxaca,Santa María Tlahuitoltepec,PV
2023,20,438,Oaxaca,Santa María Tlalixtac,PV
2023,20,440,Oaxaca,Santa María Totolapilla,PV
2023,20,441,Oaxaca,Santa María Xadani,OI
2023,20,441,Oaxaca,Santa María Xadani,PV
2023,20,442,Oaxaca,Santa María Yalina,PV
2023,20,443,Oaxaca,Santa María Yavesía,PV
2023,20,444,Oaxaca,Santa María Yolotepec,PV
2023,20,445,Oaxaca,Santa María Yosoyúa,OI
2023,20,445,Oaxaca,Santa María Yosoyúa,PV
2023,20,446,Oaxaca,Santa María Yucuhiti,OI
2023,20,446,Oaxaca,Santa María Yucuhiti,PV
2023,20,447,Oaxaca,Santa María Zacatepec,OI
2023,20,447,Oaxaca,Santa María Zacatepec,PV
2023,20,448,Oaxaca,Santa María Zaniza,OI
2023,20,448,Oaxaca,Santa María Zaniza,PV
2023,20,449,Oaxaca,Santa María Zoquitlán,OI
2023,20,449,Oaxaca,Santa María Zoquitlán,PV
2023,20,450,Oaxaca,Santiago Amoltepec,PV
2023,20,451,Oaxaca,Santiago Apoala,OI
2023,20,451,Oaxaca,Santiago Apoala,PV
2023,20,452,Oaxaca,Santiago Apóstol,OI
2023,20,452,Oaxaca,Santiago Apóstol,PV
2023,20,453,Oaxaca,Santiago Astata,OI
2023,20,453,Oaxaca,Santiago Astata,PV
2023,20,454,Oaxaca,Santiago Atitlán,OI
2023,20,454,Oaxaca,Santiago Atitlán,PV
2023,20,455,Oaxaca,Santiago Ayuquililla,PV
2023,20,456,Oaxaca,Santiago Cacaloxtepec,PV
2023,20,457,Oaxaca,Santiago Camotlán,OI
2023,20,457,Oaxaca,Santiago Camotlán,PV
2023,20,458,Oaxaca,Santiago Comaltepec,OI
2023,20,458,Oaxaca,Santiago Comaltepec,PV
2023,20,460,Oaxaca,Santiago Choápam,OI
2023,20,460,Oaxaca,Santiago Choápam,PV
2023,20,461,Oaxaca,Santiago del Río,OI
2023,20,461,Oaxaca,Santiago del Río,PV
2023,20,462,Oaxaca,Santiago Huajolotitlán,OI
2023,20,462,Oaxaca,Santiago Huajolotitlán,PV
2023,20,463,Oaxaca,Santiago Huauclilla,OI
2023,20,463,Oaxaca,Santiago Huauclilla,PV
2023,20,464,Oaxaca,Santiago Ihuitlán Plumas,PV
2023,20,465,Oaxaca,Santiago Ixcuintepec,OI
2023,20,465,Oaxaca,Santiago Ixcuintepec,PV
2023,20,466,Oaxaca,Santiago Ixtayutla,OI
2023,20,466,Oaxaca,Santiago Ixtayutla,PV
2023,20,467,Oaxaca,Santiago Jamiltepec,OI
2023,20,467,Oaxaca,Santiago Jamiltepec,PV
2023,20,469,Oaxaca,Santiago Juxtlahuaca,OI
2023,20,469,Oaxaca,Santiago Juxtlahuaca,PV
2023,20,470,Oaxaca,Santiago Lachiguiri,OI
2023,20,470,Oaxaca,Santiago Lachiguiri,PV
2023,20,471,Oaxaca,Santiago Lalopa,OI
2023,20,471,Oaxaca,Santiago Lalopa,PV
2023,20,472,Oaxaca,Santiago Laollaga,PV
2023,20,473,Oaxaca,Santiago Laxopa,PV
2023,20,474,Oaxaca,Santiago Llano Grande,OI
2023,20,474,Oaxaca,Santiago Llano Grande,PV
2023,20,475,Oaxaca,Santiago Matatlán,PV
2023,20,476,Oaxaca,Santiago Miltepec,OI
2023,20,476,Oaxaca,Santiago Miltepec,PV
2023,20,477,Oaxaca,Santiago Minas,OI
2023,20,477,Oaxaca,Santiago Minas,PV
2023,20,478,Oaxaca,Santiago Nacaltepec,OI
2023,20,478,Oaxaca,Santiago Nacaltepec,PV
2023,20,479,Oaxaca,Santiago Nejapilla,PV
2023,20,480,Oaxaca,Santiago Nundiche,PV
2023,20,481,Oaxaca,Santiago Nuyoó,OI
2023,20,481,Oaxaca,Santiago Nuyoó,PV
2023,20,482,Oaxaca,Santiago Pinotepa Nacional,OI
2023,20,482,Oaxaca,Santiago Pinotepa Nacional,PV
2023,20,483,Oaxaca,Santiago Suchilquitongo,OI
2023,20,483,Oaxaca,Santiago Suchilquitongo,PV
2023,20,484,Oaxaca,Santiago Tamazola,OI
2023,20,484,Oaxaca,Santiago Tamazola,PV
2023,20,485,Oaxaca,Santiago Tapextla,OI
2023,20,485,Oaxaca,Santiago Tapextla,PV
2023,20,486,Oaxaca,Villa Tejúpam de La Unión,PV
2023,20,487,Oaxaca,Santiago Tenango,PV
2023,20,488,Oaxaca,Santiago Tepetlapa,PV
2023,20,489,Oaxaca,Santiago Tetepec,OI
2023,20,489,Oaxaca,Santiago Tetepec,PV
2023,20,490,Oaxaca,Santiago Texcalcingo,PV
2023,20,491,Oaxaca,Santiago Textitlán,OI
2023,20,491,Oaxaca,Santiago Textitlán,PV
2023,20,492,Oaxaca,Santiago Tilantongo,PV
2023,20,493,Oaxaca,Santiago Tillo,PV
2023,20,494,Oaxaca,Santiago Tlazoyaltepec,OI
2023,20,494,Oaxaca,Santiago Tlazoyaltepec,PV
2023,20,495,Oaxaca,Santiago Xanica,PV
2023,20,496,Oaxaca,Santiago Xiacuí,OI
2023,20,496,Oaxaca,Santiago Xiacuí,PV
2023,20,497,Oaxaca,Santiago Yaitepec,PV
2023,20,499,Oaxaca,Santiago Yolomécatl,PV
2023,20,500,Oaxaca,Santiago Yosondúa,OI
2023,20,500,Oaxaca,Santiago Yosondúa,PV
2023,20,501,Oaxaca,Santiago Yucuyachi,PV
2023,20,503,Oaxaca,Santiago Zoochila,OI
2023,20,503,Oaxaca,Santiago Zoochila,PV
2023,20,504,Oaxaca,Nuevo Zoquiápam,OI
2023,20,504,Oaxaca,Nuevo Zoquiápam,PV
2023,20,505,Oaxaca,Santo Domingo Ingenio,OI
2023,20,505,Oaxaca,Santo Domingo Ingenio,PV
2023,20,506,Oaxaca,Santo Domingo Albarradas,OI
2023,20,506,Oaxaca,Santo Domingo Albarradas,PV
2023,20,507,Oaxaca,Santo Domingo Armenta,PV
2023,20,508,Oaxaca,Santo Domingo Chihuitán,OI
2023,20,508,Oaxaca,Santo Domingo Chihuitán,PV
2023,20,509,Oaxaca,Santo Domingo de Morelos,OI
2023,20,509,Oaxaca,Santo Domingo de Morelos,PV
2023,20,510,Oaxaca,Santo Domingo Ixcatlán,PV
2023,20,511,Oaxaca,Santo Domingo Nuxaá,PV
2023,20,512,Oaxaca,Santo Domingo Ozolotepec,PV
2023,20,513,Oaxaca,Santo Domingo Petapa,OI
2023,20,513,Oaxaca,Santo Domingo Petapa,PV
2023,20,514,Oaxaca,Santo Domingo Roayaga,OI
2023,20,514,Oaxaca,Santo Domingo Roayaga,PV
2023,20,515,Oaxaca,Santo Domingo Tehuantepec,PV
2023,20,516,Oaxaca,Santo Domingo Teojomulco,OI
2023,20,516,Oaxaca,Santo Domingo Teojomulco,PV
2023,20,517,Oaxaca,Santo Domingo Tepuxtepec,PV
2023,20,518,Oaxaca,Santo Domingo Tlatayápam,PV
2023,20,519,Oaxaca,Santo Domingo Tomaltepec,OI
2023,20,519,Oaxaca,Santo Domingo Tomaltepec,PV
2023,20,520,Oaxaca,Santo Domingo Tonalá,OI
2023,20,520,Oaxaca,Santo Domingo Tonalá,PV
2023,20,521,Oaxaca,Santo Domingo Tonaltepec,PV
2023,20,522,Oaxaca,Santo Domingo Xagacía,OI
2023,20,522,Oaxaca,Santo Domingo Xagacía,PV
2023,20,523,Oaxaca,Santo Domingo Yanhuitlán,PV
2023,20,524,Oaxaca,Santo Domingo Yodohino,OI
2023,20,524,Oaxaca,Santo Domingo Yodohino,PV
2023,20,526,Oaxaca,Santos Reyes Nopala,OI
2023,20,526,Oaxaca,Santos Reyes Nopala,PV
2023,20,527,Oaxaca,Santos Reyes Pápalo,OI
2023,20,527,Oaxaca,Santos Reyes Pápalo,PV
2023,20,528,Oaxaca,Santos Reyes Tepejillo,OI
2023,20,528,Oaxaca,Santos Reyes Tepejillo,PV
2023,20,529,Oaxaca,Santos Reyes Yucuná,PV
2023,20,530,Oaxaca,Santo Tomás Jalieza,OI
2023,20,530,Oaxaca,Santo Tomás Jalieza,PV
2023,20,531,Oaxaca,Santo Tomás Mazaltepec,OI
2023,20,531,Oaxaca,Santo Tomás Mazaltepec,PV
2023,20,532,Oaxaca,Santo Tomás Ocotepec,PV
2023,20,533,Oaxaca,Santo Tomás Tamazulapan,OI
2023,20,533,Oaxaca,Santo Tomás Tamazulapan,PV
2023,20,534,Oaxaca,San Vicente Coatlán,PV
2023,20,535,Oaxaca,San Vicente Lachixío,PV
2023,20,536,Oaxaca,San Vicente Nuñú,PV
2023,20,538,Oaxaca,Sitio de Xitlapehua,PV
2023,20,539,Oaxaca,Soledad Etla,OI
2023,20,539,Oaxaca,Soledad Etla,PV
2023,20,540,Oaxaca,Villa de Tamazulápam del Progreso,OI
2023,20,540,Oaxaca,Villa de Tamazulápam del Progreso,PV
2023,20,541,Oaxaca,Tanetze de Zaragoza,OI
2023,20,541,Oaxaca,Tanetze de Zaragoza,PV
2023,20,542,Oaxaca,Taniche,OI
2023,20,542,Oaxaca,Taniche,PV
2023,20,543,Oaxaca,Tataltepec de Valdés,OI
2023,20,543,Oaxaca,Tataltepec de Valdés,PV
2023,20,544,Oaxaca,Teococuilco de Marcos Pérez,PV
2023,20,545,Oaxaca,Teotitlán de Flores Magón,OI
2023,20,545,Oaxaca,Teotitlán de Flores Magón,PV
2023,20,546,Oaxaca,Teotitlán del Valle,OI
2023,20,546,Oaxaca,Teotitlán del Valle,PV
2023,20,548,Oaxaca,Tepelmeme Villa de Morelos,PV
2023,20,550,Oaxaca,San Jerónimo Tlacochahuaya,OI
2023,20,550,Oaxaca,San Jerónimo Tlacochahuaya,PV
2023,20,551,Oaxaca,Tlacolula de Matamoros,OI
2023,20,551,Oaxaca,Tlacolula de Matamoros,PV
2023,20,552,Oaxaca,Tlacotepec Plumas,PV
2023,20,553,Oaxaca,Tlalixtac de Cabrera,OI
2023,20,553,Oaxaca,Tlalixtac de Cabrera,PV
2023,20,554,Oaxaca,Totontepec Villa de Morelos,OI
2023,20,554,Oaxaca,Totontepec Villa de Morelos,PV
2023,20,555,Oaxaca,Trinidad Zaachila,OI
2023,20,555,Oaxaca,Trinidad Zaachila,PV
2023,20,556,Oaxaca,La Trinidad Vista Hermosa,PV
2023,20,557,Oaxaca,Unión Hidalgo,OI
2023,20,557,Oaxaca,Unión Hidalgo,PV
2023,20,558,Oaxaca,Valerio Trujano,OI
2023,20,558,Oaxaca,Valerio Trujano,PV
2023,20,561,Oaxaca,Yaxe,OI
2023,20,561,Oaxaca,Yaxe,PV
2023,20,562,Oaxaca,Magdalena Yodocono de Porfirio Díaz,PV
2023,20,563,Oaxaca,Yogana,PV
2023,20,564,Oaxaca,Yutanduchi de Guerrero,OI
2023,20,564,Oaxaca,Yutanduchi de Guerrero,PV
2023,20,565,Oaxaca,Villa de Zaachila,OI
2023,20,565,Oaxaca,Villa de Zaachila,PV
2023,20,566,Oaxaca,San Mateo Yucutindoo,OI
2023,20,566,Oaxaca,San Mateo Yucutindoo,PV
2023,20,569,Oaxaca,Santa Inés de Zaragoza,OI
2023,20,569,Oaxaca,Santa Inés de Zaragoza,PV
2023,20,570,Oaxaca,Zimatlán de Álvarez,OI
2023,20,570,Oaxaca,Zimatlán de Álvarez,PV
2023,21,4,Puebla,Acatzingo,PV
2023,21,5,Puebla,Acteopan,PV
2023,21,6,Puebla,Ahuacatlán,OI
2023,21,6,Puebla,Ahuacatlán,PV
2023,21,7,Puebla,Ahuatlán,PV
2023,21,9,Puebla,Ahuehuetitla,OI
2023,21,9,Puebla,Ahuehuetitla,PV
2023,21,10,Puebla,Ajalpan,OI
2023,21,10,Puebla,Ajalpan,PV
2023,21,11,Puebla,Albino Zertuche,PV
2023,21,12,Puebla,Aljojuca,PV
2023,21,13,Puebla,Altepexi,OI
2023,21,14,Puebla,Amixtlán,OI
2023,21,14,Puebla,Amixtlán,PV
2023,21,16,Puebla,Aquixtla,PV
2023,21,17,Puebla,Atempan,PV
2023,21,18,Puebla,Atexcal,OI
2023,21,18,Puebla,Atexcal,PV
2023,21,20,Puebla,Atoyatempan,PV
2023,21,21,Puebla,Atzala,OI
2023,21,21,Puebla,Atzala,PV
2023,21,22,Puebla,Atzitzihuacán,OI
2023,21,22,Puebla,Atzitzihuacán,PV
2023,21,24,Puebla,Axutla,PV
2023,21,28,Puebla,Camocuautla,OI
2023,21,28,Puebla,Camocuautla,PV
2023,21,29,Puebla,Caxhuacan,OI
2023,21,29,Puebla,Caxhuacan,PV
2023,21,30,Puebla,Coatepec,OI
2023,21,30,Puebla,Coatepec,PV
2023,21,32,Puebla,Cohetzala,OI
2023,21,32,Puebla,Cohetzala,PV
2023,21,33,Puebla,Cohuecan,PV
2023,21,34,Puebla,Coronango,PV
2023,21,35,Puebla,Coxcatlán,PV
2023,21,36,Puebla,Coyomeapan,PV
2023,21,37,Puebla,Coyotepec,OI
2023,21,37,Puebla,Coyotepec,PV
2023,21,38,Puebla,Cuapiaxtla de Madero,PV
2023,21,39,Puebla,Cuautempan,PV
2023,21,40,Puebla,Cuautinchán,PV
2023,21,41,Puebla,Cuautlancingo,PV
2023,21,42,Puebla,Cuayuca de Andrade,OI
2023,21,42,Puebla,Cuayuca de Andrade,PV
2023,21,44,Puebla,Cuyoaco,PV
2023,21,46,Puebla,Chapulco,PV
2023,21,47,Puebla,Chiautla,OI
2023,21,47,Puebla,Chiautla,PV
2023,21,48,Puebla,Chiautzingo,PV
2023,21,49,Puebla,Chiconcuautla,OI
2023,21,49,Puebla,Chiconcuautla,PV
2023,21,50,Puebla,Chichiquila,PV
2023,21,52,Puebla,Chigmecatitlán,PV
2023,21,54,Puebla,Chignautla,PV
2023,21,55,Puebla,Chila,OI
2023,21,55,Puebla,Chila,PV
2023,21,56,Puebla,Chila de La Sal,PV
2023,21,57,Puebla,Honey,OI
2023,21,57,Puebla,Honey,PV
2023,21,58,Puebla,Chilchotla,OI
2023,21,58,Puebla,Chilchotla,PV
2023,21,60,Puebla,Domingo Arenas,PV
2023,21,61,Puebla,Eloxochitlán,PV
2023,21,62,Puebla,Epatlán,OI
2023,21,62,Puebla,Epatlán,PV
2023,21,63,Puebla,Esperanza,PV
2023,21,65,Puebla,General Felipe Ángeles,PV
2023,21,66,Puebla,Guadalupe,OI
2023,21,66,Puebla,Guadalupe,PV
2023,21,67,Puebla,Guadalupe Victoria,PV
2023,21,68,Puebla,Hermenegildo Galeana,OI
2023,21,68,Puebla,Hermenegildo Galeana,PV
2023,21,70,Puebla,Huatlatlauca,OI
2023,21,70,Puebla,Huatlatlauca,PV
2023,21,72,Puebla,Huehuetla,OI
2023,21,72,Puebla,Huehuetla,PV
2023,21,73,Puebla,Huehuetlán El Chico,OI
2023,21,73,Puebla,Huehuetlán El Chico,PV
2023,21,75,Puebla,Hueyapan,OI
2023,21,75,Puebla,Hueyapan,PV
2023,21,76,Puebla,Hueytamalco,OI
2023,21,76,Puebla,Hueytamalco,PV
2023,21,77,Puebla,Hueytlalpan,OI
2023,21,77,Puebla,Hueytlalpan,PV
2023,21,78,Puebla,Huitzilan de Serdán,OI
2023,21,78,Puebla,Huitzilan de Serdán,PV
2023,21,79,Puebla,Huitziltepec,PV
2023,21,80,Puebla,Atlequizayan,OI
2023,21,80,Puebla,Atlequizayan,PV
2023,21,82,Puebla,Ixcaquixtla,OI
2023,21,82,Puebla,Ixcaquixtla,PV
2023,21,84,Puebla,Ixtepec,OI
2023,21,84,Puebla,Ixtepec,PV
2023,21,87,Puebla,Jolalpan,OI
2023,21,87,Puebla,Jolalpan,PV
2023,21,88,Puebla,Jonotla,OI
2023,21,88,Puebla,Jonotla,PV
2023,21,89,Puebla,Jopala,OI
2023,21,89,Puebla,Jopala,PV
2023,21,90,Puebla,Juan C. Bonilla,PV
2023,21,92,Puebla,Juan N. Méndez,OI
2023,21,92,Puebla,Juan N. Méndez,PV
2023,21,93,Puebla,Lafragua,PV
2023,21,95,Puebla,La Magdalena Tlatlauquitepec,PV
2023,21,96,Puebla,Mazapiltepec de Juárez,PV
2023,21,97,Puebla,Mixtla,PV
2023,21,99,Puebla,Cañada Morelos,PV
2023,21,100,Puebla,Naupan,OI
2023,21,100,Puebla,Naupan,PV
2023,21,101,Puebla,Nauzontla,OI
2023,21,101,Puebla,Nauzontla,PV
2023,21,102,Puebla,Nealtican,PV
2023,21,103,Puebla,Nicolás Bravo,PV
2023,21,104,Puebla,Nopalucan,PV
2023,21,105,Puebla,Ocotepec,PV
2023,21,107,Puebla,Olintla,OI
2023,21,107,Puebla,Olintla,PV
2023,21,110,Puebla,Palmar de Bravo,PV
2023,21,111,Puebla,Pantepec,OI
2023,21,111,Puebla,Pantepec,PV
2023,21,112,Puebla,Petlalcingo,OI
2023,21,112,Puebla,Petlalcingo,PV
2023,21,113,Puebla,Piaxtla,OI
2023,21,113,Puebla,Piaxtla,PV
2023,21,115,Puebla,Quecholac,PV
2023,21,116,Puebla,Quimixtlán,OI
2023,21,116,Puebla,Quimixtlán,PV
2023,21,117,Puebla,Rafael Lara Grajales,PV
2023,21,118,Puebla,Los Reyes de Juárez,PV
2023,21,119,Puebla,San Andrés Cholula,PV
2023,21,120,Puebla,San Antonio Cañada,OI
2023,21,120,Puebla,San Antonio Cañada,PV
2023,21,121,Puebla,San Diego La Mesa Tochimiltzingo,PV
2023,21,122,Puebla,San Felipe Teotlalcingo,PV
2023,21,123,Puebla,San Felipe Tepatlán,OI
2023,21,123,Puebla,San Felipe Tepatlán,PV
2023,21,124,Puebla,San Gabriel Chilac,OI
2023,21,124,Puebla,San Gabriel Chilac,PV
2023,21,125,Puebla,San Gregorio Atzompa,PV
2023,21,126,Puebla,San Jerónimo Tecuanipan,PV
2023,21,127,Puebla,San Jerónimo Xayacatlán,OI
2023,21,127,Puebla,San Jerónimo Xayacatlán,PV
2023,21,128,Puebla,San José Chiapa,PV
2023,21,129,Puebla,San José Miahuatlán,OI
2023,21,129,Puebla,San José Miahuatlán,PV
2023,21,130,Puebla,San Juan Atenco,PV
2023,21,131,Puebla,San Juan Atzompa,PV
2023,21,133,Puebla,San Martín Totoltepec,OI
2023,21,133,Puebla,San Martín Totoltepec,PV
2023,21,134,Puebla,San Matías Tlalancaleca,PV
2023,21,135,Puebla,San Miguel Ixitlán,PV
2023,21,136,Puebla,San Miguel Xoxtla,PV
2023,21,137,Puebla,San Nicolás Buenos Aires,PV
2023,21,138,Puebla,San Nicolás de Los Ranchos,PV
2023,21,139,Puebla,San Pablo Anicano,OI
2023,21,139,Puebla,San Pablo Anicano,PV
2023,21,141,Puebla,San Pedro Yeloixtlahuaca,OI
2023,21,141,Puebla,San Pedro Yeloixtlahuaca,PV
2023,21,142,Puebla,San Salvador El Seco,PV
2023,21,143,Puebla,San Salvador El Verde,PV
2023,21,144,Puebla,San Salvador Huixcolotla,PV
2023,21,146,Puebla,Santa Catarina Tlaltempan,PV
2023,21,147,Puebla,Santa Inés Ahuatempan,PV
2023,21,148,Puebla,Santa Isabel Cholula,OI
2023,21,148,Puebla,Santa Isabel Cholula,PV
2023,21,149,Puebla,Santiago Miahuatlán,OI
2023,21,149,Puebla,Santiago Miahuatlán,PV
2023,21,150,Puebla,Huehuetlán El Grande,OI
2023,21,150,Puebla,Huehuetlán El Grande,PV
2023,21,151,Puebla,Santo Tomás Hueyotlipan,PV
2023,21,152,Puebla,Soltepec,PV
2023,21,155,Puebla,Tecomatlán,OI
2023,21,155,Puebla,Tecomatlán,PV
2023,21,157,Puebla,Tehuitzingo,OI
2023,21,157,Puebla,Tehuitzingo,PV
2023,21,158,Puebla,Tenampulco,OI
2023,21,158,Puebla,Tenampulco,PV
2023,21,159,Puebla,Teopantlán,PV
2023,21,161,Puebla,Tepanco de López,PV
2023,21,163,Puebla,Tepatlaxco de Hidalgo,PV
2023,21,164,Puebla,Tepeaca,PV
2023,21,165,Puebla,Tepemaxalco,OI
2023,21,165,Puebla,Tepemaxalco,PV
2023,21,166,Puebla,Tepeojuma,OI
2023,21,166,Puebla,Tepeojuma,PV
2023,21,167,Puebla,Tepetzintla,OI
2023,21,167,Puebla,Tepetzintla,PV
2023,21,168,Puebla,Tepexco,OI
2023,21,168,Puebla,Tepexco,PV
2023,21,169,Puebla,Tepexi de Rodríguez,OI
2023,21,169,Puebla,Tepexi de Rodríguez,PV
2023,21,171,Puebla,Tepeyahualco de Cuauhtémoc,PV
2023,21,173,Puebla,Teteles de Avila Castillo,PV
2023,21,175,Puebla,Tianguismanalco,OI
2023,21,175,Puebla,Tianguismanalco,PV
2023,21,176,Puebla,Tilapa,OI
2023,21,176,Puebla,Tilapa,PV
2023,21,177,Puebla,Tlacotepec de Benito Juárez,PV
2023,21,178,Puebla,Tlacuilotepec,OI
2023,21,178,Puebla,Tlacuilotepec,PV
2023,21,179,Puebla,Tlachichuca,OI
2023,21,179,Puebla,Tlachichuca,PV
2023,21,181,Puebla,Tlaltenango,PV
2023,21,182,Puebla,Tlanepantla,PV
2023,21,185,Puebla,Tlapanalá,PV
2023,21,187,Puebla,Tlaxco,OI
2023,21,187,Puebla,Tlaxco,PV
2023,21,188,Puebla,Tochimilco,PV
2023,21,189,Puebla,Tochtepec,PV
2023,21,190,Puebla,Totoltepec de Guerrero,OI
2023,21,190,Puebla,Totoltepec de Guerrero,PV
2023,21,191,Puebla,Tulcingo,OI
2023,21,191,Puebla,Tulcingo,PV
2023,21,192,Puebla,Tuzamapan de Galeana,OI
2023,21,192,Puebla,Tuzamapan de Galeana,PV
2023,21,195,Puebla,Vicente Guerrero,PV
2023,21,196,Puebla,Xayacatlán de Bravo,OI
2023,21,196,Puebla,Xayacatlán de Bravo,PV
2023,21,199,Puebla,Xiutetelco,PV
2023,21,200,Puebla,Xochiapulco,PV
2023,21,201,Puebla,Xochiltepec,OI
2023,21,201,Puebla,Xochiltepec,PV
2023,21,202,Puebla,Xochitlán de Vicente Suárez,OI
2023,21,202,Puebla,Xochitlán de Vicente Suárez,PV
2023,21,203,Puebla,Xochitlán Todos Santos,PV
2023,21,204,Puebla,Yaonáhuac,OI
2023,21,204,Puebla,Yaonáhuac,PV
2023,21,205,Puebla,Yehualtepec,PV
2023,21,206,Puebla,Zacapala,OI
2023,21,206,Puebla,Zacapala,PV
2023,21,210,Puebla,Zapotitlán de Méndez,OI
2023,21,210,Puebla,Zapotitlán de Méndez,PV
2023,21,211,Puebla,Zaragoza,PV
2023,21,212,Puebla,Zautla,PV
2023,21,213,Puebla,Zihuateutla,OI
2023,21,213,Puebla,Zihuateutla,PV
2023,21,214,Puebla,Zinacatepec,PV
2023,21,215,Puebla,Zongozotla,OI
2023,21,215,Puebla,Zongozotla,PV
2023,21,216,Puebla,Zoquiapan,OI
2023,21,216,Puebla,Zoquiapan,PV
2023,22,2,Querétaro,Pinal de Amoles,PV
2023,22,3,Querétaro,Arroyo Seco,OI
2023,22,3,Querétaro,Arroyo Seco,PV
2023,22,4,Querétaro,Cadereyta de Montes,OI
2023,22,4,Querétaro,Cadereyta de Montes,PV
2023,22,5,Querétaro,Colón,OI
2023,22,5,Querétaro,Colón,PV
2023,22,7,Querétaro,Ezequiel Montes,PV
2023,22,10,Querétaro,Landa de Matamoros,PV
2023,22,12,Querétaro,Pedro Escobedo,PV
2023,22,15,Querétaro,San Joaquín,OI
2023,22,15,Querétaro,San Joaquín,PV
2023,22,17,Querétaro,Tequisquiapan,PV
2023,22,18,Querétaro,Tolimán,OI
2023,22,18,Querétaro,Tolimán,PV
2023,23,10,Quintana Roo,Bacalar,OI
2023,23,10,Quintana Roo,Bacalar,PV
2023,24,1,San Luis Potosí,Ahualulco,PV
2023,24,2,San Luis Potosí,Alaquines,OI
2023,24,2,San Luis Potosí,Alaquines,PV
2023,24,4,San Luis Potosí,Armadillo de Los Infante,PV
2023,24,5,San Luis Potosí,Cárdenas,OI
2023,24,5,San Luis Potosí,Cárdenas,PV
2023,24,6,San Luis Potosí,Catorce,PV
2023,24,7,San Luis Potosí,Cedral,PV
2023,24,9,San Luis Potosí,Cerro de San Pedro,PV
2023,24,12,San Luis Potosí,Tancanhuitz,OI
2023,24,12,San Luis Potosí,Tancanhuitz,PV
2023,24,14,San Luis Potosí,Coxcatlán,OI
2023,24,14,San Luis Potosí,Coxcatlán,PV
2023,24,15,San Luis Potosí,Charcas,PV
2023,24,17,San Luis Potosí,Guadalcázar,PV
2023,24,18,San Luis Potosí,Huehuetlán,OI
2023,24,18,San Luis Potosí,Huehuetlán,PV
2023,24,19,San Luis Potosí,Lagunillas,OI
2023,24,19,San Luis Potosí,Lagunillas,PV
2023,24,21,San Luis Potosí,Mexquitic de Carmona,PV
2023,24,22,San Luis Potosí,Moctezuma,PV
2023,24,23,San Luis Potosí,Rayón,OI
2023,24,23,San Luis Potosí,Rayón,PV
2023,24,25,San Luis Potosí,Salinas,PV
2023,24,26,San Luis Potosí,San Antonio,OI
2023,24,26,San Luis Potosí,San Antonio,PV
2023,24,29,San Luis Potosí,San Martín Chalchicuautla,OI
2023,24,29,San Luis Potosí,San Martín Chalchicuautla,PV
2023,24,30,San Luis Potosí,San Nicolás Tolentino,OI
2023,24,30,San Luis Potosí,San Nicolás Tolentino,PV
2023,24,31,San Luis Potosí,Santa Catarina,OI
2023,24,31,San Luis Potosí,Santa Catarina,PV
2023,24,33,San Luis Potosí,Santo Domingo,PV
2023,24,35,San Luis Potosí,Soledad de Graciano Sánchez,PV
2023,24,36,San Luis Potosí,Tamasopo,OI
2023,24,36,San Luis Potosí,Tamasopo,PV
2023,24,38,San Luis Potosí,Tampacán,OI
2023,24,38,San Luis Potosí,Tampacán,PV
2023,24,39,San Luis Potosí,Tampamolón Corona,OI
2023,24,39,San Luis Potosí,Tampamolón Corona,PV
2023,24,42,San Luis Potosí,Tanquián de Escobedo,OI
2023,24,42,San Luis Potosí,Tanquián de Escobedo,PV
2023,24,43,San Luis Potosí,Tierra Nueva,PV
2023,24,44,San Luis Potosí,Vanegas,PV
2023,24,45,San Luis Potosí,Venado,PV
2023,24,46,San Luis Potosí,Villa de Arriaga,PV
2023,24,47,San Luis Potosí,Villa de Guadalupe,PV
2023,24,48,San Luis Potosí,Villa de La Paz,PV
2023,24,51,San Luis Potosí,Villa Hidalgo,PV
2023,24,52,San Luis Potosí,Villa Juárez,PV
2023,24,54,San Luis Potosí,Xilitla,OI
2023,24,54,San Luis Potosí,Xilitla,PV
2023,24,55,San Luis Potosí,Zaragoza,PV
2023,24,56,San Luis Potosí,Villa de Arista,PV
2023,25,2,Sinaloa,Angostura,OI
2023,25,2,Sinaloa,Angostura,PV
2023,25,4,Sinaloa,Concordia,OI
2023,25,4,Sinaloa,Concordia,PV
2023,25,9,Sinaloa,Escuinapa,OI
2023,25,9,Sinaloa,Escuinapa,PV
2023,25,18,Sinaloa,Navolato,OI
2023,25,18,Sinaloa,Navolato,PV
2023,26,5,Sonora,Arivechi,PV
2023,26,8,Sonora,Bacadéhuachi,PV
2023,26,9,Sonora,Bacanora,PV
2023,26,11,Sonora,Bacoachi,PV
2023,26,27,Sonora,Fronteras,PV
2023,26,28,Sonora,Granados,PV
2023,26,34,Sonora,Huépac,PV
2023,26,50,Sonora,Rayón,PV
2023,26,67,Sonora,Villa Hidalgo,PV
2023,27,5,Tabasco,Comalcalco,OI
2023,27,5,Tabasco,Comalcalco,PV
2023,27,7,Tabasco,Emiliano Zapata,OI
2023,27,7,Tabasco,Emiliano Zapata,PV
2023,27,9,Tabasco,Jalapa,OI
2023,27,9,Tabasco,Jalapa,PV
2023,27,10,Tabasco,Jalpa de Méndez,PV
2023,27,11,Tabasco,Jonuta,PV
2023,27,13,Tabasco,Nacajuca,PV
2023,28,4,Tamaulipas,Antiguo Morelos,OI
2023,28,4,Tamaulipas,Antiguo Morelos,PV
2023,28,6,Tamaulipas,Bustamante,OI
2023,28,6,Tamaulipas,Bustamante,PV
2023,28,10,Tamaulipas,Cruillas,PV
2023,28,17,Tamaulipas,Jaumave,OI
2023,28,17,Tamaulipas,Jaumave,PV
2023,28,18,Tamaulipas,Jiménez,OI
2023,28,18,Tamaulipas,Jiménez,PV
2023,28,25,Tamaulipas,Miguel Alemán,OI
2023,28,26,Tamaulipas,Miquihuana,PV
2023,28,28,Tamaulipas,Nuevo Morelos,OI
2023,28,28,Tamaulipas,Nuevo Morelos,PV
2023,28,29,Tamaulipas,Ocampo,OI
2023,28,29,Tamaulipas,Ocampo,PV
2023,28,31,Tamaulipas,Palmillas,PV
2023,28,33,Tamaulipas,Río Bravo,OI
2023,28,33,Tamaulipas,Río Bravo,PV
2023,28,36,Tamaulipas,San Nicolás,PV
2023,28,39,Tamaulipas,Tula,OI
2023,28,39,Tamaulipas,Tula,PV
2023,28,42,Tamaulipas,Villagrán,OI
2023,28,42,Tamaulipas,Villagrán,PV
2023,29,1,Tlaxcala,Amaxac de Guerrero,PV
2023,29,2,Tlaxcala,Apetatitlán de Antonio Carvajal,PV
2023,29,4,Tlaxcala,Atltzayanca,PV
2023,29,5,Tlaxcala,Apizaco,PV
2023,29,9,Tlaxcala,Cuaxomulco,PV
2023,29,10,Tlaxcala,Chiautempan,PV
2023,29,11,Tlaxcala,Muñoz de Domingo Arenas,PV
2023,29,12,Tlaxcala,Españita,PV
2023,29,14,Tlaxcala,Hueyotlipan,PV
2023,29,15,Tlaxcala,Ixtacuixtla de Mariano Matamoros,PV
2023,29,16,Tlaxcala,Ixtenco,PV
2023,29,17,Tlaxcala,Mazatecochco de José María Morelos,PV
2023,29,18,Tlaxcala,Contla de Juan Cuamatzi,PV
2023,29,19,Tlaxcala,Tepetitla de Lardizábal,PV
2023,29,20,Tlaxcala,Sanctórum de Lázaro Cárdenas,PV
2023,29,21,Tlaxcala,Nanacamilpa de Mariano Arista,PV
2023,29,22,Tlaxcala,Acuamanala de Miguel Hidalgo,PV
2023,29,23,Tlaxcala,Natívitas,PV
2023,29,24,Tlaxcala,Panotla,PV
2023,29,25,Tlaxcala,San Pablo del Monte,PV
2023,29,26,Tlaxcala,Santa Cruz Tlaxcala,PV
2023,29,27,Tlaxcala,Tenancingo,PV
2023,29,28,Tlaxcala,Teolocholco,PV
2023,29,29,Tlaxcala,Tepeyanco,PV
2023,29,30,Tlaxcala,Terrenate,PV
2023,29,32,Tlaxcala,Tetlatlahuca,PV
2023,29,34,Tlaxcala,Tlaxco,PV
2023,29,35,Tlaxcala,Tocatlán,PV
2023,29,36,Tlaxcala,Totolac,PV
2023,29,38,Tlaxcala,Tzompantepec,PV
2023,29,39,Tlaxcala,Xaloztoc,PV
2023,29,40,Tlaxcala,Xaltocan,PV
2023,29,41,Tlaxcala,Papalotla de Xicohténcatl,PV
2023,29,42,Tlaxcala,Xicohtzinco,PV
2023,29,43,Tlaxcala,Yauhquemehcan,PV
2023,29,45,Tlaxcala,Benito Juárez,PV
2023,29,46,Tlaxcala,Emiliano Zapata,PV
2023,29,47,Tlaxcala,Lázaro Cárdenas,PV
2023,29,48,Tlaxcala,La Magdalena Tlaltelulco,PV
2023,29,49,Tlaxcala,San Damián Texóloc,PV
2023,29,50,Tlaxcala,San Francisco Tetlanohcan,PV
2023,29,51,Tlaxcala,San Jerónimo Zacualpan,PV
2023,29,52,Tlaxcala,San José Teacalco,PV
2023,29,53,Tlaxcala,San Juan Huactzinco,PV
2023,29,54,Tlaxcala,San Lorenzo Axocomanitla,PV
2023,29,55,Tlaxcala,San Lucas Tecopilco,PV
2023,29,56,Tlaxcala,Santa Ana Nopalucan,PV
2023,29,57,Tlaxcala,Santa Apolonia Teacalco,PV
2023,29,58,Tlaxcala,Santa Catarina Ayometla,PV
2023,29,59,Tlaxcala,Santa Cruz Quilehtla,PV
2023,29,60,Tlaxcala,Santa Isabel Xiloxoxtla,PV
2023,30,5,Veracruz,Acula,OI
2023,30,5,Veracruz,Acula,PV
2023,30,6,Veracruz,Acultzingo,PV
2023,30,8,Veracruz,Alpatláhuac,PV
2023,30,12,Veracruz,Amatitlán,OI
2023,30,12,Veracruz,Amatitlán,PV
2023,30,13,Veracruz,Naranjos Amatlán,OI
2023,30,13,Veracruz,Naranjos Amatlán,PV
2023,30,14,Veracruz,Amatlán de Los Reyes,OI
2023,30,14,Veracruz,Amatlán de Los Reyes,PV
2023,30,17,Veracruz,Apazapan,PV
2023,30,18,Veracruz,Aquila,PV
2023,30,19,Veracruz,Astacinga,PV
2023,30,20,Veracruz,Atlahuilco,PV
2023,30,22,Veracruz,Atzacan,OI
2023,30,22,Veracruz,Atzacan,PV
2023,30,24,Veracruz,Tlaltetela,PV
2023,30,25,Veracruz,Ayahualulco,OI
2023,30,25,Veracruz,Ayahualulco,PV
2023,30,27,Veracruz,Benito Juárez,OI
2023,30,27,Veracruz,Benito Juárez,PV
2023,30,29,Veracruz,Calcahualco,PV
2023,30,30,Veracruz,Camerino Z. Mendoza,PV
2023,30,31,Veracruz,Carrillo Puerto,PV
2023,30,33,Veracruz,Cazones de Herrera,OI
2023,30,33,Veracruz,Cazones de Herrera,PV
2023,30,34,Veracruz,Cerro Azul,OI
2023,30,34,Veracruz,Cerro Azul,PV
2023,30,35,Veracruz,Citlaltépetl,PV
2023,30,36,Veracruz,Coacoatzintla,PV
2023,30,40,Veracruz,Coatzintla,OI
2023,30,40,Veracruz,Coatzintla,PV
2023,30,41,Veracruz,Coetzala,PV
2023,30,42,Veracruz,Colipa,OI
2023,30,42,Veracruz,Colipa,PV
2023,30,43,Veracruz,Comapa,PV
2023,30,47,Veracruz,Coscomatepec,PV
2023,30,50,Veracruz,Coxquihui,OI
2023,30,50,Veracruz,Coxquihui,PV
2023,30,52,Veracruz,Cuichapa,OI
2023,30,52,Veracruz,Cuichapa,PV
2023,30,56,Veracruz,Chiconamel,OI
2023,30,56,Veracruz,Chiconamel,PV
2023,30,57,Veracruz,Chiconquiaco,OI
2023,30,57,Veracruz,Chiconquiaco,PV
2023,30,58,Veracruz,Chicontepec,OI
2023,30,58,Veracruz,Chicontepec,PV
2023,30,59,Veracruz,Chinameca,OI
2023,30,59,Veracruz,Chinameca,PV
2023,30,60,Veracruz,Chinampa de Gorostiza,OI
2023,30,60,Veracruz,Chinampa de Gorostiza,PV
2023,30,62,Veracruz,Chocamán,OI
2023,30,62,Veracruz,Chocamán,PV
2023,30,63,Veracruz,Chontla,OI
2023,30,63,Veracruz,Chontla,PV
2023,30,64,Veracruz,Chumatlán,OI
2023,30,64,Veracruz,Chumatlán,PV
2023,30,67,Veracruz,Filomeno Mata,OI
2023,30,67,Veracruz,Filomeno Mata,PV
2023,30,70,Veracruz,Hidalgotitlán,OI
2023,30,70,Veracruz,Hidalgotitlán,PV
2023,30,74,Veracruz,Huiloapan de Cuauhtémoc,PV
2023,30,75,Veracruz,Ignacio de La Llave,OI
2023,30,75,Veracruz,Ignacio de La Llave,PV
2023,30,76,Veracruz,Ilamatlán,OI
2023,30,76,Veracruz,Ilamatlán,PV
2023,30,78,Veracruz,Ixcatepec,OI
2023,30,78,Veracruz,Ixcatepec,PV
2023,30,79,Veracruz,Ixhuacán de Los Reyes,OI
2023,30,79,Veracruz,Ixhuacán de Los Reyes,PV
2023,30,80,Veracruz,Ixhuatlán del Café,PV
2023,30,81,Veracruz,Ixhuatlancillo,PV
2023,30,82,Veracruz,Ixhuatlán del Sureste,OI
2023,30,82,Veracruz,Ixhuatlán del Sureste,PV
2023,30,84,Veracruz,Ixmatlahuacan,OI
2023,30,84,Veracruz,Ixmatlahuacan,PV
2023,30,85,Veracruz,Ixtaczoquitlán,PV
2023,30,88,Veracruz,Jalcomulco,PV
2023,30,89,Veracruz,Jáltipan,OI
2023,30,89,Veracruz,Jáltipan,PV
2023,30,90,Veracruz,Jamapa,OI
2023,30,90,Veracruz,Jamapa,PV
2023,30,92,Veracruz,Xico,PV
2023,30,94,Veracruz,Juan Rodríguez Clara,OI
2023,30,94,Veracruz,Juan Rodríguez Clara,PV
2023,30,95,Veracruz,Juchique de Ferrer,OI
2023,30,95,Veracruz,Juchique de Ferrer,PV
2023,30,96,Veracruz,Landero Y Coss,PV
2023,30,97,Veracruz,Lerdo de Tejada,OI
2023,30,97,Veracruz,Lerdo de Tejada,PV
2023,30,98,Veracruz,Magdalena,PV
2023,30,103,Veracruz,Mecatlán,OI
2023,30,103,Veracruz,Mecatlán,PV
2023,30,106,Veracruz,Miahuatlán,PV
2023,30,107,Veracruz,Las Minas,OI
2023,30,107,Veracruz,Las Minas,PV
2023,30,108,Veracruz,Minatitlán,OI
2023,30,108,Veracruz,Minatitlán,PV
2023,30,110,Veracruz,Mixtla de Altamirano,PV
2023,30,113,Veracruz,Naranjal,PV
2023,30,115,Veracruz,Nogales,PV
2023,30,116,Veracruz,Oluta,OI
2023,30,116,Veracruz,Oluta,PV
2023,30,117,Veracruz,Omealca,OI
2023,30,117,Veracruz,Omealca,PV
2023,30,119,Veracruz,Otatitlán,OI
2023,30,119,Veracruz,Otatitlán,PV
2023,30,120,Veracruz,Oteapan,OI
2023,30,120,Veracruz,Oteapan,PV
2023,30,121,Veracruz,Ozuluama de Mascareñas,OI
2023,30,121,Veracruz,Ozuluama de Mascareñas,PV
2023,30,122,Veracruz,Pajapan,OI
2023,30,122,Veracruz,Pajapan,PV
2023,30,127,Veracruz,La Perla,PV
2023,30,129,Veracruz,Platón Sánchez,OI
2023,30,129,Veracruz,Platón Sánchez,PV
2023,30,130,Veracruz,Playa Vicente,OI
2023,30,130,Veracruz,Playa Vicente,PV
2023,30,133,Veracruz,Pueblo Viejo,OI
2023,30,133,Veracruz,Pueblo Viejo,PV
2023,30,135,Veracruz,Rafael Delgado,PV
2023,30,137,Veracruz,Los Reyes,PV
2023,30,138,Veracruz,Río Blanco,PV
2023,30,139,Veracruz,Saltabarranca,OI
2023,30,139,Veracruz,Saltabarranca,PV
2023,30,140,Veracruz,San Andrés Tenejapan,PV
2023,30,144,Veracruz,Sayula de Alemán,OI
2023,30,144,Veracruz,Sayula de Alemán,PV
2023,30,145,Veracruz,Soconusco,OI
2023,30,145,Veracruz,Soconusco,PV
2023,30,146,Veracruz,Sochiapa,PV
2023,30,147,Veracruz,Soledad Atzompa,PV
2023,30,148,Veracruz,Soledad de Doblado,OI
2023,30,148,Veracruz,Soledad de Doblado,PV
2023,30,149,Veracruz,Soteapan,OI
2023,30,149,Veracruz,Soteapan,PV
2023,30,150,Veracruz,Tamalín,OI
2023,30,150,Veracruz,Tamalín,PV
2023,30,151,Veracruz,Tamiahua,OI
2023,30,151,Veracruz,Tamiahua,PV
2023,30,152,Veracruz,Tampico Alto,OI
2023,30,152,Veracruz,Tampico Alto,PV
2023,30,153,Veracruz,Tancoco,OI
2023,30,153,Veracruz,Tancoco,PV
2023,30,154,Veracruz,Tantima,OI
2023,30,154,Veracruz,Tantima,PV
2023,30,156,Veracruz,Tatatila,OI
2023,30,156,Veracruz,Tatatila,PV
2023,30,157,Veracruz,Castillo de Teayo,OI
2023,30,157,Veracruz,Castillo de Teayo,PV
2023,30,158,Veracruz,Tecolutla,OI
2023,30,158,Veracruz,Tecolutla,PV
2023,30,159,Veracruz,Tehuipango,PV
2023,30,162,Veracruz,Tenampa,PV
2023,30,165,Veracruz,Tepatlaxco,OI
2023,30,165,Veracruz,Tepatlaxco,PV
2023,30,166,Veracruz,Tepetlán,PV
2023,30,168,Veracruz,Tequila,PV
2023,30,169,Veracruz,José Azueta,OI
2023,30,169,Veracruz,José Azueta,PV
2023,30,170,Veracruz,Texcatepec,OI
2023,30,170,Veracruz,Texcatepec,PV
2023,30,171,Veracruz,Texhuacán,PV
2023,30,172,Veracruz,Texistepec,OI
2023,30,172,Veracruz,Texistepec,PV
2023,30,173,Veracruz,Tezonapa,OI
2023,30,173,Veracruz,Tezonapa,PV
2023,30,174,Veracruz,Tierra Blanca,OI
2023,30,174,Veracruz,Tierra Blanca,PV
2023,30,176,Veracruz,Tlacojalpan,OI
2023,30,176,Veracruz,Tlacojalpan,PV
2023,30,177,Veracruz,Tlacolulan,PV
2023,30,178,Veracruz,Tlacotalpan,OI
2023,30,178,Veracruz,Tlacotalpan,PV
2023,30,179,Veracruz,Tlacotepec de Mejía,PV
2023,30,180,Veracruz,Tlachichilco,OI
2023,30,180,Veracruz,Tlachichilco,PV
2023,30,181,Veracruz,Tlalixcoyan,OI
2023,30,181,Veracruz,Tlalixcoyan,PV
2023,30,183,Veracruz,Tlapacoyan,OI
2023,30,183,Veracruz,Tlapacoyan,PV
2023,30,185,Veracruz,Tlilapan,PV
2023,30,186,Veracruz,Tomatlán,PV
2023,30,187,Veracruz,Tonayán,PV
2023,30,190,Veracruz,Tuxtilla,OI
2023,30,190,Veracruz,Tuxtilla,PV
2023,30,192,Veracruz,Vega de Alatorre,OI
2023,30,192,Veracruz,Vega de Alatorre,PV
2023,30,194,Veracruz,Villa Aldama,PV
2023,30,195,Veracruz,Xoxocotla,PV
2023,30,196,Veracruz,Yanga,PV
2023,30,198,Veracruz,Zacualpan,OI
2023,30,198,Veracruz,Zacualpan,PV
2023,30,200,Veracruz,Zentla,PV
2023,30,202,Veracruz,Zontecomatlán de López Y Fuentes,OI
2023,30,202,Veracruz,Zontecomatlán de López Y Fuentes,PV
2023,30,203,Veracruz,Zozocolco de Hidalgo,OI
2023,30,203,Veracruz,Zozocolco de Hidalgo,PV
2023,30,206,Veracruz,Nanchital de Lázaro Cárdenas del Río,OI
2023,30,206,Veracruz,Nanchital de Lázaro Cárdenas del Río,PV
2023,30,207,Veracruz,Tres Valles,OI
2023,30,207,Veracruz,Tres Valles,PV
2023,30,208,Veracruz,Carlos A. Carrillo,OI
2023,30,208,Veracruz,Carlos A. Carrillo,PV
2023,30,209,Veracruz,Uxpanapa,OI
2023,30,209,Veracruz,Uxpanapa,PV
2023,30,210,Veracruz,Tatahuicapan de Juárez,OI
2023,30,210,Veracruz,Tatahuicapan de Juárez,PV
2023,30,212,Veracruz,Santiago Sochiapan,OI
2023,30,212,Veracruz,Santiago Sochiapan,PV
2023,31,2,Yucatán,Acanceh,PV
2023,31,3,Yucatán,Akil,OI
2023,31,3,Yucatán,Akil,PV
2023,31,4,Yucatán,Baca,PV
2023,31,5,Yucatán,Bokobá,PV
2023,31,6,Yucatán,Buctzotz,PV
2023,31,7,Yucatán,Cacalchén,PV
2023,31,8,Yucatán,Calotmul,PV
2023,31,9,Yucatán,Cansahcab,PV
2023,31,12,Yucatán,Cenotillo,PV
2023,31,14,Yucatán,Cuncunul,PV
2023,31,15,Yucatán,Cuzamá,PV
2023,31,16,Yucatán,Chacsinkín,PV
2023,31,17,Yucatán,Chankom,PV
2023,31,18,Yucatán,Chapab,PV
2023,31,19,Yucatán,Chemax,PV
2023,31,20,Yucatán,Chicxulub Pueblo,PV
2023,31,21,Yucatán,Chichimilá,PV
2023,31,22,Yucatán,Chikindzonot,PV
2023,31,24,Yucatán,Chumayel,PV
2023,31,25,Yucatán,Dzán,OI
2023,31,25,Yucatán,Dzán,PV
2023,31,26,Yucatán,Dzemul,PV
2023,31,27,Yucatán,Dzidzantún,PV
2023,31,28,Yucatán,Dzilam de Bravo,PV
2023,31,29,Yucatán,Dzilam González,PV
2023,31,30,Yucatán,Dzitás,PV
2023,31,31,Yucatán,Dzoncauich,PV
2023,31,32,Yucatán,Espita,PV
2023,31,33,Yucatán,Halachó,OI
2023,31,33,Yucatán,Halachó,PV
2023,31,34,Yucatán,Hocabá,PV
2023,31,35,Yucatán,Hoctún,PV
2023,31,36,Yucatán,Homún,PV
2023,31,37,Yucatán,Huhí,PV
2023,31,38,Yucatán,Hunucmá,PV
2023,31,39,Yucatán,Ixil,PV
2023,31,40,Yucatán,Izamal,PV
2023,31,41,Yucatán,Kanasín,PV
2023,31,42,Yucatán,Kantunil,PV
2023,31,44,Yucatán,Kinchil,PV
2023,31,45,Yucatán,Kopomá,PV
2023,31,46,Yucatán,Mama,PV
2023,31,47,Yucatán,Maní,OI
2023,31,47,Yucatán,Maní,PV
2023,31,48,Yucatán,Maxcanú,PV
2023,31,49,Yucatán,Mayapán,PV
2023,31,54,Yucatán,Muxupip,PV
2023,31,55,Yucatán,Opichén,OI
2023,31,55,Yucatán,Opichén,PV
2023,31,57,Yucatán,Panabá,PV
2023,31,60,Yucatán,Quintana Roo,PV
2023,31,62,Yucatán,Sacalum,OI
2023,31,62,Yucatán,Sacalum,PV
2023,31,63,Yucatán,Samahil,PV
2023,31,64,Yucatán,Sanahcat,PV
2023,31,65,Yucatán,San Felipe,PV
2023,31,66,Yucatán,Santa Elena,OI
2023,31,66,Yucatán,Santa Elena,PV
2023,31,67,Yucatán,Seyé,PV
2023,31,68,Yucatán,Sinanché,PV
2023,31,69,Yucatán,Sotuta,PV
2023,31,70,Yucatán,Sucilá,OI
2023,31,70,Yucatán,Sucilá,PV
2023,31,71,Yucatán,Sudzal,PV
2023,31,72,Yucatán,Suma,PV
2023,31,73,Yucatán,Tahdziú,PV
2023,31,74,Yucatán,Tahmek,PV
2023,31,75,Yucatán,Teabo,PV
2023,31,76,Yucatán,Tecoh,PV
2023,31,77,Yucatán,Tekal de Venegas,PV
2023,31,78,Yucatán,Tekantó,PV
2023,31,80,Yucatán,Tekit,PV
2023,31,81,Yucatán,Tekom,PV
2023,31,82,Yucatán,Telchac Pueblo,PV
2023,31,83,Yucatán,Telchac Puerto,PV
2023,31,84,Yucatán,Temax,PV
2023,31,85,Yucatán,Temozón,PV
2023,31,86,Yucatán,Tepakán,PV
2023,31,87,Yucatán,Tetiz,PV
2023,31,88,Yucatán,Teya,PV
2023,31,90,Yucatán,Timucuy,PV
2023,31,91,Yucatán,Tinum,PV
2023,31,92,Yucatán,Tixcacalcupul,PV
2023,31,93,Yucatán,Tixkokob,PV
2023,31,94,Yucatán,Tixmehuac,PV
2023,31,95,Yucatán,Tixpéhual,PV
2023,31,97,Yucatán,Tunkás,PV
2023,31,99,Yucatán,Uayma,PV
2023,31,100,Yucatán,Ucú,PV
2023,31,101,Yucatán,Umán,PV
2023,31,103,Yucatán,Xocchel,PV
2023,31,104,Yucatán,Yaxcabá,PV
2023,31,105,Yucatán,Yaxkukul,PV
2023,31,106,Yucatán,Yobaín,PV
2023,32,1,Zacatecas,Apozol,OI
2023,32,1,Zacatecas,Apozol,PV
2023,32,2,Zacatecas,Apulco,OI
2023,32,2,Zacatecas,Apulco,PV
2023,32,4,Zacatecas,Benito Juárez,PV
2023,32,11,Zacatecas,Trinidad García de La Cadena,PV
2023,32,13,Zacatecas,General Enrique Estrada,PV
2023,32,21,Zacatecas,Jiménez del Teul,PV
2023,32,27,Zacatecas,Melchor Ocampo,PV
2023,32,30,Zacatecas,Momax,PV
2023,32,33,Zacatecas,Moyahua de Estrada,OI
2023,32,33,Zacatecas,Moyahua de Estrada,PV
2023,32,35,Zacatecas,Noria de Ángeles,PV
2023,32,37,Zacatecas,Pánuco,PV
2023,32,41,Zacatecas,El Salvador,PV
2023,32,50,Zacatecas,Vetagrande,PV
2023,32,52,Zacatecas,Villa García,PV
2023,32,57,Zacatecas,Trancoso,PV
2023,32,58,Zacatecas,Santa María de La Paz,PV
2024,1,11,Aguascalientes,San Francisco de Los Romo,PV
2024,4,1,Campeche,Calkiní,OI
2024,4,1,Campeche,Calkiní,PV
2024,4,8,Campeche,Tenabo,OI
2024,4,8,Campeche,Tenabo,PV
2024,4,12,Campeche,Seybaplaya,PV
2024,4,13,Campeche,Dzitbalché,OI
2024,4,13,Campeche,Dzitbalché,PV
2024,5,1,Coahuila,Abasolo,PV
2024,5,4,Coahuila,Arteaga,PV
2024,5,6,Coahuila,Castaños,PV
2024,5,8,Coahuila,Escobedo,PV
2024,5,11,Coahuila,General Cepeda,PV
2024,5,12,Coahuila,Guerrero,PV
2024,5,13,Coahuila,Hidalgo,PV
2024,5,16,Coahuila,Lamadrid,PV
2024,5,19,Coahuila,Morelos,PV
2024,5,21,Coahuila,Nadadores,PV
2024,5,23,Coahuila,Ocampo,PV
2024,5,24,Coahuila,Parras,PV
2024,5,26,Coahuila,Progreso,PV
2024,5,29,Coahuila,Sacramento,PV
2024,5,31,Coahuila,San Buenaventura,PV
2024,5,36,Coahuila,Viesca,PV
2024,5,37,Coahuila,Villa Unión,PV
2024,6,6,Colima,Ixtlahuacán,OI
2024,6,6,Colima,Ixtlahuacán,PV
2024,6,10,Colima,Villa de Álvarez,OI
2024,6,10,Colima,Villa de Álvarez,PV
2024,7,6,Chiapas,Amatenango de La Frontera,PV
2024,7,7,Chiapas,Amatenango del Valle,PV
2024,7,10,Chiapas,Bejucal de Ocampo,PV
2024,7,11,Chiapas,Bella Vista,PV
2024,7,12,Chiapas,Berriozábal,PV
2024,7,13,Chiapas,Bochil,PV
2024,7,16,Chiapas,Catazajá,PV
2024,7,18,Chiapas,Coapilla,PV
2024,7,21,Chiapas,Copainalá,OI
2024,7,21,Chiapas,Copainalá,PV
2024,7,23,Chiapas,Chamula,PV
2024,7,24,Chiapas,Chanal,PV
2024,7,26,Chiapas,Chenalhó,OI
2024,7,26,Chiapas,Chenalhó,PV
2024,7,33,Chiapas,Francisco León,OI
2024,7,35,Chiapas,Frontera Hidalgo,OI
2024,7,35,Chiapas,Frontera Hidalgo,PV
2024,7,36,Chiapas,La Grandeza,PV
2024,7,41,Chiapas,La Independencia,OI
2024,7,41,Chiapas,La Independencia,PV
2024,7,42,Chiapas,Ixhuatán,OI
2024,7,42,Chiapas,Ixhuatán,PV
2024,7,43,Chiapas,Ixtacomitán,OI
2024,7,43,Chiapas,Ixtacomitán,PV
2024,7,45,Chiapas,Ixtapangajoya,OI
2024,7,45,Chiapas,Ixtapangajoya,PV
2024,7,47,Chiapas,Jitotol,OI
2024,7,47,Chiapas,Jitotol,PV
2024,7,48,Chiapas,Juárez,OI
2024,7,48,Chiapas,Juárez,PV
2024,7,50,Chiapas,La Libertad,OI
2024,7,50,Chiapas,La Libertad,PV
2024,7,52,Chiapas,Las Margaritas,OI
2024,7,52,Chiapas,Las Margaritas,PV
2024,7,53,Chiapas,Mazapa de Madero,PV
2024,7,54,Chiapas,Mazatán,OI
2024,7,54,Chiapas,Mazatán,PV
2024,7,55,Chiapas,Metapa,OI
2024,7,55,Chiapas,Metapa,PV
2024,7,56,Chiapas,Mitontic,OI
2024,7,56,Chiapas,Mitontic,PV
2024,7,58,Chiapas,Nicolás Ruíz,PV
2024,7,64,Chiapas,Oxchuc,OI
2024,7,64,Chiapas,Oxchuc,PV
2024,7,66,Chiapas,Pantelhó,OI
2024,7,66,Chiapas,Pantelhó,PV
2024,7,67,Chiapas,Pantepec,OI
2024,7,67,Chiapas,Pantepec,PV
2024,7,70,Chiapas,El Porvenir,PV
2024,7,73,Chiapas,Rayón,OI
2024,7,73,Chiapas,Rayón,PV
2024,7,74,Chiapas,Reforma,OI
2024,7,74,Chiapas,Reforma,PV
2024,7,75,Chiapas,Las Rosas,OI
2024,7,75,Chiapas,Las Rosas,PV
2024,7,76,Chiapas,Sabanilla,OI
2024,7,76,Chiapas,Sabanilla,PV
2024,7,79,Chiapas,San Fernando,PV
2024,7,80,Chiapas,Siltepec,PV
2024,7,81,Chiapas,Simojovel,OI
2024,7,81,Chiapas,Simojovel,PV
2024,7,82,Chiapas,Sitalá,OI
2024,7,82,Chiapas,Sitalá,PV
2024,7,83,Chiapas,Socoltenango,OI
2024,7,83,Chiapas,Socoltenango,PV
2024,7,90,Chiapas,Tapalapa,OI
2024,7,90,Chiapas,Tapalapa,PV
2024,7,91,Chiapas,Tapilula,OI
2024,7,91,Chiapas,Tapilula,PV
2024,7,93,Chiapas,Tenejapa,OI
2024,7,93,Chiapas,Tenejapa,PV
2024,7,94,Chiapas,Teopisca,PV
2024,7,96,Chiapas,Tila,OI
2024,7,96,Chiapas,Tila,PV
2024,7,98,Chiapas,Totolapa,OI
2024,7,98,Chiapas,Totolapa,PV
2024,7,100,Chiapas,Tumbalá,OI
2024,7,100,Chiapas,Tumbalá,PV
2024,7,102,Chiapas,Tuxtla Chico,OI
2024,7,102,Chiapas,Tuxtla Chico,PV
2024,7,103,Chiapas,Tuzantán,PV
2024,7,104,Chiapas,Tzimol,OI
2024,7,104,Chiapas,Tzimol,PV
2024,7,109,Chiapas,Yajalón,OI
2024,7,109,Chiapas,Yajalón,PV
2024,7,110,Chiapas,San Lucas,OI
2024,7,110,Chiapas,San Lucas,PV
2024,7,111,Chiapas,Zinacantán,PV
2024,7,112,Chiapas,San Juan Cancuc,OI
2024,7,112,Chiapas,San Juan Cancuc,PV
2024,7,113,Chiapas,Aldama,PV
2024,7,115,Chiapas,Maravilla Tenejapa,OI
2024,7,115,Chiapas,Maravilla Tenejapa,PV
2024,7,116,Chiapas,Marqués de Comillas,OI
2024,7,116,Chiapas,Marqués de Comillas,PV
2024,7,117,Chiapas,Montecristo de Guerrero,PV
2024,7,118,Chiapas,San Andrés Duraznal,OI
2024,7,118,Chiapas,San Andrés Duraznal,PV
2024,7,119,Chiapas,Santiago El Pinar,PV
2024,7,120,Chiapas,Capitán Luis Ángel Vidal,PV
2024,7,121,Chiapas,Rincón Chamula San Pedro,OI
2024,7,121,Chiapas,Rincón Chamula San Pedro,PV
2024,7,122,Chiapas,El Parral,OI
2024,7,122,Chiapas,El Parral,PV
2024,7,125,Chiapas,Honduras de la Sierra,PV
2024,8,3,Chihuahua,Allende,PV
2024,8,12,Chihuahua,Carichí,PV
2024,8,13,Chihuahua,Casas Grandes,PV
2024,8,18,Chihuahua,Cusihuiriachi,PV
2024,8,23,Chihuahua,Galeana,PV
2024,8,25,Chihuahua,Gómez Farías,PV
2024,8,33,Chihuahua,Huejotitán,PV
2024,8,34,Chihuahua,Ignacio Zaragoza,PV
2024,8,44,Chihuahua,Matamoros,PV
2024,8,46,Chihuahua,Morelos,OI
2024,8,46,Chihuahua,Morelos,PV
2024,8,47,Chihuahua,Moris,PV
2024,8,51,Chihuahua,Ocampo,PV
2024,8,54,Chihuahua,Riva Palacio,PV
2024,8,56,Chihuahua,Rosario,PV
2024,8,60,Chihuahua,Santa Bárbara,PV
2024,8,64,Chihuahua,El Tule,PV
2024,8,66,Chihuahua,Uruachi,PV
2024,10,2,Durango,Canelas,OI
2024,10,2,Durango,Canelas,PV
2024,10,3,Durango,Coneto de Comonfort,PV
2024,10,6,Durango,General Simón Bolívar,PV
2024,10,14,Durango,Mezquital,PV
2024,10,16,Durango,Nombre de Dios,PV
2024,10,19,Durango,Otáez,PV
2024,10,20,Durango,Pánuco de Coronado,PV
2024,10,21,Durango,Peñón Blanco,PV
2024,10,23,Durango,Pueblo Nuevo,PV
2024,10,28,Durango,San Juan del Río,PV
2024,10,29,Durango,San Luis del Cordero,PV
2024,11,9,Guanajuato,Comonfort,PV
2024,11,16,Guanajuato,Huanímaro,PV
2024,11,21,Guanajuato,Moroleón,PV
2024,11,32,Guanajuato,San José Iturbide,PV
2024,11,34,Guanajuato,Santa Catarina,PV
2024,11,35,Guanajuato,Santa Cruz de Juventino Rosas,PV
2024,11,36,Guanajuato,Santiago Maravatío,PV
2024,11,38,Guanajuato,Tarandacuao,OI
2024,11,38,Guanajuato,Tarandacuao,PV
2024,11,39,Guanajuato,Tarimoro,PV
2024,11,41,Guanajuato,Uriangato,PV
2024,11,43,Guanajuato,Victoria,PV
2024,11,44,Guanajuato,Villagrán,PV
2024,12,4,Guerrero,Alcozauca de Guerrero,OI
2024,12,4,Guerrero,Alcozauca de Guerrero,PV
2024,12,6,Guerrero,Apaxtla,PV
2024,12,9,Guerrero,Atlamajalcingo del Monte,PV
2024,12,10,Guerrero,Atlixtac,OI
2024,12,10,Guerrero,Atlixtac,PV
2024,12,13,Guerrero,Azoyú,OI
2024,12,13,Guerrero,Azoyú,PV
2024,12,19,Guerrero,Copalillo,OI
2024,12,19,Guerrero,Copalillo,PV
2024,12,20,Guerrero,Copanatoyac,OI
2024,12,20,Guerrero,Copanatoyac,PV
2024,12,24,Guerrero,Cualác,PV
2024,12,25,Guerrero,Cuautepec,OI
2024,12,25,Guerrero,Cuautepec,PV
2024,12,26,Guerrero,Cuetzala del Progreso,OI
2024,12,26,Guerrero,Cuetzala del Progreso,PV
2024,12,30,Guerrero,Florencio Villarreal,OI
2024,12,30,Guerrero,Florencio Villarreal,PV
2024,12,31,Guerrero,General Canuto A. Neri,PV
2024,12,33,Guerrero,Huamuxtitlán,OI
2024,12,37,Guerrero,Ixcateopan de Cuauhtémoc,PV
2024,12,41,Guerrero,Malinaltepec,OI
2024,12,41,Guerrero,Malinaltepec,PV
2024,12,42,Guerrero,Mártir de Cuilapan,PV
2024,12,43,Guerrero,Metlatónoc,OI
2024,12,43,Guerrero,Metlatónoc,PV
2024,12,47,Guerrero,Pedro Ascencio Alquisiras,PV
2024,12,49,Guerrero,Pilcaya,OI
2024,12,49,Guerrero,Pilcaya,PV
2024,12,51,Guerrero,Quechultenango,OI
2024,12,51,Guerrero,Quechultenango,PV
2024,12,52,Guerrero,San Luis Acatlán,OI
2024,12,52,Guerrero,San Luis Acatlán,PV
2024,12,54,Guerrero,San Miguel Totolapan,OI
2024,12,54,Guerrero,San Miguel Totolapan,PV
2024,12,56,Guerrero,Tecoanapa,OI
2024,12,56,Guerrero,Tecoanapa,PV
2024,12,58,Guerrero,Teloloapan,OI
2024,12,58,Guerrero,Teloloapan,PV
2024,12,60,Guerrero,Tetipac,OI
2024,12,60,Guerrero,Tetipac,PV
2024,12,62,Guerrero,Tlacoachistlahuaca,OI
2024,12,62,Guerrero,Tlacoachistlahuaca,PV
2024,12,63,Guerrero,Tlacoapa,OI
2024,12,63,Guerrero,Tlacoapa,PV
2024,12,64,Guerrero,Tlalchapa,OI
2024,12,64,Guerrero,Tlalchapa,PV
2024,12,65,Guerrero,Tlalixtaquilla de Maldonado,OI
2024,12,65,Guerrero,Tlalixtaquilla de Maldonado,PV
2024,12,67,Guerrero,Tlapehuala,OI
2024,12,67,Guerrero,Tlapehuala,PV
2024,12,69,Guerrero,Xalpatláhuac,OI
2024,12,69,Guerrero,Xalpatláhuac,PV
2024,12,71,Guerrero,Xochistlahuaca,OI
2024,12,71,Guerrero,Xochistlahuaca,PV
2024,12,72,Guerrero,Zapotitlán Tablas,OI
2024,12,72,Guerrero,Zapotitlán Tablas,PV
2024,12,74,Guerrero,Zitlala,OI
2024,12,74,Guerrero,Zitlala,PV
2024,12,75,Guerrero,Eduardo Neri,OI
2024,12,76,Guerrero,Acatepec,OI
2024,12,76,Guerrero,Acatepec,PV
2024,12,77,Guerrero,Marquelia,OI
2024,12,77,Guerrero,Marquelia,PV
2024,12,78,Guerrero,Cochoapa El Grande,OI
2024,12,78,Guerrero,Cochoapa El Grande,PV
2024,12,79,Guerrero,José Joaquín de Herrera,PV
2024,12,80,Guerrero,Juchitán,OI
2024,12,80,Guerrero,Juchitán,PV
2024,12,81,Guerrero,Iliatenco,PV
2024,13,1,Hidalgo,Acatlán,PV
2024,13,4,Hidalgo,Agua Blanca de Iturbide,PV
2024,13,5,Hidalgo,Ajacuba,PV
2024,13,7,Hidalgo,Almoloya,PV
2024,13,9,Hidalgo,El Arenal,PV
2024,13,10,Hidalgo,Atitalaquia,PV
2024,13,12,Hidalgo,Atotonilco El Grande,PV
2024,13,14,Hidalgo,Calnali,OI
2024,13,14,Hidalgo,Calnali,PV
2024,13,15,Hidalgo,Cardonal,PV
2024,13,16,Hidalgo,Cuautepec de Hinojosa,PV
2024,13,17,Hidalgo,Chapantongo,PV
2024,13,18,Hidalgo,Chapulhuacán,OI
2024,13,18,Hidalgo,Chapulhuacán,PV
2024,13,20,Hidalgo,Eloxochitlán,OI
2024,13,20,Hidalgo,Eloxochitlán,PV
2024,13,21,Hidalgo,Emiliano Zapata,PV
2024,13,22,Hidalgo,Epazoyucan,PV
2024,13,23,Hidalgo,Francisco I. Madero,PV
2024,13,24,Hidalgo,Huasca de Ocampo,PV
2024,13,26,Hidalgo,Huazalingo,OI
2024,13,26,Hidalgo,Huazalingo,PV
2024,13,31,Hidalgo,Jacala de Ledezma,OI
2024,13,31,Hidalgo,Jacala de Ledezma,PV
2024,13,32,Hidalgo,Jaltocán,OI
2024,13,32,Hidalgo,Jaltocán,PV
2024,13,33,Hidalgo,Juárez Hidalgo,PV
2024,13,34,Hidalgo,Lolotla,OI
2024,13,34,Hidalgo,Lolotla,PV
2024,13,35,Hidalgo,Metepec,PV
2024,13,36,Hidalgo,San Agustín Metzquititlán,OI
2024,13,36,Hidalgo,San Agustín Metzquititlán,PV
2024,13,39,Hidalgo,Mineral del Monte,PV
2024,13,40,Hidalgo,La Misión,PV
2024,13,42,Hidalgo,Molango de Escamilla,OI
2024,13,42,Hidalgo,Molango de Escamilla,PV
2024,13,43,Hidalgo,Nicolás Flores,OI
2024,13,43,Hidalgo,Nicolás Flores,PV
2024,13,44,Hidalgo,Nopala de Villagrán,PV
2024,13,45,Hidalgo,Omitlán de Juárez,PV
2024,13,47,Hidalgo,Pacula,OI
2024,13,47,Hidalgo,Pacula,PV
2024,13,49,Hidalgo,Pisaflores,PV
2024,13,50,Hidalgo,Progreso de Obregón,PV
2024,13,51,Hidalgo,Mineral de La Reforma,PV
2024,13,52,Hidalgo,San Agustín Tlaxiaca,PV
2024,13,53,Hidalgo,San Bartolo Tutotepec,OI
2024,13,53,Hidalgo,San Bartolo Tutotepec,PV
2024,13,54,Hidalgo,San Salvador,PV
2024,13,55,Hidalgo,Santiago de Anaya,PV
2024,13,56,Hidalgo,Santiago Tulantepec de Lugo Guerrero,PV
2024,13,57,Hidalgo,Singuilucan,PV
2024,13,58,Hidalgo,Tasquillo,PV
2024,13,59,Hidalgo,Tecozautla,OI
2024,13,59,Hidalgo,Tecozautla,PV
2024,13,60,Hidalgo,Tenango de Doria,OI
2024,13,60,Hidalgo,Tenango de Doria,PV
2024,13,61,Hidalgo,Tepeapulco,PV
2024,13,62,Hidalgo,Tepehuacán de Guerrero,OI
2024,13,62,Hidalgo,Tepehuacán de Guerrero,PV
2024,13,63,Hidalgo,Tepeji del Río de Ocampo,PV
2024,13,65,Hidalgo,Tetepango,PV
2024,13,66,Hidalgo,Villa de Tezontepec,PV
2024,13,67,Hidalgo,Tezontepec de Aldama,PV
2024,13,68,Hidalgo,Tianguistengo,OI
2024,13,68,Hidalgo,Tianguistengo,PV
2024,13,69,Hidalgo,Tizayuca,PV
2024,13,70,Hidalgo,Tlahuelilpan,PV
2024,13,71,Hidalgo,Tlahuiltepa,OI
2024,13,71,Hidalgo,Tlahuiltepa,PV
2024,13,72,Hidalgo,Tlanalapa,PV
2024,13,74,Hidalgo,Tlaxcoapan,PV
2024,13,75,Hidalgo,Tolcayuca,PV
2024,13,78,Hidalgo,Xochiatipan,OI
2024,13,78,Hidalgo,Xochiatipan,PV
2024,13,79,Hidalgo,Xochicoatlán,OI
2024,13,79,Hidalgo,Xochicoatlán,PV
2024,13,80,Hidalgo,Yahualica,OI
2024,13,80,Hidalgo,Yahualica,PV
2024,13,82,Hidalgo,Zapotlán de Juárez,PV
2024,13,83,Hidalgo,Zempoala,PV
2024,14,1,Jalisco,Acatic,PV
2024,14,3,Jalisco,Ahualulco de Mercado,PV
2024,14,4,Jalisco,Amacueca,OI
2024,14,4,Jalisco,Amacueca,PV
2024,14,7,Jalisco,San Juanito de Escobedo,PV
2024,14,8,Jalisco,Arandas,PV
2024,14,9,Jalisco,El Arenal,PV
2024,14,10,Jalisco,Atemajac de Brizuela,PV
2024,14,11,Jalisco,Atengo,PV
2024,14,13,Jalisco,Atotonilco El Alto,PV
2024,14,14,Jalisco,Atoyac,OI
2024,14,14,Jalisco,Atoyac,PV
2024,14,20,Jalisco,Cabo Corrientes,OI
2024,14,20,Jalisco,Cabo Corrientes,PV
2024,14,24,Jalisco,Cocula,PV
2024,14,26,Jalisco,Concepción de Buenos Aires,PV
2024,14,28,Jalisco,Cuautla,PV
2024,14,29,Jalisco,Cuquío,PV
2024,14,31,Jalisco,Chimaltitán,OI
2024,14,32,Jalisco,Chiquilistlán,PV
2024,14,35,Jalisco,Encarnación de Díaz,PV
2024,14,36,Jalisco,Etzatlán,PV
2024,14,37,Jalisco,El Grullo,PV
2024,14,38,Jalisco,Guachinango,OI
2024,14,38,Jalisco,Guachinango,PV
2024,14,42,Jalisco,Huejuquilla El Alto,PV
2024,14,44,Jalisco,Ixtlahuacán de Los Membrillos,PV
2024,14,45,Jalisco,Ixtlahuacán del Río,PV
2024,14,48,Jalisco,Jesús María,PV
2024,14,52,Jalisco,Juchitlán,PV
2024,14,55,Jalisco,Magdalena,OI
2024,14,55,Jalisco,Magdalena,PV
2024,14,56,Jalisco,Santa María del Oro,PV
2024,14,57,Jalisco,La Manzanilla de la Paz,PV
2024,14,59,Jalisco,Mazamitla,PV
2024,14,60,Jalisco,Mexticacán,PV
2024,14,62,Jalisco,Mixtlán,PV
2024,14,64,Jalisco,Ojuelos de Jalisco,PV
2024,14,69,Jalisco,Quitupan,OI
2024,14,69,Jalisco,Quitupan,PV
2024,14,72,Jalisco,San Diego de Alejandría,PV
2024,14,73,Jalisco,San Juan de Los Lagos,PV
2024,14,74,Jalisco,San Julián,PV
2024,14,75,Jalisco,San Marcos,PV
2024,14,78,Jalisco,San Miguel El Alto,PV
2024,14,80,Jalisco,San Sebastián del Oeste,OI
2024,14,80,Jalisco,San Sebastián del Oeste,PV
2024,14,82,Jalisco,Sayula,PV
2024,14,84,Jalisco,Talpa de Allende,OI
2024,14,84,Jalisco,Talpa de Allende,PV
2024,14,85,Jalisco,Tamazula de Gordiano,OI
2024,14,85,Jalisco,Tamazula de Gordiano,PV
2024,14,86,Jalisco,Tapalpa,PV
2024,14,87,Jalisco,Tecalitlán,OI
2024,14,87,Jalisco,Tecalitlán,PV
2024,14,88,Jalisco,Tecolotlán,PV
2024,14,89,Jalisco,Techaluta de Montenegro,PV
2024,14,90,Jalisco,Tenamaxtlán,PV
2024,14,92,Jalisco,Teocuitatlán de Corona,PV
2024,14,93,Jalisco,Tepatitlán de Morelos,PV
2024,14,94,Jalisco,Tequila,OI
2024,14,94,Jalisco,Tequila,PV
2024,14,101,Jalisco,Tonalá,PV
2024,14,102,Jalisco,Tonaya,PV
2024,14,103,Jalisco,Tonila,PV
2024,14,104,Jalisco,Totatiche,PV
2024,14,105,Jalisco,Tototlán,PV
2024,14,106,Jalisco,Tuxcacuesco,PV
2024,14,109,Jalisco,Unión de San Antonio,PV
2024,14,112,Jalisco,Valle de Juárez,PV
2024,14,113,Jalisco,San Gabriel,PV
2024,14,114,Jalisco,Villa Corona,PV
2024,14,115,Jalisco,Villa Guerrero,PV
2024,14,116,Jalisco,Villa Hidalgo,PV
2024,14,117,Jalisco,Cañadas de Obregón,PV
2024,14,119,Jalisco,Zacoalco de Torres,OI
2024,14,119,Jalisco,Zacoalco de Torres,PV
2024,14,121,Jalisco,Zapotiltic,PV
2024,14,122,Jalisco,Zapotitlán de Vadillo,OI
2024,14,122,Jalisco,Zapotitlán de Vadillo,PV
2024,15,1,México,Acambay de Ruíz Castañeda,PV
2024,15,4,México,Almoloya de Alquisiras,OI
2024,15,4,México,Almoloya de Alquisiras,PV
2024,15,6,México,Almoloya del Río,PV
2024,15,7,México,Amanalco,PV
2024,15,8,México,Amatepec,PV
2024,15,10,México,Apaxco,PV
2024,15,12,México,Atizapán,PV
2024,15,15,México,Atlautla,PV
2024,15,16,México,Axapusco,PV
2024,15,17,México,Ayapango,PV
2024,15,18,México,Calimaya,PV
2024,15,19,México,Capulhuac,PV
2024,15,20,México,Coacalco de Berriozábal,PV
2024,15,21,México,Coatepec Harinas,OI
2024,15,21,México,Coatepec Harinas,PV
2024,15,22,México,Cocotitlán,PV
2024,15,23,México,Coyotepec,PV
2024,15,24,México,Cuautitlán,PV
2024,15,26,México,Chapa de Mota,PV
2024,15,27,México,Chapultepec,PV
2024,15,28,México,Chiautla,PV
2024,15,29,México,Chicoloapan,PV
2024,15,30,México,Chiconcuac,PV
2024,15,31,México,Chimalhuacán,PV
2024,15,34,México,Ecatzingo,PV
2024,15,35,México,Huehuetoca,PV
2024,15,36,México,Hueypoxtla,PV
2024,15,39,México,Ixtapaluca,PV
2024,15,40,México,Ixtapan de La Sal,OI
2024,15,40,México,Ixtapan de La Sal,PV
2024,15,41,México,Ixtapan del Oro,OI
2024,15,41,México,Ixtapan del Oro,PV
2024,15,43,México,Xalatlaco,PV
2024,15,44,México,Jaltenco,PV
2024,15,46,México,Jilotzingo,PV
2024,15,47,México,Jiquipilco,PV
2024,15,48,México,Jocotitlán,PV
2024,15,49,México,Joquicingo,PV
2024,15,50,México,Juchitepec,PV
2024,15,53,México,Melchor Ocampo,PV
2024,15,54,México,Metepec,PV
2024,15,56,México,Morelos,PV
2024,15,59,México,Nextlalpan,PV
2024,15,60,México,Nicolás Romero,PV
2024,15,61,México,Nopaltepec,PV
2024,15,64,México,El Oro,PV
2024,15,65,México,Otumba,PV
2024,15,66,México,Otzoloapan,PV
2024,15,67,México,Otzolotepec,PV
2024,15,68,México,Ozumba,PV
2024,15,69,México,Papalotla,PV
2024,15,71,México,Polotitlán,PV
2024,15,72,México,Rayón,PV
2024,15,73,México,San Antonio La Isla,PV
2024,15,75,México,San Martín de Las Pirámides,PV
2024,15,76,México,San Mateo Atenco,PV
2024,15,77,México,San Simón de Guerrero,OI
2024,15,77,México,San Simón de Guerrero,PV
2024,15,78,México,Santo Tomás,OI
2024,15,79,México,Soyaniquilpan de Juárez,PV
2024,15,80,México,Sultepec,PV
2024,15,82,México,Tejupilco,OI
2024,15,82,México,Tejupilco,PV
2024,15,84,México,Temascalapa,PV
2024,15,85,México,Temascalcingo,PV
2024,15,88,México,Tenancingo,PV
2024,15,89,México,Tenango del Aire,PV
2024,15,92,México,Teotihuacán,PV
2024,15,93,México,Tepetlaoxtoc,PV
2024,15,94,México,Tepetlixpa,PV
2024,15,98,México,Texcalyacac,PV
2024,15,103,México,Tlalmanalco,PV
2024,15,105,México,Tlatlaya,OI
2024,15,105,México,Tlatlaya,PV
2024,15,107,México,Tonatico,PV
2024,15,108,México,Tultepec,PV
2024,15,115,México,Xonacatlán,PV
2024,15,116,México,Zacazonapan,PV
2024,15,117,México,Zacualpan,PV
2024,15,119,México,Zumpahuacán,OI
2024,15,119,México,Zumpahuacán,PV
2024,15,122,México,Valle de Chalco Solidaridad,PV
2024,15,123,México,Luvianos,PV
2024,15,124,México,San José del Rincón,PV
2024,15,125,México,Tonanitla,PV
2024,16,1,Michoacán,Acuitzio,PV
2024,16,2,Michoacán,Aguililla,OI
2024,16,2,Michoacán,Aguililla,PV
2024,16,5,Michoacán,Angangueo,PV
2024,16,7,Michoacán,Aporo,PV
2024,16,8,Michoacán,Aquila,OI
2024,16,8,Michoacán,Aquila,PV
2024,16,9,Michoacán,Ario,OI
2024,16,9,Michoacán,Ario,PV
2024,16,11,Michoacán,Briseñas,PV
2024,16,12,Michoacán,Buenavista,OI
2024,16,12,Michoacán,Buenavista,PV
2024,16,13,Michoacán,Carácuaro,OI
2024,16,13,Michoacán,Carácuaro,PV
2024,16,14,Michoacán,Coahuayana,OI
2024,16,14,Michoacán,Coahuayana,PV
2024,16,15,Michoacán,Coalcomán de Vázquez Pallares,OI
2024,16,15,Michoacán,Coalcomán de Vázquez Pallares,PV
2024,16,16,Michoacán,Coeneo,PV
2024,16,18,Michoacán,Copándaro,OI
2024,16,18,Michoacán,Copándaro,PV
2024,16,20,Michoacán,Cuitzeo,PV
2024,16,21,Michoacán,Charapan,PV
2024,16,22,Michoacán,Charo,PV
2024,16,23,Michoacán,Chavinda,PV
2024,16,24,Michoacán,Cherán,PV
2024,16,25,Michoacán,Chilchota,PV
2024,16,26,Michoacán,Chinicuila,OI
2024,16,26,Michoacán,Chinicuila,PV
2024,16,27,Michoacán,Chucándiro,OI
2024,16,27,Michoacán,Chucándiro,PV
2024,16,28,Michoacán,Churintzio,PV
2024,16,29,Michoacán,Churumuco,OI
2024,16,29,Michoacán,Churumuco,PV
2024,16,30,Michoacán,Ecuandureo,PV
2024,16,31,Michoacán,Epitacio Huerta,PV
2024,16,32,Michoacán,Erongarícuaro,PV
2024,16,33,Michoacán,Gabriel Zamora,OI
2024,16,33,Michoacán,Gabriel Zamora,PV
2024,16,36,Michoacán,Huandacareo,OI
2024,16,36,Michoacán,Huandacareo,PV
2024,16,37,Michoacán,Huaniqueo,PV
2024,16,40,Michoacán,Indaparapeo,PV
2024,16,41,Michoacán,Irimbo,PV
2024,16,45,Michoacán,Jiquilpan,PV
2024,16,46,Michoacán,Juárez,PV
2024,16,47,Michoacán,Jungapeo,OI
2024,16,47,Michoacán,Jungapeo,PV
2024,16,48,Michoacán,Lagunillas,PV
2024,16,51,Michoacán,Marcos Castellanos,PV
2024,16,54,Michoacán,Morelos,PV
2024,16,56,Michoacán,Nahuatzen,PV
2024,16,57,Michoacán,Nocupétaro,OI
2024,16,57,Michoacán,Nocupétaro,PV
2024,16,58,Michoacán,Nuevo Parangaricutiro,PV
2024,16,59,Michoacán,Nuevo Urecho,OI
2024,16,59,Michoacán,Nuevo Urecho,PV
2024,16,62,Michoacán,Pajacuarán,PV
2024,16,63,Michoacán,Panindícuaro,PV
2024,16,64,Michoacán,Parácuaro,OI
2024,16,64,Michoacán,Parácuaro,PV
2024,16,65,Michoacán,Paracho,PV
2024,16,66,Michoacán,Pátzcuaro,PV
2024,16,68,Michoacán,Peribán,PV
2024,16,70,Michoacán,Purépero,PV
2024,16,71,Michoacán,Puruándiro,PV
2024,16,73,Michoacán,Quiroga,PV
2024,16,74,Michoacán,Cojumatlán de Régules,PV
2024,16,75,Michoacán,Los Reyes,PV
2024,16,77,Michoacán,San Lucas,OI
2024,16,77,Michoacán,San Lucas,PV
2024,16,78,Michoacán,Santa Ana Maya,OI
2024,16,78,Michoacán,Santa Ana Maya,PV
2024,16,79,Michoacán,Salvador Escalante,PV
2024,16,80,Michoacán,Senguio,PV
2024,16,81,Michoacán,Susupuato,OI
2024,16,81,Michoacán,Susupuato,PV
2024,16,82,Michoacán,Tacámbaro,PV
2024,16,83,Michoacán,Tancítaro,OI
2024,16,83,Michoacán,Tancítaro,PV
2024,16,84,Michoacán,Tangamandapio,PV
2024,16,86,Michoacán,Tanhuato,PV
2024,16,87,Michoacán,Taretan,OI
2024,16,87,Michoacán,Taretan,PV
2024,16,88,Michoacán,Tarímbaro,PV
2024,16,90,Michoacán,Tingambato,PV
2024,16,91,Michoacán,Tingüindín,PV
2024,16,92,Michoacán,Tiquicheo de Nicolás Romero,OI
2024,16,92,Michoacán,Tiquicheo de Nicolás Romero,PV
2024,16,93,Michoacán,Tlalpujahua,PV
2024,16,95,Michoacán,Tocumbo,PV
2024,16,96,Michoacán,Tumbiscatío,OI
2024,16,96,Michoacán,Tumbiscatío,PV
2024,16,97,Michoacán,Turicato,OI
2024,16,97,Michoacán,Turicato,PV
2024,16,98,Michoacán,Tuxpan,OI
2024,16,98,Michoacán,Tuxpan,PV
2024,16,99,Michoacán,Tuzantla,OI
2024,16,99,Michoacán,Tuzantla,PV
2024,16,100,Michoacán,Tzintzuntzan,PV
2024,16,101,Michoacán,Tzitzio,PV
2024,16,111,Michoacán,Ziracuaretiro,PV
2024,17,10,Morelos,Jantetelco,PV
2024,17,22,Morelos,Tetela del Volcán,PV
2024,17,34,Morelos,Coatetelco,OI
2024,17,34,Morelos,Coatetelco,PV
2024,18,2,Nayarit,Ahuacatlán,PV
2024,18,3,Nayarit,Amatlán de Cañas,PV
2024,18,4,Nayarit,Compostela,OI
2024,18,4,Nayarit,Compostela,PV
2024,18,5,Nayarit,Huajicori,OI
2024,18,5,Nayarit,Huajicori,PV
2024,18,7,Nayarit,Jala,PV
2024,18,13,Nayarit,San Pedro Lagunillas,OI
2024,18,13,Nayarit,San Pedro Lagunillas,PV
2024,18,14,Nayarit,Santa María del Oro,PV
2024,18,15,Nayarit,Santiago Ixcuintla,OI
2024,18,15,Nayarit,Santiago Ixcuintla,PV
2024,18,16,Nayarit,Tecuala,OI
2024,18,16,Nayarit,Tecuala,PV
2024,18,18,Nayarit,Tuxpan,OI
2024,18,18,Nayarit,Tuxpan,PV
2024,19,14,Nuevo León,Doctor Arroyo,PV
2024,19,15,Nuevo León,Doctor Coss,PV
2024,19,18,Nuevo León,García,PV
2024,19,20,Nuevo León,General Bravo,PV
2024,19,22,Nuevo León,General Terán,PV
2024,19,27,Nuevo León,Los Herreras,PV
2024,19,32,Nuevo León,Lampazos de Naranjo,PV
2024,19,37,Nuevo León,Mina,PV
2024,19,50,Nuevo León,Vallecillo,PV
2024,19,51,Nuevo León,Villaldama,PV
2024,20,1,Oaxaca,Abejones,PV
2024,20,3,Oaxaca,Asunción Cacalotepec,OI
2024,20,3,Oaxaca,Asunción Cacalotepec,PV
2024,20,4,Oaxaca,Asunción Cuyotepeji,OI
2024,20,4,Oaxaca,Asunción Cuyotepeji,PV
2024,20,7,Oaxaca,Asunción Ocotlán,OI
2024,20,7,Oaxaca,Asunción Ocotlán,PV
2024,20,8,Oaxaca,Asunción Tlacolulita,OI
2024,20,8,Oaxaca,Asunción Tlacolulita,PV
2024,20,9,Oaxaca,Ayotzintepec,OI
2024,20,9,Oaxaca,Ayotzintepec,PV
2024,20,10,Oaxaca,El Barrio de la Soledad,OI
2024,20,10,Oaxaca,El Barrio de la Soledad,PV
2024,20,12,Oaxaca,Candelaria Loxicha,OI
2024,20,12,Oaxaca,Candelaria Loxicha,PV
2024,20,13,Oaxaca,Ciénega de Zimatlán,OI
2024,20,13,Oaxaca,Ciénega de Zimatlán,PV
2024,20,15,Oaxaca,Coatecas Altas,OI
2024,20,15,Oaxaca,Coatecas Altas,PV
2024,20,16,Oaxaca,Coicoyán de Las Flores,OI
2024,20,16,Oaxaca,Coicoyán de Las Flores,PV
2024,20,17,Oaxaca,La Compañía,OI
2024,20,17,Oaxaca,La Compañía,PV
2024,20,18,Oaxaca,Concepción Buenavista,PV
2024,20,19,Oaxaca,Concepción Pápalo,OI
2024,20,19,Oaxaca,Concepción Pápalo,PV
2024,20,20,Oaxaca,Constancia del Rosario,OI
2024,20,20,Oaxaca,Constancia del Rosario,PV
2024,20,21,Oaxaca,Cosolapa,OI
2024,20,21,Oaxaca,Cosolapa,PV
2024,20,22,Oaxaca,Cosoltepec,PV
2024,20,23,Oaxaca,Cuilápam de Guerrero,OI
2024,20,23,Oaxaca,Cuilápam de Guerrero,PV
2024,20,24,Oaxaca,Cuyamecalco Villa de Zaragoza,PV
2024,20,25,Oaxaca,Chahuites,OI
2024,20,25,Oaxaca,Chahuites,PV
2024,20,26,Oaxaca,Chalcatongo de Hidalgo,PV
2024,20,27,Oaxaca,Chiquihuitlán de Benito Juárez,PV
2024,20,28,Oaxaca,Heroica Ciudad de Ejutla de Crespo,OI
2024,20,28,Oaxaca,Heroica Ciudad de Ejutla de Crespo,PV
2024,20,29,Oaxaca,Eloxochitlán de Flores Magón,PV
2024,20,30,Oaxaca,El Espinal,OI
2024,20,30,Oaxaca,El Espinal,PV
2024,20,31,Oaxaca,Tamazulápam del Espíritu Santo,OI
2024,20,31,Oaxaca,Tamazulápam del Espíritu Santo,PV
2024,20,32,Oaxaca,Fresnillo de Trujano,PV
2024,20,33,Oaxaca,Guadalupe Etla,OI
2024,20,33,Oaxaca,Guadalupe Etla,PV
2024,20,34,Oaxaca,Guadalupe de Ramírez,PV
2024,20,35,Oaxaca,Guelatao de Juárez,OI
2024,20,35,Oaxaca,Guelatao de Juárez,PV
2024,20,36,Oaxaca,Guevea de Humboldt,OI
2024,20,36,Oaxaca,Guevea de Humboldt,PV
2024,20,37,Oaxaca,Mesones Hidalgo,OI
2024,20,37,Oaxaca,Mesones Hidalgo,PV
2024,20,38,Oaxaca,Villa Hidalgo,OI
2024,20,38,Oaxaca,Villa Hidalgo,PV
2024,20,40,Oaxaca,Huautepec,PV
2024,20,41,Oaxaca,Huautla de Jiménez,OI
2024,20,41,Oaxaca,Huautla de Jiménez,PV
2024,20,42,Oaxaca,Ixtlán de Juárez,OI
2024,20,42,Oaxaca,Ixtlán de Juárez,PV
2024,20,44,Oaxaca,Loma Bonita,OI
2024,20,44,Oaxaca,Loma Bonita,PV
2024,20,45,Oaxaca,Magdalena Apasco,OI
2024,20,45,Oaxaca,Magdalena Apasco,PV
2024,20,46,Oaxaca,Magdalena Jaltepec,PV
2024,20,47,Oaxaca,Santa Magdalena Jicotlán,PV
2024,20,48,Oaxaca,Magdalena Mixtepec,OI
2024,20,48,Oaxaca,Magdalena Mixtepec,PV
2024,20,49,Oaxaca,Magdalena Ocotlán,OI
2024,20,49,Oaxaca,Magdalena Ocotlán,PV
2024,20,50,Oaxaca,Magdalena Peñasco,PV
2024,20,51,Oaxaca,Magdalena Teitipac,OI
2024,20,51,Oaxaca,Magdalena Teitipac,PV
2024,20,53,Oaxaca,Magdalena Tlacotepec,OI
2024,20,53,Oaxaca,Magdalena Tlacotepec,PV
2024,20,54,Oaxaca,Magdalena Zahuatlán,PV
2024,20,55,Oaxaca,Mariscala de Juárez,OI
2024,20,55,Oaxaca,Mariscala de Juárez,PV
2024,20,56,Oaxaca,Mártires de Tacubaya,OI
2024,20,56,Oaxaca,Mártires de Tacubaya,PV
2024,20,57,Oaxaca,Matías Romero Avendaño,OI
2024,20,57,Oaxaca,Matías Romero Avendaño,PV
2024,20,58,Oaxaca,Mazatlán Villa de Flores,OI
2024,20,58,Oaxaca,Mazatlán Villa de Flores,PV
2024,20,60,Oaxaca,Mixistlán de La Reforma,PV
2024,20,61,Oaxaca,Monjas,OI
2024,20,61,Oaxaca,Monjas,PV
2024,20,62,Oaxaca,Natividad,PV
2024,20,63,Oaxaca,Nazareno Etla,OI
2024,20,63,Oaxaca,Nazareno Etla,PV
2024,20,64,Oaxaca,Nejapa de Madero,OI
2024,20,64,Oaxaca,Nejapa de Madero,PV
2024,20,65,Oaxaca,Ixpantepec Nieves,PV
2024,20,66,Oaxaca,Santiago Niltepec,OI
2024,20,66,Oaxaca,Santiago Niltepec,PV
2024,20,68,Oaxaca,Ocotlán de Morelos,OI
2024,20,68,Oaxaca,Ocotlán de Morelos,PV
2024,20,69,Oaxaca,La Pe,OI
2024,20,69,Oaxaca,La Pe,PV
2024,20,70,Oaxaca,Pinotepa de Don Luis,OI
2024,20,70,Oaxaca,Pinotepa de Don Luis,PV
2024,20,71,Oaxaca,Pluma Hidalgo,PV
2024,20,72,Oaxaca,San José del Progreso,OI
2024,20,72,Oaxaca,San José del Progreso,PV
2024,20,73,Oaxaca,Putla Villa de Guerrero,PV
2024,20,74,Oaxaca,Santa Catarina Quioquitani,PV
2024,20,75,Oaxaca,Reforma de Pineda,OI
2024,20,75,Oaxaca,Reforma de Pineda,PV
2024,20,76,Oaxaca,La Reforma,OI
2024,20,76,Oaxaca,La Reforma,PV
2024,20,77,Oaxaca,Reyes Etla,OI
2024,20,77,Oaxaca,Reyes Etla,PV
2024,20,78,Oaxaca,Rojas de Cuauhtémoc,OI
2024,20,78,Oaxaca,Rojas de Cuauhtémoc,PV
2024,20,80,Oaxaca,San Agustín Amatengo,OI
2024,20,80,Oaxaca,San Agustín Amatengo,PV
2024,20,81,Oaxaca,San Agustín Atenango,OI
2024,20,81,Oaxaca,San Agustín Atenango,PV
2024,20,82,Oaxaca,San Agustín Chayuco,OI
2024,20,82,Oaxaca,San Agustín Chayuco,PV
2024,20,84,Oaxaca,San Agustín Etla,PV
2024,20,85,Oaxaca,San Agustín Loxicha,PV
2024,20,86,Oaxaca,San Agustín Tlacotepec,PV
2024,20,87,Oaxaca,San Agustín Yatareni,PV
2024,20,88,Oaxaca,San Andrés Cabecera Nueva,PV
2024,20,89,Oaxaca,San Andrés Dinicuiti,OI
2024,20,89,Oaxaca,San Andrés Dinicuiti,PV
2024,20,90,Oaxaca,San Andrés Huaxpaltepec,OI
2024,20,90,Oaxaca,San Andrés Huaxpaltepec,PV
2024,20,91,Oaxaca,San Andrés Huayápam,OI
2024,20,91,Oaxaca,San Andrés Huayápam,PV
2024,20,92,Oaxaca,San Andrés Ixtlahuaca,OI
2024,20,92,Oaxaca,San Andrés Ixtlahuaca,PV
2024,20,93,Oaxaca,San Andrés Lagunas,PV
2024,20,94,Oaxaca,San Andrés Nuxiño,OI
2024,20,94,Oaxaca,San Andrés Nuxiño,PV
2024,20,95,Oaxaca,San Andrés Paxtlán,PV
2024,20,96,Oaxaca,San Andrés Sinaxtla,PV
2024,20,97,Oaxaca,San Andrés Solaga,OI
2024,20,97,Oaxaca,San Andrés Solaga,PV
2024,20,98,Oaxaca,San Andrés Teotilálpam,OI
2024,20,98,Oaxaca,San Andrés Teotilálpam,PV
2024,20,99,Oaxaca,San Andrés Tepetlapa,PV
2024,20,100,Oaxaca,San Andrés Yaá,PV
2024,20,101,Oaxaca,San Andrés Zabache,OI
2024,20,101,Oaxaca,San Andrés Zabache,PV
2024,20,102,Oaxaca,San Andrés Zautla,OI
2024,20,102,Oaxaca,San Andrés Zautla,PV
2024,20,103,Oaxaca,San Antonino Castillo Velasco,OI
2024,20,103,Oaxaca,San Antonino Castillo Velasco,PV
2024,20,104,Oaxaca,San Antonino El Alto,OI
2024,20,104,Oaxaca,San Antonino El Alto,PV
2024,20,106,Oaxaca,San Antonio Acutla,PV
2024,20,107,Oaxaca,San Antonio de La Cal,OI
2024,20,107,Oaxaca,San Antonio de La Cal,PV
2024,20,108,Oaxaca,San Antonio Huitepec,OI
2024,20,108,Oaxaca,San Antonio Huitepec,PV
2024,20,109,Oaxaca,San Antonio Nanahuatípam,OI
2024,20,109,Oaxaca,San Antonio Nanahuatípam,PV
2024,20,110,Oaxaca,San Antonio Sinicahua,PV
2024,20,111,Oaxaca,San Antonio Tepetlapa,OI
2024,20,111,Oaxaca,San Antonio Tepetlapa,PV
2024,20,112,Oaxaca,San Baltazar Chichicápam,OI
2024,20,112,Oaxaca,San Baltazar Chichicápam,PV
2024,20,113,Oaxaca,San Baltazar Loxicha,OI
2024,20,113,Oaxaca,San Baltazar Loxicha,PV
2024,20,114,Oaxaca,San Baltazar Yatzachi El Bajo,PV
2024,20,115,Oaxaca,San Bartolo Coyotepec,OI
2024,20,115,Oaxaca,San Bartolo Coyotepec,PV
2024,20,116,Oaxaca,San Bartolomé Ayautla,OI
2024,20,116,Oaxaca,San Bartolomé Ayautla,PV
2024,20,117,Oaxaca,San Bartolomé Loxicha,OI
2024,20,117,Oaxaca,San Bartolomé Loxicha,PV
2024,20,118,Oaxaca,San Bartolomé Quialana,OI
2024,20,118,Oaxaca,San Bartolomé Quialana,PV
2024,20,119,Oaxaca,San Bartolomé Yucuañe,PV
2024,20,120,Oaxaca,San Bartolomé Zoogocho,PV
2024,20,121,Oaxaca,San Bartolo Soyaltepec,PV
2024,20,122,Oaxaca,San Bartolo Yautepec,PV
2024,20,123,Oaxaca,San Bernardo Mixtepec,OI
2024,20,123,Oaxaca,San Bernardo Mixtepec,PV
2024,20,125,Oaxaca,San Carlos Yautepec,OI
2024,20,125,Oaxaca,San Carlos Yautepec,PV
2024,20,126,Oaxaca,San Cristóbal Amatlán,OI
2024,20,126,Oaxaca,San Cristóbal Amatlán,PV
2024,20,127,Oaxaca,San Cristóbal Amoltepec,PV
2024,20,128,Oaxaca,San Cristóbal Lachirioag,OI
2024,20,128,Oaxaca,San Cristóbal Lachirioag,PV
2024,20,129,Oaxaca,San Cristóbal Suchixtlahuaca,PV
2024,20,131,Oaxaca,San Dionisio Ocotepec,PV
2024,20,132,Oaxaca,San Dionisio Ocotlán,OI
2024,20,132,Oaxaca,San Dionisio Ocotlán,PV
2024,20,133,Oaxaca,San Esteban Atatlahuca,PV
2024,20,135,Oaxaca,San Felipe Tejalápam,OI
2024,20,135,Oaxaca,San Felipe Tejalápam,PV
2024,20,137,Oaxaca,San Francisco Cahuacuá,OI
2024,20,137,Oaxaca,San Francisco Cahuacuá,PV
2024,20,138,Oaxaca,San Francisco Cajonos,PV
2024,20,139,Oaxaca,San Francisco Chapulapa,PV
2024,20,140,Oaxaca,San Francisco Chindúa,PV
2024,20,141,Oaxaca,San Francisco del Mar,OI
2024,20,141,Oaxaca,San Francisco del Mar,PV
2024,20,142,Oaxaca,San Francisco Huehuetlán,PV
2024,20,143,Oaxaca,San Francisco Ixhuatán,OI
2024,20,143,Oaxaca,San Francisco Ixhuatán,PV
2024,20,144,Oaxaca,San Francisco Jaltepetongo,PV
2024,20,145,Oaxaca,San Francisco Lachigoló,OI
2024,20,145,Oaxaca,San Francisco Lachigoló,PV
2024,20,146,Oaxaca,San Francisco Logueche,PV
2024,20,147,Oaxaca,San Francisco Nuxaño,PV
2024,20,148,Oaxaca,San Francisco Ozolotepec,PV
2024,20,149,Oaxaca,San Francisco Sola,OI
2024,20,149,Oaxaca,San Francisco Sola,PV
2024,20,150,Oaxaca,San Francisco Telixtlahuaca,OI
2024,20,150,Oaxaca,San Francisco Telixtlahuaca,PV
2024,20,151,Oaxaca,San Francisco Teopan,PV
2024,20,152,Oaxaca,San Francisco Tlapancingo,OI
2024,20,152,Oaxaca,San Francisco Tlapancingo,PV
2024,20,153,Oaxaca,San Gabriel Mixtepec,OI
2024,20,153,Oaxaca,San Gabriel Mixtepec,PV
2024,20,154,Oaxaca,San Ildefonso Amatlán,OI
2024,20,154,Oaxaca,San Ildefonso Amatlán,PV
2024,20,155,Oaxaca,San Ildefonso Sola,OI
2024,20,155,Oaxaca,San Ildefonso Sola,PV
2024,20,156,Oaxaca,San Ildefonso Villa Alta,OI
2024,20,156,Oaxaca,San Ildefonso Villa Alta,PV
2024,20,157,Oaxaca,San Jacinto Amilpas,PV
2024,20,158,Oaxaca,San Jacinto Tlacotepec,OI
2024,20,158,Oaxaca,San Jacinto Tlacotepec,PV
2024,20,159,Oaxaca,San Jerónimo Coatlán,PV
2024,20,160,Oaxaca,San Jerónimo Silacayoapilla,PV
2024,20,161,Oaxaca,San Jerónimo Sosola,PV
2024,20,162,Oaxaca,San Jerónimo Taviche,PV
2024,20,163,Oaxaca,San Jerónimo Tecóatl,PV
2024,20,164,Oaxaca,San Jorge Nuchita,OI
2024,20,164,Oaxaca,San Jorge Nuchita,PV
2024,20,165,Oaxaca,San José Ayuquila,PV
2024,20,166,Oaxaca,San José Chiltepec,OI
2024,20,166,Oaxaca,San José Chiltepec,PV
2024,20,167,Oaxaca,San José del Peñasco,OI
2024,20,167,Oaxaca,San José del Peñasco,PV
2024,20,168,Oaxaca,San José Estancia Grande,PV
2024,20,169,Oaxaca,San José Independencia,OI
2024,20,169,Oaxaca,San José Independencia,PV
2024,20,170,Oaxaca,San José Lachiguiri,PV
2024,20,171,Oaxaca,San José Tenango,OI
2024,20,171,Oaxaca,San José Tenango,PV
2024,20,172,Oaxaca,San Juan Achiutla,PV
2024,20,174,Oaxaca,Ánimas Trujano,OI
2024,20,174,Oaxaca,Ánimas Trujano,PV
2024,20,175,Oaxaca,San Juan Bautista Atatlahuca,OI
2024,20,175,Oaxaca,San Juan Bautista Atatlahuca,PV
2024,20,176,Oaxaca,San Juan Bautista Coixtlahuaca,PV
2024,20,177,Oaxaca,San Juan Bautista Cuicatlán,OI
2024,20,177,Oaxaca,San Juan Bautista Cuicatlán,PV
2024,20,178,Oaxaca,San Juan Bautista Guelache,OI
2024,20,178,Oaxaca,San Juan Bautista Guelache,PV
2024,20,179,Oaxaca,San Juan Bautista Jayacatlán,OI
2024,20,179,Oaxaca,San Juan Bautista Jayacatlán,PV
2024,20,180,Oaxaca,San Juan Bautista Lo de Soto,OI
2024,20,180,Oaxaca,San Juan Bautista Lo de Soto,PV
2024,20,181,Oaxaca,San Juan Bautista Suchitepec,OI
2024,20,181,Oaxaca,San Juan Bautista Suchitepec,PV
2024,20,182,Oaxaca,San Juan Bautista Tlacoatzintepec,PV
2024,20,183,Oaxaca,San Juan Bautista Tlachichilco,OI
2024,20,183,Oaxaca,San Juan Bautista Tlachichilco,PV
2024,20,185,Oaxaca,San Juan Cacahuatepec,OI
2024,20,185,Oaxaca,San Juan Cacahuatepec,PV
2024,20,187,Oaxaca,San Juan Coatzóspam,PV
2024,20,188,Oaxaca,San Juan Colorado,OI
2024,20,188,Oaxaca,San Juan Colorado,PV
2024,20,189,Oaxaca,San Juan Comaltepec,OI
2024,20,189,Oaxaca,San Juan Comaltepec,PV
2024,20,190,Oaxaca,San Juan Cotzocón,OI
2024,20,190,Oaxaca,San Juan Cotzocón,PV
2024,20,191,Oaxaca,San Juan Chicomezúchil,OI
2024,20,191,Oaxaca,San Juan Chicomezúchil,PV
2024,20,192,Oaxaca,San Juan Chilateca,OI
2024,20,192,Oaxaca,San Juan Chilateca,PV
2024,20,193,Oaxaca,San Juan del Estado,OI
2024,20,193,Oaxaca,San Juan del Estado,PV
2024,20,194,Oaxaca,San Juan del Río,OI
2024,20,194,Oaxaca,San Juan del Río,PV
2024,20,195,Oaxaca,San Juan Diuxi,PV
2024,20,196,Oaxaca,San Juan Evangelista Analco,PV
2024,20,197,Oaxaca,San Juan Guelavía,OI
2024,20,197,Oaxaca,San Juan Guelavía,PV
2024,20,198,Oaxaca,San Juan Guichicovi,OI
2024,20,198,Oaxaca,San Juan Guichicovi,PV
2024,20,199,Oaxaca,San Juan Ihualtepec,PV
2024,20,200,Oaxaca,San Juan Juquila Mixes,OI
2024,20,200,Oaxaca,San Juan Juquila Mixes,PV
2024,20,201,Oaxaca,San Juan Juquila Vijanos,OI
2024,20,201,Oaxaca,San Juan Juquila Vijanos,PV
2024,20,202,Oaxaca,San Juan Lachao,OI
2024,20,202,Oaxaca,San Juan Lachao,PV
2024,20,203,Oaxaca,San Juan Lachigalla,PV
2024,20,204,Oaxaca,San Juan Lajarcia,PV
2024,20,205,Oaxaca,San Juan Lalana,OI
2024,20,205,Oaxaca,San Juan Lalana,PV
2024,20,206,Oaxaca,San Juan de Los Cués,OI
2024,20,206,Oaxaca,San Juan de Los Cués,PV
2024,20,207,Oaxaca,San Juan Mazatlán,OI
2024,20,207,Oaxaca,San Juan Mazatlán,PV
2024,20,208,Oaxaca,San Juan Mixtepec,OI
2024,20,208,Oaxaca,San Juan Mixtepec,PV
2024,20,209,Oaxaca,San Juan Mixtepec,PV
2024,20,210,Oaxaca,San Juan Ñumí,OI
2024,20,210,Oaxaca,San Juan Ñumí,PV
2024,20,211,Oaxaca,San Juan Ozolotepec,PV
2024,20,212,Oaxaca,San Juan Petlapa,OI
2024,20,212,Oaxaca,San Juan Petlapa,PV
2024,20,213,Oaxaca,San Juan Quiahije,PV
2024,20,214,Oaxaca,San Juan Quiotepec,OI
2024,20,214,Oaxaca,San Juan Quiotepec,PV
2024,20,215,Oaxaca,San Juan Sayultepec,PV
2024,20,216,Oaxaca,San Juan Tabaá,OI
2024,20,216,Oaxaca,San Juan Tabaá,PV
2024,20,217,Oaxaca,San Juan Tamazola,PV
2024,20,218,Oaxaca,San Juan Teita,OI
2024,20,218,Oaxaca,San Juan Teita,PV
2024,20,219,Oaxaca,San Juan Teitipac,OI
2024,20,219,Oaxaca,San Juan Teitipac,PV
2024,20,220,Oaxaca,San Juan Tepeuxila,OI
2024,20,220,Oaxaca,San Juan Tepeuxila,PV
2024,20,222,Oaxaca,San Juan Yaeé,OI
2024,20,222,Oaxaca,San Juan Yaeé,PV
2024,20,223,Oaxaca,San Juan Yatzona,OI
2024,20,223,Oaxaca,San Juan Yatzona,PV
2024,20,224,Oaxaca,San Juan Yucuita,PV
2024,20,225,Oaxaca,San Lorenzo,OI
2024,20,225,Oaxaca,San Lorenzo,PV
2024,20,226,Oaxaca,San Lorenzo Albarradas,OI
2024,20,226,Oaxaca,San Lorenzo Albarradas,PV
2024,20,227,Oaxaca,San Lorenzo Cacaotepec,OI
2024,20,227,Oaxaca,San Lorenzo Cacaotepec,PV
2024,20,228,Oaxaca,San Lorenzo Cuaunecuiltitla,PV
2024,20,229,Oaxaca,San Lorenzo Texmelúcan,OI
2024,20,229,Oaxaca,San Lorenzo Texmelúcan,PV
2024,20,230,Oaxaca,San Lorenzo Victoria,OI
2024,20,230,Oaxaca,San Lorenzo Victoria,PV
2024,20,231,Oaxaca,San Lucas Camotlán,OI
2024,20,231,Oaxaca,San Lucas Camotlán,PV
2024,20,233,Oaxaca,San Lucas Quiaviní,OI
2024,20,233,Oaxaca,San Lucas Quiaviní,PV
2024,20,234,Oaxaca,San Lucas Zoquiápam,PV
2024,20,235,Oaxaca,San Luis Amatlán,OI
2024,20,235,Oaxaca,San Luis Amatlán,PV
2024,20,236,Oaxaca,San Marcial Ozolotepec,PV
2024,20,238,Oaxaca,San Martín de Los Cansecos,PV
2024,20,239,Oaxaca,San Martín Huamelúlpam,PV
2024,20,241,Oaxaca,San Martín Lachilá,OI
2024,20,241,Oaxaca,San Martín Lachilá,PV
2024,20,242,Oaxaca,San Martín Peras,PV
2024,20,243,Oaxaca,San Martín Tilcajete,PV
2024,20,244,Oaxaca,San Martín Toxpalan,OI
2024,20,244,Oaxaca,San Martín Toxpalan,PV
2024,20,245,Oaxaca,San Martín Zacatepec,OI
2024,20,245,Oaxaca,San Martín Zacatepec,PV
2024,20,246,Oaxaca,San Mateo Cajonos,PV
2024,20,247,Oaxaca,Capulálpam de Méndez,OI
2024,20,247,Oaxaca,Capulálpam de Méndez,PV
2024,20,248,Oaxaca,San Mateo del Mar,OI
2024,20,248,Oaxaca,San Mateo del Mar,PV
2024,20,249,Oaxaca,San Mateo Yoloxochitlán,PV
2024,20,250,Oaxaca,San Mateo Etlatongo,OI
2024,20,250,Oaxaca,San Mateo Etlatongo,PV
2024,20,251,Oaxaca,San Mateo Nejápam,OI
2024,20,251,Oaxaca,San Mateo Nejápam,PV
2024,20,252,Oaxaca,San Mateo Peñasco,OI
2024,20,252,Oaxaca,San Mateo Peñasco,PV
2024,20,253,Oaxaca,San Mateo Piñas,PV
2024,20,254,Oaxaca,San Mateo Río Hondo,PV
2024,20,255,Oaxaca,San Mateo Sindihui,OI
2024,20,255,Oaxaca,San Mateo Sindihui,PV
2024,20,256,Oaxaca,San Mateo Tlapiltepec,PV
2024,20,257,Oaxaca,San Melchor Betaza,OI
2024,20,257,Oaxaca,San Melchor Betaza,PV
2024,20,258,Oaxaca,San Miguel Achiutla,PV
2024,20,259,Oaxaca,San Miguel Ahuehuetitlán,OI
2024,20,259,Oaxaca,San Miguel Ahuehuetitlán,PV
2024,20,260,Oaxaca,San Miguel Aloápam,PV
2024,20,261,Oaxaca,San Miguel Amatitlán,PV
2024,20,263,Oaxaca,San Miguel Coatlán,OI
2024,20,263,Oaxaca,San Miguel Coatlán,PV
2024,20,264,Oaxaca,San Miguel Chicahua,PV
2024,20,265,Oaxaca,San Miguel Chimalapa,OI
2024,20,265,Oaxaca,San Miguel Chimalapa,PV
2024,20,266,Oaxaca,San Miguel del Puerto,OI
2024,20,266,Oaxaca,San Miguel del Puerto,PV
2024,20,267,Oaxaca,San Miguel del Río,PV
2024,20,268,Oaxaca,San Miguel Ejutla,OI
2024,20,268,Oaxaca,San Miguel Ejutla,PV
2024,20,269,Oaxaca,San Miguel El Grande,PV
2024,20,270,Oaxaca,San Miguel Huautla,PV
2024,20,271,Oaxaca,San Miguel Mixtepec,OI
2024,20,271,Oaxaca,San Miguel Mixtepec,PV
2024,20,272,Oaxaca,San Miguel Panixtlahuaca,OI
2024,20,272,Oaxaca,San Miguel Panixtlahuaca,PV
2024,20,273,Oaxaca,San Miguel Peras,OI
2024,20,273,Oaxaca,San Miguel Peras,PV
2024,20,274,Oaxaca,San Miguel Piedras,PV
2024,20,275,Oaxaca,San Miguel Quetzaltepec,OI
2024,20,275,Oaxaca,San Miguel Quetzaltepec,PV
2024,20,276,Oaxaca,San Miguel Santa Flor,PV
2024,20,277,Oaxaca,Villa Sola de Vega,OI
2024,20,277,Oaxaca,Villa Sola de Vega,PV
2024,20,279,Oaxaca,San Miguel Suchixtepec,PV
2024,20,280,Oaxaca,Villa Talea de Castro,OI
2024,20,280,Oaxaca,Villa Talea de Castro,PV
2024,20,281,Oaxaca,San Miguel Tecomatlán,PV
2024,20,282,Oaxaca,San Miguel Tenango,PV
2024,20,283,Oaxaca,San Miguel Tequixtepec,PV
2024,20,284,Oaxaca,San Miguel Tilquiápam,OI
2024,20,284,Oaxaca,San Miguel Tilquiápam,PV
2024,20,285,Oaxaca,San Miguel Tlacamama,OI
2024,20,285,Oaxaca,San Miguel Tlacamama,PV
2024,20,286,Oaxaca,San Miguel Tlacotepec,PV
2024,20,287,Oaxaca,San Miguel Tulancingo,PV
2024,20,288,Oaxaca,San Miguel Yotao,PV
2024,20,289,Oaxaca,San Nicolás,OI
2024,20,289,Oaxaca,San Nicolás,PV
2024,20,290,Oaxaca,San Nicolás Hidalgo,OI
2024,20,290,Oaxaca,San Nicolás Hidalgo,PV
2024,20,291,Oaxaca,San Pablo Coatlán,OI
2024,20,291,Oaxaca,San Pablo Coatlán,PV
2024,20,292,Oaxaca,San Pablo Cuatro Venados,PV
2024,20,294,Oaxaca,San Pablo Huitzo,OI
2024,20,294,Oaxaca,San Pablo Huitzo,PV
2024,20,295,Oaxaca,San Pablo Huixtepec,OI
2024,20,295,Oaxaca,San Pablo Huixtepec,PV
2024,20,296,Oaxaca,San Pablo Macuiltianguis,PV
2024,20,297,Oaxaca,San Pablo Tijaltepec,PV
2024,20,298,Oaxaca,San Pablo Villa de Mitla,PV
2024,20,299,Oaxaca,San Pablo Yaganiza,OI
2024,20,299,Oaxaca,San Pablo Yaganiza,PV
2024,20,300,Oaxaca,San Pedro Amuzgos,OI
2024,20,300,Oaxaca,San Pedro Amuzgos,PV
2024,20,301,Oaxaca,San Pedro Apóstol,OI
2024,20,301,Oaxaca,San Pedro Apóstol,PV
2024,20,302,Oaxaca,San Pedro Atoyac,OI
2024,20,302,Oaxaca,San Pedro Atoyac,PV
2024,20,303,Oaxaca,San Pedro Cajonos,PV
2024,20,304,Oaxaca,San Pedro Coxcaltepec Cántaros,PV
2024,20,305,Oaxaca,San Pedro Comitancillo,OI
2024,20,305,Oaxaca,San Pedro Comitancillo,PV
2024,20,306,Oaxaca,San Pedro El Alto,PV
2024,20,308,Oaxaca,San Pedro Huilotepec,OI
2024,20,308,Oaxaca,San Pedro Huilotepec,PV
2024,20,309,Oaxaca,San Pedro Ixcatlán,OI
2024,20,309,Oaxaca,San Pedro Ixcatlán,PV
2024,20,310,Oaxaca,San Pedro Ixtlahuaca,OI
2024,20,310,Oaxaca,San Pedro Ixtlahuaca,PV
2024,20,311,Oaxaca,San Pedro Jaltepetongo,PV
2024,20,312,Oaxaca,San Pedro Jicayán,OI
2024,20,312,Oaxaca,San Pedro Jicayán,PV
2024,20,313,Oaxaca,San Pedro Jocotipac,PV
2024,20,314,Oaxaca,San Pedro Juchatengo,OI
2024,20,314,Oaxaca,San Pedro Juchatengo,PV
2024,20,315,Oaxaca,San Pedro Mártir,OI
2024,20,315,Oaxaca,San Pedro Mártir,PV
2024,20,316,Oaxaca,San Pedro Mártir Quiechapa,OI
2024,20,316,Oaxaca,San Pedro Mártir Quiechapa,PV
2024,20,317,Oaxaca,San Pedro Mártir Yucuxaco,PV
2024,20,319,Oaxaca,San Pedro Mixtepec,PV
2024,20,320,Oaxaca,San Pedro Molinos,PV
2024,20,321,Oaxaca,San Pedro Nopala,PV
2024,20,322,Oaxaca,San Pedro Ocopetatillo,PV
2024,20,323,Oaxaca,San Pedro Ocotepec,OI
2024,20,323,Oaxaca,San Pedro Ocotepec,PV
2024,20,325,Oaxaca,San Pedro Quiatoni,PV
2024,20,326,Oaxaca,San Pedro Sochiápam,OI
2024,20,326,Oaxaca,San Pedro Sochiápam,PV
2024,20,328,Oaxaca,San Pedro Taviche,OI
2024,20,328,Oaxaca,San Pedro Taviche,PV
2024,20,329,Oaxaca,San Pedro Teozacoalco,OI
2024,20,329,Oaxaca,San Pedro Teozacoalco,PV
2024,20,330,Oaxaca,San Pedro Teutila,PV
2024,20,331,Oaxaca,San Pedro Tidaá,PV
2024,20,332,Oaxaca,San Pedro Topiltepec,PV
2024,20,333,Oaxaca,San Pedro Totolápam,OI
2024,20,333,Oaxaca,San Pedro Totolápam,PV
2024,20,335,Oaxaca,San Pedro Yaneri,OI
2024,20,335,Oaxaca,San Pedro Yaneri,PV
2024,20,336,Oaxaca,San Pedro Yólox,OI
2024,20,336,Oaxaca,San Pedro Yólox,PV
2024,20,338,Oaxaca,Villa de Etla,OI
2024,20,338,Oaxaca,Villa de Etla,PV
2024,20,340,Oaxaca,San Pedro Y San Pablo Tequixtepec,OI
2024,20,340,Oaxaca,San Pedro Y San Pablo Tequixtepec,PV
2024,20,341,Oaxaca,San Pedro Yucunama,PV
2024,20,342,Oaxaca,San Raymundo Jalpan,OI
2024,20,342,Oaxaca,San Raymundo Jalpan,PV
2024,20,343,Oaxaca,San Sebastián Abasolo,OI
2024,20,343,Oaxaca,San Sebastián Abasolo,PV
2024,20,344,Oaxaca,San Sebastián Coatlán,PV
2024,20,345,Oaxaca,San Sebastián Ixcapa,OI
2024,20,345,Oaxaca,San Sebastián Ixcapa,PV
2024,20,346,Oaxaca,San Sebastián Nicananduta,PV
2024,20,347,Oaxaca,San Sebastián Río Hondo,PV
2024,20,348,Oaxaca,San Sebastián Tecomaxtlahuaca,OI
2024,20,348,Oaxaca,San Sebastián Tecomaxtlahuaca,PV
2024,20,349,Oaxaca,San Sebastián Teitipac,OI
2024,20,349,Oaxaca,San Sebastián Teitipac,PV
2024,20,350,Oaxaca,San Sebastián Tutla,PV
2024,20,351,Oaxaca,San Simón Almolongas,PV
2024,20,352,Oaxaca,San Simón Zahuatlán,PV
2024,20,353,Oaxaca,Santa Ana,OI
2024,20,353,Oaxaca,Santa Ana,PV
2024,20,354,Oaxaca,Santa Ana Ateixtlahuaca,PV
2024,20,355,Oaxaca,Santa Ana Cuauhtémoc,PV
2024,20,356,Oaxaca,Santa Ana del Valle,PV
2024,20,358,Oaxaca,Santa Ana Tlapacoyan,OI
2024,20,358,Oaxaca,Santa Ana Tlapacoyan,PV
2024,20,359,Oaxaca,Santa Ana Yareni,PV
2024,20,360,Oaxaca,Santa Ana Zegache,OI
2024,20,360,Oaxaca,Santa Ana Zegache,PV
2024,20,361,Oaxaca,Santa Catalina Quierí,PV
2024,20,362,Oaxaca,Santa Catarina Cuixtla,PV
2024,20,364,Oaxaca,Santa Catarina Juquila,OI
2024,20,364,Oaxaca,Santa Catarina Juquila,PV
2024,20,365,Oaxaca,Santa Catarina Lachatao,OI
2024,20,365,Oaxaca,Santa Catarina Lachatao,PV
2024,20,366,Oaxaca,Santa Catarina Loxicha,PV
2024,20,367,Oaxaca,Santa Catarina Mechoacán,OI
2024,20,367,Oaxaca,Santa Catarina Mechoacán,PV
2024,20,368,Oaxaca,Santa Catarina Minas,OI
2024,20,368,Oaxaca,Santa Catarina Minas,PV
2024,20,369,Oaxaca,Santa Catarina Quiané,OI
2024,20,369,Oaxaca,Santa Catarina Quiané,PV
2024,20,370,Oaxaca,Santa Catarina Tayata,PV
2024,20,371,Oaxaca,Santa Catarina Ticuá,PV
2024,20,372,Oaxaca,Santa Catarina Yosonotú,PV
2024,20,373,Oaxaca,Santa Catarina Zapoquila,OI
2024,20,373,Oaxaca,Santa Catarina Zapoquila,PV
2024,20,374,Oaxaca,Santa Cruz Acatepec,PV
2024,20,375,Oaxaca,Santa Cruz Amilpas,PV
2024,20,376,Oaxaca,Santa Cruz de Bravo,PV
2024,20,377,Oaxaca,Santa Cruz Itundujia,OI
2024,20,377,Oaxaca,Santa Cruz Itundujia,PV
2024,20,378,Oaxaca,Santa Cruz Mixtepec,OI
2024,20,378,Oaxaca,Santa Cruz Mixtepec,PV
2024,20,379,Oaxaca,Santa Cruz Nundaco,PV
2024,20,380,Oaxaca,Santa Cruz Papalutla,PV
2024,20,381,Oaxaca,Santa Cruz Tacache de Mina,OI
2024,20,381,Oaxaca,Santa Cruz Tacache de Mina,PV
2024,20,382,Oaxaca,Santa Cruz Tacahua,PV
2024,20,383,Oaxaca,Santa Cruz Tayata,PV
2024,20,384,Oaxaca,Santa Cruz Xitla,PV
2024,20,386,Oaxaca,Santa Cruz Zenzontepec,OI
2024,20,386,Oaxaca,Santa Cruz Zenzontepec,PV
2024,20,387,Oaxaca,Santa Gertrudis,OI
2024,20,387,Oaxaca,Santa Gertrudis,PV
2024,20,388,Oaxaca,Santa Inés del Monte,OI
2024,20,388,Oaxaca,Santa Inés del Monte,PV
2024,20,389,Oaxaca,Santa Inés Yatzeche,OI
2024,20,389,Oaxaca,Santa Inés Yatzeche,PV
2024,20,390,Oaxaca,Santa Lucía del Camino,PV
2024,20,391,Oaxaca,Santa Lucía Miahuatlán,PV
2024,20,392,Oaxaca,Santa Lucía Monteverde,PV
2024,20,393,Oaxaca,Santa Lucía Ocotlán,OI
2024,20,393,Oaxaca,Santa Lucía Ocotlán,PV
2024,20,395,Oaxaca,Santa María Apazco,PV
2024,20,396,Oaxaca,Santa María La Asunción,PV
2024,20,398,Oaxaca,Ayoquezco de Aldama,OI
2024,20,398,Oaxaca,Ayoquezco de Aldama,PV
2024,20,399,Oaxaca,Santa María Atzompa,OI
2024,20,399,Oaxaca,Santa María Atzompa,PV
2024,20,400,Oaxaca,Santa María Camotlán,OI
2024,20,400,Oaxaca,Santa María Camotlán,PV
2024,20,401,Oaxaca,Santa María Colotepec,OI
2024,20,401,Oaxaca,Santa María Colotepec,PV
2024,20,402,Oaxaca,Santa María Cortijo,OI
2024,20,402,Oaxaca,Santa María Cortijo,PV
2024,20,403,Oaxaca,Santa María Coyotepec,OI
2024,20,403,Oaxaca,Santa María Coyotepec,PV
2024,20,404,Oaxaca,Santa María Chachoápam,PV
2024,20,405,Oaxaca,Villa de Chilapa de Díaz,OI
2024,20,406,Oaxaca,Santa María Chilchotla,OI
2024,20,406,Oaxaca,Santa María Chilchotla,PV
2024,20,407,Oaxaca,Santa María Chimalapa,OI
2024,20,407,Oaxaca,Santa María Chimalapa,PV
2024,20,408,Oaxaca,Santa María del Rosario,PV
2024,20,409,Oaxaca,Santa María del Tule,OI
2024,20,409,Oaxaca,Santa María del Tule,PV
2024,20,410,Oaxaca,Santa María Ecatepec,PV
2024,20,411,Oaxaca,Santa María Guelacé,OI
2024,20,411,Oaxaca,Santa María Guelacé,PV
2024,20,412,Oaxaca,Santa María Guienagati,OI
2024,20,412,Oaxaca,Santa María Guienagati,PV
2024,20,414,Oaxaca,Santa María Huazolotitlán,OI
2024,20,414,Oaxaca,Santa María Huazolotitlán,PV
2024,20,415,Oaxaca,Santa María Ipalapa,OI
2024,20,415,Oaxaca,Santa María Ipalapa,PV
2024,20,416,Oaxaca,Santa María Ixcatlán,PV
2024,20,419,Oaxaca,Santa María Jaltianguis,PV
2024,20,420,Oaxaca,Santa María Lachixío,PV
2024,20,422,Oaxaca,Santa María Nativitas,PV
2024,20,423,Oaxaca,Santa María Nduayaco,PV
2024,20,424,Oaxaca,Santa María Ozolotepec,PV
2024,20,425,Oaxaca,Santa María Pápalo,PV
2024,20,426,Oaxaca,Santa María Peñoles,OI
2024,20,426,Oaxaca,Santa María Peñoles,PV
2024,20,427,Oaxaca,Santa María Petapa,OI
2024,20,427,Oaxaca,Santa María Petapa,PV
2024,20,428,Oaxaca,Santa María Quiegolani,PV
2024,20,429,Oaxaca,Santa María Sola,OI
2024,20,429,Oaxaca,Santa María Sola,PV
2024,20,430,Oaxaca,Santa María Tataltepec,PV
2024,20,431,Oaxaca,Santa María Tecomavaca,OI
2024,20,431,Oaxaca,Santa María Tecomavaca,PV
2024,20,432,Oaxaca,Santa María Temaxcalapa,OI
2024,20,432,Oaxaca,Santa María Temaxcalapa,PV
2024,20,433,Oaxaca,Santa María Temaxcaltepec,OI
2024,20,433,Oaxaca,Santa María Temaxcaltepec,PV
2024,20,434,Oaxaca,Santa María Teopoxco,PV
2024,20,435,Oaxaca,Santa María Tepantlali,PV
2024,20,436,Oaxaca,Santa María Texcatitlán,OI
2024,20,436,Oaxaca,Santa María Texcatitlán,PV
2024,20,437,Oaxaca,Santa María Tlahuitoltepec,PV
2024,20,438,Oaxaca,Santa María Tlalixtac,PV
2024,20,440,Oaxaca,Santa María Totolapilla,PV
2024,20,441,Oaxaca,Santa María Xadani,OI
2024,20,441,Oaxaca,Santa María Xadani,PV
2024,20,442,Oaxaca,Santa María Yalina,PV
2024,20,443,Oaxaca,Santa María Yavesía,PV
2024,20,444,Oaxaca,Santa María Yolotepec,PV
2024,20,445,Oaxaca,Santa María Yosoyúa,OI
2024,20,445,Oaxaca,Santa María Yosoyúa,PV
2024,20,446,Oaxaca,Santa María Yucuhiti,OI
2024,20,446,Oaxaca,Santa María Yucuhiti,PV
2024,20,447,Oaxaca,Santa María Zacatepec,OI
2024,20,447,Oaxaca,Santa María Zacatepec,PV
2024,20,448,Oaxaca,Santa María Zaniza,OI
2024,20,448,Oaxaca,Santa María Zaniza,PV
2024,20,449,Oaxaca,Santa María Zoquitlán,OI
2024,20,449,Oaxaca,Santa María Zoquitlán,PV
2024,20,450,Oaxaca,Santiago Amoltepec,PV
2024,20,451,Oaxaca,Santiago Apoala,OI
2024,20,451,Oaxaca,Santiago Apoala,PV
2024,20,452,Oaxaca,Santiago Apóstol,OI
2024,20,452,Oaxaca,Santiago Apóstol,PV
2024,20,453,Oaxaca,Santiago Astata,OI
2024,20,453,Oaxaca,Santiago Astata,PV
2024,20,454,Oaxaca,Santiago Atitlán,OI
2024,20,454,Oaxaca,Santiago Atitlán,PV
2024,20,455,Oaxaca,Santiago Ayuquililla,PV
2024,20,456,Oaxaca,Santiago Cacaloxtepec,PV
2024,20,457,Oaxaca,Santiago Camotlán,OI
2024,20,457,Oaxaca,Santiago Camotlán,PV
2024,20,458,Oaxaca,Santiago Comaltepec,OI
2024,20,458,Oaxaca,Santiago Comaltepec,PV
2024,20,460,Oaxaca,Santiago Choápam,OI
2024,20,460,Oaxaca,Santiago Choápam,PV
2024,20,461,Oaxaca,Santiago del Río,OI
2024,20,461,Oaxaca,Santiago del Río,PV
2024,20,462,Oaxaca,Santiago Huajolotitlán,OI
2024,20,462,Oaxaca,Santiago Huajolotitlán,PV
2024,20,463,Oaxaca,Santiago Huauclilla,OI
2024,20,463,Oaxaca,Santiago Huauclilla,PV
2024,20,464,Oaxaca,Santiago Ihuitlán Plumas,PV
2024,20,465,Oaxaca,Santiago Ixcuintepec,OI
2024,20,465,Oaxaca,Santiago Ixcuintepec,PV
2024,20,466,Oaxaca,Santiago Ixtayutla,OI
2024,20,466,Oaxaca,Santiago Ixtayutla,PV
2024,20,467,Oaxaca,Santiago Jamiltepec,OI
2024,20,467,Oaxaca,Santiago Jamiltepec,PV
2024,20,469,Oaxaca,Santiago Juxtlahuaca,OI
2024,20,469,Oaxaca,Santiago Juxtlahuaca,PV
2024,20,470,Oaxaca,Santiago Lachiguiri,OI
2024,20,470,Oaxaca,Santiago Lachiguiri,PV
2024,20,471,Oaxaca,Santiago Lalopa,OI
2024,20,471,Oaxaca,Santiago Lalopa,PV
2024,20,473,Oaxaca,Santiago Laxopa,PV
2024,20,474,Oaxaca,Santiago Llano Grande,OI
2024,20,474,Oaxaca,Santiago Llano Grande,PV
2024,20,475,Oaxaca,Santiago Matatlán,PV
2024,20,476,Oaxaca,Santiago Miltepec,OI
2024,20,476,Oaxaca,Santiago Miltepec,PV
2024,20,477,Oaxaca,Santiago Minas,OI
2024,20,477,Oaxaca,Santiago Minas,PV
2024,20,478,Oaxaca,Santiago Nacaltepec,OI
2024,20,478,Oaxaca,Santiago Nacaltepec,PV
2024,20,479,Oaxaca,Santiago Nejapilla,PV
2024,20,480,Oaxaca,Santiago Nundiche,PV
2024,20,481,Oaxaca,Santiago Nuyoó,OI
2024,20,481,Oaxaca,Santiago Nuyoó,PV
2024,20,482,Oaxaca,Santiago Pinotepa Nacional,OI
2024,20,482,Oaxaca,Santiago Pinotepa Nacional,PV
2024,20,483,Oaxaca,Santiago Suchilquitongo,OI
2024,20,483,Oaxaca,Santiago Suchilquitongo,PV
2024,20,484,Oaxaca,Santiago Tamazola,OI
2024,20,484,Oaxaca,Santiago Tamazola,PV
2024,20,485,Oaxaca,Santiago Tapextla,OI
2024,20,485,Oaxaca,Santiago Tapextla,PV
2024,20,486,Oaxaca,Villa Tejúpam de La Unión,PV
2024,20,487,Oaxaca,Santiago Tenango,PV
2024,20,488,Oaxaca,Santiago Tepetlapa,PV
2024,20,489,Oaxaca,Santiago Tetepec,OI
2024,20,489,Oaxaca,Santiago Tetepec,PV
2024,20,490,Oaxaca,Santiago Texcalcingo,PV
2024,20,491,Oaxaca,Santiago Textitlán,OI
2024,20,491,Oaxaca,Santiago Textitlán,PV
2024,20,492,Oaxaca,Santiago Tilantongo,PV
2024,20,493,Oaxaca,Santiago Tillo,PV
2024,20,494,Oaxaca,Santiago Tlazoyaltepec,OI
2024,20,494,Oaxaca,Santiago Tlazoyaltepec,PV
2024,20,495,Oaxaca,Santiago Xanica,PV
2024,20,496,Oaxaca,Santiago Xiacuí,OI
2024,20,496,Oaxaca,Santiago Xiacuí,PV
2024,20,497,Oaxaca,Santiago Yaitepec,PV
2024,20,499,Oaxaca,Santiago Yolomécatl,PV
2024,20,500,Oaxaca,Santiago Yosondúa,OI
2024,20,500,Oaxaca,Santiago Yosondúa,PV
2024,20,501,Oaxaca,Santiago Yucuyachi,PV
2024,20,503,Oaxaca,Santiago Zoochila,OI
2024,20,503,Oaxaca,Santiago Zoochila,PV
2024,20,504,Oaxaca,Nuevo Zoquiápam,OI
2024,20,504,Oaxaca,Nuevo Zoquiápam,PV
2024,20,505,Oaxaca,Santo Domingo Ingenio,OI
2024,20,505,Oaxaca,Santo Domingo Ingenio,PV
2024,20,506,Oaxaca,Santo Domingo Albarradas,OI
2024,20,506,Oaxaca,Santo Domingo Albarradas,PV
2024,20,507,Oaxaca,Santo Domingo Armenta,PV
2024,20,508,Oaxaca,Santo Domingo Chihuitán,OI
2024,20,508,Oaxaca,Santo Domingo Chihuitán,PV
2024,20,509,Oaxaca,Santo Domingo de Morelos,OI
2024,20,509,Oaxaca,Santo Domingo de Morelos,PV
2024,20,510,Oaxaca,Santo Domingo Ixcatlán,PV
2024,20,511,Oaxaca,Santo Domingo Nuxaá,PV
2024,20,512,Oaxaca,Santo Domingo Ozolotepec,PV
2024,20,513,Oaxaca,Santo Domingo Petapa,OI
2024,20,513,Oaxaca,Santo Domingo Petapa,PV
2024,20,514,Oaxaca,Santo Domingo Roayaga,OI
2024,20,514,Oaxaca,Santo Domingo Roayaga,PV
2024,20,516,Oaxaca,Santo Domingo Teojomulco,OI
2024,20,516,Oaxaca,Santo Domingo Teojomulco,PV
2024,20,517,Oaxaca,Santo Domingo Tepuxtepec,PV
2024,20,518,Oaxaca,Santo Domingo Tlatayápam,PV
2024,20,519,Oaxaca,Santo Domingo Tomaltepec,OI
2024,20,519,Oaxaca,Santo Domingo Tomaltepec,PV
2024,20,520,Oaxaca,Santo Domingo Tonalá,OI
2024,20,520,Oaxaca,Santo Domingo Tonalá,PV
2024,20,521,Oaxaca,Santo Domingo Tonaltepec,PV
2024,20,522,Oaxaca,Santo Domingo Xagacía,OI
2024,20,522,Oaxaca,Santo Domingo Xagacía,PV
2024,20,523,Oaxaca,Santo Domingo Yanhuitlán,PV
2024,20,524,Oaxaca,Santo Domingo Yodohino,OI
2024,20,524,Oaxaca,Santo Domingo Yodohino,PV
2024,20,526,Oaxaca,Santos Reyes Nopala,OI
2024,20,526,Oaxaca,Santos Reyes Nopala,PV
2024,20,527,Oaxaca,Santos Reyes Pápalo,OI
2024,20,527,Oaxaca,Santos Reyes Pápalo,PV
2024,20,528,Oaxaca,Santos Reyes Tepejillo,OI
2024,20,528,Oaxaca,Santos Reyes Tepejillo,PV
2024,20,529,Oaxaca,Santos Reyes Yucuná,PV
2024,20,530,Oaxaca,Santo Tomás Jalieza,OI
2024,20,530,Oaxaca,Santo Tomás Jalieza,PV
2024,20,531,Oaxaca,Santo Tomás Mazaltepec,OI
2024,20,531,Oaxaca,Santo Tomás Mazaltepec,PV
2024,20,532,Oaxaca,Santo Tomás Ocotepec,PV
2024,20,533,Oaxaca,Santo Tomás Tamazulapan,OI
2024,20,533,Oaxaca,Santo Tomás Tamazulapan,PV
2024,20,534,Oaxaca,San Vicente Coatlán,PV
2024,20,535,Oaxaca,San Vicente Lachixío,PV
2024,20,536,Oaxaca,San Vicente Nuñú,PV
2024,20,538,Oaxaca,Sitio de Xitlapehua,PV
2024,20,539,Oaxaca,Soledad Etla,OI
2024,20,539,Oaxaca,Soledad Etla,PV
2024,20,540,Oaxaca,Villa de Tamazulápam del Progreso,OI
2024,20,540,Oaxaca,Villa de Tamazulápam del Progreso,PV
2024,20,541,Oaxaca,Tanetze de Zaragoza,OI
2024,20,541,Oaxaca,Tanetze de Zaragoza,PV
2024,20,542,Oaxaca,Taniche,OI
2024,20,542,Oaxaca,Taniche,PV
2024,20,543,Oaxaca,Tataltepec de Valdés,OI
2024,20,543,Oaxaca,Tataltepec de Valdés,PV
2024,20,544,Oaxaca,Teococuilco de Marcos Pérez,PV
2024,20,545,Oaxaca,Teotitlán de Flores Magón,OI
2024,20,545,Oaxaca,Teotitlán de Flores Magón,PV
2024,20,546,Oaxaca,Teotitlán del Valle,OI
2024,20,546,Oaxaca,Teotitlán del Valle,PV
2024,20,548,Oaxaca,Tepelmeme Villa de Morelos,PV
2024,20,550,Oaxaca,San Jerónimo Tlacochahuaya,OI
2024,20,550,Oaxaca,San Jerónimo Tlacochahuaya,PV
2024,20,551,Oaxaca,Tlacolula de Matamoros,OI
2024,20,551,Oaxaca,Tlacolula de Matamoros,PV
2024,20,552,Oaxaca,Tlacotepec Plumas,PV
2024,20,553,Oaxaca,Tlalixtac de Cabrera,OI
2024,20,553,Oaxaca,Tlalixtac de Cabrera,PV
2024,20,554,Oaxaca,Totontepec Villa de Morelos,OI
2024,20,554,Oaxaca,Totontepec Villa de Morelos,PV
2024,20,555,Oaxaca,Trinidad Zaachila,OI
2024,20,555,Oaxaca,Trinidad Zaachila,PV
2024,20,556,Oaxaca,La Trinidad Vista Hermosa,PV
2024,20,557,Oaxaca,Unión Hidalgo,OI
2024,20,557,Oaxaca,Unión Hidalgo,PV
2024,20,558,Oaxaca,Valerio Trujano,OI
2024,20,558,Oaxaca,Valerio Trujano,PV
2024,20,561,Oaxaca,Yaxe,OI
2024,20,561,Oaxaca,Yaxe,PV
2024,20,562,Oaxaca,Magdalena Yodocono de Porfirio Díaz,PV
2024,20,563,Oaxaca,Yogana,PV
2024,20,564,Oaxaca,Yutanduchi de Guerrero,OI
2024,20,564,Oaxaca,Yutanduchi de Guerrero,PV
2024,20,565,Oaxaca,Villa de Zaachila,OI
2024,20,565,Oaxaca,Villa de Zaachila,PV
2024,20,566,Oaxaca,San Mateo Yucutindoo,OI
2024,20,566,Oaxaca,San Mateo Yucutindoo,PV
2024,20,569,Oaxaca,Santa Inés de Zaragoza,OI
2024,20,569,Oaxaca,Santa Inés de Zaragoza,PV
2024,20,570,Oaxaca,Zimatlán de Álvarez,OI
2024,20,570,Oaxaca,Zimatlán de Álvarez,PV
2024,21,4,Puebla,Acatzingo,PV
2024,21,5,Puebla,Acteopan,PV
2024,21,6,Puebla,Ahuacatlán,OI
2024,21,6,Puebla,Ahuacatlán,PV
2024,21,7,Puebla,Ahuatlán,PV
2024,21,9,Puebla,Ahuehuetitla,OI
2024,21,9,Puebla,Ahuehuetitla,PV
2024,21,10,Puebla,Ajalpan,OI
2024,21,10,Puebla,Ajalpan,PV
2024,21,11,Puebla,Albino Zertuche,PV
2024,21,12,Puebla,Aljojuca,PV
2024,21,13,Puebla,Altepexi,OI
2024,21,14,Puebla,Amixtlán,OI
2024,21,14,Puebla,Amixtlán,PV
2024,21,16,Puebla,Aquixtla,PV
2024,21,17,Puebla,Atempan,PV
2024,21,18,Puebla,Atexcal,OI
2024,21,18,Puebla,Atexcal,PV
2024,21,20,Puebla,Atoyatempan,PV
2024,21,21,Puebla,Atzala,PV
2024,21,22,Puebla,Atzitzihuacán,OI
2024,21,22,Puebla,Atzitzihuacán,PV
2024,21,27,Puebla,Caltepec,PV
2024,21,28,Puebla,Camocuautla,OI
2024,21,28,Puebla,Camocuautla,PV
2024,21,29,Puebla,Caxhuacan,OI
2024,21,29,Puebla,Caxhuacan,PV
2024,21,30,Puebla,Coatepec,OI
2024,21,30,Puebla,Coatepec,PV
2024,21,32,Puebla,Cohetzala,OI
2024,21,32,Puebla,Cohetzala,PV
2024,21,33,Puebla,Cohuecan,PV
2024,21,34,Puebla,Coronango,PV
2024,21,35,Puebla,Coxcatlán,PV
2024,21,36,Puebla,Coyomeapan,PV
2024,21,37,Puebla,Coyotepec,OI
2024,21,37,Puebla,Coyotepec,PV
2024,21,38,Puebla,Cuapiaxtla de Madero,PV
2024,21,39,Puebla,Cuautempan,PV
2024,21,40,Puebla,Cuautinchán,PV
2024,21,41,Puebla,Cuautlancingo,PV
2024,21,42,Puebla,Cuayuca de Andrade,OI
2024,21,42,Puebla,Cuayuca de Andrade,PV
2024,21,44,Puebla,Cuyoaco,PV
2024,21,46,Puebla,Chapulco,PV
2024,21,47,Puebla,Chiautla,OI
2024,21,47,Puebla,Chiautla,PV
2024,21,48,Puebla,Chiautzingo,PV
2024,21,49,Puebla,Chiconcuautla,OI
2024,21,49,Puebla,Chiconcuautla,PV
2024,21,50,Puebla,Chichiquila,PV
2024,21,52,Puebla,Chigmecatitlán,PV
2024,21,54,Puebla,Chignautla,PV
2024,21,55,Puebla,Chila,OI
2024,21,55,Puebla,Chila,PV
2024,21,56,Puebla,Chila de La Sal,PV
2024,21,57,Puebla,Honey,OI
2024,21,57,Puebla,Honey,PV
2024,21,58,Puebla,Chilchotla,OI
2024,21,58,Puebla,Chilchotla,PV
2024,21,60,Puebla,Domingo Arenas,PV
2024,21,61,Puebla,Eloxochitlán,PV
2024,21,62,Puebla,Epatlán,OI
2024,21,62,Puebla,Epatlán,PV
2024,21,63,Puebla,Esperanza,PV
2024,21,65,Puebla,General Felipe Ángeles,PV
2024,21,66,Puebla,Guadalupe,OI
2024,21,66,Puebla,Guadalupe,PV
2024,21,67,Puebla,Guadalupe Victoria,PV
2024,21,68,Puebla,Hermenegildo Galeana,OI
2024,21,68,Puebla,Hermenegildo Galeana,PV
2024,21,70,Puebla,Huatlatlauca,OI
2024,21,70,Puebla,Huatlatlauca,PV
2024,21,72,Puebla,Huehuetla,OI
2024,21,72,Puebla,Huehuetla,PV
2024,21,73,Puebla,Huehuetlán El Chico,OI
2024,21,73,Puebla,Huehuetlán El Chico,PV
2024,21,75,Puebla,Hueyapan,OI
2024,21,75,Puebla,Hueyapan,PV
2024,21,76,Puebla,Hueytamalco,OI
2024,21,76,Puebla,Hueytamalco,PV
2024,21,77,Puebla,Hueytlalpan,OI
2024,21,77,Puebla,Hueytlalpan,PV
2024,21,78,Puebla,Huitzilan de Serdán,OI
2024,21,78,Puebla,Huitzilan de Serdán,PV
2024,21,79,Puebla,Huitziltepec,PV
2024,21,80,Puebla,Atlequizayan,OI
2024,21,80,Puebla,Atlequizayan,PV
2024,21,82,Puebla,Ixcaquixtla,OI
2024,21,82,Puebla,Ixcaquixtla,PV
2024,21,84,Puebla,Ixtepec,OI
2024,21,84,Puebla,Ixtepec,PV
2024,21,87,Puebla,Jolalpan,OI
2024,21,87,Puebla,Jolalpan,PV
2024,21,88,Puebla,Jonotla,OI
2024,21,88,Puebla,Jonotla,PV
2024,21,89,Puebla,Jopala,OI
2024,21,89,Puebla,Jopala,PV
2024,21,90,Puebla,Juan C. Bonilla,PV
2024,21,92,Puebla,Juan N. Méndez,OI
2024,21,92,Puebla,Juan N. Méndez,PV
2024,21,93,Puebla,Lafragua,PV
2024,21,95,Puebla,La Magdalena Tlatlauquitepec,PV
2024,21,96,Puebla,Mazapiltepec de Juárez,PV
2024,21,97,Puebla,Mixtla,PV
2024,21,99,Puebla,Cañada Morelos,PV
2024,21,100,Puebla,Naupan,OI
2024,21,100,Puebla,Naupan,PV
2024,21,101,Puebla,Nauzontla,OI
2024,21,101,Puebla,Nauzontla,PV
2024,21,102,Puebla,Nealtican,PV
2024,21,103,Puebla,Nicolás Bravo,PV
2024,21,104,Puebla,Nopalucan,PV
2024,21,105,Puebla,Ocotepec,PV
2024,21,107,Puebla,Olintla,OI
2024,21,107,Puebla,Olintla,PV
2024,21,110,Puebla,Palmar de Bravo,PV
2024,21,111,Puebla,Pantepec,OI
2024,21,111,Puebla,Pantepec,PV
2024,21,112,Puebla,Petlalcingo,OI
2024,21,112,Puebla,Petlalcingo,PV
2024,21,113,Puebla,Piaxtla,OI
2024,21,113,Puebla,Piaxtla,PV
2024,21,115,Puebla,Quecholac,PV
2024,21,116,Puebla,Quimixtlán,OI
2024,21,116,Puebla,Quimixtlán,PV
2024,21,117,Puebla,Rafael Lara Grajales,PV
2024,21,118,Puebla,Los Reyes de Juárez,PV
2024,21,119,Puebla,San Andrés Cholula,PV
2024,21,120,Puebla,San Antonio Cañada,OI
2024,21,120,Puebla,San Antonio Cañada,PV
2024,21,121,Puebla,San Diego La Mesa Tochimiltzingo,PV
2024,21,122,Puebla,San Felipe Teotlalcingo,PV
2024,21,123,Puebla,San Felipe Tepatlán,OI
2024,21,123,Puebla,San Felipe Tepatlán,PV
2024,21,124,Puebla,San Gabriel Chilac,OI
2024,21,124,Puebla,San Gabriel Chilac,PV
2024,21,125,Puebla,San Gregorio Atzompa,PV
2024,21,126,Puebla,San Jerónimo Tecuanipan,PV
2024,21,127,Puebla,San Jerónimo Xayacatlán,OI
2024,21,127,Puebla,San Jerónimo Xayacatlán,PV
2024,21,128,Puebla,San José Chiapa,PV
2024,21,129,Puebla,San José Miahuatlán,OI
2024,21,129,Puebla,San José Miahuatlán,PV
2024,21,130,Puebla,San Juan Atenco,PV
2024,21,131,Puebla,San Juan Atzompa,PV
2024,21,133,Puebla,San Martín Totoltepec,OI
2024,21,133,Puebla,San Martín Totoltepec,PV
2024,21,134,Puebla,San Matías Tlalancaleca,PV
2024,21,135,Puebla,San Miguel Ixitlán,PV
2024,21,136,Puebla,San Miguel Xoxtla,PV
2024,21,137,Puebla,San Nicolás Buenos Aires,PV
2024,21,138,Puebla,San Nicolás de Los Ranchos,PV
2024,21,139,Puebla,San Pablo Anicano,OI
2024,21,139,Puebla,San Pablo Anicano,PV
2024,21,141,Puebla,San Pedro Yeloixtlahuaca,OI
2024,21,141,Puebla,San Pedro Yeloixtlahuaca,PV
2024,21,142,Puebla,San Salvador El Seco,PV
2024,21,143,Puebla,San Salvador El Verde,PV
2024,21,144,Puebla,San Salvador Huixcolotla,PV
2024,21,146,Puebla,Santa Catarina Tlaltempan,PV
2024,21,147,Puebla,Santa Inés Ahuatempan,PV
2024,21,148,Puebla,Santa Isabel Cholula,OI
2024,21,148,Puebla,Santa Isabel Cholula,PV
2024,21,149,Puebla,Santiago Miahuatlán,OI
2024,21,149,Puebla,Santiago Miahuatlán,PV
2024,21,150,Puebla,Huehuetlán El Grande,OI
2024,21,150,Puebla,Huehuetlán El Grande,PV
2024,21,151,Puebla,Santo Tomás Hueyotlipan,PV
2024,21,152,Puebla,Soltepec,PV
2024,21,155,Puebla,Tecomatlán,OI
2024,21,155,Puebla,Tecomatlán,PV
2024,21,157,Puebla,Tehuitzingo,OI
2024,21,157,Puebla,Tehuitzingo,PV
2024,21,158,Puebla,Tenampulco,OI
2024,21,158,Puebla,Tenampulco,PV
2024,21,159,Puebla,Teopantlán,PV
2024,21,161,Puebla,Tepanco de López,PV
2024,21,163,Puebla,Tepatlaxco de Hidalgo,PV
2024,21,164,Puebla,Tepeaca,PV
2024,21,165,Puebla,Tepemaxalco,OI
2024,21,165,Puebla,Tepemaxalco,PV
2024,21,166,Puebla,Tepeojuma,OI
2024,21,166,Puebla,Tepeojuma,PV
2024,21,167,Puebla,Tepetzintla,OI
2024,21,167,Puebla,Tepetzintla,PV
2024,21,168,Puebla,Tepexco,OI
2024,21,168,Puebla,Tepexco,PV
2024,21,169,Puebla,Tepexi de Rodríguez,OI
2024,21,169,Puebla,Tepexi de Rodríguez,PV
2024,21,171,Puebla,Tepeyahualco de Cuauhtémoc,PV
2024,21,173,Puebla,Teteles de Avila Castillo,PV
2024,21,175,Puebla,Tianguismanalco,OI
2024,21,175,Puebla,Tianguismanalco,PV
2024,21,176,Puebla,Tilapa,OI
2024,21,176,Puebla,Tilapa,PV
2024,21,177,Puebla,Tlacotepec de Benito Juárez,PV
2024,21,178,Puebla,Tlacuilotepec,OI
2024,21,178,Puebla,Tlacuilotepec,PV
2024,21,179,Puebla,Tlachichuca,PV
2024,21,181,Puebla,Tlaltenango,PV
2024,21,182,Puebla,Tlanepantla,PV
2024,21,187,Puebla,Tlaxco,OI
2024,21,187,Puebla,Tlaxco,PV
2024,21,189,Puebla,Tochtepec,PV
2024,21,190,Puebla,Totoltepec de Guerrero,OI
2024,21,190,Puebla,Totoltepec de Guerrero,PV
2024,21,191,Puebla,Tulcingo,OI
2024,21,191,Puebla,Tulcingo,PV
2024,21,192,Puebla,Tuzamapan de Galeana,OI
2024,21,192,Puebla,Tuzamapan de Galeana,PV
2024,21,195,Puebla,Vicente Guerrero,PV
2024,21,196,Puebla,Xayacatlán de Bravo,OI
2024,21,196,Puebla,Xayacatlán de Bravo,PV
2024,21,199,Puebla,Xiutetelco,PV
2024,21,200,Puebla,Xochiapulco,PV
2024,21,201,Puebla,Xochiltepec,OI
2024,21,201,Puebla,Xochiltepec,PV
2024,21,202,Puebla,Xochitlán de Vicente Suárez,OI
2024,21,202,Puebla,Xochitlán de Vicente Suárez,PV
2024,21,203,Puebla,Xochitlán Todos Santos,PV
2024,21,204,Puebla,Yaonáhuac,OI
2024,21,204,Puebla,Yaonáhuac,PV
2024,21,205,Puebla,Yehualtepec,PV
2024,21,206,Puebla,Zacapala,OI
2024,21,206,Puebla,Zacapala,PV
2024,21,210,Puebla,Zapotitlán de Méndez,OI
2024,21,210,Puebla,Zapotitlán de Méndez,PV
2024,21,211,Puebla,Zaragoza,PV
2024,21,212,Puebla,Zautla,PV
2024,21,213,Puebla,Zihuateutla,OI
2024,21,213,Puebla,Zihuateutla,PV
2024,21,214,Puebla,Zinacatepec,PV
2024,21,215,Puebla,Zongozotla,OI
2024,21,215,Puebla,Zongozotla,PV
2024,21,216,Puebla,Zoquiapan,OI
2024,21,216,Puebla,Zoquiapan,PV
2024,22,2,Querétaro,Pinal de Amoles,PV
2024,22,3,Querétaro,Arroyo Seco,PV
2024,22,4,Querétaro,Cadereyta de Montes,OI
2024,22,4,Querétaro,Cadereyta de Montes,PV
2024,22,5,Querétaro,Colón,OI
2024,22,5,Querétaro,Colón,PV
2024,22,7,Querétaro,Ezequiel Montes,PV
2024,22,10,Querétaro,Landa de Matamoros,PV
2024,22,12,Querétaro,Pedro Escobedo,PV
2024,22,15,Querétaro,San Joaquín,OI
2024,22,15,Querétaro,San Joaquín,PV
2024,22,18,Querétaro,Tolimán,OI
2024,22,18,Querétaro,Tolimán,PV
2024,23,10,Quintana Roo,Bacalar,OI
2024,23,10,Quintana Roo,Bacalar,PV
2024,24,1,San Luis Potosí,Ahualulco,PV
2024,24,2,San Luis Potosí,Alaquines,OI
2024,24,2,San Luis Potosí,Alaquines,PV
2024,24,4,San Luis Potosí,Armadillo de Los Infante,PV
2024,24,5,San Luis Potosí,Cárdenas,OI
2024,24,5,San Luis Potosí,Cárdenas,PV
2024,24,6,San Luis Potosí,Catorce,PV
2024,24,7,San Luis Potosí,Cedral,PV
2024,24,8,San Luis Potosí,Cerritos,PV
2024,24,9,San Luis Potosí,Cerro de San Pedro,PV
2024,24,10,San Luis Potosí,Ciudad del Maíz,PV
2024,24,12,San Luis Potosí,Tancanhuitz,OI
2024,24,12,San Luis Potosí,Tancanhuitz,PV
2024,24,14,San Luis Potosí,Coxcatlán,OI
2024,24,14,San Luis Potosí,Coxcatlán,PV
2024,24,15,San Luis Potosí,Charcas,PV
2024,24,17,San Luis Potosí,Guadalcázar,PV
2024,24,18,San Luis Potosí,Huehuetlán,OI
2024,24,18,San Luis Potosí,Huehuetlán,PV
2024,24,19,San Luis Potosí,Lagunillas,PV
2024,24,21,San Luis Potosí,Mexquitic de Carmona,PV
2024,24,22,San Luis Potosí,Moctezuma,PV
2024,24,23,San Luis Potosí,Rayón,PV
2024,24,25,San Luis Potosí,Salinas,PV
2024,24,26,San Luis Potosí,San Antonio,OI
2024,24,26,San Luis Potosí,San Antonio,PV
2024,24,29,San Luis Potosí,San Martín Chalchicuautla,OI
2024,24,29,San Luis Potosí,San Martín Chalchicuautla,PV
2024,24,30,San Luis Potosí,San Nicolás Tolentino,OI
2024,24,30,San Luis Potosí,San Nicolás Tolentino,PV
2024,24,31,San Luis Potosí,Santa Catarina,PV
2024,24,33,San Luis Potosí,Santo Domingo,PV
2024,24,35,San Luis Potosí,Soledad de Graciano Sánchez,PV
2024,24,36,San Luis Potosí,Tamasopo,OI
2024,24,36,San Luis Potosí,Tamasopo,PV
2024,24,38,San Luis Potosí,Tampacán,OI
2024,24,38,San Luis Potosí,Tampacán,PV
2024,24,39,San Luis Potosí,Tampamolón Corona,OI
2024,24,39,San Luis Potosí,Tampamolón Corona,PV
2024,24,42,San Luis Potosí,Tanquián de Escobedo,OI
2024,24,42,San Luis Potosí,Tanquián de Escobedo,PV
2024,24,44,San Luis Potosí,Vanegas,PV
2024,24,45,San Luis Potosí,Venado,PV
2024,24,46,San Luis Potosí,Villa de Arriaga,PV
2024,24,47,San Luis Potosí,Villa de Guadalupe,PV
2024,24,48,San Luis Potosí,Villa de La Paz,PV
2024,24,51,San Luis Potosí,Villa Hidalgo,PV
2024,24,52,San Luis Potosí,Villa Juárez,PV
2024,24,54,San Luis Potosí,Xilitla,OI
2024,24,54,San Luis Potosí,Xilitla,PV
2024,24,55,San Luis Potosí,Zaragoza,PV
2024,24,56,San Luis Potosí,Villa de Arista,PV
2024,25,2,Sinaloa,Angostura,OI
2024,25,2,Sinaloa,Angostura,PV
2024,25,4,Sinaloa,Concordia,OI
2024,25,4,Sinaloa,Concordia,PV
2024,25,18,Sinaloa,Navolato,OI
2024,26,5,Sonora,Arivechi,PV
2024,26,8,Sonora,Bacadéhuachi,PV
2024,26,9,Sonora,Bacanora,PV
2024,26,11,Sonora,Bacoachi,PV
2024,26,24,Sonora,Divisaderos,PV
2024,26,28,Sonora,Granados,PV
2024,26,32,Sonora,Huásabas,PV
2024,26,38,Sonora,Moctezuma,PV
2024,26,67,Sonora,Villa Hidalgo,PV
2024,27,5,Tabasco,Comalcalco,OI
2024,27,5,Tabasco,Comalcalco,PV
2024,27,7,Tabasco,Emiliano Zapata,OI
2024,27,7,Tabasco,Emiliano Zapata,PV
2024,27,9,Tabasco,Jalapa,OI
2024,27,9,Tabasco,Jalapa,PV
2024,27,10,Tabasco,Jalpa de Méndez,OI
2024,27,10,Tabasco,Jalpa de Méndez,PV
2024,28,1,Tamaulipas,Abasolo,OI
2024,28,1,Tamaulipas,Abasolo,PV
2024,28,2,Tamaulipas,Aldama,OI
2024,28,2,Tamaulipas,Aldama,PV
2024,28,3,Tamaulipas,Altamira,OI
2024,28,3,Tamaulipas,Altamira,PV
2024,28,4,Tamaulipas,Antiguo Morelos,OI
2024,28,4,Tamaulipas,Antiguo Morelos,PV
2024,28,6,Tamaulipas,Bustamante,PV
2024,28,7,Tamaulipas,Camargo,OI
2024,28,8,Tamaulipas,Casas,OI
2024,28,8,Tamaulipas,Casas,PV
2024,28,10,Tamaulipas,Cruillas,PV
2024,28,11,Tamaulipas,Gómez Farías,OI
2024,28,12,Tamaulipas,González,OI
2024,28,12,Tamaulipas,González,PV
2024,28,13,Tamaulipas,Güémez,OI
2024,28,13,Tamaulipas,Güémez,PV
2024,28,15,Tamaulipas,Gustavo Díaz Ordaz,OI
2024,28,16,Tamaulipas,Hidalgo,OI
2024,28,16,Tamaulipas,Hidalgo,PV
2024,28,17,Tamaulipas,Jaumave,OI
2024,28,17,Tamaulipas,Jaumave,PV
2024,28,18,Tamaulipas,Jiménez,OI
2024,28,18,Tamaulipas,Jiménez,PV
2024,28,19,Tamaulipas,Llera,OI
2024,28,19,Tamaulipas,Llera,PV
2024,28,20,Tamaulipas,Mainero,OI
2024,28,20,Tamaulipas,Mainero,PV
2024,28,21,Tamaulipas,El Mante,OI
2024,28,21,Tamaulipas,El Mante,PV
2024,28,22,Tamaulipas,Matamoros,OI
2024,28,25,Tamaulipas,Miguel Alemán,OI
2024,28,26,Tamaulipas,Miquihuana,PV
2024,28,28,Tamaulipas,Nuevo Morelos,OI
2024,28,29,Tamaulipas,Ocampo,OI
2024,28,30,Tamaulipas,Padilla,OI
2024,28,30,Tamaulipas,Padilla,PV
2024,28,31,Tamaulipas,Palmillas,PV
2024,28,32,Tamaulipas,Reynosa,OI
2024,28,33,Tamaulipas,Río Bravo,OI
2024,28,34,Tamaulipas,San Carlos,OI
2024,28,34,Tamaulipas,San Carlos,PV
2024,28,35,Tamaulipas,San Fernando,PV
2024,28,36,Tamaulipas,San Nicolás,PV
2024,28,37,Tamaulipas,Soto La Marina,OI
2024,28,37,Tamaulipas,Soto La Marina,PV
2024,28,39,Tamaulipas,Tula,OI
2024,28,39,Tamaulipas,Tula,PV
2024,28,40,Tamaulipas,Valle Hermoso,OI
2024,28,41,Tamaulipas,Victoria,OI
2024,28,41,Tamaulipas,Victoria,PV
2024,28,42,Tamaulipas,Villagrán,OI
2024,28,42,Tamaulipas,Villagrán,PV
2024,28,43,Tamaulipas,Xicoténcatl,OI
2024,28,43,Tamaulipas,Xicoténcatl,PV
2024,29,1,Tlaxcala,Amaxac de Guerrero,PV
2024,29,2,Tlaxcala,Apetatitlán de Antonio Carvajal,PV
2024,29,4,Tlaxcala,Atltzayanca,PV
2024,29,5,Tlaxcala,Apizaco,PV
2024,29,9,Tlaxcala,Cuaxomulco,PV
2024,29,10,Tlaxcala,Chiautempan,PV
2024,29,11,Tlaxcala,Muñoz de Domingo Arenas,PV
2024,29,12,Tlaxcala,Españita,PV
2024,29,14,Tlaxcala,Hueyotlipan,PV
2024,29,15,Tlaxcala,Ixtacuixtla de Mariano Matamoros,PV
2024,29,16,Tlaxcala,Ixtenco,PV
2024,29,17,Tlaxcala,Mazatecochco de José María Morelos,PV
2024,29,18,Tlaxcala,Contla de Juan Cuamatzi,PV
2024,29,19,Tlaxcala,Tepetitla de Lardizábal,PV
2024,29,20,Tlaxcala,Sanctórum de Lázaro Cárdenas,PV
2024,29,21,Tlaxcala,Nanacamilpa de Mariano Arista,PV
2024,29,22,Tlaxcala,Acuamanala de Miguel Hidalgo,PV
2024,29,23,Tlaxcala,Natívitas,PV
2024,29,24,Tlaxcala,Panotla,PV
2024,29,25,Tlaxcala,San Pablo del Monte,PV
2024,29,26,Tlaxcala,Santa Cruz Tlaxcala,PV
2024,29,27,Tlaxcala,Tenancingo,PV
2024,29,28,Tlaxcala,Teolocholco,PV
2024,29,29,Tlaxcala,Tepeyanco,PV
2024,29,30,Tlaxcala,Terrenate,PV
2024,29,32,Tlaxcala,Tetlatlahuca,PV
2024,29,34,Tlaxcala,Tlaxco,PV
2024,29,35,Tlaxcala,Tocatlán,PV
2024,29,36,Tlaxcala,Totolac,PV
2024,29,38,Tlaxcala,Tzompantepec,PV
2024,29,39,Tlaxcala,Xaloztoc,PV
2024,29,40,Tlaxcala,Xaltocan,PV
2024,29,41,Tlaxcala,Papalotla de Xicohténcatl,PV
2024,29,42,Tlaxcala,Xicohtzinco,PV
2024,29,43,Tlaxcala,Yauhquemehcan,PV
2024,29,45,Tlaxcala,Benito Juárez,PV
2024,29,46,Tlaxcala,Emiliano Zapata,PV
2024,29,47,Tlaxcala,Lázaro Cárdenas,PV
2024,29,48,Tlaxcala,La Magdalena Tlaltelulco,PV
2024,29,49,Tlaxcala,San Damián Texóloc,PV
2024,29,50,Tlaxcala,San Francisco Tetlanohcan,PV
2024,29,51,Tlaxcala,San Jerónimo Zacualpan,PV
2024,29,53,Tlaxcala,San Juan Huactzinco,PV
2024,29,54,Tlaxcala,San Lorenzo Axocomanitla,PV
2024,29,55,Tlaxcala,San Lucas Tecopilco,PV
2024,29,56,Tlaxcala,Santa Ana Nopalucan,PV
2024,29,57,Tlaxcala,Santa Apolonia Teacalco,PV
2024,29,58,Tlaxcala,Santa Catarina Ayometla,PV
2024,29,59,Tlaxcala,Santa Cruz Quilehtla,PV
2024,29,60,Tlaxcala,Santa Isabel Xiloxoxtla,PV
2024,30,5,Veracruz,Acula,OI
2024,30,5,Veracruz,Acula,PV
2024,30,6,Veracruz,Acultzingo,PV
2024,30,8,Veracruz,Alpatláhuac,PV
2024,30,12,Veracruz,Amatitlán,OI
2024,30,12,Veracruz,Amatitlán,PV
2024,30,13,Veracruz,Naranjos Amatlán,OI
2024,30,13,Veracruz,Naranjos Amatlán,PV
2024,30,14,Veracruz,Amatlán de Los Reyes,OI
2024,30,14,Veracruz,Amatlán de Los Reyes,PV
2024,30,18,Veracruz,Aquila,PV
2024,30,19,Veracruz,Astacinga,PV
2024,30,20,Veracruz,Atlahuilco,PV
2024,30,22,Veracruz,Atzacan,OI
2024,30,22,Veracruz,Atzacan,PV
2024,30,24,Veracruz,Tlaltetela,PV
2024,30,25,Veracruz,Ayahualulco,OI
2024,30,25,Veracruz,Ayahualulco,PV
2024,30,27,Veracruz,Benito Juárez,OI
2024,30,27,Veracruz,Benito Juárez,PV
2024,30,29,Veracruz,Calcahualco,PV
2024,30,30,Veracruz,Camerino Z. Mendoza,PV
2024,30,31,Veracruz,Carrillo Puerto,OI
2024,30,33,Veracruz,Cazones de Herrera,OI
2024,30,33,Veracruz,Cazones de Herrera,PV
2024,30,36,Veracruz,Coacoatzintla,PV
2024,30,40,Veracruz,Coatzintla,OI
2024,30,40,Veracruz,Coatzintla,PV
2024,30,41,Veracruz,Coetzala,PV
2024,30,42,Veracruz,Colipa,OI
2024,30,42,Veracruz,Colipa,PV
2024,30,43,Veracruz,Comapa,PV
2024,30,47,Veracruz,Coscomatepec,PV
2024,30,52,Veracruz,Cuichapa,OI
2024,30,52,Veracruz,Cuichapa,PV
2024,30,56,Veracruz,Chiconamel,OI
2024,30,56,Veracruz,Chiconamel,PV
2024,30,57,Veracruz,Chiconquiaco,OI
2024,30,57,Veracruz,Chiconquiaco,PV
2024,30,59,Veracruz,Chinameca,OI
2024,30,59,Veracruz,Chinameca,PV
2024,30,60,Veracruz,Chinampa de Gorostiza,OI
2024,30,60,Veracruz,Chinampa de Gorostiza,PV
2024,30,62,Veracruz,Chocamán,OI
2024,30,62,Veracruz,Chocamán,PV
2024,30,63,Veracruz,Chontla,OI
2024,30,63,Veracruz,Chontla,PV
2024,30,64,Veracruz,Chumatlán,OI
2024,30,64,Veracruz,Chumatlán,PV
2024,30,67,Veracruz,Filomeno Mata,OI
2024,30,67,Veracruz,Filomeno Mata,PV
2024,30,70,Veracruz,Hidalgotitlán,OI
2024,30,70,Veracruz,Hidalgotitlán,PV
2024,30,74,Veracruz,Huiloapan de Cuauhtémoc,PV
2024,30,75,Veracruz,Ignacio de La Llave,OI
2024,30,75,Veracruz,Ignacio de La Llave,PV
2024,30,76,Veracruz,Ilamatlán,OI
2024,30,76,Veracruz,Ilamatlán,PV
2024,30,78,Veracruz,Ixcatepec,OI
2024,30,78,Veracruz,Ixcatepec,PV
2024,30,79,Veracruz,Ixhuacán de Los Reyes,OI
2024,30,79,Veracruz,Ixhuacán de Los Reyes,PV
2024,30,80,Veracruz,Ixhuatlán del Café,PV
2024,30,81,Veracruz,Ixhuatlancillo,PV
2024,30,82,Veracruz,Ixhuatlán del Sureste,OI
2024,30,82,Veracruz,Ixhuatlán del Sureste,PV
2024,30,84,Veracruz,Ixmatlahuacan,OI
2024,30,84,Veracruz,Ixmatlahuacan,PV
2024,30,88,Veracruz,Jalcomulco,PV
2024,30,89,Veracruz,Jáltipan,OI
2024,30,89,Veracruz,Jáltipan,PV
2024,30,90,Veracruz,Jamapa,OI
2024,30,90,Veracruz,Jamapa,PV
2024,30,92,Veracruz,Xico,PV
2024,30,94,Veracruz,Juan Rodríguez Clara,OI
2024,30,94,Veracruz,Juan Rodríguez Clara,PV
2024,30,95,Veracruz,Juchique de Ferrer,OI
2024,30,95,Veracruz,Juchique de Ferrer,PV
2024,30,96,Veracruz,Landero Y Coss,PV
2024,30,97,Veracruz,Lerdo de Tejada,OI
2024,30,97,Veracruz,Lerdo de Tejada,PV
2024,30,98,Veracruz,Magdalena,PV
2024,30,99,Veracruz,Maltrata,PV
2024,30,103,Veracruz,Mecatlán,OI
2024,30,103,Veracruz,Mecatlán,PV
2024,30,106,Veracruz,Miahuatlán,PV
2024,30,107,Veracruz,Las Minas,OI
2024,30,107,Veracruz,Las Minas,PV
2024,30,108,Veracruz,Minatitlán,OI
2024,30,108,Veracruz,Minatitlán,PV
2024,30,110,Veracruz,Mixtla de Altamirano,PV
2024,30,113,Veracruz,Naranjal,PV
2024,30,115,Veracruz,Nogales,PV
2024,30,116,Veracruz,Oluta,OI
2024,30,116,Veracruz,Oluta,PV
2024,30,117,Veracruz,Omealca,OI
2024,30,117,Veracruz,Omealca,PV
2024,30,119,Veracruz,Otatitlán,OI
2024,30,119,Veracruz,Otatitlán,PV
2024,30,120,Veracruz,Oteapan,OI
2024,30,120,Veracruz,Oteapan,PV
2024,30,121,Veracruz,Ozuluama de Mascareñas,OI
2024,30,121,Veracruz,Ozuluama de Mascareñas,PV
2024,30,122,Veracruz,Pajapan,OI
2024,30,122,Veracruz,Pajapan,PV
2024,30,127,Veracruz,La Perla,PV
2024,30,129,Veracruz,Platón Sánchez,OI
2024,30,129,Veracruz,Platón Sánchez,PV
2024,30,130,Veracruz,Playa Vicente,OI
2024,30,130,Veracruz,Playa Vicente,PV
2024,30,133,Veracruz,Pueblo Viejo,OI
2024,30,133,Veracruz,Pueblo Viejo,PV
2024,30,135,Veracruz,Rafael Delgado,PV
2024,30,137,Veracruz,Los Reyes,PV
2024,30,138,Veracruz,Río Blanco,PV
2024,30,139,Veracruz,Saltabarranca,OI
2024,30,139,Veracruz,Saltabarranca,PV
2024,30,140,Veracruz,San Andrés Tenejapan,PV
2024,30,144,Veracruz,Sayula de Alemán,OI
2024,30,144,Veracruz,Sayula de Alemán,PV
2024,30,145,Veracruz,Soconusco,OI
2024,30,145,Veracruz,Soconusco,PV
2024,30,146,Veracruz,Sochiapa,PV
2024,30,147,Veracruz,Soledad Atzompa,PV
2024,30,148,Veracruz,Soledad de Doblado,OI
2024,30,148,Veracruz,Soledad de Doblado,PV
2024,30,149,Veracruz,Soteapan,OI
2024,30,149,Veracruz,Soteapan,PV
2024,30,150,Veracruz,Tamalín,OI
2024,30,150,Veracruz,Tamalín,PV
2024,30,151,Veracruz,Tamiahua,OI
2024,30,151,Veracruz,Tamiahua,PV
2024,30,153,Veracruz,Tancoco,OI
2024,30,153,Veracruz,Tancoco,PV
2024,30,154,Veracruz,Tantima,OI
2024,30,154,Veracruz,Tantima,PV
2024,30,156,Veracruz,Tatatila,OI
2024,30,156,Veracruz,Tatatila,PV
2024,30,157,Veracruz,Castillo de Teayo,OI
2024,30,157,Veracruz,Castillo de Teayo,PV
2024,30,158,Veracruz,Tecolutla,OI
2024,30,158,Veracruz,Tecolutla,PV
2024,30,159,Veracruz,Tehuipango,PV
2024,30,162,Veracruz,Tenampa,PV
2024,30,165,Veracruz,Tepatlaxco,OI
2024,30,165,Veracruz,Tepatlaxco,PV
2024,30,168,Veracruz,Tequila,PV
2024,30,169,Veracruz,José Azueta,OI
2024,30,169,Veracruz,José Azueta,PV
2024,30,170,Veracruz,Texcatepec,OI
2024,30,170,Veracruz,Texcatepec,PV
2024,30,171,Veracruz,Texhuacán,PV
2024,30,172,Veracruz,Texistepec,OI
2024,30,172,Veracruz,Texistepec,PV
2024,30,173,Veracruz,Tezonapa,OI
2024,30,173,Veracruz,Tezonapa,PV
2024,30,176,Veracruz,Tlacojalpan,OI
2024,30,176,Veracruz,Tlacojalpan,PV
2024,30,177,Veracruz,Tlacolulan,PV
2024,30,178,Veracruz,Tlacotalpan,OI
2024,30,178,Veracruz,Tlacotalpan,PV
2024,30,179,Veracruz,Tlacotepec de Mejía,PV
2024,30,180,Veracruz,Tlachichilco,OI
2024,30,180,Veracruz,Tlachichilco,PV
2024,30,185,Veracruz,Tlilapan,PV
2024,30,186,Veracruz,Tomatlán,PV
2024,30,187,Veracruz,Tonayán,PV
2024,30,190,Veracruz,Tuxtilla,OI
2024,30,190,Veracruz,Tuxtilla,PV
2024,30,192,Veracruz,Vega de Alatorre,OI
2024,30,192,Veracruz,Vega de Alatorre,PV
2024,30,194,Veracruz,Villa Aldama,PV
2024,30,195,Veracruz,Xoxocotla,PV
2024,30,196,Veracruz,Yanga,PV
2024,30,198,Veracruz,Zacualpan,OI
2024,30,198,Veracruz,Zacualpan,PV
2024,30,200,Veracruz,Zentla,PV
2024,30,202,Veracruz,Zontecomatlán de López Y Fuentes,OI
2024,30,202,Veracruz,Zontecomatlán de López Y Fuentes,PV
2024,30,203,Veracruz,Zozocolco de Hidalgo,OI
2024,30,203,Veracruz,Zozocolco de Hidalgo,PV
2024,30,206,Veracruz,Nanchital de Lázaro Cárdenas del Río,OI
2024,30,206,Veracruz,Nanchital de Lázaro Cárdenas del Río,PV
2024,30,207,Veracruz,Tres Valles,OI
2024,30,207,Veracruz,Tres Valles,PV
2024,30,208,Veracruz,Carlos A. Carrillo,OI
2024,30,208,Veracruz,Carlos A. Carrillo,PV
2024,30,209,Veracruz,Uxpanapa,OI
2024,30,209,Veracruz,Uxpanapa,PV
2024,30,210,Veracruz,Tatahuicapan de Juárez,OI
2024,30,210,Veracruz,Tatahuicapan de Juárez,PV
2024,30,212,Veracruz,Santiago Sochiapan,OI
2024,30,212,Veracruz,Santiago Sochiapan,PV
2024,31,2,Yucatán,Acanceh,PV
2024,31,3,Yucatán,Akil,OI
2024,31,3,Yucatán,Akil,PV
2024,31,4,Yucatán,Baca,PV
2024,31,5,Yucatán,Bokobá,PV
2024,31,6,Yucatán,Buctzotz,PV
2024,31,7,Yucatán,Cacalchén,PV
2024,31,8,Yucatán,Calotmul,PV
2024,31,9,Yucatán,Cansahcab,PV
2024,31,12,Yucatán,Cenotillo,PV
2024,31,14,Yucatán,Cuncunul,PV
2024,31,15,Yucatán,Cuzamá,PV
2024,31,16,Yucatán,Chacsinkín,PV
2024,31,17,Yucatán,Chankom,PV
2024,31,18,Yucatán,Chapab,PV
2024,31,19,Yucatán,Chemax,PV
2024,31,20,Yucatán,Chicxulub Pueblo,PV
2024,31,21,Yucatán,Chichimilá,PV
2024,31,22,Yucatán,Chikindzonot,PV
2024,31,24,Yucatán,Chumayel,PV
2024,31,26,Yucatán,Dzemul,PV
2024,31,27,Yucatán,Dzidzantún,PV
2024,31,29,Yucatán,Dzilam González,PV
2024,31,30,Yucatán,Dzitás,PV
2024,31,31,Yucatán,Dzoncauich,PV
2024,31,32,Yucatán,Espita,PV
2024,31,33,Yucatán,Halachó,OI
2024,31,33,Yucatán,Halachó,PV
2024,31,34,Yucatán,Hocabá,PV
2024,31,35,Yucatán,Hoctún,PV
2024,31,36,Yucatán,Homún,PV
2024,31,37,Yucatán,Huhí,PV
2024,31,38,Yucatán,Hunucmá,PV
2024,31,39,Yucatán,Ixil,PV
2024,31,40,Yucatán,Izamal,PV
2024,31,41,Yucatán,Kanasín,PV
2024,31,42,Yucatán,Kantunil,PV
2024,31,44,Yucatán,Kinchil,PV
2024,31,45,Yucatán,Kopomá,PV
2024,31,46,Yucatán,Mama,PV
2024,31,47,Yucatán,Maní,OI
2024,31,47,Yucatán,Maní,PV
2024,31,48,Yucatán,Maxcanú,PV
2024,31,49,Yucatán,Mayapán,PV
2024,31,54,Yucatán,Muxupip,PV
2024,31,55,Yucatán,Opichén,OI
2024,31,55,Yucatán,Opichén,PV
2024,31,57,Yucatán,Panabá,PV
2024,31,60,Yucatán,Quintana Roo,PV
2024,31,62,Yucatán,Sacalum,OI
2024,31,62,Yucatán,Sacalum,PV
2024,31,63,Yucatán,Samahil,PV
2024,31,64,Yucatán,Sanahcat,PV
2024,31,65,Yucatán,San Felipe,PV
2024,31,66,Yucatán,Santa Elena,OI
2024,31,66,Yucatán,Santa Elena,PV
2024,31,67,Yucatán,Seyé,PV
2024,31,68,Yucatán,Sinanché,PV
2024,31,69,Yucatán,Sotuta,PV
2024,31,70,Yucatán,Sucilá,OI
2024,31,70,Yucatán,Sucilá,PV
2024,31,71,Yucatán,Sudzal,PV
2024,31,72,Yucatán,Suma,PV
2024,31,73,Yucatán,Tahdziú,PV
2024,31,74,Yucatán,Tahmek,PV
2024,31,75,Yucatán,Teabo,PV
2024,31,76,Yucatán,Tecoh,PV
2024,31,77,Yucatán,Tekal de Venegas,PV
2024,31,78,Yucatán,Tekantó,PV
2024,31,80,Yucatán,Tekit,PV
2024,31,81,Yucatán,Tekom,PV
2024,31,82,Yucatán,Telchac Pueblo,PV
2024,31,83,Yucatán,Telchac Puerto,PV
2024,31,84,Yucatán,Temax,PV
2024,31,85,Yucatán,Temozón,PV
2024,31,86,Yucatán,Tepakán,PV
2024,31,87,Yucatán,Tetiz,PV
2024,31,88,Yucatán,Teya,PV
2024,31,90,Yucatán,Timucuy,PV
2024,31,91,Yucatán,Tinum,PV
2024,31,92,Yucatán,Tixcacalcupul,PV
2024,31,93,Yucatán,Tixkokob,PV
2024,31,94,Yucatán,Tixmehuac,PV
2024,31,95,Yucatán,Tixpéhual,PV
2024,31,97,Yucatán,Tunkás,PV
2024,31,99,Yucatán,Uayma,PV
2024,31,100,Yucatán,Ucú,PV
2024,31,101,Yucatán,Umán,PV
2024,31,103,Yucatán,Xocchel,PV
2024,31,104,Yucatán,Yaxcabá,PV
2024,31,105,Yucatán,Yaxkukul,PV
2024,31,106,Yucatán,Yobaín,PV
2024,32,1,Zacatecas,Apozol,OI
2024,32,2,Zacatecas,Apulco,PV
2024,32,4,Zacatecas,Benito Juárez,PV
2024,32,11,Zacatecas,Trinidad García de La Cadena,PV
2024,32,13,Zacatecas,General Enrique Estrada,PV
2024,32,18,Zacatecas,Huanusco,PV
2024,32,21,Zacatecas,Jiménez del Teul,PV
2024,32,27,Zacatecas,Melchor Ocampo,PV
2024,32,30,Zacatecas,Momax,PV
2024,32,33,Zacatecas,Moyahua de Estrada,OI
2024,32,33,Zacatecas,Moyahua de Estrada,PV
2024,32,35,Zacatecas,Noria de Ángeles,PV
2024,32,37,Zacatecas,Pánuco,PV
2024,32,41,Zacatecas,El Salvador,PV
2024,32,50,Zacatecas,Vetagrande,PV
2024,32,52,Zacatecas,Villa García,PV
2024,32,57,Zacatecas,Trancoso,PV
2024,32,58,Zacatecas,Santa María de La Paz,PV
